2026-02-23 07:20:07,715 - INFO - Trading Bot initialized for 5min timeframe
2026-02-23 07:20:07,715 - INFO - Parameters: SMA 15/70, RSI 14 (35/75), Momentum 10 (threshold 0.0)
2026-02-23 07:20:07,716 - INFO - Position size: 20,000 EUR
2026-02-23 07:20:07,716 - INFO - Runtime: 5d
2026-02-23 07:20:07,717 - INFO - Bot will run until: 2026-02-28 07:20:07
2026-02-23 07:20:07,717 - INFO - Connecting to localhost:4002 with clientId 753...
2026-02-23 07:20:07,732 - INFO - Connected
2026-02-23 07:20:07,892 - INFO - Logged on to server version 178
2026-02-23 07:20:08,092 - INFO - Warning 2104, reqId -1: Market data farm connection is OK:usfarm
2026-02-23 07:20:08,093 - INFO - API connection ready
2026-02-23 07:20:08,096 - INFO - Warning 2107, reqId -1: HMDS data farm connection is inactive but should be available upon demand.ushmds
2026-02-23 07:20:08,140 - INFO - Warning 2158, reqId -1: Sec-def data farm connection is OK:secdefnj
2026-02-23 07:20:08,746 - INFO - Synchronization complete
2026-02-23 07:20:08,747 - INFO - Connected to IB Gateway at localhost:4002
2026-02-23 07:20:09,328 - INFO - Contract qualified: EUR (conId: 12087792)
2026-02-23 07:20:09,329 - INFO - Connection monitoring active
2026-02-23 07:20:09,329 - INFO - Trading bot started
2026-02-23 07:20:09,329 - INFO - Checking EUR balance...
2026-02-23 07:20:09,738 - INFO - EUR balance: 982,230.19 EUR
2026-02-23 07:20:09,738 - INFO - Required minimum: 20,000.00 EUR
2026-02-23 07:20:09,738 - INFO - Status: Sufficient
2026-02-23 07:20:09,738 - INFO - Capital set from account: 982,230.19 EUR
2026-02-23 07:20:09,738 - INFO - Reconciling position state with IB...
2026-02-23 07:20:09,738 - INFO - Position confirmed: FLAT (no open positions)
2026-02-23 07:20:09,738 - INFO - Reconciliation complete. Current state: FLAT
2026-02-23 07:20:09,738 - INFO - Loading 80 historical 5-min bars for warmup...
2026-02-23 07:20:14,344 - INFO - Warning 2106, reqId -1: HMDS data farm connection is OK:cashhmds
2026-02-23 07:20:14,718 - INFO - Warmup complete: loaded 81 bars (need 80 for signals)
2026-02-23 07:20:14,721 - INFO - Checking for new bars every 60 seconds
2026-02-23 07:20:14,722 - INFO - Connection monitoring enabled (handles IB Gateway reboots)
2026-02-23 07:21:05,567 - INFO - Warning 2103, reqId -1: Market data farm connection is broken:usfarm
2026-02-23 07:21:36,658 - INFO - Warning 2157, reqId -1: Sec-def data farm connection is broken:secdefnj
2026-02-23 07:22:03,307 - INFO - Warning 2104, reqId -1: Market data farm connection is OK:usfarm
2026-02-23 07:22:05,905 - INFO - Warning 2157, reqId -1: Sec-def data farm connection is broken:secdefnj
2026-02-23 07:22:06,516 - INFO - Warning 2158, reqId -1: Sec-def data farm connection is OK:secdefnj
2026-02-23 07:24:17,903 - INFO - Waiting for new bar... (last: 2026-02-23 02:20:00-05:00, price: 1.18249)
2026-02-23 07:25:18,174 - INFO - New bar: 2026-02-23 02:25:00-05:00 | O=1.18251 H=1.18253 L=1.18250 C=1.18250
2026-02-23 07:29:19,328 - INFO - Waiting for new bar... (last: 2026-02-23 02:25:00-05:00, price: 1.18230)
2026-02-23 07:30:19,731 - INFO - New bar: 2026-02-23 02:30:00-05:00 | O=1.18224 H=1.18227 L=1.18220 C=1.18224
2026-02-23 07:34:20,973 - INFO - Waiting for new bar... (last: 2026-02-23 02:30:00-05:00, price: 1.18214)
2026-02-23 07:35:21,315 - INFO - New bar: 2026-02-23 02:35:00-05:00 | O=1.18213 H=1.18219 L=1.18202 C=1.18202
2026-02-23 07:39:22,587 - INFO - Waiting for new bar... (last: 2026-02-23 02:35:00-05:00, price: 1.18240)
2026-02-23 07:40:22,837 - INFO - New bar: 2026-02-23 02:40:00-05:00 | O=1.18241 H=1.18245 L=1.18240 C=1.18243
2026-02-23 07:44:24,018 - INFO - Waiting for new bar... (last: 2026-02-23 02:40:00-05:00, price: 1.18227)
2026-02-23 07:45:24,459 - INFO - New bar: 2026-02-23 02:45:00-05:00 | O=1.18238 H=1.18240 L=1.18237 C=1.18238
2026-02-23 07:49:25,556 - INFO - Waiting for new bar... (last: 2026-02-23 02:45:00-05:00, price: 1.18253)
2026-02-23 07:50:25,805 - INFO - New bar: 2026-02-23 02:50:00-05:00 | O=1.18264 H=1.18271 L=1.18258 C=1.18268
2026-02-23 07:54:27,095 - INFO - Waiting for new bar... (last: 2026-02-23 02:50:00-05:00, price: 1.18224)
2026-02-23 07:55:27,451 - INFO - New bar: 2026-02-23 02:55:00-05:00 | O=1.18228 H=1.18228 L=1.18212 C=1.18223
2026-02-23 07:59:32,200 - INFO - Waiting for new bar... (last: 2026-02-23 02:55:00-05:00, price: 1.18233)
2026-02-23 08:00:32,453 - INFO - New bar: 2026-02-23 03:00:00-05:00 | O=1.18233 H=1.18249 L=1.18227 C=1.18247
2026-02-23 08:04:33,534 - INFO - Waiting for new bar... (last: 2026-02-23 03:00:00-05:00, price: 1.18178)
2026-02-23 08:05:33,799 - INFO - New bar: 2026-02-23 03:05:00-05:00 | O=1.18181 H=1.18186 L=1.18173 C=1.18182
2026-02-23 08:09:34,962 - INFO - Waiting for new bar... (last: 2026-02-23 03:05:00-05:00, price: 1.18218)
2026-02-23 08:10:35,200 - INFO - New bar: 2026-02-23 03:10:00-05:00 | O=1.18208 H=1.18209 L=1.18192 C=1.18198
2026-02-23 08:14:36,292 - INFO - Waiting for new bar... (last: 2026-02-23 03:10:00-05:00, price: 1.18202)
2026-02-23 08:15:36,588 - INFO - New bar: 2026-02-23 03:15:00-05:00 | O=1.18197 H=1.18206 L=1.18196 C=1.18202
2026-02-23 08:19:37,536 - INFO - Waiting for new bar... (last: 2026-02-23 03:15:00-05:00, price: 1.18173)
2026-02-23 08:20:37,815 - INFO - New bar: 2026-02-23 03:20:00-05:00 | O=1.18178 H=1.18185 L=1.18176 C=1.18184
2026-02-23 08:24:38,803 - INFO - Waiting for new bar... (last: 2026-02-23 03:20:00-05:00, price: 1.18162)
2026-02-23 08:25:39,014 - INFO - New bar: 2026-02-23 03:25:00-05:00 | O=1.18166 H=1.18169 L=1.18156 C=1.18162
2026-02-23 08:25:39,020 - INFO - SELL Signal: SMA 1.18219 crossed below 1.18222, RSI 38.9, Momentum -0.000400
2026-02-23 08:25:39,024 - INFO - Checking EUR balance...
2026-02-23 08:25:39,025 - INFO - EUR balance: 982,230.19 EUR
2026-02-23 08:25:39,025 - INFO - Required minimum: 20,000.00 EUR
2026-02-23 08:25:39,026 - INFO - Status: Sufficient
2026-02-23 08:25:39,027 - INFO - placeOrder: New order Trade(contract=Forex('EURUSD', conId=12087792, exchange='IDEALPRO', localSymbol='EUR.USD', tradingClass='EUR.USD'), order=MarketOrder(orderId=4212, clientId=753, action='SELL', totalQuantity=20000, tif='GTC'), orderStatus=OrderStatus(orderId=4212, status='PendingSubmit', filled=0.0, remaining=0.0, avgFillPrice=0.0, permId=0, parentId=0, lastFillPrice=0.0, clientId=0, whyHeld='', mktCapPrice=0.0), fills=[], log=[TradeLogEntry(time=datetime.datetime(2026, 2, 23, 8, 25, 39, 26868, tzinfo=datetime.timezone.utc), status='PendingSubmit', message='', errorCode=0)], advancedError='')
2026-02-23 08:25:40,228 - INFO - orderStatus: Trade(contract=Forex('EURUSD', conId=12087792, exchange='IDEALPRO', localSymbol='EUR.USD', tradingClass='EUR.USD'), order=MarketOrder(orderId=4212, clientId=753, permId=1113846013, action='SELL', totalQuantity=20000.0, lmtPrice=0.0, auxPrice=0.0, tif='GTC'), orderStatus=OrderStatus(orderId=4212, status='Submitted', filled=0.0, remaining=20000.0, avgFillPrice=0.0, permId=1113846013, parentId=0, lastFillPrice=0.0, clientId=753, whyHeld='', mktCapPrice=0.0), fills=[], log=[TradeLogEntry(time=datetime.datetime(2026, 2, 23, 8, 25, 39, 26868, tzinfo=datetime.timezone.utc), status='PendingSubmit', message='', errorCode=0), TradeLogEntry(time=datetime.datetime(2026, 2, 23, 8, 25, 40, 227605, tzinfo=datetime.timezone.utc), status='Submitted', message='', errorCode=0)], advancedError='')
2026-02-23 08:25:40,443 - INFO - position: Position(account='DUM847254', contract=Forex('EURUSD', conId=12087792, localSymbol='EUR.USD', tradingClass='EUR.USD'), position=-20000.0, avgCost=1.18152)
2026-02-23 08:25:40,529 - INFO - execDetails Execution(execId='0000e215.699b96f2.01.01', time=datetime.datetime(2026, 2, 23, 8, 25, 40, tzinfo=datetime.timezone.utc), acctNumber='DUM847254', exchange='IDEALPRO', side='SLD', shares=20000.0, price=1.18152, permId=1113846013, clientId=753, orderId=4212, liquidation=0, cumQty=20000.0, avgPrice=1.18152, orderRef='', evRule='', evMultiplier=0.0, modelCode='', lastLiquidity=2, pendingPriceRevision=False)
2026-02-23 08:25:40,530 - INFO - execDetails: Fill(contract=Forex('EURUSD', conId=12087792, exchange='IDEALPRO', localSymbol='EUR.USD', tradingClass='EUR.USD'), execution=Execution(execId='0000e215.699b96f2.01.01', time=datetime.datetime(2026, 2, 23, 8, 25, 40, tzinfo=datetime.timezone.utc), acctNumber='DUM847254', exchange='IDEALPRO', side='SLD', shares=20000.0, price=1.18152, permId=1113846013, clientId=753, orderId=4212, liquidation=0, cumQty=20000.0, avgPrice=1.18152, orderRef='', evRule='', evMultiplier=0.0, modelCode='', lastLiquidity=2, pendingPriceRevision=False), commissionReport=CommissionReport(execId='', commission=0.0, currency='', realizedPNL=0.0, yield_=0.0, yieldRedemptionDate=0), time=datetime.datetime(2026, 2, 23, 8, 25, 40, 529563, tzinfo=datetime.timezone.utc))
2026-02-23 08:25:40,534 - INFO - orderStatus: Trade(contract=Forex('EURUSD', conId=12087792, exchange='IDEALPRO', localSymbol='EUR.USD', tradingClass='EUR.USD'), order=MarketOrder(orderId=4212, clientId=753, permId=1113846013, action='SELL', totalQuantity=20000.0, lmtPrice=0.0, auxPrice=0.0, tif='GTC'), orderStatus=OrderStatus(orderId=4212, status='Filled', filled=20000.0, remaining=0.0, avgFillPrice=1.18152, permId=1113846013, parentId=0, lastFillPrice=1.18152, clientId=753, whyHeld='', mktCapPrice=0.0), fills=[Fill(contract=Forex('EURUSD', conId=12087792, exchange='IDEALPRO', localSymbol='EUR.USD', tradingClass='EUR.USD'), execution=Execution(execId='0000e215.699b96f2.01.01', time=datetime.datetime(2026, 2, 23, 8, 25, 40, tzinfo=datetime.timezone.utc), acctNumber='DUM847254', exchange='IDEALPRO', side='SLD', shares=20000.0, price=1.18152, permId=1113846013, clientId=753, orderId=4212, liquidation=0, cumQty=20000.0, avgPrice=1.18152, orderRef='', evRule='', evMultiplier=0.0, modelCode='', lastLiquidity=2, pendingPriceRevision=False), commissionReport=CommissionReport(execId='', commission=0.0, currency='', realizedPNL=0.0, yield_=0.0, yieldRedemptionDate=0), time=datetime.datetime(2026, 2, 23, 8, 25, 40, 529563, tzinfo=datetime.timezone.utc))], log=[TradeLogEntry(time=datetime.datetime(2026, 2, 23, 8, 25, 39, 26868, tzinfo=datetime.timezone.utc), status='PendingSubmit', message='', errorCode=0), TradeLogEntry(time=datetime.datetime(2026, 2, 23, 8, 25, 40, 227605, tzinfo=datetime.timezone.utc), status='Submitted', message='', errorCode=0), TradeLogEntry(time=datetime.datetime(2026, 2, 23, 8, 25, 40, 529563, tzinfo=datetime.timezone.utc), status='Submitted', message='Fill 20000.0@1.18152', errorCode=0), TradeLogEntry(time=datetime.datetime(2026, 2, 23, 8, 25, 40, 533662, tzinfo=datetime.timezone.utc), status='Filled', message='', errorCode=0)], advancedError='')
2026-02-23 08:25:40,556 - INFO - commissionReport: CommissionReport(execId='0000e215.699b96f2.01.01', commission=1.6976, currency='EUR', realizedPNL=0.0, yield_=0.0, yieldRedemptionDate=0)
2026-02-23 08:25:40,560 - INFO - position: Position(account='DUM847254', contract=Forex('EURUSD', conId=12087792, localSymbol='EUR.USD', tradingClass='EUR.USD'), position=-20000.0, avgCost=1.181419670934139)
2026-02-23 08:25:41,030 - INFO - OPENED: SELL 20,000 EUR @ 1.18152 (slippage: 1.0 pips)
2026-02-23 08:25:41,030 - INFO - Entry price recorded: 1.18152
2026-02-23 08:29:42,132 - INFO - Waiting for new bar... (last: 2026-02-23 03:25:00-05:00, price: 1.18184)
2026-02-23 08:30:42,369 - INFO - New bar: 2026-02-23 03:30:00-05:00 | O=1.18178 H=1.18183 L=1.18162 C=1.18162
2026-02-23 08:34:43,309 - INFO - Waiting for new bar... (last: 2026-02-23 03:30:00-05:00, price: 1.18128)
2026-02-23 08:35:43,602 - INFO - New bar: 2026-02-23 03:35:00-05:00 | O=1.18120 H=1.18147 L=1.18119 C=1.18146
2026-02-23 08:39:44,687 - INFO - Waiting for new bar... (last: 2026-02-23 03:35:00-05:00, price: 1.18119)
2026-02-23 08:40:44,990 - INFO - New bar: 2026-02-23 03:40:00-05:00 | O=1.18122 H=1.18123 L=1.18108 C=1.18118
2026-02-23 08:44:46,133 - INFO - Waiting for new bar... (last: 2026-02-23 03:40:00-05:00, price: 1.18111)
2026-02-23 08:45:46,473 - INFO - New bar: 2026-02-23 03:45:00-05:00 | O=1.18108 H=1.18110 L=1.18097 C=1.18103
2026-02-23 08:49:47,396 - INFO - Waiting for new bar... (last: 2026-02-23 03:45:00-05:00, price: 1.18101)
2026-02-23 08:50:47,654 - INFO - New bar: 2026-02-23 03:50:00-05:00 | O=1.18090 H=1.18095 L=1.18078 C=1.18092
2026-02-23 08:54:48,687 - INFO - Waiting for new bar... (last: 2026-02-23 03:50:00-05:00, price: 1.18093)
2026-02-23 08:55:48,910 - INFO - New bar: 2026-02-23 03:55:00-05:00 | O=1.18094 H=1.18107 L=1.18091 C=1.18093
2026-02-23 08:59:49,996 - INFO - Waiting for new bar... (last: 2026-02-23 03:55:00-05:00, price: 1.18108)
2026-02-23 09:00:50,279 - INFO - New bar: 2026-02-23 04:00:00-05:00 | O=1.18105 H=1.18121 L=1.18105 C=1.18111
2026-02-23 09:04:51,206 - INFO - Waiting for new bar... (last: 2026-02-23 04:00:00-05:00, price: 1.18104)
2026-02-23 09:05:51,478 - INFO - New bar: 2026-02-23 04:05:00-05:00 | O=1.18108 H=1.18114 L=1.18097 C=1.18103
2026-02-23 09:09:52,492 - INFO - Waiting for new bar... (last: 2026-02-23 04:05:00-05:00, price: 1.18102)
2026-02-23 09:10:52,695 - INFO - New bar: 2026-02-23 04:10:00-05:00 | O=1.18107 H=1.18112 L=1.18102 C=1.18110
2026-02-23 09:14:53,722 - INFO - Waiting for new bar... (last: 2026-02-23 04:10:00-05:00, price: 1.18095)
2026-02-23 09:15:53,974 - INFO - New bar: 2026-02-23 04:15:00-05:00 | O=1.18097 H=1.18098 L=1.18080 C=1.18084
2026-02-23 09:19:54,944 - INFO - Waiting for new bar... (last: 2026-02-23 04:15:00-05:00, price: 1.18053)
2026-02-23 09:20:55,183 - INFO - New bar: 2026-02-23 04:20:00-05:00 | O=1.18051 H=1.18062 L=1.18051 C=1.18058
2026-02-23 09:24:56,226 - INFO - Waiting for new bar... (last: 2026-02-23 04:20:00-05:00, price: 1.18046)
2026-02-23 09:25:56,445 - INFO - New bar: 2026-02-23 04:25:00-05:00 | O=1.18051 H=1.18053 L=1.18045 C=1.18053
2026-02-23 09:29:57,469 - INFO - Waiting for new bar... (last: 2026-02-23 04:25:00-05:00, price: 1.18091)
2026-02-23 09:30:57,704 - INFO - New bar: 2026-02-23 04:30:00-05:00 | O=1.18092 H=1.18098 L=1.18087 C=1.18094
2026-02-23 09:34:58,667 - INFO - Waiting for new bar... (last: 2026-02-23 04:30:00-05:00, price: 1.18093)
2026-02-23 09:35:58,938 - INFO - New bar: 2026-02-23 04:35:00-05:00 | O=1.18088 H=1.18091 L=1.18085 C=1.18087
2026-02-23 09:39:59,939 - INFO - Waiting for new bar... (last: 2026-02-23 04:35:00-05:00, price: 1.18089)
2026-02-23 09:41:00,156 - INFO - New bar: 2026-02-23 04:40:00-05:00 | O=1.18090 H=1.18099 L=1.18087 C=1.18097
2026-02-23 09:45:01,119 - INFO - Waiting for new bar... (last: 2026-02-23 04:40:00-05:00, price: 1.18104)
2026-02-23 09:46:01,371 - INFO - New bar: 2026-02-23 04:45:00-05:00 | O=1.18104 H=1.18104 L=1.18096 C=1.18101
2026-02-23 09:50:02,419 - INFO - Waiting for new bar... (last: 2026-02-23 04:45:00-05:00, price: 1.18083)
2026-02-23 09:51:02,692 - INFO - New bar: 2026-02-23 04:50:00-05:00 | O=1.18083 H=1.18083 L=1.18056 C=1.18057
2026-02-23 09:55:03,720 - INFO - Waiting for new bar... (last: 2026-02-23 04:50:00-05:00, price: 1.18007)
2026-02-23 09:56:03,965 - INFO - New bar: 2026-02-23 04:55:00-05:00 | O=1.18007 H=1.18011 L=1.18004 C=1.18006
2026-02-23 10:00:05,059 - INFO - Waiting for new bar... (last: 2026-02-23 04:55:00-05:00, price: 1.18009)
2026-02-23 10:01:05,324 - INFO - New bar: 2026-02-23 05:00:00-05:00 | O=1.18009 H=1.18014 L=1.18007 C=1.18009
2026-02-23 10:05:06,415 - INFO - New bar: 2026-02-23 05:05:00-05:00 | O=1.17994 H=1.17995 L=1.17994 C=1.17994
2026-02-23 10:10:07,761 - INFO - New bar: 2026-02-23 05:10:00-05:00 | O=1.17982 H=1.17982 L=1.17982 C=1.17982
2026-02-23 10:10:07,762 - INFO - Status: Price=1.17982, Position=SHORT, Bars=115, P&L=EUR 0.00, Unrealized: EUR 28.82, Remaining=117.2h
2026-02-23 10:15:09,055 - INFO - New bar: 2026-02-23 05:15:00-05:00 | O=1.17961 H=1.17966 L=1.17961 C=1.17966
2026-02-23 10:20:10,267 - INFO - New bar: 2026-02-23 05:20:00-05:00 | O=1.17973 H=1.17979 L=1.17973 C=1.17979
2026-02-23 10:20:10,268 - INFO - Status: Price=1.17979, Position=SHORT, Bars=117, P&L=EUR 0.00, Unrealized: EUR 29.41, Remaining=117.0h
2026-02-23 10:25:11,651 - INFO - New bar: 2026-02-23 05:25:00-05:00 | O=1.17973 H=1.17973 L=1.17968 C=1.17969
2026-02-23 10:30:12,878 - INFO - New bar: 2026-02-23 05:30:00-05:00 | O=1.17985 H=1.17993 L=1.17983 C=1.17993
2026-02-23 10:30:12,879 - INFO - Status: Price=1.17993, Position=SHORT, Bars=119, P&L=EUR 0.00, Unrealized: EUR 26.95, Remaining=116.8h
2026-02-23 10:35:14,075 - INFO - New bar: 2026-02-23 05:35:00-05:00 | O=1.17987 H=1.17987 L=1.17986 C=1.17986
2026-02-23 10:40:15,467 - INFO - New bar: 2026-02-23 05:40:00-05:00 | O=1.17990 H=1.17990 L=1.17989 C=1.17989
2026-02-23 10:40:15,469 - INFO - Status: Price=1.17989, Position=SHORT, Bars=120, P&L=EUR 0.00, Unrealized: EUR 27.54, Remaining=116.7h
2026-02-23 10:45:16,811 - INFO - New bar: 2026-02-23 05:45:00-05:00 | O=1.17990 H=1.17991 L=1.17989 C=1.17989
2026-02-23 10:50:18,065 - INFO - New bar: 2026-02-23 05:50:00-05:00 | O=1.17996 H=1.17999 L=1.17996 C=1.17999
2026-02-23 10:50:18,066 - INFO - Status: Price=1.17999, Position=SHORT, Bars=120, P&L=EUR 0.00, Unrealized: EUR 25.93, Remaining=116.5h
2026-02-23 10:55:19,337 - INFO - New bar: 2026-02-23 05:55:00-05:00 | O=1.17982 H=1.17988 L=1.17982 C=1.17988
2026-02-23 11:00:20,620 - INFO - New bar: 2026-02-23 06:00:00-05:00 | O=1.17986 H=1.17987 L=1.17975 C=1.17978
2026-02-23 11:00:20,622 - INFO - Status: Price=1.17978, Position=SHORT, Bars=120, P&L=EUR 0.00, Unrealized: EUR 29.50, Remaining=116.3h
2026-02-23 11:05:21,867 - INFO - New bar: 2026-02-23 06:05:00-05:00 | O=1.17978 H=1.17979 L=1.17973 C=1.17976
2026-02-23 11:10:23,104 - INFO - New bar: 2026-02-23 06:10:00-05:00 | O=1.17945 H=1.17946 L=1.17935 C=1.17938
2026-02-23 11:10:23,105 - INFO - Status: Price=1.17938, Position=SHORT, Bars=120, P&L=EUR 0.00, Unrealized: EUR 36.38, Remaining=116.2h
2026-02-23 11:15:24,387 - INFO - New bar: 2026-02-23 06:15:00-05:00 | O=1.17918 H=1.17929 L=1.17918 C=1.17924
2026-02-23 11:20:25,727 - INFO - New bar: 2026-02-23 06:20:00-05:00 | O=1.17924 H=1.17934 L=1.17921 C=1.17934
2026-02-23 11:20:25,729 - INFO - Status: Price=1.17934, Position=SHORT, Bars=120, P&L=EUR 0.00, Unrealized: EUR 37.05, Remaining=116.0h
2026-02-23 11:25:27,034 - INFO - New bar: 2026-02-23 06:25:00-05:00 | O=1.17933 H=1.17935 L=1.17932 C=1.17934
2026-02-23 11:30:28,555 - INFO - New bar: 2026-02-23 06:30:00-05:00 | O=1.17858 H=1.17864 L=1.17848 C=1.17850
2026-02-23 11:30:28,557 - INFO - Status: Price=1.17850, Position=SHORT, Bars=120, P&L=EUR 0.00, Unrealized: EUR 51.34, Remaining=115.8h
2026-02-23 11:35:29,799 - INFO - New bar: 2026-02-23 06:35:00-05:00 | O=1.17811 H=1.17815 L=1.17810 C=1.17814
2026-02-23 11:40:31,132 - INFO - New bar: 2026-02-23 06:40:00-05:00 | O=1.17823 H=1.17830 L=1.17813 C=1.17821
2026-02-23 11:40:31,134 - INFO - Status: Price=1.17821, Position=SHORT, Bars=120, P&L=EUR 0.00, Unrealized: EUR 56.19, Remaining=115.7h
2026-02-23 11:45:32,370 - INFO - New bar: 2026-02-23 06:45:00-05:00 | O=1.17852 H=1.17852 L=1.17843 C=1.17844
2026-02-23 11:50:33,633 - INFO - New bar: 2026-02-23 06:50:00-05:00 | O=1.17868 H=1.17874 L=1.17864 C=1.17870
2026-02-23 11:50:33,634 - INFO - Status: Price=1.17870, Position=SHORT, Bars=120, P&L=EUR 0.00, Unrealized: EUR 47.93, Remaining=115.5h
2026-02-23 11:55:34,958 - INFO - New bar: 2026-02-23 06:55:00-05:00 | O=1.17860 H=1.17860 L=1.17854 C=1.17860
2026-02-23 12:00:36,187 - INFO - New bar: 2026-02-23 07:00:00-05:00 | O=1.17860 H=1.17860 L=1.17837 C=1.17842
2026-02-23 12:00:36,189 - INFO - Status: Price=1.17842, Position=SHORT, Bars=120, P&L=EUR 0.00, Unrealized: EUR 52.61, Remaining=115.3h
2026-02-23 12:05:37,538 - INFO - New bar: 2026-02-23 07:05:00-05:00 | O=1.17822 H=1.17833 L=1.17819 C=1.17824
2026-02-23 12:10:38,819 - INFO - New bar: 2026-02-23 07:10:00-05:00 | O=1.17826 H=1.17836 L=1.17825 C=1.17836
2026-02-23 12:10:38,821 - INFO - Status: Price=1.17836, Position=SHORT, Bars=120, P&L=EUR 0.00, Unrealized: EUR 53.72, Remaining=115.2h
2026-02-23 12:15:40,085 - INFO - New bar: 2026-02-23 07:15:00-05:00 | O=1.17833 H=1.17840 L=1.17822 C=1.17827
2026-02-23 12:20:41,453 - INFO - New bar: 2026-02-23 07:20:00-05:00 | O=1.17813 H=1.17815 L=1.17793 C=1.17803
2026-02-23 12:20:41,454 - INFO - Status: Price=1.17803, Position=SHORT, Bars=120, P&L=EUR 0.00, Unrealized: EUR 59.17, Remaining=115.0h
2026-02-23 12:25:42,592 - INFO - New bar: 2026-02-23 07:25:00-05:00 | O=1.17751 H=1.17772 L=1.17748 C=1.17767
2026-02-23 12:30:43,803 - INFO - New bar: 2026-02-23 07:30:00-05:00 | O=1.17763 H=1.17776 L=1.17762 C=1.17771
2026-02-23 12:30:43,805 - INFO - Status: Price=1.17771, Position=SHORT, Bars=120, P&L=EUR 0.00, Unrealized: EUR 64.70, Remaining=114.8h
2026-02-23 12:35:47,545 - INFO - New bar: 2026-02-23 07:35:00-05:00 | O=1.17796 H=1.17809 L=1.17793 C=1.17796
2026-02-23 12:40:48,743 - INFO - New bar: 2026-02-23 07:40:00-05:00 | O=1.17785 H=1.17788 L=1.17772 C=1.17775
2026-02-23 12:40:48,744 - INFO - Status: Price=1.17775, Position=SHORT, Bars=120, P&L=EUR 0.00, Unrealized: EUR 64.02, Remaining=114.7h
2026-02-23 12:45:49,922 - INFO - New bar: 2026-02-23 07:45:00-05:00 | O=1.17782 H=1.17789 L=1.17782 C=1.17785
2026-02-23 12:50:51,096 - INFO - New bar: 2026-02-23 07:50:00-05:00 | O=1.17789 H=1.17798 L=1.17789 C=1.17794
2026-02-23 12:50:51,097 - INFO - Status: Price=1.17794, Position=SHORT, Bars=120, P&L=EUR 0.00, Unrealized: EUR 60.78, Remaining=114.5h
2026-02-23 12:55:52,294 - INFO - New bar: 2026-02-23 07:55:00-05:00 | O=1.17811 H=1.17813 L=1.17774 C=1.17775
2026-02-23 13:00:53,480 - INFO - New bar: 2026-02-23 08:00:00-05:00 | O=1.17818 H=1.17826 L=1.17782 C=1.17824
2026-02-23 13:00:53,482 - INFO - Status: Price=1.17824, Position=SHORT, Bars=120, P&L=EUR 0.00, Unrealized: EUR 55.59, Remaining=114.3h
2026-02-23 13:05:54,672 - INFO - New bar: 2026-02-23 08:05:00-05:00 | O=1.17799 H=1.17809 L=1.17793 C=1.17803
2026-02-23 13:10:55,853 - INFO - New bar: 2026-02-23 08:10:00-05:00 | O=1.17841 H=1.17841 L=1.17823 C=1.17837
2026-02-23 13:10:55,854 - INFO - Status: Price=1.17837, Position=SHORT, Bars=120, P&L=EUR 0.00, Unrealized: EUR 53.55, Remaining=114.2h
2026-02-23 13:15:57,051 - INFO - New bar: 2026-02-23 08:15:00-05:00 | O=1.17854 H=1.17857 L=1.17850 C=1.17856
2026-02-23 13:20:58,348 - INFO - New bar: 2026-02-23 08:20:00-05:00 | O=1.17903 H=1.17918 L=1.17901 C=1.17908
2026-02-23 13:20:58,349 - INFO - Status: Price=1.17908, Position=SHORT, Bars=120, P&L=EUR 0.00, Unrealized: EUR 41.47, Remaining=114.0h
2026-02-23 13:25:59,511 - INFO - New bar: 2026-02-23 08:25:00-05:00 | O=1.17876 H=1.17900 L=1.17874 C=1.17887
2026-02-23 13:31:00,716 - INFO - New bar: 2026-02-23 08:30:00-05:00 | O=1.17930 H=1.17952 L=1.17927 C=1.17948
2026-02-23 13:31:00,718 - INFO - Status: Price=1.17948, Position=SHORT, Bars=120, P&L=EUR 0.00, Unrealized: EUR 34.51, Remaining=113.8h
2026-02-23 13:36:01,891 - INFO - New bar: 2026-02-23 08:35:00-05:00 | O=1.17965 H=1.17965 L=1.17953 C=1.17964
2026-02-23 13:41:03,168 - INFO - New bar: 2026-02-23 08:40:00-05:00 | O=1.17945 H=1.17956 L=1.17945 C=1.17955
2026-02-23 13:41:03,170 - INFO - Status: Price=1.17955, Position=SHORT, Bars=120, P&L=EUR 0.00, Unrealized: EUR 33.40, Remaining=113.7h
2026-02-23 13:46:04,506 - INFO - New bar: 2026-02-23 08:45:00-05:00 | O=1.17964 H=1.17972 L=1.17942 C=1.17942
2026-02-23 13:51:05,699 - INFO - New bar: 2026-02-23 08:50:00-05:00 | O=1.17955 H=1.17955 L=1.17927 C=1.17932
2026-02-23 13:51:05,701 - INFO - Status: Price=1.17932, Position=SHORT, Bars=120, P&L=EUR 0.00, Unrealized: EUR 37.22, Remaining=113.5h
2026-02-23 13:55:06,642 - INFO - New bar: 2026-02-23 08:55:00-05:00 | O=1.17927 H=1.17938 L=1.17927 C=1.17928
2026-02-23 13:56:06,864 - INFO - Waiting for new bar... (last: 2026-02-23 08:55:00-05:00, price: 1.17929)
2026-02-23 14:00:07,853 - INFO - New bar: 2026-02-23 09:00:00-05:00 | O=1.17959 H=1.17969 L=1.17959 C=1.17967
2026-02-23 14:01:08,079 - INFO - Waiting for new bar... (last: 2026-02-23 09:00:00-05:00, price: 1.17982)
2026-02-23 14:05:09,077 - INFO - New bar: 2026-02-23 09:05:00-05:00 | O=1.17971 H=1.17976 L=1.17970 C=1.17976
2026-02-23 14:06:09,334 - INFO - Waiting for new bar... (last: 2026-02-23 09:05:00-05:00, price: 1.17980)
2026-02-23 14:10:10,302 - INFO - New bar: 2026-02-23 09:10:00-05:00 | O=1.17988 H=1.17994 L=1.17988 C=1.17994
2026-02-23 14:11:10,540 - INFO - Waiting for new bar... (last: 2026-02-23 09:10:00-05:00, price: 1.17982)
2026-02-23 14:15:11,543 - INFO - New bar: 2026-02-23 09:15:00-05:00 | O=1.17995 H=1.17996 L=1.17990 C=1.17996
2026-02-23 14:16:11,889 - INFO - Waiting for new bar... (last: 2026-02-23 09:15:00-05:00, price: 1.18018)
2026-02-23 14:20:13,018 - INFO - New bar: 2026-02-23 09:20:00-05:00 | O=1.17993 H=1.17993 L=1.17986 C=1.17986
2026-02-23 14:21:13,282 - INFO - Waiting for new bar... (last: 2026-02-23 09:20:00-05:00, price: 1.17971)
2026-02-23 14:25:14,267 - INFO - New bar: 2026-02-23 09:25:00-05:00 | O=1.17952 H=1.17956 L=1.17952 C=1.17952
2026-02-23 14:26:14,507 - INFO - Waiting for new bar... (last: 2026-02-23 09:25:00-05:00, price: 1.17965)
2026-02-23 14:30:15,486 - INFO - New bar: 2026-02-23 09:30:00-05:00 | O=1.17959 H=1.17960 L=1.17952 C=1.17952
2026-02-23 14:31:15,738 - INFO - Waiting for new bar... (last: 2026-02-23 09:30:00-05:00, price: 1.17965)
2026-02-23 14:35:16,641 - INFO - New bar: 2026-02-23 09:35:00-05:00 | O=1.17962 H=1.17966 L=1.17955 C=1.17955
2026-02-23 14:36:16,908 - INFO - Waiting for new bar... (last: 2026-02-23 09:35:00-05:00, price: 1.17973)
2026-02-23 14:40:17,851 - INFO - New bar: 2026-02-23 09:40:00-05:00 | O=1.17974 H=1.17988 L=1.17971 C=1.17988
2026-02-23 14:41:18,077 - INFO - Waiting for new bar... (last: 2026-02-23 09:40:00-05:00, price: 1.17982)
2026-02-23 14:45:19,035 - INFO - New bar: 2026-02-23 09:45:00-05:00 | O=1.17990 H=1.17999 L=1.17985 C=1.17997
2026-02-23 14:46:19,300 - INFO - Waiting for new bar... (last: 2026-02-23 09:45:00-05:00, price: 1.17982)
2026-02-23 14:50:20,353 - INFO - New bar: 2026-02-23 09:50:00-05:00 | O=1.18007 H=1.18032 L=1.18007 C=1.18028
2026-02-23 14:51:20,620 - INFO - Waiting for new bar... (last: 2026-02-23 09:50:00-05:00, price: 1.18038)
2026-02-23 14:55:21,584 - INFO - New bar: 2026-02-23 09:55:00-05:00 | O=1.18017 H=1.18030 L=1.18013 C=1.18029
2026-02-23 14:56:21,799 - INFO - Waiting for new bar... (last: 2026-02-23 09:55:00-05:00, price: 1.18048)
2026-02-23 15:00:23,410 - INFO - New bar: 2026-02-23 10:00:00-05:00 | O=1.18057 H=1.18068 L=1.18053 C=1.18059
2026-02-23 15:01:23,649 - INFO - Waiting for new bar... (last: 2026-02-23 10:00:00-05:00, price: 1.18084)
2026-02-23 15:05:24,600 - INFO - New bar: 2026-02-23 10:05:00-05:00 | O=1.18047 H=1.18052 L=1.18047 C=1.18048
2026-02-23 15:06:24,856 - INFO - Waiting for new bar... (last: 2026-02-23 10:05:00-05:00, price: 1.18068)
2026-02-23 15:10:25,839 - INFO - New bar: 2026-02-23 10:10:00-05:00 | O=1.18075 H=1.18086 L=1.18071 C=1.18081
2026-02-23 15:11:26,076 - INFO - Waiting for new bar... (last: 2026-02-23 10:10:00-05:00, price: 1.18067)
2026-02-23 15:15:27,119 - INFO - New bar: 2026-02-23 10:15:00-05:00 | O=1.18057 H=1.18063 L=1.18053 C=1.18057
2026-02-23 15:16:27,354 - INFO - Waiting for new bar... (last: 2026-02-23 10:15:00-05:00, price: 1.18069)
2026-02-23 15:20:28,322 - INFO - New bar: 2026-02-23 10:20:00-05:00 | O=1.18044 H=1.18069 L=1.18044 C=1.18067
2026-02-23 15:21:28,591 - INFO - Waiting for new bar... (last: 2026-02-23 10:20:00-05:00, price: 1.18049)
2026-02-23 15:25:29,570 - INFO - New bar: 2026-02-23 10:25:00-05:00 | O=1.18023 H=1.18033 L=1.18021 C=1.18027
2026-02-23 15:26:29,819 - INFO - Waiting for new bar... (last: 2026-02-23 10:25:00-05:00, price: 1.18036)
2026-02-23 15:30:30,915 - INFO - New bar: 2026-02-23 10:30:00-05:00 | O=1.18034 H=1.18049 L=1.18033 C=1.18049
2026-02-23 15:31:31,169 - INFO - Waiting for new bar... (last: 2026-02-23 10:30:00-05:00, price: 1.18038)
2026-02-23 15:35:32,130 - INFO - New bar: 2026-02-23 10:35:00-05:00 | O=1.17998 H=1.17999 L=1.17978 C=1.17982
2026-02-23 15:36:32,392 - INFO - Waiting for new bar... (last: 2026-02-23 10:35:00-05:00, price: 1.17979)
2026-02-23 15:40:33,322 - INFO - New bar: 2026-02-23 10:40:00-05:00 | O=1.18002 H=1.18020 L=1.18002 C=1.18013
2026-02-23 15:41:33,567 - INFO - Waiting for new bar... (last: 2026-02-23 10:40:00-05:00, price: 1.18013)
2026-02-23 15:45:34,543 - INFO - New bar: 2026-02-23 10:45:00-05:00 | O=1.18009 H=1.18013 L=1.17992 C=1.17992
2026-02-23 15:46:34,789 - INFO - Waiting for new bar... (last: 2026-02-23 10:45:00-05:00, price: 1.17985)
2026-02-23 15:50:35,778 - INFO - New bar: 2026-02-23 10:50:00-05:00 | O=1.17982 H=1.17993 L=1.17973 C=1.17973
2026-02-23 15:51:36,042 - INFO - Waiting for new bar... (last: 2026-02-23 10:50:00-05:00, price: 1.17977)
2026-02-23 15:55:37,008 - INFO - New bar: 2026-02-23 10:55:00-05:00 | O=1.17947 H=1.17962 L=1.17947 C=1.17955
2026-02-23 15:56:37,270 - INFO - Waiting for new bar... (last: 2026-02-23 10:55:00-05:00, price: 1.17953)
2026-02-23 16:00:38,218 - INFO - New bar: 2026-02-23 11:00:00-05:00 | O=1.17949 H=1.17949 L=1.17935 C=1.17938
2026-02-23 16:01:38,485 - INFO - Waiting for new bar... (last: 2026-02-23 11:00:00-05:00, price: 1.17939)
2026-02-23 16:05:39,467 - INFO - New bar: 2026-02-23 11:05:00-05:00 | O=1.17888 H=1.17911 L=1.17888 C=1.17892
2026-02-23 16:06:39,715 - INFO - Waiting for new bar... (last: 2026-02-23 11:05:00-05:00, price: 1.17890)
2026-02-23 16:10:40,682 - INFO - New bar: 2026-02-23 11:10:00-05:00 | O=1.17905 H=1.17929 L=1.17904 C=1.17928
2026-02-23 16:11:40,936 - INFO - Waiting for new bar... (last: 2026-02-23 11:10:00-05:00, price: 1.17928)
2026-02-23 16:15:42,048 - INFO - New bar: 2026-02-23 11:15:00-05:00 | O=1.17929 H=1.17930 L=1.17917 C=1.17917
2026-02-23 16:16:42,256 - INFO - Waiting for new bar... (last: 2026-02-23 11:15:00-05:00, price: 1.17944)
2026-02-23 16:20:43,141 - INFO - New bar: 2026-02-23 11:20:00-05:00 | O=1.17994 H=1.17994 L=1.17982 C=1.17993
2026-02-23 16:21:43,399 - INFO - Waiting for new bar... (last: 2026-02-23 11:20:00-05:00, price: 1.17999)
2026-02-23 16:25:44,273 - INFO - New bar: 2026-02-23 11:25:00-05:00 | O=1.17991 H=1.18006 L=1.17991 C=1.18005
2026-02-23 16:26:44,522 - INFO - Waiting for new bar... (last: 2026-02-23 11:25:00-05:00, price: 1.18019)
2026-02-23 16:30:45,461 - INFO - New bar: 2026-02-23 11:30:00-05:00 | O=1.18011 H=1.18026 L=1.17996 C=1.17996
2026-02-23 16:31:45,681 - INFO - Waiting for new bar... (last: 2026-02-23 11:30:00-05:00, price: 1.17993)
2026-02-23 16:35:46,621 - INFO - New bar: 2026-02-23 11:35:00-05:00 | O=1.18007 H=1.18010 L=1.17985 C=1.17997
2026-02-23 16:36:46,876 - INFO - Waiting for new bar... (last: 2026-02-23 11:35:00-05:00, price: 1.18009)
2026-02-23 16:40:47,761 - INFO - New bar: 2026-02-23 11:40:00-05:00 | O=1.18026 H=1.18042 L=1.18026 C=1.18041
2026-02-23 16:41:47,997 - INFO - Waiting for new bar... (last: 2026-02-23 11:40:00-05:00, price: 1.18036)
2026-02-23 16:45:48,902 - INFO - New bar: 2026-02-23 11:45:00-05:00 | O=1.18013 H=1.18019 L=1.18008 C=1.18013
2026-02-23 16:46:49,113 - INFO - Waiting for new bar... (last: 2026-02-23 11:45:00-05:00, price: 1.18009)
2026-02-23 16:50:50,083 - INFO - New bar: 2026-02-23 11:50:00-05:00 | O=1.18022 H=1.18030 L=1.18017 C=1.18018
2026-02-23 16:51:50,349 - INFO - Waiting for new bar... (last: 2026-02-23 11:50:00-05:00, price: 1.18039)
2026-02-23 16:55:51,236 - INFO - New bar: 2026-02-23 11:55:00-05:00 | O=1.18037 H=1.18047 L=1.18037 C=1.18043
2026-02-23 16:56:51,517 - INFO - Waiting for new bar... (last: 2026-02-23 11:55:00-05:00, price: 1.18053)
2026-02-23 17:00:52,450 - INFO - New bar: 2026-02-23 12:00:00-05:00 | O=1.18039 H=1.18049 L=1.18036 C=1.18047
2026-02-23 17:01:52,657 - INFO - Waiting for new bar... (last: 2026-02-23 12:00:00-05:00, price: 1.18057)
2026-02-23 17:05:53,577 - INFO - New bar: 2026-02-23 12:05:00-05:00 | O=1.18058 H=1.18059 L=1.18043 C=1.18043
2026-02-23 17:06:53,801 - INFO - Waiting for new bar... (last: 2026-02-23 12:05:00-05:00, price: 1.18068)
2026-02-23 17:10:54,710 - INFO - New bar: 2026-02-23 12:10:00-05:00 | O=1.18049 H=1.18051 L=1.18037 C=1.18040
2026-02-23 17:11:54,964 - INFO - Waiting for new bar... (last: 2026-02-23 12:10:00-05:00, price: 1.18044)
2026-02-23 17:15:56,024 - INFO - New bar: 2026-02-23 12:15:00-05:00 | O=1.18003 H=1.18012 L=1.18000 C=1.18007
2026-02-23 17:16:56,233 - INFO - Waiting for new bar... (last: 2026-02-23 12:15:00-05:00, price: 1.18009)
2026-02-23 17:20:57,180 - INFO - New bar: 2026-02-23 12:20:00-05:00 | O=1.18023 H=1.18025 L=1.18008 C=1.18011
2026-02-23 17:21:57,448 - INFO - Waiting for new bar... (last: 2026-02-23 12:20:00-05:00, price: 1.18013)
2026-02-23 17:25:58,296 - INFO - New bar: 2026-02-23 12:25:00-05:00 | O=1.17976 H=1.17976 L=1.17954 C=1.17958
2026-02-23 17:26:58,679 - INFO - Waiting for new bar... (last: 2026-02-23 12:25:00-05:00, price: 1.17942)
2026-02-23 17:30:59,691 - INFO - New bar: 2026-02-23 12:30:00-05:00 | O=1.17951 H=1.17955 L=1.17934 C=1.17935
2026-02-23 17:31:59,914 - INFO - Waiting for new bar... (last: 2026-02-23 12:30:00-05:00, price: 1.17933)
2026-02-23 17:36:00,916 - INFO - New bar: 2026-02-23 12:35:00-05:00 | O=1.17939 H=1.17939 L=1.17919 C=1.17922
2026-02-23 17:37:01,162 - INFO - Waiting for new bar... (last: 2026-02-23 12:35:00-05:00, price: 1.17912)
2026-02-23 17:41:02,111 - INFO - New bar: 2026-02-23 12:40:00-05:00 | O=1.17921 H=1.17929 L=1.17917 C=1.17928
2026-02-23 17:42:02,467 - INFO - Waiting for new bar... (last: 2026-02-23 12:40:00-05:00, price: 1.17938)
2026-02-23 17:46:03,384 - INFO - New bar: 2026-02-23 12:45:00-05:00 | O=1.17931 H=1.17938 L=1.17931 C=1.17938
2026-02-23 17:47:03,597 - INFO - Waiting for new bar... (last: 2026-02-23 12:45:00-05:00, price: 1.17930)
2026-02-23 17:51:04,572 - INFO - New bar: 2026-02-23 12:50:00-05:00 | O=1.17948 H=1.17960 L=1.17945 C=1.17960
2026-02-23 17:52:04,825 - INFO - Waiting for new bar... (last: 2026-02-23 12:50:00-05:00, price: 1.17956)
2026-02-23 17:55:05,552 - INFO - New bar: 2026-02-23 12:55:00-05:00 | O=1.17976 H=1.17982 L=1.17975 C=1.17982
2026-02-23 17:57:06,019 - INFO - Waiting for new bar... (last: 2026-02-23 12:55:00-05:00, price: 1.17976)
2026-02-23 18:00:06,772 - INFO - New bar: 2026-02-23 13:00:00-05:00 | O=1.17988 H=1.17988 L=1.17985 C=1.17985
2026-02-23 18:02:07,361 - INFO - Waiting for new bar... (last: 2026-02-23 13:00:00-05:00, price: 1.17973)
2026-02-23 18:05:08,042 - INFO - New bar: 2026-02-23 13:05:00-05:00 | O=1.17973 H=1.17980 L=1.17973 C=1.17979
2026-02-23 18:07:08,547 - INFO - Waiting for new bar... (last: 2026-02-23 13:05:00-05:00, price: 1.17979)
2026-02-23 18:10:09,203 - INFO - New bar: 2026-02-23 13:10:00-05:00 | O=1.17986 H=1.17986 L=1.17982 C=1.17982
2026-02-23 18:12:09,679 - INFO - Waiting for new bar... (last: 2026-02-23 13:10:00-05:00, price: 1.17984)
2026-02-23 18:15:10,390 - INFO - New bar: 2026-02-23 13:15:00-05:00 | O=1.17963 H=1.17964 L=1.17963 C=1.17963
2026-02-23 18:17:10,865 - INFO - Waiting for new bar... (last: 2026-02-23 13:15:00-05:00, price: 1.17964)
2026-02-23 18:20:11,563 - INFO - New bar: 2026-02-23 13:20:00-05:00 | O=1.17964 H=1.17966 L=1.17964 C=1.17966
2026-02-23 18:22:12,067 - INFO - Waiting for new bar... (last: 2026-02-23 13:20:00-05:00, price: 1.17974)
2026-02-23 18:25:12,761 - INFO - New bar: 2026-02-23 13:25:00-05:00 | O=1.17972 H=1.17972 L=1.17968 C=1.17969
2026-02-23 18:27:13,242 - INFO - Waiting for new bar... (last: 2026-02-23 13:25:00-05:00, price: 1.17965)
2026-02-23 18:30:13,942 - INFO - New bar: 2026-02-23 13:30:00-05:00 | O=1.17961 H=1.17969 L=1.17961 C=1.17968
2026-02-23 18:32:14,408 - INFO - Waiting for new bar... (last: 2026-02-23 13:30:00-05:00, price: 1.17970)
2026-02-23 18:35:15,101 - INFO - New bar: 2026-02-23 13:35:00-05:00 | O=1.17983 H=1.17983 L=1.17979 C=1.17982
2026-02-23 18:37:15,576 - INFO - Waiting for new bar... (last: 2026-02-23 13:35:00-05:00, price: 1.17999)
2026-02-23 18:40:16,299 - INFO - New bar: 2026-02-23 13:40:00-05:00 | O=1.17994 H=1.17994 L=1.17990 C=1.17992
2026-02-23 18:42:16,747 - INFO - Waiting for new bar... (last: 2026-02-23 13:40:00-05:00, price: 1.17980)
2026-02-23 18:45:17,445 - INFO - New bar: 2026-02-23 13:45:00-05:00 | O=1.17975 H=1.17975 L=1.17973 C=1.17973
2026-02-23 18:47:17,918 - INFO - Waiting for new bar... (last: 2026-02-23 13:45:00-05:00, price: 1.17978)
2026-02-23 18:50:18,644 - INFO - New bar: 2026-02-23 13:50:00-05:00 | O=1.17982 H=1.17985 L=1.17982 C=1.17985
2026-02-23 18:52:19,185 - INFO - Waiting for new bar... (last: 2026-02-23 13:50:00-05:00, price: 1.17979)
2026-02-23 18:55:19,863 - INFO - New bar: 2026-02-23 13:55:00-05:00 | O=1.17984 H=1.17989 L=1.17983 C=1.17989
2026-02-23 18:57:20,330 - INFO - Waiting for new bar... (last: 2026-02-23 13:55:00-05:00, price: 1.17987)
2026-02-23 19:00:21,031 - INFO - New bar: 2026-02-23 14:00:00-05:00 | O=1.17982 H=1.17982 L=1.17973 C=1.17975
2026-02-23 19:02:21,489 - INFO - Waiting for new bar... (last: 2026-02-23 14:00:00-05:00, price: 1.17972)
2026-02-23 19:05:22,234 - INFO - New bar: 2026-02-23 14:05:00-05:00 | O=1.17973 H=1.17978 L=1.17973 C=1.17978
2026-02-23 19:07:22,710 - INFO - Waiting for new bar... (last: 2026-02-23 14:05:00-05:00, price: 1.17982)
2026-02-23 19:10:23,435 - INFO - New bar: 2026-02-23 14:10:00-05:00 | O=1.17989 H=1.17992 L=1.17989 C=1.17989
2026-02-23 19:12:24,040 - INFO - Waiting for new bar... (last: 2026-02-23 14:10:00-05:00, price: 1.18003)
2026-02-23 19:15:24,759 - INFO - New bar: 2026-02-23 14:15:00-05:00 | O=1.17990 H=1.17996 L=1.17990 C=1.17993
2026-02-23 19:17:25,233 - INFO - Waiting for new bar... (last: 2026-02-23 14:15:00-05:00, price: 1.17985)
2026-02-23 19:20:25,929 - INFO - New bar: 2026-02-23 14:20:00-05:00 | O=1.17972 H=1.17973 L=1.17971 C=1.17973
2026-02-23 19:22:26,435 - INFO - Waiting for new bar... (last: 2026-02-23 14:20:00-05:00, price: 1.17955)
2026-02-23 19:25:27,168 - INFO - New bar: 2026-02-23 14:25:00-05:00 | O=1.17948 H=1.17954 L=1.17948 C=1.17952
2026-02-23 19:27:27,655 - INFO - Waiting for new bar... (last: 2026-02-23 14:25:00-05:00, price: 1.17951)
2026-02-23 19:30:28,385 - INFO - New bar: 2026-02-23 14:30:00-05:00 | O=1.17952 H=1.17952 L=1.17947 C=1.17947
2026-02-23 19:32:28,879 - INFO - Waiting for new bar... (last: 2026-02-23 14:30:00-05:00, price: 1.17947)
2026-02-23 19:35:29,563 - INFO - New bar: 2026-02-23 14:35:00-05:00 | O=1.17926 H=1.17928 L=1.17926 C=1.17928
2026-02-23 19:37:30,068 - INFO - Waiting for new bar... (last: 2026-02-23 14:35:00-05:00, price: 1.17912)
2026-02-23 19:40:30,793 - INFO - New bar: 2026-02-23 14:40:00-05:00 | O=1.17894 H=1.17898 L=1.17885 C=1.17886
2026-02-23 19:42:31,271 - INFO - Waiting for new bar... (last: 2026-02-23 14:40:00-05:00, price: 1.17894)
2026-02-23 19:45:31,967 - INFO - New bar: 2026-02-23 14:45:00-05:00 | O=1.17890 H=1.17890 L=1.17883 C=1.17884
2026-02-23 19:47:32,450 - INFO - Waiting for new bar... (last: 2026-02-23 14:45:00-05:00, price: 1.17911)
2026-02-23 19:50:33,174 - INFO - New bar: 2026-02-23 14:50:00-05:00 | O=1.17915 H=1.17915 L=1.17909 C=1.17915
2026-02-23 19:52:33,603 - INFO - Waiting for new bar... (last: 2026-02-23 14:50:00-05:00, price: 1.17916)
2026-02-23 19:55:34,310 - INFO - New bar: 2026-02-23 14:55:00-05:00 | O=1.17924 H=1.17925 L=1.17912 C=1.17915
2026-02-23 19:57:34,749 - INFO - Waiting for new bar... (last: 2026-02-23 14:55:00-05:00, price: 1.17905)
2026-02-23 20:00:35,482 - INFO - New bar: 2026-02-23 15:00:00-05:00 | O=1.17916 H=1.17921 L=1.17916 C=1.17920
2026-02-23 20:02:35,918 - INFO - Waiting for new bar... (last: 2026-02-23 15:00:00-05:00, price: 1.17918)
2026-02-23 20:05:36,607 - INFO - New bar: 2026-02-23 15:05:00-05:00 | O=1.17911 H=1.17915 L=1.17910 C=1.17914
2026-02-23 20:07:37,099 - INFO - Waiting for new bar... (last: 2026-02-23 15:05:00-05:00, price: 1.17909)
2026-02-23 20:10:37,836 - INFO - New bar: 2026-02-23 15:10:00-05:00 | O=1.17915 H=1.17917 L=1.17912 C=1.17914
2026-02-23 20:12:38,325 - INFO - Waiting for new bar... (last: 2026-02-23 15:10:00-05:00, price: 1.17924)
2026-02-23 20:15:39,049 - INFO - New bar: 2026-02-23 15:15:00-05:00 | O=1.17912 H=1.17915 L=1.17911 C=1.17914
2026-02-23 20:17:39,503 - INFO - Waiting for new bar... (last: 2026-02-23 15:15:00-05:00, price: 1.17912)
2026-02-23 20:20:40,209 - INFO - New bar: 2026-02-23 15:20:00-05:00 | O=1.17908 H=1.17910 L=1.17905 C=1.17905
2026-02-23 20:22:40,726 - INFO - Waiting for new bar... (last: 2026-02-23 15:20:00-05:00, price: 1.17890)
2026-02-23 20:25:41,429 - INFO - New bar: 2026-02-23 15:25:00-05:00 | O=1.17894 H=1.17894 L=1.17888 C=1.17894
2026-02-23 20:27:41,930 - INFO - Waiting for new bar... (last: 2026-02-23 15:25:00-05:00, price: 1.17904)
2026-02-23 20:30:42,672 - INFO - New bar: 2026-02-23 15:30:00-05:00 | O=1.17931 H=1.17936 L=1.17928 C=1.17934
2026-02-23 20:32:48,394 - INFO - Waiting for new bar... (last: 2026-02-23 15:30:00-05:00, price: 1.17925)
2026-02-23 20:35:49,072 - INFO - New bar: 2026-02-23 15:35:00-05:00 | O=1.17919 H=1.17923 L=1.17912 C=1.17912
2026-02-23 20:37:49,526 - INFO - Waiting for new bar... (last: 2026-02-23 15:35:00-05:00, price: 1.17912)
2026-02-23 20:40:50,206 - INFO - New bar: 2026-02-23 15:40:00-05:00 | O=1.17917 H=1.17918 L=1.17909 C=1.17911
2026-02-23 20:42:50,709 - INFO - Waiting for new bar... (last: 2026-02-23 15:40:00-05:00, price: 1.17908)
2026-02-23 20:45:51,396 - INFO - New bar: 2026-02-23 15:45:00-05:00 | O=1.17901 H=1.17901 L=1.17898 C=1.17901
2026-02-23 20:47:51,854 - INFO - Waiting for new bar... (last: 2026-02-23 15:45:00-05:00, price: 1.17903)
2026-02-23 20:50:52,558 - INFO - New bar: 2026-02-23 15:50:00-05:00 | O=1.17905 H=1.17911 L=1.17903 C=1.17903
2026-02-23 20:52:53,007 - INFO - Waiting for new bar... (last: 2026-02-23 15:50:00-05:00, price: 1.17902)
2026-02-23 20:55:53,711 - INFO - New bar: 2026-02-23 15:55:00-05:00 | O=1.17883 H=1.17902 L=1.17883 C=1.17897
2026-02-23 20:57:54,192 - INFO - Waiting for new bar... (last: 2026-02-23 15:55:00-05:00, price: 1.17902)
2026-02-23 21:00:54,850 - INFO - New bar: 2026-02-23 16:00:00-05:00 | O=1.17890 H=1.17897 L=1.17890 C=1.17894
2026-02-23 21:02:55,331 - INFO - Waiting for new bar... (last: 2026-02-23 16:00:00-05:00, price: 1.17913)
2026-02-23 21:05:56,028 - INFO - New bar: 2026-02-23 16:05:00-05:00 | O=1.17918 H=1.17919 L=1.17912 C=1.17912
2026-02-23 21:07:56,495 - INFO - Waiting for new bar... (last: 2026-02-23 16:05:00-05:00, price: 1.17907)
2026-02-23 21:10:57,191 - INFO - New bar: 2026-02-23 16:10:00-05:00 | O=1.17900 H=1.17900 L=1.17898 C=1.17898
2026-02-23 21:12:57,683 - INFO - Waiting for new bar... (last: 2026-02-23 16:10:00-05:00, price: 1.17905)
2026-02-23 21:15:58,386 - INFO - New bar: 2026-02-23 16:15:00-05:00 | O=1.17903 H=1.17908 L=1.17903 C=1.17904
2026-02-23 21:17:58,792 - INFO - Waiting for new bar... (last: 2026-02-23 16:15:00-05:00, price: 1.17894)
2026-02-23 21:20:59,490 - INFO - New bar: 2026-02-23 16:20:00-05:00 | O=1.17881 H=1.17881 L=1.17868 C=1.17868
2026-02-23 21:22:59,936 - INFO - Waiting for new bar... (last: 2026-02-23 16:20:00-05:00, price: 1.17864)
2026-02-23 21:26:00,609 - INFO - New bar: 2026-02-23 16:25:00-05:00 | O=1.17868 H=1.17870 L=1.17865 C=1.17866
2026-02-23 21:28:01,104 - INFO - Waiting for new bar... (last: 2026-02-23 16:25:00-05:00, price: 1.17880)
2026-02-23 21:31:01,839 - INFO - New bar: 2026-02-23 16:30:00-05:00 | O=1.17868 H=1.17872 L=1.17865 C=1.17871
2026-02-23 21:33:02,262 - INFO - Waiting for new bar... (last: 2026-02-23 16:30:00-05:00, price: 1.17884)
2026-02-23 21:36:02,990 - INFO - New bar: 2026-02-23 16:35:00-05:00 | O=1.17894 H=1.17894 L=1.17889 C=1.17894
2026-02-23 21:38:03,555 - INFO - Waiting for new bar... (last: 2026-02-23 16:35:00-05:00, price: 1.17894)
2026-02-23 21:41:04,251 - INFO - New bar: 2026-02-23 16:40:00-05:00 | O=1.17889 H=1.17893 L=1.17889 C=1.17891
2026-02-23 21:43:04,747 - INFO - Waiting for new bar... (last: 2026-02-23 16:40:00-05:00, price: 1.17888)
2026-02-23 21:46:05,544 - INFO - New bar: 2026-02-23 16:45:00-05:00 | O=1.17890 H=1.17891 L=1.17888 C=1.17889
2026-02-23 21:48:05,999 - INFO - Waiting for new bar... (last: 2026-02-23 16:45:00-05:00, price: 1.17888)
2026-02-23 21:50:06,463 - INFO - New bar: 2026-02-23 16:50:00-05:00 | O=1.17889 H=1.17889 L=1.17888 C=1.17888
2026-02-23 21:53:07,174 - INFO - Waiting for new bar... (last: 2026-02-23 16:50:00-05:00, price: 1.17884)
2026-02-23 21:55:07,672 - INFO - New bar: 2026-02-23 16:55:00-05:00 | O=1.17861 H=1.17867 L=1.17861 C=1.17866
2026-02-23 21:58:08,380 - INFO - Waiting for new bar... (last: 2026-02-23 16:55:00-05:00, price: 1.17858)
2026-02-23 22:03:09,514 - INFO - Waiting for new bar... (last: 2026-02-23 16:55:00-05:00, price: 1.17850)
2026-02-23 22:08:53,543 - INFO - Waiting for new bar... (last: 2026-02-23 16:55:00-05:00, price: 1.17850)
2026-02-23 22:13:54,686 - INFO - Waiting for new bar... (last: 2026-02-23 16:55:00-05:00, price: 1.17850)
2026-02-23 22:15:55,298 - INFO - New bar: 2026-02-23 17:15:00-05:00 | O=1.17870 H=1.17871 L=1.17868 C=1.17868
2026-02-23 22:18:56,508 - INFO - Waiting for new bar... (last: 2026-02-23 17:15:00-05:00, price: 1.17870)
2026-02-23 22:20:57,102 - INFO - New bar: 2026-02-23 17:20:00-05:00 | O=1.17870 H=1.17870 L=1.17870 C=1.17870
2026-02-23 22:23:57,778 - INFO - Waiting for new bar... (last: 2026-02-23 17:20:00-05:00, price: 1.17870)
2026-02-23 22:25:58,217 - INFO - New bar: 2026-02-23 17:25:00-05:00 | O=1.17870 H=1.17870 L=1.17870 C=1.17870
2026-02-23 22:28:58,925 - INFO - Waiting for new bar... (last: 2026-02-23 17:25:00-05:00, price: 1.17870)
2026-02-23 22:30:59,387 - INFO - New bar: 2026-02-23 17:30:00-05:00 | O=1.17870 H=1.17870 L=1.17869 C=1.17870
2026-02-23 22:34:00,072 - INFO - Waiting for new bar... (last: 2026-02-23 17:30:00-05:00, price: 1.17870)
2026-02-23 22:36:02,171 - INFO - New bar: 2026-02-23 17:35:00-05:00 | O=1.17870 H=1.17870 L=1.17870 C=1.17870
2026-02-23 22:39:02,869 - INFO - Waiting for new bar... (last: 2026-02-23 17:35:00-05:00, price: 1.17874)
2026-02-23 22:41:03,332 - INFO - New bar: 2026-02-23 17:40:00-05:00 | O=1.17871 H=1.17874 L=1.17871 C=1.17872
2026-02-23 22:44:04,017 - INFO - Waiting for new bar... (last: 2026-02-23 17:40:00-05:00, price: 1.17868)
2026-02-23 22:46:04,507 - INFO - New bar: 2026-02-23 17:45:00-05:00 | O=1.17874 H=1.17876 L=1.17870 C=1.17873
2026-02-23 22:49:05,199 - INFO - Waiting for new bar... (last: 2026-02-23 17:45:00-05:00, price: 1.17877)
2026-02-23 22:51:05,669 - INFO - New bar: 2026-02-23 17:50:00-05:00 | O=1.17875 H=1.17875 L=1.17872 C=1.17872
2026-02-23 22:54:06,365 - INFO - Waiting for new bar... (last: 2026-02-23 17:50:00-05:00, price: 1.17873)
2026-02-23 22:55:06,613 - INFO - New bar: 2026-02-23 17:55:00-05:00 | O=1.17877 H=1.17877 L=1.17877 C=1.17877
2026-02-23 22:59:07,549 - INFO - Waiting for new bar... (last: 2026-02-23 17:55:00-05:00, price: 1.17870)
2026-02-23 23:00:07,796 - INFO - New bar: 2026-02-23 18:00:00-05:00 | O=1.17870 H=1.17880 L=1.17867 C=1.17870
2026-02-23 23:04:08,756 - INFO - Waiting for new bar... (last: 2026-02-23 18:00:00-05:00, price: 1.17904)
2026-02-23 23:05:08,973 - INFO - New bar: 2026-02-23 18:05:00-05:00 | O=1.17911 H=1.17911 L=1.17910 C=1.17910
2026-02-23 23:09:09,909 - INFO - Waiting for new bar... (last: 2026-02-23 18:05:00-05:00, price: 1.17909)
2026-02-23 23:10:10,151 - INFO - New bar: 2026-02-23 18:10:00-05:00 | O=1.17908 H=1.17909 L=1.17908 C=1.17909
2026-02-23 23:14:11,073 - INFO - Waiting for new bar... (last: 2026-02-23 18:10:00-05:00, price: 1.17919)
2026-02-23 23:15:11,326 - INFO - New bar: 2026-02-23 18:15:00-05:00 | O=1.17922 H=1.17925 L=1.17921 C=1.17925
2026-02-23 23:19:12,271 - INFO - Waiting for new bar... (last: 2026-02-23 18:15:00-05:00, price: 1.17915)
2026-02-23 23:20:12,464 - INFO - New bar: 2026-02-23 18:20:00-05:00 | O=1.17913 H=1.17913 L=1.17913 C=1.17913
2026-02-23 23:24:13,406 - INFO - Waiting for new bar... (last: 2026-02-23 18:20:00-05:00, price: 1.17904)
2026-02-23 23:25:13,617 - INFO - New bar: 2026-02-23 18:25:00-05:00 | O=1.17896 H=1.17897 L=1.17891 C=1.17893
2026-02-23 23:29:14,560 - INFO - Waiting for new bar... (last: 2026-02-23 18:25:00-05:00, price: 1.17898)
2026-02-23 23:30:14,789 - INFO - New bar: 2026-02-23 18:30:00-05:00 | O=1.17898 H=1.17898 L=1.17898 C=1.17898
2026-02-23 23:34:23,188 - INFO - Waiting for new bar... (last: 2026-02-23 18:30:00-05:00, price: 1.17910)
2026-02-23 23:35:23,413 - INFO - New bar: 2026-02-23 18:35:00-05:00 | O=1.17907 H=1.17909 L=1.17907 C=1.17907
2026-02-23 23:39:24,382 - INFO - Waiting for new bar... (last: 2026-02-23 18:35:00-05:00, price: 1.17921)
2026-02-23 23:40:24,608 - INFO - New bar: 2026-02-23 18:40:00-05:00 | O=1.17925 H=1.17925 L=1.17925 C=1.17925
2026-02-23 23:44:25,570 - INFO - Waiting for new bar... (last: 2026-02-23 18:40:00-05:00, price: 1.17938)
2026-02-23 23:45:00,482 - ERROR - Peer closed connection.
2026-02-23 23:45:25,592 - WARNING - Connection lost detected!
2026-02-23 23:45:25,592 - INFO - Attempting automatic reconnection...
2026-02-23 23:45:25,592 - WARNING - Open position exists but connection lost. Cannot close safely. Will retry after reconnect.
2026-02-23 23:45:25,592 - INFO - Reconnection attempt 1/10 (waiting 1s before trying)...
2026-02-23 23:45:26,593 - INFO - Connecting to localhost:4002 with clientId 753...
2026-02-23 23:45:26,595 - INFO - Connected
2026-02-23 23:45:26,885 - INFO - Logged on to server version 178
2026-02-23 23:45:27,120 - INFO - API connection ready
2026-02-23 23:45:27,151 - INFO - Warning 2104, reqId -1: Market data farm connection is OK:usfarm
2026-02-23 23:45:27,192 - INFO - Warning 2106, reqId -1: HMDS data farm connection is OK:ushmds
2026-02-23 23:45:27,192 - INFO - Warning 2158, reqId -1: Sec-def data farm connection is OK:secdefnj
2026-02-23 23:45:27,193 - INFO - position: Position(account='DUM847254', contract=Forex('EURUSD', conId=12087792, localSymbol='EUR.USD', tradingClass='EUR.USD'), position=0.0, avgCost=0.0)
2026-02-23 23:45:28,593 - INFO - execDetails Execution(execId='0000e215.699b96f2.01.01', time=datetime.datetime(2026, 2, 23, 8, 25, 40, tzinfo=datetime.timezone.utc), acctNumber='DUM847254', exchange='IDEALPRO', side='SLD', shares=20000.0, price=1.18152, permId=1113846013, clientId=753, orderId=4212, liquidation=0, cumQty=20000.0, avgPrice=1.18152, orderRef='', evRule='', evMultiplier=0.0, modelCode='', lastLiquidity=2, pendingPriceRevision=False)
2026-02-23 23:45:28,636 - INFO - commissionReport: CommissionReport(execId='0000e215.699b96f2.01.01', commission=1.6976, currency='EUR', realizedPNL=0.0, yield_=0.0, yieldRedemptionDate=0)
2026-02-23 23:45:28,637 - INFO - Synchronization complete
2026-02-23 23:45:28,637 - INFO - Reconnected successfully on attempt 1
2026-02-23 23:45:28,732 - INFO - Contract re-qualified: EUR (conId: 12087792)
2026-02-23 23:45:28,732 - INFO - Reconnected successfully.
2026-02-23 23:45:28,733 - INFO - Reconciling position state with IB...
2026-02-23 23:45:28,733 - WARNING - Position mismatch detected!
2026-02-23 23:45:28,733 - WARNING -   Bot thought: SHORT @ 1.1815
2026-02-23 23:45:28,733 - WARNING -   IB shows: FLAT (no position)
2026-02-23 23:45:28,733 - INFO - Updated bot state to match IB: FLAT
2026-02-23 23:45:28,733 - WARNING - Position closed by IB (reboot/reset). Estimated exit: 1.17925, P&L: EUR 35.11 (USD 41.40)
2026-02-23 23:45:28,733 - INFO - Reconciliation complete. Current state: FLAT
2026-02-23 23:45:28,733 - INFO - Position state verified. Resuming trading.
2026-02-23 23:45:37,499 - INFO - Warning 2106, reqId -1: HMDS data farm connection is OK:cashhmds
2026-02-23 23:45:37,791 - INFO - New bar: 2026-02-23 18:45:00-05:00 | O=1.17939 H=1.17939 L=1.17931 C=1.17935
2026-02-23 23:48:38,731 - INFO - Waiting for new bar... (last: 2026-02-23 18:45:00-05:00, price: 1.17955)
2026-02-23 23:50:39,316 - INFO - New bar: 2026-02-23 18:50:00-05:00 | O=1.17948 H=1.17949 L=1.17945 C=1.17945
2026-02-23 23:53:40,104 - INFO - Waiting for new bar... (last: 2026-02-23 18:50:00-05:00, price: 1.17939)
2026-02-23 23:55:40,644 - INFO - New bar: 2026-02-23 18:55:00-05:00 | O=1.17939 H=1.17942 L=1.17935 C=1.17935
2026-02-23 23:58:41,446 - INFO - Waiting for new bar... (last: 2026-02-23 18:55:00-05:00, price: 1.17935)
2026-02-24 00:00:42,075 - INFO - New bar: 2026-02-23 19:00:00-05:00 | O=1.17930 H=1.17932 L=1.17925 C=1.17931
2026-02-24 00:03:42,874 - INFO - Waiting for new bar... (last: 2026-02-23 19:00:00-05:00, price: 1.17921)
2026-02-24 00:05:43,370 - INFO - New bar: 2026-02-23 19:05:00-05:00 | O=1.17924 H=1.17925 L=1.17924 C=1.17925
2026-02-24 00:08:44,169 - INFO - Waiting for new bar... (last: 2026-02-23 19:05:00-05:00, price: 1.17910)
2026-02-24 00:10:44,623 - INFO - New bar: 2026-02-23 19:10:00-05:00 | O=1.17913 H=1.17932 L=1.17913 C=1.17931
2026-02-24 00:13:45,327 - INFO - Waiting for new bar... (last: 2026-02-23 19:10:00-05:00, price: 1.17926)
2026-02-24 00:15:45,912 - INFO - New bar: 2026-02-23 19:15:00-05:00 | O=1.17925 H=1.17931 L=1.17924 C=1.17925
2026-02-24 00:15:45,922 - INFO - BUY Signal: SMA 1.17921 crossed above 1.17917, RSI 55.9, Momentum 0.000320
2026-02-24 00:15:45,922 - INFO - Checking EUR balance...
2026-02-24 00:15:46,182 - INFO - EUR balance: 962,228.49 EUR
2026-02-24 00:15:46,182 - INFO - Required minimum: 20,000.00 EUR
2026-02-24 00:15:46,182 - INFO - Status: Sufficient
2026-02-24 00:15:46,182 - INFO - placeOrder: New order Trade(contract=Forex('EURUSD', conId=12087792, exchange='IDEALPRO', localSymbol='EUR.USD', tradingClass='EUR.USD'), order=MarketOrder(orderId=4248, clientId=753, action='BUY', totalQuantity=20000, tif='GTC'), orderStatus=OrderStatus(orderId=4248, status='PendingSubmit', filled=0.0, remaining=0.0, avgFillPrice=0.0, permId=0, parentId=0, lastFillPrice=0.0, clientId=0, whyHeld='', mktCapPrice=0.0), fills=[], log=[TradeLogEntry(time=datetime.datetime(2026, 2, 24, 0, 15, 46, 182456, tzinfo=datetime.timezone.utc), status='PendingSubmit', message='', errorCode=0)], advancedError='')
2026-02-24 00:15:46,970 - INFO - orderStatus: Trade(contract=Forex('EURUSD', conId=12087792, exchange='IDEALPRO', localSymbol='EUR.USD', tradingClass='EUR.USD'), order=MarketOrder(orderId=4248, clientId=753, permId=1370691945, action='BUY', totalQuantity=20000.0, lmtPrice=0.0, auxPrice=0.0, tif='GTC'), orderStatus=OrderStatus(orderId=4248, status='PreSubmitted', filled=0.0, remaining=20000.0, avgFillPrice=0.0, permId=1370691945, parentId=0, lastFillPrice=0.0, clientId=753, whyHeld='', mktCapPrice=0.0), fills=[], log=[TradeLogEntry(time=datetime.datetime(2026, 2, 24, 0, 15, 46, 182456, tzinfo=datetime.timezone.utc), status='PendingSubmit', message='', errorCode=0), TradeLogEntry(time=datetime.datetime(2026, 2, 24, 0, 15, 46, 969901, tzinfo=datetime.timezone.utc), status='PreSubmitted', message='', errorCode=0)], advancedError='')
2026-02-24 00:15:46,992 - INFO - position: Position(account='DUM847254', contract=Forex('EURUSD', conId=12087792, localSymbol='EUR.USD', tradingClass='EUR.USD'), position=20000.0, avgCost=1.17926)
2026-02-24 00:15:47,051 - INFO - execDetails Execution(execId='0000e215.699cd364.01.01', time=datetime.datetime(2026, 2, 24, 0, 15, 46, tzinfo=datetime.timezone.utc), acctNumber='DUM847254', exchange='IDEALPRO', side='BOT', shares=20000.0, price=1.17926, permId=1370691945, clientId=753, orderId=4248, liquidation=0, cumQty=20000.0, avgPrice=1.17926, orderRef='', evRule='', evMultiplier=0.0, modelCode='', lastLiquidity=2, pendingPriceRevision=False)
2026-02-24 00:15:47,051 - INFO - execDetails: Fill(contract=Forex('EURUSD', conId=12087792, exchange='IDEALPRO', localSymbol='EUR.USD', tradingClass='EUR.USD'), execution=Execution(execId='0000e215.699cd364.01.01', time=datetime.datetime(2026, 2, 24, 0, 15, 46, tzinfo=datetime.timezone.utc), acctNumber='DUM847254', exchange='IDEALPRO', side='BOT', shares=20000.0, price=1.17926, permId=1370691945, clientId=753, orderId=4248, liquidation=0, cumQty=20000.0, avgPrice=1.17926, orderRef='', evRule='', evMultiplier=0.0, modelCode='', lastLiquidity=2, pendingPriceRevision=False), commissionReport=CommissionReport(execId='', commission=0.0, currency='', realizedPNL=0.0, yield_=0.0, yieldRedemptionDate=0), time=datetime.datetime(2026, 2, 24, 0, 15, 47, 50881, tzinfo=datetime.timezone.utc))
2026-02-24 00:15:47,061 - INFO - orderStatus: Trade(contract=Forex('EURUSD', conId=12087792, exchange='IDEALPRO', localSymbol='EUR.USD', tradingClass='EUR.USD'), order=MarketOrder(orderId=4248, clientId=753, permId=1370691945, action='BUY', totalQuantity=20000.0, lmtPrice=0.0, auxPrice=0.0, tif='GTC'), orderStatus=OrderStatus(orderId=4248, status='Filled', filled=20000.0, remaining=0.0, avgFillPrice=1.17926, permId=1370691945, parentId=0, lastFillPrice=1.17926, clientId=753, whyHeld='', mktCapPrice=0.0), fills=[Fill(contract=Forex('EURUSD', conId=12087792, exchange='IDEALPRO', localSymbol='EUR.USD', tradingClass='EUR.USD'), execution=Execution(execId='0000e215.699cd364.01.01', time=datetime.datetime(2026, 2, 24, 0, 15, 46, tzinfo=datetime.timezone.utc), acctNumber='DUM847254', exchange='IDEALPRO', side='BOT', shares=20000.0, price=1.17926, permId=1370691945, clientId=753, orderId=4248, liquidation=0, cumQty=20000.0, avgPrice=1.17926, orderRef='', evRule='', evMultiplier=0.0, modelCode='', lastLiquidity=2, pendingPriceRevision=False), commissionReport=CommissionReport(execId='', commission=0.0, currency='', realizedPNL=0.0, yield_=0.0, yieldRedemptionDate=0), time=datetime.datetime(2026, 2, 24, 0, 15, 47, 50881, tzinfo=datetime.timezone.utc))], log=[TradeLogEntry(time=datetime.datetime(2026, 2, 24, 0, 15, 46, 182456, tzinfo=datetime.timezone.utc), status='PendingSubmit', message='', errorCode=0), TradeLogEntry(time=datetime.datetime(2026, 2, 24, 0, 15, 46, 969901, tzinfo=datetime.timezone.utc), status='PreSubmitted', message='', errorCode=0), TradeLogEntry(time=datetime.datetime(2026, 2, 24, 0, 15, 47, 50881, tzinfo=datetime.timezone.utc), status='PreSubmitted', message='Fill 20000.0@1.17926', errorCode=0), TradeLogEntry(time=datetime.datetime(2026, 2, 24, 0, 15, 47, 60552, tzinfo=datetime.timezone.utc), status='Filled', message='', errorCode=0)], advancedError='')
2026-02-24 00:15:47,073 - INFO - commissionReport: CommissionReport(execId='0000e215.699cd364.01.01', commission=1.697, currency='EUR', realizedPNL=0.0, yield_=0.0, yieldRedemptionDate=0)
2026-02-24 00:15:47,076 - INFO - position: Position(account='DUM847254', contract=Forex('EURUSD', conId=12087792, localSymbol='EUR.USD', tradingClass='EUR.USD'), position=20000.0, avgCost=1.179360254754598)
2026-02-24 00:15:47,185 - INFO - OPENED: BUY 20,000 EUR @ 1.17926 (slippage: 0.1 pips)
2026-02-24 00:15:47,185 - INFO - Entry price recorded: 1.17926
2026-02-24 00:18:48,006 - INFO - Waiting for new bar... (last: 2026-02-23 19:15:00-05:00, price: 1.17925)
2026-02-24 00:20:48,506 - INFO - New bar: 2026-02-23 19:20:00-05:00 | O=1.17924 H=1.17931 L=1.17924 C=1.17929
2026-02-24 00:23:49,218 - INFO - Waiting for new bar... (last: 2026-02-23 19:20:00-05:00, price: 1.17910)
2026-02-24 00:25:49,768 - INFO - New bar: 2026-02-23 19:25:00-05:00 | O=1.17911 H=1.17911 L=1.17901 C=1.17903
2026-02-24 00:28:50,614 - INFO - Waiting for new bar... (last: 2026-02-23 19:25:00-05:00, price: 1.17899)
2026-02-24 00:30:51,096 - INFO - New bar: 2026-02-23 19:30:00-05:00 | O=1.17908 H=1.17909 L=1.17898 C=1.17906
2026-02-24 00:33:51,868 - INFO - Waiting for new bar... (last: 2026-02-23 19:30:00-05:00, price: 1.17934)
2026-02-24 00:35:52,381 - INFO - New bar: 2026-02-23 19:35:00-05:00 | O=1.17933 H=1.17950 L=1.17931 C=1.17950
2026-02-24 00:38:53,181 - INFO - Waiting for new bar... (last: 2026-02-23 19:35:00-05:00, price: 1.17945)
2026-02-24 00:40:53,616 - INFO - New bar: 2026-02-23 19:40:00-05:00 | O=1.17955 H=1.17957 L=1.17940 C=1.17941
2026-02-24 00:43:54,420 - INFO - Waiting for new bar... (last: 2026-02-23 19:40:00-05:00, price: 1.17935)
2026-02-24 00:45:54,899 - INFO - New bar: 2026-02-23 19:45:00-05:00 | O=1.17929 H=1.17938 L=1.17924 C=1.17934
2026-02-24 00:48:55,686 - INFO - Waiting for new bar... (last: 2026-02-23 19:45:00-05:00, price: 1.17923)
2026-02-24 00:50:56,280 - INFO - New bar: 2026-02-23 19:50:00-05:00 | O=1.17922 H=1.17928 L=1.17921 C=1.17924
2026-02-24 00:53:56,969 - INFO - Waiting for new bar... (last: 2026-02-23 19:50:00-05:00, price: 1.17904)
2026-02-24 00:55:57,422 - INFO - New bar: 2026-02-23 19:55:00-05:00 | O=1.17898 H=1.17904 L=1.17875 C=1.17881
2026-02-24 00:58:58,312 - INFO - Waiting for new bar... (last: 2026-02-23 19:55:00-05:00, price: 1.17885)
2026-02-24 01:00:58,762 - INFO - New bar: 2026-02-23 20:00:00-05:00 | O=1.17881 H=1.17881 L=1.17858 C=1.17868
2026-02-24 01:03:59,489 - INFO - Waiting for new bar... (last: 2026-02-23 20:00:00-05:00, price: 1.17856)
2026-02-24 01:05:59,962 - INFO - New bar: 2026-02-23 20:05:00-05:00 | O=1.17843 H=1.17847 L=1.17832 C=1.17839
2026-02-24 01:09:00,667 - INFO - Waiting for new bar... (last: 2026-02-23 20:05:00-05:00, price: 1.17858)
2026-02-24 01:11:01,117 - INFO - New bar: 2026-02-23 20:10:00-05:00 | O=1.17853 H=1.17854 L=1.17839 C=1.17841
2026-02-24 01:14:01,823 - INFO - Waiting for new bar... (last: 2026-02-23 20:10:00-05:00, price: 1.17814)
2026-02-24 01:16:02,289 - INFO - New bar: 2026-02-23 20:15:00-05:00 | O=1.17824 H=1.17837 L=1.17803 C=1.17806
2026-02-24 01:19:02,988 - INFO - Waiting for new bar... (last: 2026-02-23 20:15:00-05:00, price: 1.17783)
2026-02-24 01:21:03,505 - INFO - New bar: 2026-02-23 20:20:00-05:00 | O=1.17793 H=1.17800 L=1.17793 C=1.17798
2026-02-24 01:24:04,189 - INFO - Waiting for new bar... (last: 2026-02-23 20:20:00-05:00, price: 1.17780)
2026-02-24 01:26:04,621 - INFO - New bar: 2026-02-23 20:25:00-05:00 | O=1.17776 H=1.17778 L=1.17762 C=1.17772
2026-02-24 01:29:05,293 - INFO - Waiting for new bar... (last: 2026-02-23 20:25:00-05:00, price: 1.17738)
2026-02-24 01:31:05,744 - INFO - New bar: 2026-02-23 20:30:00-05:00 | O=1.17738 H=1.17741 L=1.17719 C=1.17719
2026-02-24 01:34:06,410 - INFO - Waiting for new bar... (last: 2026-02-23 20:30:00-05:00, price: 1.17769)
2026-02-24 01:35:06,636 - INFO - New bar: 2026-02-23 20:35:00-05:00 | O=1.17777 H=1.17779 L=1.17777 C=1.17778
2026-02-24 01:39:07,659 - INFO - Waiting for new bar... (last: 2026-02-23 20:35:00-05:00, price: 1.17769)
2026-02-24 01:40:07,869 - INFO - New bar: 2026-02-23 20:40:00-05:00 | O=1.17770 H=1.17772 L=1.17770 C=1.17772
2026-02-24 01:44:08,803 - INFO - Waiting for new bar... (last: 2026-02-23 20:40:00-05:00, price: 1.17804)
2026-02-24 01:45:09,036 - INFO - New bar: 2026-02-23 20:45:00-05:00 | O=1.17800 H=1.17805 L=1.17799 C=1.17805
2026-02-24 01:49:09,930 - INFO - Waiting for new bar... (last: 2026-02-23 20:45:00-05:00, price: 1.17806)
2026-02-24 01:50:10,171 - INFO - New bar: 2026-02-23 20:50:00-05:00 | O=1.17812 H=1.17819 L=1.17812 C=1.17819
2026-02-24 01:54:11,142 - INFO - Waiting for new bar... (last: 2026-02-23 20:50:00-05:00, price: 1.17810)
2026-02-24 01:55:11,350 - INFO - New bar: 2026-02-23 20:55:00-05:00 | O=1.17806 H=1.17806 L=1.17803 C=1.17803
2026-02-24 01:59:12,211 - INFO - Waiting for new bar... (last: 2026-02-23 20:55:00-05:00, price: 1.17789)
2026-02-24 02:00:12,428 - INFO - New bar: 2026-02-23 21:00:00-05:00 | O=1.17818 H=1.17839 L=1.17816 C=1.17830
2026-02-24 02:04:13,327 - INFO - Waiting for new bar... (last: 2026-02-23 21:00:00-05:00, price: 1.17823)
2026-02-24 02:05:13,694 - INFO - New bar: 2026-02-23 21:05:00-05:00 | O=1.17820 H=1.17827 L=1.17820 C=1.17823
2026-02-24 02:09:14,596 - INFO - Waiting for new bar... (last: 2026-02-23 21:05:00-05:00, price: 1.17836)
2026-02-24 02:10:14,805 - INFO - New bar: 2026-02-23 21:10:00-05:00 | O=1.17844 H=1.17844 L=1.17843 C=1.17843
2026-02-24 02:14:15,668 - INFO - Waiting for new bar... (last: 2026-02-23 21:10:00-05:00, price: 1.17814)
2026-02-24 02:15:15,903 - INFO - New bar: 2026-02-23 21:15:00-05:00 | O=1.17819 H=1.17819 L=1.17813 C=1.17814
2026-02-24 02:19:16,812 - INFO - Waiting for new bar... (last: 2026-02-23 21:15:00-05:00, price: 1.17796)
2026-02-24 02:20:17,059 - INFO - New bar: 2026-02-23 21:20:00-05:00 | O=1.17795 H=1.17807 L=1.17793 C=1.17807
2026-02-24 02:24:18,071 - INFO - Waiting for new bar... (last: 2026-02-23 21:20:00-05:00, price: 1.17795)
2026-02-24 02:25:18,266 - INFO - New bar: 2026-02-23 21:25:00-05:00 | O=1.17801 H=1.17803 L=1.17799 C=1.17801
2026-02-24 02:29:19,394 - INFO - Waiting for new bar... (last: 2026-02-23 21:25:00-05:00, price: 1.17818)
2026-02-24 02:30:19,625 - INFO - New bar: 2026-02-23 21:30:00-05:00 | O=1.17823 H=1.17824 L=1.17823 C=1.17824
2026-02-24 02:34:20,529 - INFO - Waiting for new bar... (last: 2026-02-23 21:30:00-05:00, price: 1.17817)
2026-02-24 02:35:20,720 - INFO - New bar: 2026-02-23 21:35:00-05:00 | O=1.17822 H=1.17825 L=1.17820 C=1.17825
2026-02-24 02:39:21,675 - INFO - Waiting for new bar... (last: 2026-02-23 21:35:00-05:00, price: 1.17832)
2026-02-24 02:40:21,873 - INFO - New bar: 2026-02-23 21:40:00-05:00 | O=1.17837 H=1.17837 L=1.17830 C=1.17831
2026-02-24 02:44:22,810 - INFO - Waiting for new bar... (last: 2026-02-23 21:40:00-05:00, price: 1.17824)
2026-02-24 02:45:23,058 - INFO - New bar: 2026-02-23 21:45:00-05:00 | O=1.17819 H=1.17820 L=1.17819 C=1.17820
2026-02-24 02:49:23,952 - INFO - Waiting for new bar... (last: 2026-02-23 21:45:00-05:00, price: 1.17826)
2026-02-24 02:50:24,191 - INFO - New bar: 2026-02-23 21:50:00-05:00 | O=1.17824 H=1.17826 L=1.17824 C=1.17826
2026-02-24 02:54:25,134 - INFO - Waiting for new bar... (last: 2026-02-23 21:50:00-05:00, price: 1.17827)
2026-02-24 02:55:25,363 - INFO - New bar: 2026-02-23 21:55:00-05:00 | O=1.17825 H=1.17829 L=1.17825 C=1.17827
2026-02-24 02:59:26,285 - INFO - Waiting for new bar... (last: 2026-02-23 21:55:00-05:00, price: 1.17833)
2026-02-24 03:00:26,499 - INFO - New bar: 2026-02-23 22:00:00-05:00 | O=1.17838 H=1.17841 L=1.17837 C=1.17840
2026-02-24 03:04:27,403 - INFO - Waiting for new bar... (last: 2026-02-23 22:00:00-05:00, price: 1.17851)
2026-02-24 03:05:27,702 - INFO - New bar: 2026-02-23 22:05:00-05:00 | O=1.17850 H=1.17851 L=1.17846 C=1.17847
2026-02-24 03:09:28,749 - INFO - Waiting for new bar... (last: 2026-02-23 22:05:00-05:00, price: 1.17842)
2026-02-24 03:10:28,975 - INFO - New bar: 2026-02-23 22:10:00-05:00 | O=1.17837 H=1.17838 L=1.17832 C=1.17832
2026-02-24 03:14:30,035 - INFO - Waiting for new bar... (last: 2026-02-23 22:10:00-05:00, price: 1.17830)
2026-02-24 03:15:30,280 - INFO - New bar: 2026-02-23 22:15:00-05:00 | O=1.17824 H=1.17826 L=1.17824 C=1.17824
2026-02-24 03:19:41,226 - INFO - Waiting for new bar... (last: 2026-02-23 22:15:00-05:00, price: 1.17801)
2026-02-24 03:20:41,466 - INFO - New bar: 2026-02-23 22:20:00-05:00 | O=1.17801 H=1.17803 L=1.17796 C=1.17800
2026-02-24 03:24:42,382 - INFO - Waiting for new bar... (last: 2026-02-23 22:20:00-05:00, price: 1.17802)
2026-02-24 03:25:42,596 - INFO - New bar: 2026-02-23 22:25:00-05:00 | O=1.17802 H=1.17802 L=1.17796 C=1.17798
2026-02-24 03:29:43,556 - INFO - Waiting for new bar... (last: 2026-02-23 22:25:00-05:00, price: 1.17789)
2026-02-24 03:30:43,795 - INFO - New bar: 2026-02-23 22:30:00-05:00 | O=1.17784 H=1.17784 L=1.17778 C=1.17780
2026-02-24 03:34:44,748 - INFO - Waiting for new bar... (last: 2026-02-23 22:30:00-05:00, price: 1.17783)
2026-02-24 03:35:44,983 - INFO - New bar: 2026-02-23 22:35:00-05:00 | O=1.17789 H=1.17789 L=1.17784 C=1.17784
2026-02-24 03:39:45,919 - INFO - Waiting for new bar... (last: 2026-02-23 22:35:00-05:00, price: 1.17792)
2026-02-24 03:40:46,154 - INFO - New bar: 2026-02-23 22:40:00-05:00 | O=1.17790 H=1.17793 L=1.17786 C=1.17789
2026-02-24 03:44:47,110 - INFO - Waiting for new bar... (last: 2026-02-23 22:40:00-05:00, price: 1.17777)
2026-02-24 03:45:47,336 - INFO - New bar: 2026-02-23 22:45:00-05:00 | O=1.17778 H=1.17780 L=1.17776 C=1.17779
2026-02-24 03:49:48,286 - INFO - Waiting for new bar... (last: 2026-02-23 22:45:00-05:00, price: 1.17780)
2026-02-24 03:50:48,582 - INFO - New bar: 2026-02-23 22:50:00-05:00 | O=1.17779 H=1.17779 L=1.17779 C=1.17779
2026-02-24 03:54:49,581 - INFO - Waiting for new bar... (last: 2026-02-23 22:50:00-05:00, price: 1.17775)
2026-02-24 03:55:49,803 - INFO - New bar: 2026-02-23 22:55:00-05:00 | O=1.17773 H=1.17775 L=1.17772 C=1.17772
2026-02-24 03:59:50,806 - INFO - Waiting for new bar... (last: 2026-02-23 22:55:00-05:00, price: 1.17753)
2026-02-24 04:00:51,032 - INFO - New bar: 2026-02-23 23:00:00-05:00 | O=1.17752 H=1.17755 L=1.17749 C=1.17755
2026-02-24 04:04:51,971 - INFO - Waiting for new bar... (last: 2026-02-23 23:00:00-05:00, price: 1.17753)
2026-02-24 04:05:52,206 - INFO - New bar: 2026-02-23 23:05:00-05:00 | O=1.17754 H=1.17754 L=1.17741 C=1.17748
2026-02-24 04:09:53,165 - INFO - Waiting for new bar... (last: 2026-02-23 23:05:00-05:00, price: 1.17735)
2026-02-24 04:10:53,386 - INFO - New bar: 2026-02-23 23:10:00-05:00 | O=1.17736 H=1.17739 L=1.17736 C=1.17738
2026-02-24 04:14:54,316 - INFO - Waiting for new bar... (last: 2026-02-23 23:10:00-05:00, price: 1.17728)
2026-02-24 04:15:54,542 - INFO - New bar: 2026-02-23 23:15:00-05:00 | O=1.17728 H=1.17731 L=1.17728 C=1.17728
2026-02-24 04:19:55,486 - INFO - Waiting for new bar... (last: 2026-02-23 23:15:00-05:00, price: 1.17738)
2026-02-24 04:20:55,705 - INFO - New bar: 2026-02-23 23:20:00-05:00 | O=1.17738 H=1.17739 L=1.17735 C=1.17736
2026-02-24 04:24:56,660 - INFO - Waiting for new bar... (last: 2026-02-23 23:20:00-05:00, price: 1.17726)
2026-02-24 04:25:56,889 - INFO - New bar: 2026-02-23 23:25:00-05:00 | O=1.17726 H=1.17736 L=1.17714 C=1.17735
2026-02-24 04:29:57,923 - INFO - Waiting for new bar... (last: 2026-02-23 23:25:00-05:00, price: 1.17711)
2026-02-24 04:30:05,255 - INFO - Warning 2157, reqId -1: Sec-def data farm connection is broken:secdefnj
2026-02-24 04:30:05,916 - INFO - Warning 2158, reqId -1: Sec-def data farm connection is OK:secdefnj
2026-02-24 04:30:58,149 - INFO - New bar: 2026-02-23 23:30:00-05:00 | O=1.17711 H=1.17718 L=1.17708 C=1.17709
2026-02-24 04:34:59,081 - INFO - Waiting for new bar... (last: 2026-02-23 23:30:00-05:00, price: 1.17690)
2026-02-24 04:35:59,319 - INFO - New bar: 2026-02-23 23:35:00-05:00 | O=1.17690 H=1.17691 L=1.17681 C=1.17683
2026-02-24 04:40:00,278 - INFO - Waiting for new bar... (last: 2026-02-23 23:35:00-05:00, price: 1.17694)
2026-02-24 04:41:00,601 - INFO - New bar: 2026-02-23 23:40:00-05:00 | O=1.17694 H=1.17698 L=1.17688 C=1.17694
2026-02-24 04:45:01,582 - INFO - Waiting for new bar... (last: 2026-02-23 23:40:00-05:00, price: 1.17684)
2026-02-24 04:46:01,815 - INFO - New bar: 2026-02-23 23:45:00-05:00 | O=1.17684 H=1.17704 L=1.17684 C=1.17704
2026-02-24 04:46:03,835 - INFO - Warning 2157, reqId -1: Sec-def data farm connection is broken:secdefnj
2026-02-24 04:46:04,484 - INFO - Warning 2158, reqId -1: Sec-def data farm connection is OK:secdefnj
2026-02-24 04:50:02,743 - INFO - Waiting for new bar... (last: 2026-02-23 23:45:00-05:00, price: 1.17704)
2026-02-24 04:51:02,992 - INFO - New bar: 2026-02-23 23:50:00-05:00 | O=1.17704 H=1.17704 L=1.17688 C=1.17694
2026-02-24 04:55:03,931 - INFO - Waiting for new bar... (last: 2026-02-23 23:50:00-05:00, price: 1.17699)
2026-02-24 04:56:04,145 - INFO - New bar: 2026-02-23 23:55:00-05:00 | O=1.17699 H=1.17706 L=1.17699 C=1.17704
2026-02-24 05:00:05,052 - INFO - Waiting for new bar... (last: 2026-02-23 23:55:00-05:00, price: 1.17698)
2026-02-24 05:01:05,246 - INFO - New bar: 2026-02-24 00:00:00-05:00 | O=1.17698 H=1.17700 L=1.17691 C=1.17698
2026-02-24 05:01:20,666 - INFO - Warning 2105, reqId -1: HMDS data farm connection is broken:ushmds
2026-02-24 05:01:35,131 - INFO - Warning 2106, reqId -1: HMDS data farm connection is OK:ushmds
2026-02-24 05:02:20,782 - INFO - Warning 2105, reqId -1: HMDS data farm connection is broken:cashhmds
2026-02-24 05:02:33,285 - INFO - Warning 2106, reqId -1: HMDS data farm connection is OK:cashhmds
2026-02-24 05:05:06,101 - INFO - Waiting for new bar... (last: 2026-02-24 00:00:00-05:00, price: 1.17698)
2026-02-24 05:06:06,456 - INFO - New bar: 2026-02-24 00:05:00-05:00 | O=1.17698 H=1.17704 L=1.17698 C=1.17702
2026-02-24 05:10:07,379 - INFO - New bar: 2026-02-24 00:10:00-05:00 | O=1.17712 H=1.17712 L=1.17711 C=1.17712
2026-02-24 05:15:08,620 - INFO - New bar: 2026-02-24 00:15:00-05:00 | O=1.17715 H=1.17715 L=1.17714 C=1.17715
2026-02-24 05:15:08,621 - INFO - Status: Price=1.17715, Position=LONG, Bars=120, P&L=EUR 35.11, Unrealized: EUR -35.93, Remaining=98.1h
2026-02-24 05:18:27,787 - INFO - Warning 2103, reqId -1: Market data farm connection is broken:usfarm
2026-02-24 05:18:28,970 - INFO - Warning 2104, reqId -1: Market data farm connection is OK:usfarm
2026-02-24 05:20:09,777 - INFO - New bar: 2026-02-24 00:20:00-05:00 | O=1.17707 H=1.17707 L=1.17704 C=1.17704
2026-02-24 05:23:28,112 - INFO - Warning 2103, reqId -1: Market data farm connection is broken:usfarm
2026-02-24 05:23:29,571 - INFO - Warning 2104, reqId -1: Market data farm connection is OK:usfarm
2026-02-24 05:25:10,988 - INFO - New bar: 2026-02-24 00:25:00-05:00 | O=1.17698 H=1.17699 L=1.17697 C=1.17697
2026-02-24 05:25:10,989 - INFO - Status: Price=1.17697, Position=LONG, Bars=120, P&L=EUR 35.11, Unrealized: EUR -38.91, Remaining=97.9h
2026-02-24 05:30:12,215 - INFO - New bar: 2026-02-24 00:30:00-05:00 | O=1.17699 H=1.17700 L=1.17698 C=1.17698
2026-02-24 05:35:13,351 - INFO - New bar: 2026-02-24 00:35:00-05:00 | O=1.17724 H=1.17724 L=1.17724 C=1.17724
2026-02-24 05:35:13,353 - INFO - Status: Price=1.17724, Position=LONG, Bars=120, P&L=EUR 35.11, Unrealized: EUR -34.40, Remaining=97.7h
2026-02-24 05:40:06,900 - ERROR - Error 1100, reqId -1: Connectivity between IBKR and Trader Workstation has been lost.
2026-02-24 05:40:07,571 - ERROR - Error 1100, reqId -1: Connectivity between IBKR and Trader Workstation has been lost.
2026-02-24 05:40:16,416 - ERROR - Error 1100, reqId -1: Connectivity between IBKR and Trader Workstation has been lost.
2026-02-24 05:40:21,494 - ERROR - Error 1100, reqId -1: Connectivity between IBKR and Trader Workstation has been lost.
2026-02-24 05:40:22,729 - ERROR - Error 1100, reqId -1: Connectivity between IBKR and Trader Workstation has been lost.
2026-02-24 05:40:28,808 - ERROR - Error 1100, reqId -1: Connectivity between IBKR and Trader Workstation has been lost.
2026-02-24 05:40:34,544 - ERROR - Error 1100, reqId -1: Connectivity between IBKR and Trader Workstation has been lost.
2026-02-24 05:40:48,639 - ERROR - Error 1100, reqId -1: Connectivity between IBKR and Trader Workstation has been lost.
2026-02-24 05:41:03,308 - ERROR - Error 1100, reqId -1: Connectivity between IBKR and Trader Workstation has been lost.
2026-02-24 05:41:14,440 - WARNING - reqHistoricalData: Timeout for Forex('EURUSD', conId=12087792, exchange='IDEALPRO', localSymbol='EUR.USD', tradingClass='EUR.USD')
2026-02-24 05:41:14,441 - WARNING - No bar data returned
2026-02-24 05:41:14,485 - ERROR - Error 366, reqId 4571: No historical data query found for ticker id:4571, contract: Forex('EURUSD', conId=12087792, exchange='IDEALPRO', localSymbol='EUR.USD', tradingClass='EUR.USD')
2026-02-24 05:41:26,183 - ERROR - Error 1100, reqId -1: Connectivity between IBKR and Trader Workstation has been lost.
2026-02-24 05:41:53,805 - ERROR - Error 1100, reqId -1: Connectivity between IBKR and Trader Workstation has been lost.
2026-02-24 05:42:23,906 - ERROR - Error 1100, reqId -1: Connectivity between IBKR and Trader Workstation has been lost.
2026-02-24 05:42:57,797 - ERROR - Error 1100, reqId -1: Connectivity between IBKR and Trader Workstation has been lost.
2026-02-24 05:43:14,478 - WARNING - reqHistoricalData: Timeout for Forex('EURUSD', conId=12087792, exchange='IDEALPRO', localSymbol='EUR.USD', tradingClass='EUR.USD')
2026-02-24 05:43:14,478 - WARNING - No bar data returned
2026-02-24 05:43:14,485 - ERROR - Error 366, reqId 4572: No historical data query found for ticker id:4572, contract: Forex('EURUSD', conId=12087792, exchange='IDEALPRO', localSymbol='EUR.USD', tradingClass='EUR.USD')
2026-02-24 05:43:31,231 - ERROR - Error 1100, reqId -1: Connectivity between IBKR and Trader Workstation has been lost.
2026-02-24 05:44:07,953 - ERROR - Error 1100, reqId -1: Connectivity between IBKR and Trader Workstation has been lost.
2026-02-24 05:44:48,211 - ERROR - Error 1100, reqId -1: Connectivity between IBKR and Trader Workstation has been lost.
2026-02-24 05:45:14,508 - WARNING - reqHistoricalData: Timeout for Forex('EURUSD', conId=12087792, exchange='IDEALPRO', localSymbol='EUR.USD', tradingClass='EUR.USD')
2026-02-24 05:45:14,508 - WARNING - No bar data returned
2026-02-24 05:45:14,516 - ERROR - Error 366, reqId 4573: No historical data query found for ticker id:4573, contract: Forex('EURUSD', conId=12087792, exchange='IDEALPRO', localSymbol='EUR.USD', tradingClass='EUR.USD')
2026-02-24 05:45:29,426 - INFO - position: Position(account='DUM847254', contract=Forex('EURUSD', conId=12087792, localSymbol='EUR.USD', tradingClass='EUR.USD'), position=0.0, avgCost=1.17935994)
2026-02-24 05:45:29,430 - INFO - position: Position(account='DUM847254', contract=Forex('EURUSD', conId=12087792, localSymbol='EUR.USD', tradingClass='EUR.USD'), position=0.0, avgCost=1.17935994)
2026-02-24 05:45:29,496 - ERROR - Error handling fields: ['10', '4215', 'EUR', 'CASH', '', '0', '', 'IDEALPRO', 'USD', 'EUR.USD', 'EUR.USD', 'EUR.USD', '12087792', '0.00005', '', 'ACTIVETIM,AD,ADJUST,ALERT,ALGO,ALLOC,AVGCOST,BASKET,BENCHPX,CASHQTY,COND,CONDORDER,DAY,DEACT,DEACTDIS,DEACTEOD,GAT,GTC,GTD,GTT,HID,IOC,LIT,LMT,MIT,MKT,NONALGO,OCA,REL,RELPCTOFS,SCALE,SCALERST,STP,STPLMT,TRAIL,TRAILLIT,TRAILLMT,TRAILMIT,WHATIF', 'IDEALPRO', '1', '0', 'European Monetary Union Euro', '', '', '', '', '', 'US/Eastern', '20260222:1715-20260223:1700;20260223:1715-20260224:1700;20260224:1715-20260225:1700;20260225:1715-20260226:1700;20260226:1715-20260227:1700', '20260222:1715-20260223:1700;20260223:1715-20260224:1700;20260224:1715-20260225:1700;20260225:1715-20260226:1700;20260226:1715-20260227:1700', '', '', '0', '4', '', '', '3188', '', '', '0.01', '0.01', '0.01']
Traceback (most recent call last):
  File "/usr/local/lib/python3.11/site-packages/ib_async/decoder.py", line 181, in interpret
    handler(fields)
  File "/usr/local/lib/python3.11/site-packages/ib_async/decoder.py", line 344, in contractDetails
    self.wrapper.contractDetails(int(reqId), cd)
  File "/usr/local/lib/python3.11/site-packages/ib_async/wrapper.py", line 874, in contractDetails
    self._results[reqId].append(contractDetails)
    ~~~~~~~~~~~~~^^^^^^^
KeyError: 4215
2026-02-24 05:45:29,502 - ERROR - Error 1102, reqId -1: Connectivity between IBKR and Trader Workstation has been restored - data maintained. All data farms are connected: usfarm; cashhmds; ushmds; secdefnj.
2026-02-24 05:45:29,503 - WARNING - Connectivity restored (Error 1102). Scheduling position reconciliation.
2026-02-24 05:46:14,552 - INFO - Running scheduled reconciliation after connectivity restore...
2026-02-24 05:46:14,552 - INFO - Reconciling position state with IB...
2026-02-24 05:46:14,552 - WARNING - Position mismatch detected!
2026-02-24 05:46:14,552 - WARNING -   Bot thought: LONG @ 1.1793
2026-02-24 05:46:14,552 - WARNING -   IB shows: FLAT (no position)
2026-02-24 05:46:14,552 - INFO - Updated bot state to match IB: FLAT
2026-02-24 05:46:14,553 - WARNING - Position closed by IB (reboot/reset). Estimated exit: 1.17724, P&L: EUR -37.80 (USD -44.50)
2026-02-24 05:46:14,553 - INFO - Reconciliation complete. Current state: FLAT
2026-02-24 05:46:14,768 - INFO - New bar: 2026-02-24 00:45:00-05:00 | O=1.17725 H=1.17727 L=1.17721 C=1.17724
2026-02-24 05:48:15,292 - INFO - Waiting for new bar... (last: 2026-02-24 00:45:00-05:00, price: 1.17729)
2026-02-24 05:50:15,843 - INFO - New bar: 2026-02-24 00:50:00-05:00 | O=1.17740 H=1.17740 L=1.17735 C=1.17736
2026-02-24 05:53:16,699 - INFO - Waiting for new bar... (last: 2026-02-24 00:50:00-05:00, price: 1.17745)
2026-02-24 05:55:17,296 - INFO - New bar: 2026-02-24 00:55:00-05:00 | O=1.17755 H=1.17765 L=1.17755 C=1.17764
2026-02-24 05:58:18,064 - INFO - Waiting for new bar... (last: 2026-02-24 00:55:00-05:00, price: 1.17795)
2026-02-24 06:00:18,593 - INFO - New bar: 2026-02-24 01:00:00-05:00 | O=1.17800 H=1.17802 L=1.17796 C=1.17799
2026-02-24 06:03:19,363 - INFO - Waiting for new bar... (last: 2026-02-24 01:00:00-05:00, price: 1.17787)
2026-02-24 06:05:19,867 - INFO - New bar: 2026-02-24 01:05:00-05:00 | O=1.17814 H=1.17814 L=1.17814 C=1.17814
2026-02-24 06:08:20,583 - INFO - Waiting for new bar... (last: 2026-02-24 01:05:00-05:00, price: 1.17807)
2026-02-24 06:10:21,092 - INFO - New bar: 2026-02-24 01:10:00-05:00 | O=1.17815 H=1.17815 L=1.17814 C=1.17814
2026-02-24 06:13:21,848 - INFO - Waiting for new bar... (last: 2026-02-24 01:10:00-05:00, price: 1.17797)
2026-02-24 06:15:22,327 - INFO - New bar: 2026-02-24 01:15:00-05:00 | O=1.17796 H=1.17807 L=1.17796 C=1.17807
2026-02-24 06:18:23,079 - INFO - Waiting for new bar... (last: 2026-02-24 01:15:00-05:00, price: 1.17792)
2026-02-24 06:20:23,537 - INFO - New bar: 2026-02-24 01:20:00-05:00 | O=1.17803 H=1.17807 L=1.17803 C=1.17803
2026-02-24 06:23:24,275 - INFO - Waiting for new bar... (last: 2026-02-24 01:20:00-05:00, price: 1.17796)
2026-02-24 06:25:24,804 - INFO - New bar: 2026-02-24 01:25:00-05:00 | O=1.17789 H=1.17789 L=1.17786 C=1.17786
2026-02-24 06:28:25,530 - INFO - Waiting for new bar... (last: 2026-02-24 01:25:00-05:00, price: 1.17789)
2026-02-24 06:30:25,989 - INFO - New bar: 2026-02-24 01:30:00-05:00 | O=1.17786 H=1.17797 L=1.17783 C=1.17794
2026-02-24 06:33:26,744 - INFO - Waiting for new bar... (last: 2026-02-24 01:30:00-05:00, price: 1.17783)
2026-02-24 06:35:27,209 - INFO - New bar: 2026-02-24 01:35:00-05:00 | O=1.17789 H=1.17789 L=1.17785 C=1.17789
2026-02-24 06:38:27,935 - INFO - Waiting for new bar... (last: 2026-02-24 01:35:00-05:00, price: 1.17813)
2026-02-24 06:40:28,466 - INFO - New bar: 2026-02-24 01:40:00-05:00 | O=1.17814 H=1.17815 L=1.17813 C=1.17814
2026-02-24 06:43:29,186 - INFO - Waiting for new bar... (last: 2026-02-24 01:40:00-05:00, price: 1.17801)
2026-02-24 06:45:29,650 - INFO - New bar: 2026-02-24 01:45:00-05:00 | O=1.17799 H=1.17799 L=1.17797 C=1.17798
2026-02-24 06:48:30,389 - INFO - Waiting for new bar... (last: 2026-02-24 01:45:00-05:00, price: 1.17790)
2026-02-24 06:50:30,857 - INFO - New bar: 2026-02-24 01:50:00-05:00 | O=1.17794 H=1.17794 L=1.17786 C=1.17788
2026-02-24 06:53:31,639 - INFO - Waiting for new bar... (last: 2026-02-24 01:50:00-05:00, price: 1.17798)
2026-02-24 06:55:32,154 - INFO - New bar: 2026-02-24 01:55:00-05:00 | O=1.17804 H=1.17809 L=1.17803 C=1.17804
2026-02-24 06:58:32,869 - INFO - Waiting for new bar... (last: 2026-02-24 01:55:00-05:00, price: 1.17809)
2026-02-24 07:00:33,394 - INFO - New bar: 2026-02-24 02:00:00-05:00 | O=1.17804 H=1.17805 L=1.17785 C=1.17790
2026-02-24 07:03:34,170 - INFO - Waiting for new bar... (last: 2026-02-24 02:00:00-05:00, price: 1.17788)
2026-02-24 07:05:34,672 - INFO - New bar: 2026-02-24 02:05:00-05:00 | O=1.17781 H=1.17782 L=1.17744 C=1.17748
2026-02-24 07:08:35,584 - INFO - Waiting for new bar... (last: 2026-02-24 02:05:00-05:00, price: 1.17763)
2026-02-24 07:10:36,096 - INFO - New bar: 2026-02-24 02:10:00-05:00 | O=1.17755 H=1.17759 L=1.17745 C=1.17749
2026-02-24 07:13:36,860 - INFO - Waiting for new bar... (last: 2026-02-24 02:10:00-05:00, price: 1.17719)
2026-02-24 07:15:37,378 - INFO - New bar: 2026-02-24 02:15:00-05:00 | O=1.17749 H=1.17754 L=1.17743 C=1.17754
2026-02-24 07:18:38,148 - INFO - Waiting for new bar... (last: 2026-02-24 02:15:00-05:00, price: 1.17741)
2026-02-24 07:20:38,664 - INFO - New bar: 2026-02-24 02:20:00-05:00 | O=1.17775 H=1.17776 L=1.17759 C=1.17769
2026-02-24 07:23:39,434 - INFO - Waiting for new bar... (last: 2026-02-24 02:20:00-05:00, price: 1.17739)
2026-02-24 07:25:39,935 - INFO - New bar: 2026-02-24 02:25:00-05:00 | O=1.17748 H=1.17753 L=1.17734 C=1.17742
2026-02-24 07:28:40,703 - INFO - Waiting for new bar... (last: 2026-02-24 02:25:00-05:00, price: 1.17761)
2026-02-24 07:30:41,222 - INFO - New bar: 2026-02-24 02:30:00-05:00 | O=1.17759 H=1.17785 L=1.17759 C=1.17782
2026-02-24 07:33:41,993 - INFO - Waiting for new bar... (last: 2026-02-24 02:30:00-05:00, price: 1.17813)
2026-02-24 07:35:42,510 - INFO - New bar: 2026-02-24 02:35:00-05:00 | O=1.17817 H=1.17822 L=1.17809 C=1.17815
2026-02-24 07:38:43,271 - INFO - Waiting for new bar... (last: 2026-02-24 02:35:00-05:00, price: 1.17809)
2026-02-24 07:40:43,774 - INFO - New bar: 2026-02-24 02:40:00-05:00 | O=1.17813 H=1.17816 L=1.17809 C=1.17815
2026-02-24 07:43:44,531 - INFO - Waiting for new bar... (last: 2026-02-24 02:40:00-05:00, price: 1.17815)
2026-02-24 07:45:45,045 - INFO - New bar: 2026-02-24 02:45:00-05:00 | O=1.17802 H=1.17807 L=1.17793 C=1.17807
2026-02-24 07:48:45,896 - INFO - Waiting for new bar... (last: 2026-02-24 02:45:00-05:00, price: 1.17800)
2026-02-24 07:50:46,400 - INFO - New bar: 2026-02-24 02:50:00-05:00 | O=1.17780 H=1.17787 L=1.17763 C=1.17765
2026-02-24 07:53:47,167 - INFO - Waiting for new bar... (last: 2026-02-24 02:50:00-05:00, price: 1.17775)
2026-02-24 07:55:47,674 - INFO - New bar: 2026-02-24 02:55:00-05:00 | O=1.17772 H=1.17772 L=1.17746 C=1.17755
2026-02-24 07:58:48,442 - INFO - Waiting for new bar... (last: 2026-02-24 02:55:00-05:00, price: 1.17789)
2026-02-24 08:00:48,943 - INFO - New bar: 2026-02-24 03:00:00-05:00 | O=1.17793 H=1.17805 L=1.17788 C=1.17794
2026-02-24 08:03:49,717 - INFO - Waiting for new bar... (last: 2026-02-24 03:00:00-05:00, price: 1.17774)
2026-02-24 08:05:50,222 - INFO - New bar: 2026-02-24 03:05:00-05:00 | O=1.17773 H=1.17776 L=1.17762 C=1.17769
2026-02-24 08:08:50,992 - INFO - Waiting for new bar... (last: 2026-02-24 03:05:00-05:00, price: 1.17753)
2026-02-24 08:10:51,440 - INFO - New bar: 2026-02-24 03:10:00-05:00 | O=1.17748 H=1.17758 L=1.17744 C=1.17745
2026-02-24 08:13:52,159 - INFO - Waiting for new bar... (last: 2026-02-24 03:10:00-05:00, price: 1.17785)
2026-02-24 08:15:52,603 - INFO - New bar: 2026-02-24 03:15:00-05:00 | O=1.17779 H=1.17788 L=1.17778 C=1.17783
2026-02-24 08:18:53,327 - INFO - Waiting for new bar... (last: 2026-02-24 03:15:00-05:00, price: 1.17784)
2026-02-24 08:20:53,829 - INFO - New bar: 2026-02-24 03:20:00-05:00 | O=1.17804 H=1.17806 L=1.17797 C=1.17806
2026-02-24 08:23:54,575 - INFO - Waiting for new bar... (last: 2026-02-24 03:20:00-05:00, price: 1.17861)
2026-02-24 08:25:55,044 - INFO - New bar: 2026-02-24 03:25:00-05:00 | O=1.17879 H=1.17881 L=1.17850 C=1.17860
2026-02-24 08:28:55,759 - INFO - Waiting for new bar... (last: 2026-02-24 03:25:00-05:00, price: 1.17863)
2026-02-24 08:30:56,198 - INFO - New bar: 2026-02-24 03:30:00-05:00 | O=1.17873 H=1.17899 L=1.17873 C=1.17886
2026-02-24 08:33:56,980 - INFO - Waiting for new bar... (last: 2026-02-24 03:30:00-05:00, price: 1.17857)
2026-02-24 08:35:57,493 - INFO - New bar: 2026-02-24 03:35:00-05:00 | O=1.17868 H=1.17887 L=1.17868 C=1.17886
2026-02-24 08:38:58,195 - INFO - Waiting for new bar... (last: 2026-02-24 03:35:00-05:00, price: 1.17868)
2026-02-24 08:40:58,647 - INFO - New bar: 2026-02-24 03:40:00-05:00 | O=1.17870 H=1.17874 L=1.17854 C=1.17859
2026-02-24 08:43:59,346 - INFO - Waiting for new bar... (last: 2026-02-24 03:40:00-05:00, price: 1.17873)
2026-02-24 08:45:59,802 - INFO - New bar: 2026-02-24 03:45:00-05:00 | O=1.17880 H=1.17881 L=1.17872 C=1.17876
2026-02-24 08:49:00,529 - INFO - Waiting for new bar... (last: 2026-02-24 03:45:00-05:00, price: 1.17878)
2026-02-24 08:51:01,047 - INFO - New bar: 2026-02-24 03:50:00-05:00 | O=1.17858 H=1.17865 L=1.17850 C=1.17864
2026-02-24 08:54:01,768 - INFO - Waiting for new bar... (last: 2026-02-24 03:50:00-05:00, price: 1.17861)
2026-02-24 08:56:02,238 - INFO - New bar: 2026-02-24 03:55:00-05:00 | O=1.17859 H=1.17875 L=1.17857 C=1.17874
2026-02-24 08:59:02,961 - INFO - Waiting for new bar... (last: 2026-02-24 03:55:00-05:00, price: 1.17860)
2026-02-24 09:01:03,462 - INFO - New bar: 2026-02-24 04:00:00-05:00 | O=1.17837 H=1.17849 L=1.17832 C=1.17849
2026-02-24 09:04:04,216 - INFO - Waiting for new bar... (last: 2026-02-24 04:00:00-05:00, price: 1.17843)
2026-02-24 09:06:04,739 - INFO - New bar: 2026-02-24 04:05:00-05:00 | O=1.17849 H=1.17857 L=1.17841 C=1.17841
2026-02-24 09:09:05,470 - INFO - Waiting for new bar... (last: 2026-02-24 04:05:00-05:00, price: 1.17851)
2026-02-24 09:10:05,694 - INFO - New bar: 2026-02-24 04:10:00-05:00 | O=1.17848 H=1.17849 L=1.17843 C=1.17847
2026-02-24 09:14:06,660 - INFO - Waiting for new bar... (last: 2026-02-24 04:10:00-05:00, price: 1.17884)
2026-02-24 09:15:06,971 - INFO - New bar: 2026-02-24 04:15:00-05:00 | O=1.17885 H=1.17885 L=1.17880 C=1.17880
2026-02-24 09:19:07,914 - INFO - Waiting for new bar... (last: 2026-02-24 04:15:00-05:00, price: 1.17860)
2026-02-24 09:20:08,167 - INFO - New bar: 2026-02-24 04:20:00-05:00 | O=1.17867 H=1.17870 L=1.17864 C=1.17865
2026-02-24 09:24:09,142 - INFO - Waiting for new bar... (last: 2026-02-24 04:20:00-05:00, price: 1.17883)
2026-02-24 09:25:09,362 - INFO - New bar: 2026-02-24 04:25:00-05:00 | O=1.17898 H=1.17901 L=1.17898 C=1.17901
2026-02-24 09:29:10,349 - INFO - Waiting for new bar... (last: 2026-02-24 04:25:00-05:00, price: 1.17884)
2026-02-24 09:30:10,605 - INFO - New bar: 2026-02-24 04:30:00-05:00 | O=1.17888 H=1.17889 L=1.17888 C=1.17889
2026-02-24 09:34:11,561 - INFO - Waiting for new bar... (last: 2026-02-24 04:30:00-05:00, price: 1.17910)
2026-02-24 09:35:11,813 - INFO - New bar: 2026-02-24 04:35:00-05:00 | O=1.17919 H=1.17919 L=1.17913 C=1.17914
2026-02-24 09:39:12,783 - INFO - Waiting for new bar... (last: 2026-02-24 04:35:00-05:00, price: 1.17909)
2026-02-24 09:40:12,998 - INFO - New bar: 2026-02-24 04:40:00-05:00 | O=1.17900 H=1.17900 L=1.17897 C=1.17897
2026-02-24 09:44:13,982 - INFO - Waiting for new bar... (last: 2026-02-24 04:40:00-05:00, price: 1.17879)
2026-02-24 09:45:14,228 - INFO - New bar: 2026-02-24 04:45:00-05:00 | O=1.17880 H=1.17881 L=1.17880 C=1.17881
2026-02-24 09:49:15,325 - INFO - Waiting for new bar... (last: 2026-02-24 04:45:00-05:00, price: 1.17888)
2026-02-24 09:50:15,583 - INFO - New bar: 2026-02-24 04:50:00-05:00 | O=1.17878 H=1.17883 L=1.17878 C=1.17881
2026-02-24 09:54:16,580 - INFO - Waiting for new bar... (last: 2026-02-24 04:50:00-05:00, price: 1.17868)
2026-02-24 09:55:16,797 - INFO - New bar: 2026-02-24 04:55:00-05:00 | O=1.17868 H=1.17871 L=1.17868 C=1.17871
2026-02-24 09:59:17,770 - INFO - Waiting for new bar... (last: 2026-02-24 04:55:00-05:00, price: 1.17882)
2026-02-24 10:00:18,029 - INFO - New bar: 2026-02-24 05:00:00-05:00 | O=1.17877 H=1.17894 L=1.17871 C=1.17887
2026-02-24 10:04:18,980 - INFO - Waiting for new bar... (last: 2026-02-24 05:00:00-05:00, price: 1.17870)
2026-02-24 10:05:19,230 - INFO - New bar: 2026-02-24 05:05:00-05:00 | O=1.17875 H=1.17880 L=1.17874 C=1.17875
2026-02-24 10:09:20,214 - INFO - Waiting for new bar... (last: 2026-02-24 05:05:00-05:00, price: 1.17877)
2026-02-24 10:10:20,438 - INFO - New bar: 2026-02-24 05:10:00-05:00 | O=1.17880 H=1.17880 L=1.17871 C=1.17873
2026-02-24 10:14:21,432 - INFO - Waiting for new bar... (last: 2026-02-24 05:10:00-05:00, price: 1.17847)
2026-02-24 10:15:21,681 - INFO - New bar: 2026-02-24 05:15:00-05:00 | O=1.17843 H=1.17850 L=1.17843 C=1.17847
2026-02-24 10:19:22,645 - INFO - Waiting for new bar... (last: 2026-02-24 05:15:00-05:00, price: 1.17846)
2026-02-24 10:20:22,905 - INFO - New bar: 2026-02-24 05:20:00-05:00 | O=1.17847 H=1.17851 L=1.17847 C=1.17850
2026-02-24 10:24:23,890 - INFO - Waiting for new bar... (last: 2026-02-24 05:20:00-05:00, price: 1.17850)
2026-02-24 10:25:24,119 - INFO - New bar: 2026-02-24 05:25:00-05:00 | O=1.17850 H=1.17850 L=1.17850 C=1.17850
2026-02-24 10:29:25,122 - INFO - Waiting for new bar... (last: 2026-02-24 05:25:00-05:00, price: 1.17850)
2026-02-24 10:30:25,374 - INFO - New bar: 2026-02-24 05:30:00-05:00 | O=1.17855 H=1.17871 L=1.17854 C=1.17870
2026-02-24 10:34:26,351 - INFO - Waiting for new bar... (last: 2026-02-24 05:30:00-05:00, price: 1.17900)
2026-02-24 10:35:26,597 - INFO - New bar: 2026-02-24 05:35:00-05:00 | O=1.17885 H=1.17887 L=1.17880 C=1.17886
2026-02-24 10:39:27,652 - INFO - Waiting for new bar... (last: 2026-02-24 05:35:00-05:00, price: 1.17891)
2026-02-24 10:40:27,945 - INFO - New bar: 2026-02-24 05:40:00-05:00 | O=1.17890 H=1.17893 L=1.17887 C=1.17891
2026-02-24 10:44:28,948 - INFO - Waiting for new bar... (last: 2026-02-24 05:40:00-05:00, price: 1.17870)
2026-02-24 10:45:29,199 - INFO - New bar: 2026-02-24 05:45:00-05:00 | O=1.17871 H=1.17876 L=1.17868 C=1.17874
2026-02-24 10:49:30,163 - INFO - Waiting for new bar... (last: 2026-02-24 05:45:00-05:00, price: 1.17888)
2026-02-24 10:50:30,410 - INFO - New bar: 2026-02-24 05:50:00-05:00 | O=1.17874 H=1.17877 L=1.17868 C=1.17870
2026-02-24 10:54:31,405 - INFO - Waiting for new bar... (last: 2026-02-24 05:50:00-05:00, price: 1.17868)
2026-02-24 10:55:31,634 - INFO - New bar: 2026-02-24 05:55:00-05:00 | O=1.17866 H=1.17867 L=1.17854 C=1.17854
2026-02-24 10:59:32,631 - INFO - Waiting for new bar... (last: 2026-02-24 05:55:00-05:00, price: 1.17860)
2026-02-24 11:00:32,882 - INFO - New bar: 2026-02-24 06:00:00-05:00 | O=1.17856 H=1.17861 L=1.17844 C=1.17847
2026-02-24 11:04:33,863 - INFO - Waiting for new bar... (last: 2026-02-24 06:00:00-05:00, price: 1.17812)
2026-02-24 11:05:34,121 - INFO - New bar: 2026-02-24 06:05:00-05:00 | O=1.17818 H=1.17819 L=1.17812 C=1.17816
2026-02-24 11:09:35,105 - INFO - Waiting for new bar... (last: 2026-02-24 06:05:00-05:00, price: 1.17803)
2026-02-24 11:10:35,342 - INFO - New bar: 2026-02-24 06:10:00-05:00 | O=1.17810 H=1.17817 L=1.17809 C=1.17815
2026-02-24 11:14:36,342 - INFO - Waiting for new bar... (last: 2026-02-24 06:10:00-05:00, price: 1.17822)
2026-02-24 11:15:36,591 - INFO - New bar: 2026-02-24 06:15:00-05:00 | O=1.17822 H=1.17841 L=1.17822 C=1.17840
2026-02-24 11:19:37,585 - INFO - Waiting for new bar... (last: 2026-02-24 06:15:00-05:00, price: 1.17815)
2026-02-24 11:20:37,834 - INFO - New bar: 2026-02-24 06:20:00-05:00 | O=1.17809 H=1.17816 L=1.17806 C=1.17809
2026-02-24 11:24:39,038 - INFO - Waiting for new bar... (last: 2026-02-24 06:20:00-05:00, price: 1.17815)
2026-02-24 11:25:39,280 - INFO - New bar: 2026-02-24 06:25:00-05:00 | O=1.17799 H=1.17799 L=1.17796 C=1.17798
2026-02-24 11:29:40,280 - INFO - Waiting for new bar... (last: 2026-02-24 06:25:00-05:00, price: 1.17811)
2026-02-24 11:30:40,534 - INFO - New bar: 2026-02-24 06:30:00-05:00 | O=1.17811 H=1.17817 L=1.17807 C=1.17814
2026-02-24 11:34:41,545 - INFO - Waiting for new bar... (last: 2026-02-24 06:30:00-05:00, price: 1.17817)
2026-02-24 11:35:41,802 - INFO - New bar: 2026-02-24 06:35:00-05:00 | O=1.17821 H=1.17827 L=1.17820 C=1.17825
2026-02-24 11:39:42,819 - INFO - Waiting for new bar... (last: 2026-02-24 06:35:00-05:00, price: 1.17822)
2026-02-24 11:40:43,066 - INFO - New bar: 2026-02-24 06:40:00-05:00 | O=1.17820 H=1.17822 L=1.17809 C=1.17809
2026-02-24 11:44:44,071 - INFO - Waiting for new bar... (last: 2026-02-24 06:40:00-05:00, price: 1.17821)
2026-02-24 11:45:44,324 - INFO - New bar: 2026-02-24 06:45:00-05:00 | O=1.17820 H=1.17820 L=1.17809 C=1.17810
2026-02-24 11:49:45,341 - INFO - Waiting for new bar... (last: 2026-02-24 06:45:00-05:00, price: 1.17801)
2026-02-24 11:50:45,593 - INFO - New bar: 2026-02-24 06:50:00-05:00 | O=1.17801 H=1.17808 L=1.17799 C=1.17806
2026-02-24 11:54:46,591 - INFO - Waiting for new bar... (last: 2026-02-24 06:50:00-05:00, price: 1.17811)
2026-02-24 11:55:46,836 - INFO - New bar: 2026-02-24 06:55:00-05:00 | O=1.17804 H=1.17820 L=1.17801 C=1.17820
2026-02-24 11:59:47,828 - INFO - Waiting for new bar... (last: 2026-02-24 06:55:00-05:00, price: 1.17810)
2026-02-24 12:00:48,088 - INFO - New bar: 2026-02-24 07:00:00-05:00 | O=1.17806 H=1.17824 L=1.17799 C=1.17816
2026-02-24 12:04:49,340 - INFO - Waiting for new bar... (last: 2026-02-24 07:00:00-05:00, price: 1.17817)
2026-02-24 12:05:49,594 - INFO - New bar: 2026-02-24 07:05:00-05:00 | O=1.17816 H=1.17816 L=1.17806 C=1.17811
2026-02-24 12:09:50,613 - INFO - Waiting for new bar... (last: 2026-02-24 07:05:00-05:00, price: 1.17793)
2026-02-24 12:10:50,863 - INFO - New bar: 2026-02-24 07:10:00-05:00 | O=1.17789 H=1.17790 L=1.17779 C=1.17781
2026-02-24 12:14:51,808 - INFO - Waiting for new bar... (last: 2026-02-24 07:10:00-05:00, price: 1.17766)
2026-02-24 12:15:51,998 - INFO - New bar: 2026-02-24 07:15:00-05:00 | O=1.17762 H=1.17762 L=1.17754 C=1.17760
2026-02-24 12:19:52,962 - INFO - Waiting for new bar... (last: 2026-02-24 07:15:00-05:00, price: 1.17757)
2026-02-24 12:20:53,236 - INFO - New bar: 2026-02-24 07:20:00-05:00 | O=1.17758 H=1.17758 L=1.17745 C=1.17748
2026-02-24 12:24:54,130 - INFO - Waiting for new bar... (last: 2026-02-24 07:20:00-05:00, price: 1.17743)
2026-02-24 12:25:54,379 - INFO - New bar: 2026-02-24 07:25:00-05:00 | O=1.17741 H=1.17745 L=1.17739 C=1.17743
2026-02-24 12:29:55,329 - INFO - Waiting for new bar... (last: 2026-02-24 07:25:00-05:00, price: 1.17734)
2026-02-24 12:30:55,528 - INFO - New bar: 2026-02-24 07:30:00-05:00 | O=1.17739 H=1.17753 L=1.17739 C=1.17753
2026-02-24 12:34:56,486 - INFO - Waiting for new bar... (last: 2026-02-24 07:30:00-05:00, price: 1.17762)
2026-02-24 12:35:56,738 - INFO - New bar: 2026-02-24 07:35:00-05:00 | O=1.17756 H=1.17762 L=1.17753 C=1.17755
2026-02-24 12:39:57,656 - INFO - Waiting for new bar... (last: 2026-02-24 07:35:00-05:00, price: 1.17755)
2026-02-24 12:40:57,918 - INFO - New bar: 2026-02-24 07:40:00-05:00 | O=1.17756 H=1.17762 L=1.17755 C=1.17760
2026-02-24 12:44:58,902 - INFO - Waiting for new bar... (last: 2026-02-24 07:40:00-05:00, price: 1.17760)
2026-02-24 12:45:59,099 - INFO - New bar: 2026-02-24 07:45:00-05:00 | O=1.17755 H=1.17756 L=1.17745 C=1.17750
2026-02-24 12:50:00,143 - INFO - Waiting for new bar... (last: 2026-02-24 07:45:00-05:00, price: 1.17768)
2026-02-24 12:51:00,394 - INFO - New bar: 2026-02-24 07:50:00-05:00 | O=1.17769 H=1.17774 L=1.17760 C=1.17766
2026-02-24 12:55:01,325 - INFO - Waiting for new bar... (last: 2026-02-24 07:50:00-05:00, price: 1.17772)
2026-02-24 12:56:01,578 - INFO - New bar: 2026-02-24 07:55:00-05:00 | O=1.17772 H=1.17779 L=1.17769 C=1.17776
2026-02-24 13:00:02,648 - INFO - Waiting for new bar... (last: 2026-02-24 07:55:00-05:00, price: 1.17813)
2026-02-24 13:01:02,874 - INFO - New bar: 2026-02-24 08:00:00-05:00 | O=1.17813 H=1.17814 L=1.17793 C=1.17806
2026-02-24 13:05:03,839 - INFO - Waiting for new bar... (last: 2026-02-24 08:00:00-05:00, price: 1.17788)
2026-02-24 13:06:04,090 - INFO - New bar: 2026-02-24 08:05:00-05:00 | O=1.17788 H=1.17788 L=1.17762 C=1.17769
2026-02-24 13:10:05,031 - INFO - Waiting for new bar... (last: 2026-02-24 08:05:00-05:00, price: 1.17769)
2026-02-24 13:11:05,287 - INFO - New bar: 2026-02-24 08:10:00-05:00 | O=1.17769 H=1.17784 L=1.17764 C=1.17773
2026-02-24 13:15:06,299 - INFO - New bar: 2026-02-24 08:15:00-05:00 | O=1.17781 H=1.17785 L=1.17773 C=1.17775
2026-02-24 13:20:07,477 - INFO - New bar: 2026-02-24 08:20:00-05:00 | O=1.17756 H=1.17762 L=1.17755 C=1.17755
2026-02-24 13:20:07,479 - INFO - Status: Price=1.17755, Position=FLAT, Bars=120, P&L=EUR -2.69, Remaining=90.0h
2026-02-24 13:25:08,667 - INFO - New bar: 2026-02-24 08:25:00-05:00 | O=1.17766 H=1.17766 L=1.17765 C=1.17765
2026-02-24 13:30:09,917 - INFO - New bar: 2026-02-24 08:30:00-05:00 | O=1.17765 H=1.17765 L=1.17759 C=1.17759
2026-02-24 13:30:09,919 - INFO - Status: Price=1.17759, Position=FLAT, Bars=120, P&L=EUR -2.69, Remaining=89.8h
2026-02-24 13:35:11,229 - INFO - New bar: 2026-02-24 08:35:00-05:00 | O=1.17736 H=1.17741 L=1.17736 C=1.17738
2026-02-24 13:40:12,453 - INFO - New bar: 2026-02-24 08:40:00-05:00 | O=1.17757 H=1.17757 L=1.17753 C=1.17755
2026-02-24 13:40:12,455 - INFO - Status: Price=1.17755, Position=FLAT, Bars=120, P&L=EUR -2.69, Remaining=89.7h
2026-02-24 13:45:13,681 - INFO - New bar: 2026-02-24 08:45:00-05:00 | O=1.17716 H=1.17718 L=1.17714 C=1.17714
2026-02-24 13:50:14,877 - INFO - New bar: 2026-02-24 08:50:00-05:00 | O=1.17694 H=1.17697 L=1.17691 C=1.17691
2026-02-24 13:50:14,878 - INFO - Status: Price=1.17691, Position=FLAT, Bars=120, P&L=EUR -2.69, Remaining=89.5h
2026-02-24 13:55:16,082 - INFO - New bar: 2026-02-24 08:55:00-05:00 | O=1.17695 H=1.17701 L=1.17695 C=1.17701
2026-02-24 14:00:17,305 - INFO - New bar: 2026-02-24 09:00:00-05:00 | O=1.17722 H=1.17724 L=1.17713 C=1.17719
2026-02-24 14:00:17,306 - INFO - Status: Price=1.17719, Position=FLAT, Bars=120, P&L=EUR -2.69, Remaining=89.3h
2026-02-24 14:05:18,518 - INFO - New bar: 2026-02-24 09:05:00-05:00 | O=1.17749 H=1.17752 L=1.17748 C=1.17750
2026-02-24 14:10:19,723 - INFO - New bar: 2026-02-24 09:10:00-05:00 | O=1.17725 H=1.17725 L=1.17711 C=1.17714
2026-02-24 14:10:19,724 - INFO - Status: Price=1.17714, Position=FLAT, Bars=120, P&L=EUR -2.69, Remaining=89.2h
2026-02-24 14:15:21,075 - INFO - New bar: 2026-02-24 09:15:00-05:00 | O=1.17700 H=1.17707 L=1.17698 C=1.17701
2026-02-24 14:20:22,285 - INFO - New bar: 2026-02-24 09:20:00-05:00 | O=1.17705 H=1.17707 L=1.17703 C=1.17707
2026-02-24 14:20:22,286 - INFO - Status: Price=1.17707, Position=FLAT, Bars=120, P&L=EUR -2.69, Remaining=89.0h
2026-02-24 14:25:23,630 - INFO - New bar: 2026-02-24 09:25:00-05:00 | O=1.17731 H=1.17739 L=1.17731 C=1.17736
2026-02-24 14:30:24,860 - INFO - New bar: 2026-02-24 09:30:00-05:00 | O=1.17751 H=1.17752 L=1.17741 C=1.17742
2026-02-24 14:30:24,861 - INFO - Status: Price=1.17742, Position=FLAT, Bars=120, P&L=EUR -2.69, Remaining=88.8h
2026-02-24 14:35:26,072 - INFO - New bar: 2026-02-24 09:35:00-05:00 | O=1.17759 H=1.17763 L=1.17753 C=1.17755
2026-02-24 14:40:27,286 - INFO - New bar: 2026-02-24 09:40:00-05:00 | O=1.17759 H=1.17761 L=1.17722 C=1.17730
2026-02-24 14:40:27,288 - INFO - Status: Price=1.17730, Position=FLAT, Bars=120, P&L=EUR -2.69, Remaining=88.7h
2026-02-24 14:45:28,628 - INFO - New bar: 2026-02-24 09:45:00-05:00 | O=1.17728 H=1.17731 L=1.17725 C=1.17725
2026-02-24 14:50:29,843 - INFO - New bar: 2026-02-24 09:50:00-05:00 | O=1.17731 H=1.17738 L=1.17731 C=1.17736
2026-02-24 14:50:29,845 - INFO - Status: Price=1.17736, Position=FLAT, Bars=120, P&L=EUR -2.69, Remaining=88.5h
2026-02-24 14:55:31,128 - INFO - New bar: 2026-02-24 09:55:00-05:00 | O=1.17707 H=1.17707 L=1.17702 C=1.17704
2026-02-24 15:00:32,371 - INFO - New bar: 2026-02-24 10:00:00-05:00 | O=1.17738 H=1.17740 L=1.17724 C=1.17731
2026-02-24 15:00:32,373 - INFO - Status: Price=1.17731, Position=FLAT, Bars=120, P&L=EUR -2.69, Remaining=88.3h
2026-02-24 15:05:33,599 - INFO - New bar: 2026-02-24 10:05:00-05:00 | O=1.17704 H=1.17715 L=1.17697 C=1.17710
2026-02-24 15:10:34,832 - INFO - New bar: 2026-02-24 10:10:00-05:00 | O=1.17710 H=1.17717 L=1.17701 C=1.17706
2026-02-24 15:10:34,834 - INFO - Status: Price=1.17706, Position=FLAT, Bars=120, P&L=EUR -2.69, Remaining=88.2h
2026-02-24 15:15:36,071 - INFO - New bar: 2026-02-24 10:15:00-05:00 | O=1.17700 H=1.17700 L=1.17672 C=1.17675
2026-02-24 15:20:37,479 - INFO - New bar: 2026-02-24 10:20:00-05:00 | O=1.17668 H=1.17695 L=1.17667 C=1.17695
2026-02-24 15:20:37,480 - INFO - Status: Price=1.17695, Position=FLAT, Bars=120, P&L=EUR -2.69, Remaining=88.0h
2026-02-24 15:25:38,718 - INFO - New bar: 2026-02-24 10:25:00-05:00 | O=1.17677 H=1.17689 L=1.17676 C=1.17686
2026-02-24 15:30:39,963 - INFO - New bar: 2026-02-24 10:30:00-05:00 | O=1.17717 H=1.17717 L=1.17699 C=1.17700
2026-02-24 15:30:39,965 - INFO - Status: Price=1.17700, Position=FLAT, Bars=120, P&L=EUR -2.69, Remaining=87.8h
2026-02-24 15:35:41,222 - INFO - New bar: 2026-02-24 10:35:00-05:00 | O=1.17800 H=1.17812 L=1.17797 C=1.17799
2026-02-24 15:40:42,670 - INFO - New bar: 2026-02-24 10:40:00-05:00 | O=1.17751 H=1.17766 L=1.17749 C=1.17752
2026-02-24 15:40:42,672 - INFO - Status: Price=1.17752, Position=FLAT, Bars=120, P&L=EUR -2.69, Remaining=87.7h
2026-02-24 15:45:43,909 - INFO - New bar: 2026-02-24 10:45:00-05:00 | O=1.17745 H=1.17745 L=1.17728 C=1.17735
2026-02-24 15:50:45,154 - INFO - New bar: 2026-02-24 10:50:00-05:00 | O=1.17776 H=1.17785 L=1.17758 C=1.17759
2026-02-24 15:50:45,156 - INFO - Status: Price=1.17759, Position=FLAT, Bars=120, P&L=EUR -2.69, Remaining=87.5h
2026-02-24 15:55:46,397 - INFO - New bar: 2026-02-24 10:55:00-05:00 | O=1.17747 H=1.17762 L=1.17744 C=1.17751
2026-02-24 16:00:47,641 - INFO - New bar: 2026-02-24 11:00:00-05:00 | O=1.17727 H=1.17732 L=1.17721 C=1.17728
2026-02-24 16:00:47,643 - INFO - Status: Price=1.17728, Position=FLAT, Bars=120, P&L=EUR -2.69, Remaining=87.3h
2026-02-24 16:05:48,903 - INFO - New bar: 2026-02-24 11:05:00-05:00 | O=1.17765 H=1.17782 L=1.17765 C=1.17776
2026-02-24 16:10:50,197 - INFO - New bar: 2026-02-24 11:10:00-05:00 | O=1.17817 H=1.17827 L=1.17816 C=1.17824
2026-02-24 16:10:50,199 - INFO - Status: Price=1.17824, Position=FLAT, Bars=120, P&L=EUR -2.69, Remaining=87.2h
2026-02-24 16:15:51,414 - INFO - New bar: 2026-02-24 11:15:00-05:00 | O=1.17857 H=1.17867 L=1.17854 C=1.17855
2026-02-24 16:20:52,641 - INFO - New bar: 2026-02-24 11:20:00-05:00 | O=1.17868 H=1.17871 L=1.17866 C=1.17867
2026-02-24 16:20:52,642 - INFO - Status: Price=1.17867, Position=FLAT, Bars=120, P&L=EUR -2.69, Remaining=87.0h
2026-02-24 16:25:54,248 - INFO - New bar: 2026-02-24 11:25:00-05:00 | O=1.17874 H=1.17880 L=1.17868 C=1.17879
2026-02-24 16:30:55,556 - INFO - New bar: 2026-02-24 11:30:00-05:00 | O=1.17895 H=1.17900 L=1.17878 C=1.17878
2026-02-24 16:30:55,558 - INFO - Status: Price=1.17878, Position=FLAT, Bars=120, P&L=EUR -2.69, Remaining=86.8h
2026-02-24 16:30:55,564 - INFO - BUY Signal: SMA 1.17779 crossed above 1.17769, RSI 67.0, Momentum 0.001270
2026-02-24 16:30:55,566 - INFO - Checking EUR balance...
2026-02-24 16:30:55,566 - INFO - EUR balance: 982,226.79 EUR
2026-02-24 16:30:55,566 - INFO - Required minimum: 20,000.00 EUR
2026-02-24 16:30:55,566 - INFO - Status: Sufficient
2026-02-24 16:30:55,567 - INFO - placeOrder: New order Trade(contract=Forex('EURUSD', conId=12087792, exchange='IDEALPRO', localSymbol='EUR.USD', tradingClass='EUR.USD'), order=MarketOrder(orderId=5218, clientId=753, action='BUY', totalQuantity=20000, tif='GTC'), orderStatus=OrderStatus(orderId=5218, status='PendingSubmit', filled=0.0, remaining=0.0, avgFillPrice=0.0, permId=0, parentId=0, lastFillPrice=0.0, clientId=0, whyHeld='', mktCapPrice=0.0), fills=[], log=[TradeLogEntry(time=datetime.datetime(2026, 2, 24, 16, 30, 55, 567547, tzinfo=datetime.timezone.utc), status='PendingSubmit', message='', errorCode=0)], advancedError='')
2026-02-24 16:30:55,943 - INFO - orderStatus: Trade(contract=Forex('EURUSD', conId=12087792, exchange='IDEALPRO', localSymbol='EUR.USD', tradingClass='EUR.USD'), order=MarketOrder(orderId=5218, clientId=753, permId=1370691946, action='BUY', totalQuantity=20000.0, lmtPrice=0.0, auxPrice=0.0, tif='GTC'), orderStatus=OrderStatus(orderId=5218, status='Submitted', filled=0.0, remaining=20000.0, avgFillPrice=0.0, permId=1370691946, parentId=0, lastFillPrice=0.0, clientId=753, whyHeld='', mktCapPrice=0.0), fills=[], log=[TradeLogEntry(time=datetime.datetime(2026, 2, 24, 16, 30, 55, 567547, tzinfo=datetime.timezone.utc), status='PendingSubmit', message='', errorCode=0), TradeLogEntry(time=datetime.datetime(2026, 2, 24, 16, 30, 55, 943120, tzinfo=datetime.timezone.utc), status='Submitted', message='', errorCode=0)], advancedError='')
2026-02-24 16:30:55,984 - INFO - position: Position(account='DUM847254', contract=Forex('EURUSD', conId=12087792, localSymbol='EUR.USD', tradingClass='EUR.USD'), position=20000.0, avgCost=1.17910997)
2026-02-24 16:30:55,985 - INFO - execDetails Execution(execId='0000e215.699d0c0e.01.01', time=datetime.datetime(2026, 2, 24, 16, 30, 55, tzinfo=datetime.timezone.utc), acctNumber='DUM847254', exchange='IDEALPRO', side='BOT', shares=20000.0, price=1.17886, permId=1370691946, clientId=753, orderId=5218, liquidation=0, cumQty=20000.0, avgPrice=1.17886, orderRef='', evRule='', evMultiplier=0.0, modelCode='', lastLiquidity=2, pendingPriceRevision=False)
2026-02-24 16:30:55,985 - INFO - execDetails: Fill(contract=Forex('EURUSD', conId=12087792, exchange='IDEALPRO', localSymbol='EUR.USD', tradingClass='EUR.USD'), execution=Execution(execId='0000e215.699d0c0e.01.01', time=datetime.datetime(2026, 2, 24, 16, 30, 55, tzinfo=datetime.timezone.utc), acctNumber='DUM847254', exchange='IDEALPRO', side='BOT', shares=20000.0, price=1.17886, permId=1370691946, clientId=753, orderId=5218, liquidation=0, cumQty=20000.0, avgPrice=1.17886, orderRef='', evRule='', evMultiplier=0.0, modelCode='', lastLiquidity=2, pendingPriceRevision=False), commissionReport=CommissionReport(execId='', commission=0.0, currency='', realizedPNL=0.0, yield_=0.0, yieldRedemptionDate=0), time=datetime.datetime(2026, 2, 24, 16, 30, 55, 984621, tzinfo=datetime.timezone.utc))
2026-02-24 16:30:55,985 - INFO - orderStatus: Trade(contract=Forex('EURUSD', conId=12087792, exchange='IDEALPRO', localSymbol='EUR.USD', tradingClass='EUR.USD'), order=MarketOrder(orderId=5218, clientId=753, permId=1370691946, action='BUY', totalQuantity=20000.0, lmtPrice=0.0, auxPrice=0.0, tif='GTC'), orderStatus=OrderStatus(orderId=5218, status='Filled', filled=20000.0, remaining=0.0, avgFillPrice=1.17886, permId=1370691946, parentId=0, lastFillPrice=1.17886, clientId=753, whyHeld='', mktCapPrice=0.0), fills=[Fill(contract=Forex('EURUSD', conId=12087792, exchange='IDEALPRO', localSymbol='EUR.USD', tradingClass='EUR.USD'), execution=Execution(execId='0000e215.699d0c0e.01.01', time=datetime.datetime(2026, 2, 24, 16, 30, 55, tzinfo=datetime.timezone.utc), acctNumber='DUM847254', exchange='IDEALPRO', side='BOT', shares=20000.0, price=1.17886, permId=1370691946, clientId=753, orderId=5218, liquidation=0, cumQty=20000.0, avgPrice=1.17886, orderRef='', evRule='', evMultiplier=0.0, modelCode='', lastLiquidity=2, pendingPriceRevision=False), commissionReport=CommissionReport(execId='', commission=0.0, currency='', realizedPNL=0.0, yield_=0.0, yieldRedemptionDate=0), time=datetime.datetime(2026, 2, 24, 16, 30, 55, 984621, tzinfo=datetime.timezone.utc))], log=[TradeLogEntry(time=datetime.datetime(2026, 2, 24, 16, 30, 55, 567547, tzinfo=datetime.timezone.utc), status='PendingSubmit', message='', errorCode=0), TradeLogEntry(time=datetime.datetime(2026, 2, 24, 16, 30, 55, 943120, tzinfo=datetime.timezone.utc), status='Submitted', message='', errorCode=0), TradeLogEntry(time=datetime.datetime(2026, 2, 24, 16, 30, 55, 984621, tzinfo=datetime.timezone.utc), status='Submitted', message='Fill 20000.0@1.17886', errorCode=0), TradeLogEntry(time=datetime.datetime(2026, 2, 24, 16, 30, 55, 984621, tzinfo=datetime.timezone.utc), status='Filled', message='', errorCode=0)], advancedError='')
2026-02-24 16:30:55,986 - INFO - commissionReport: CommissionReport(execId='0000e215.699d0c0e.01.01', commission=1.697, currency='EUR', realizedPNL=0.0, yield_=0.0, yieldRedemptionDate=0)
2026-02-24 16:30:55,986 - INFO - position: Position(account='DUM847254', contract=Forex('EURUSD', conId=12087792, localSymbol='EUR.USD', tradingClass='EUR.USD'), position=20000.0, avgCost=1.1791599474998176)
2026-02-24 16:30:56,070 - INFO - OPENED: BUY 20,000 EUR @ 1.17886 (slippage: 0.8 pips)
2026-02-24 16:30:56,071 - INFO - Entry price recorded: 1.17886
2026-02-24 16:35:57,352 - INFO - New bar: 2026-02-24 11:35:00-05:00 | O=1.17854 H=1.17875 L=1.17849 C=1.17874
2026-02-24 16:37:14,859 - INFO - Warning 2157, reqId -1: Sec-def data farm connection is broken:secdefnj
2026-02-24 16:37:39,942 - INFO - Warning 2103, reqId -1: Market data farm connection is broken:usfarm
2026-02-24 16:37:43,577 - INFO - Warning 2105, reqId -1: HMDS data farm connection is broken:cashhmds
2026-02-24 16:37:45,431 - INFO - Warning 2105, reqId -1: HMDS data farm connection is broken:ushmds
2026-02-24 16:37:57,432 - WARNING - reqHistoricalData: Timeout for Forex('EURUSD', conId=12087792, exchange='IDEALPRO', localSymbol='EUR.USD', tradingClass='EUR.USD')
2026-02-24 16:37:57,432 - WARNING - No bar data returned
2026-02-24 16:37:57,441 - ERROR - Error 366, reqId 5224: No historical data query found for ticker id:5224, contract: Forex('EURUSD', conId=12087792, exchange='IDEALPRO', localSymbol='EUR.USD', tradingClass='EUR.USD')
2026-02-24 16:38:35,259 - INFO - Warning 2104, reqId -1: Market data farm connection is OK:usfarm
2026-02-24 16:38:44,227 - INFO - Warning 2106, reqId -1: HMDS data farm connection is OK:ushmds
2026-02-24 16:38:46,688 - INFO - Warning 2106, reqId -1: HMDS data farm connection is OK:cashhmds
2026-02-24 16:39:25,387 - INFO - Warning 2158, reqId -1: Sec-def data farm connection is OK:secdefnj
2026-02-24 16:40:58,093 - INFO - New bar: 2026-02-24 11:40:00-05:00 | O=1.17860 H=1.17870 L=1.17854 C=1.17866
2026-02-24 16:41:58,369 - INFO - Waiting for new bar... (last: 2026-02-24 11:40:00-05:00, price: 1.17879)
2026-02-24 16:45:59,396 - INFO - New bar: 2026-02-24 11:45:00-05:00 | O=1.17881 H=1.17890 L=1.17868 C=1.17874
2026-02-24 16:46:59,729 - INFO - Waiting for new bar... (last: 2026-02-24 11:45:00-05:00, price: 1.17883)
2026-02-24 16:51:00,716 - INFO - New bar: 2026-02-24 11:50:00-05:00 | O=1.17854 H=1.17874 L=1.17851 C=1.17868
2026-02-24 16:52:01,080 - INFO - Waiting for new bar... (last: 2026-02-24 11:50:00-05:00, price: 1.17874)
2026-02-24 16:56:02,076 - INFO - New bar: 2026-02-24 11:55:00-05:00 | O=1.17877 H=1.17878 L=1.17868 C=1.17870
2026-02-24 16:57:02,355 - INFO - Waiting for new bar... (last: 2026-02-24 11:55:00-05:00, price: 1.17875)
2026-02-24 17:01:03,391 - INFO - New bar: 2026-02-24 12:00:00-05:00 | O=1.17881 H=1.17889 L=1.17867 C=1.17874
2026-02-24 17:02:03,667 - INFO - Waiting for new bar... (last: 2026-02-24 12:00:00-05:00, price: 1.17872)
2026-02-24 17:06:04,668 - INFO - New bar: 2026-02-24 12:05:00-05:00 | O=1.17879 H=1.17880 L=1.17871 C=1.17878
2026-02-24 17:07:04,886 - INFO - Waiting for new bar... (last: 2026-02-24 12:05:00-05:00, price: 1.17874)
2026-02-24 17:10:05,611 - INFO - New bar: 2026-02-24 12:10:00-05:00 | O=1.17867 H=1.17870 L=1.17867 C=1.17868
2026-02-24 17:12:06,119 - INFO - Waiting for new bar... (last: 2026-02-24 12:10:00-05:00, price: 1.17870)
2026-02-24 17:15:06,852 - INFO - New bar: 2026-02-24 12:15:00-05:00 | O=1.17876 H=1.17881 L=1.17876 C=1.17881
2026-02-24 17:17:07,407 - INFO - Waiting for new bar... (last: 2026-02-24 12:15:00-05:00, price: 1.17868)
2026-02-24 17:20:08,280 - INFO - New bar: 2026-02-24 12:20:00-05:00 | O=1.17858 H=1.17859 L=1.17858 C=1.17858
2026-02-24 17:22:08,811 - INFO - Waiting for new bar... (last: 2026-02-24 12:20:00-05:00, price: 1.17850)
2026-02-24 17:25:09,551 - INFO - New bar: 2026-02-24 12:25:00-05:00 | O=1.17834 H=1.17835 L=1.17833 C=1.17835
2026-02-24 17:27:10,061 - INFO - Waiting for new bar... (last: 2026-02-24 12:25:00-05:00, price: 1.17833)
2026-02-24 17:30:10,787 - INFO - New bar: 2026-02-24 12:30:00-05:00 | O=1.17830 H=1.17830 L=1.17829 C=1.17829
2026-02-24 17:32:11,265 - INFO - Waiting for new bar... (last: 2026-02-24 12:30:00-05:00, price: 1.17826)
2026-02-24 17:35:12,508 - INFO - New bar: 2026-02-24 12:35:00-05:00 | O=1.17837 H=1.17840 L=1.17836 C=1.17839
2026-02-24 17:37:12,989 - INFO - Waiting for new bar... (last: 2026-02-24 12:35:00-05:00, price: 1.17836)
2026-02-24 17:40:13,715 - INFO - New bar: 2026-02-24 12:40:00-05:00 | O=1.17850 H=1.17854 L=1.17850 C=1.17851
2026-02-24 17:42:14,231 - INFO - Waiting for new bar... (last: 2026-02-24 12:40:00-05:00, price: 1.17863)
2026-02-24 17:45:14,952 - INFO - New bar: 2026-02-24 12:45:00-05:00 | O=1.17867 H=1.17867 L=1.17866 C=1.17867
2026-02-24 17:47:15,420 - INFO - Waiting for new bar... (last: 2026-02-24 12:45:00-05:00, price: 1.17870)
2026-02-24 17:50:16,146 - INFO - New bar: 2026-02-24 12:50:00-05:00 | O=1.17859 H=1.17861 L=1.17859 C=1.17860
2026-02-24 17:52:16,627 - INFO - Waiting for new bar... (last: 2026-02-24 12:50:00-05:00, price: 1.17859)
2026-02-24 17:55:17,360 - INFO - New bar: 2026-02-24 12:55:00-05:00 | O=1.17867 H=1.17867 L=1.17864 C=1.17864
2026-02-24 17:57:17,876 - INFO - Waiting for new bar... (last: 2026-02-24 12:55:00-05:00, price: 1.17867)
2026-02-24 18:00:18,614 - INFO - New bar: 2026-02-24 13:00:00-05:00 | O=1.17856 H=1.17864 L=1.17854 C=1.17864
2026-02-24 18:02:19,096 - INFO - Waiting for new bar... (last: 2026-02-24 13:00:00-05:00, price: 1.17864)
2026-02-24 18:05:20,096 - INFO - New bar: 2026-02-24 13:05:00-05:00 | O=1.17828 H=1.17829 L=1.17820 C=1.17823
2026-02-24 18:07:20,577 - INFO - Waiting for new bar... (last: 2026-02-24 13:05:00-05:00, price: 1.17826)
2026-02-24 18:10:21,313 - INFO - New bar: 2026-02-24 13:10:00-05:00 | O=1.17813 H=1.17815 L=1.17809 C=1.17809
2026-02-24 18:12:21,834 - INFO - Waiting for new bar... (last: 2026-02-24 13:10:00-05:00, price: 1.17826)
2026-02-24 18:15:22,568 - INFO - New bar: 2026-02-24 13:15:00-05:00 | O=1.17833 H=1.17834 L=1.17833 C=1.17833
2026-02-24 18:17:23,059 - INFO - Waiting for new bar... (last: 2026-02-24 13:15:00-05:00, price: 1.17820)
2026-02-24 18:20:23,797 - INFO - New bar: 2026-02-24 13:20:00-05:00 | O=1.17823 H=1.17824 L=1.17823 C=1.17823
2026-02-24 18:22:24,288 - INFO - Waiting for new bar... (last: 2026-02-24 13:20:00-05:00, price: 1.17829)
2026-02-24 18:25:25,032 - INFO - New bar: 2026-02-24 13:25:00-05:00 | O=1.17829 H=1.17832 L=1.17829 C=1.17830
2026-02-24 18:27:25,551 - INFO - Waiting for new bar... (last: 2026-02-24 13:25:00-05:00, price: 1.17859)
2026-02-24 18:30:26,288 - INFO - New bar: 2026-02-24 13:30:00-05:00 | O=1.17842 H=1.17850 L=1.17842 C=1.17848
2026-02-24 18:32:26,790 - INFO - Waiting for new bar... (last: 2026-02-24 13:30:00-05:00, price: 1.17840)
2026-02-24 18:35:27,540 - INFO - New bar: 2026-02-24 13:35:00-05:00 | O=1.17807 H=1.17807 L=1.17802 C=1.17804
2026-02-24 18:37:28,022 - INFO - Waiting for new bar... (last: 2026-02-24 13:35:00-05:00, price: 1.17809)
2026-02-24 18:40:28,899 - INFO - New bar: 2026-02-24 13:40:00-05:00 | O=1.17814 H=1.17815 L=1.17810 C=1.17814
2026-02-24 18:42:29,418 - INFO - Waiting for new bar... (last: 2026-02-24 13:40:00-05:00, price: 1.17795)
2026-02-24 18:45:30,157 - INFO - New bar: 2026-02-24 13:45:00-05:00 | O=1.17789 H=1.17795 L=1.17789 C=1.17793
2026-02-24 18:47:30,657 - INFO - Waiting for new bar... (last: 2026-02-24 13:45:00-05:00, price: 1.17785)
2026-02-24 18:50:31,407 - INFO - New bar: 2026-02-24 13:50:00-05:00 | O=1.17789 H=1.17798 L=1.17789 C=1.17795
2026-02-24 18:52:31,902 - INFO - Waiting for new bar... (last: 2026-02-24 13:50:00-05:00, price: 1.17807)
2026-02-24 18:55:32,647 - INFO - New bar: 2026-02-24 13:55:00-05:00 | O=1.17805 H=1.17806 L=1.17802 C=1.17805
2026-02-24 18:57:33,147 - INFO - Waiting for new bar... (last: 2026-02-24 13:55:00-05:00, price: 1.17787)
2026-02-24 19:00:33,879 - INFO - New bar: 2026-02-24 14:00:00-05:00 | O=1.17786 H=1.17786 L=1.17777 C=1.17778
2026-02-24 19:02:34,382 - INFO - Waiting for new bar... (last: 2026-02-24 14:00:00-05:00, price: 1.17769)
2026-02-24 19:05:35,127 - INFO - New bar: 2026-02-24 14:05:00-05:00 | O=1.17789 H=1.17789 L=1.17788 C=1.17789
2026-02-24 19:07:35,807 - INFO - Waiting for new bar... (last: 2026-02-24 14:05:00-05:00, price: 1.17792)
2026-02-24 19:10:36,586 - INFO - New bar: 2026-02-24 14:10:00-05:00 | O=1.17791 H=1.17798 L=1.17789 C=1.17797
2026-02-24 19:12:37,095 - INFO - Waiting for new bar... (last: 2026-02-24 14:10:00-05:00, price: 1.17801)
2026-02-24 19:15:37,833 - INFO - New bar: 2026-02-24 14:15:00-05:00 | O=1.17810 H=1.17812 L=1.17809 C=1.17809
2026-02-24 19:17:38,332 - INFO - Waiting for new bar... (last: 2026-02-24 14:15:00-05:00, price: 1.17803)
2026-02-24 19:20:39,168 - INFO - New bar: 2026-02-24 14:20:00-05:00 | O=1.17795 H=1.17797 L=1.17792 C=1.17793
2026-02-24 19:22:39,684 - INFO - Waiting for new bar... (last: 2026-02-24 14:20:00-05:00, price: 1.17784)
2026-02-24 19:25:40,424 - INFO - New bar: 2026-02-24 14:25:00-05:00 | O=1.17771 H=1.17784 L=1.17771 C=1.17779
2026-02-24 19:27:40,938 - INFO - Waiting for new bar... (last: 2026-02-24 14:25:00-05:00, price: 1.17785)
2026-02-24 19:30:41,724 - INFO - New bar: 2026-02-24 14:30:00-05:00 | O=1.17813 H=1.17820 L=1.17812 C=1.17813
2026-02-24 19:32:42,222 - INFO - Waiting for new bar... (last: 2026-02-24 14:30:00-05:00, price: 1.17815)
2026-02-24 19:35:42,973 - INFO - New bar: 2026-02-24 14:35:00-05:00 | O=1.17814 H=1.17819 L=1.17810 C=1.17816
2026-02-24 19:37:43,471 - INFO - Waiting for new bar... (last: 2026-02-24 14:35:00-05:00, price: 1.17828)
2026-02-24 19:40:44,215 - INFO - New bar: 2026-02-24 14:40:00-05:00 | O=1.17829 H=1.17831 L=1.17829 C=1.17829
2026-02-24 19:42:44,735 - INFO - Waiting for new bar... (last: 2026-02-24 14:40:00-05:00, price: 1.17839)
2026-02-24 19:45:45,491 - INFO - New bar: 2026-02-24 14:45:00-05:00 | O=1.17823 H=1.17823 L=1.17819 C=1.17819
2026-02-24 19:47:45,991 - INFO - Waiting for new bar... (last: 2026-02-24 14:45:00-05:00, price: 1.17819)
2026-02-24 19:50:46,737 - INFO - New bar: 2026-02-24 14:50:00-05:00 | O=1.17809 H=1.17809 L=1.17807 C=1.17809
2026-02-24 19:52:47,248 - INFO - Waiting for new bar... (last: 2026-02-24 14:50:00-05:00, price: 1.17784)
2026-02-24 19:55:47,994 - INFO - New bar: 2026-02-24 14:55:00-05:00 | O=1.17788 H=1.17789 L=1.17779 C=1.17779
2026-02-24 19:57:55,227 - INFO - Waiting for new bar... (last: 2026-02-24 14:55:00-05:00, price: 1.17789)
2026-02-24 20:00:55,989 - INFO - New bar: 2026-02-24 15:00:00-05:00 | O=1.17789 H=1.17792 L=1.17788 C=1.17791
2026-02-24 20:02:56,506 - INFO - Waiting for new bar... (last: 2026-02-24 15:00:00-05:00, price: 1.17777)
2026-02-24 20:05:57,268 - INFO - New bar: 2026-02-24 15:05:00-05:00 | O=1.17768 H=1.17769 L=1.17762 C=1.17765
2026-02-24 20:05:57,277 - INFO - SELL Signal: SMA 1.17798 crossed below 1.17800, RSI 40.1, Momentum -0.000440
2026-02-24 20:05:57,281 - INFO - Checking EUR balance...
2026-02-24 20:05:57,281 - INFO - EUR balance: 1,002,225.10 EUR
2026-02-24 20:05:57,282 - INFO - Required minimum: 20,000.00 EUR
2026-02-24 20:05:57,282 - INFO - Status: Sufficient
2026-02-24 20:05:57,283 - INFO - placeOrder: New order Trade(contract=Forex('EURUSD', conId=12087792, exchange='IDEALPRO', localSymbol='EUR.USD', tradingClass='EUR.USD'), order=MarketOrder(orderId=5432, clientId=753, action='SELL', totalQuantity=20000, tif='GTC'), orderStatus=OrderStatus(orderId=5432, status='PendingSubmit', filled=0.0, remaining=0.0, avgFillPrice=0.0, permId=0, parentId=0, lastFillPrice=0.0, clientId=0, whyHeld='', mktCapPrice=0.0), fills=[], log=[TradeLogEntry(time=datetime.datetime(2026, 2, 24, 20, 5, 57, 282908, tzinfo=datetime.timezone.utc), status='PendingSubmit', message='', errorCode=0)], advancedError='')
2026-02-24 20:05:57,463 - INFO - orderStatus: Trade(contract=Forex('EURUSD', conId=12087792, exchange='IDEALPRO', localSymbol='EUR.USD', tradingClass='EUR.USD'), order=MarketOrder(orderId=5432, clientId=753, permId=1370691947, action='SELL', totalQuantity=20000.0, lmtPrice=0.0, auxPrice=0.0, tif='GTC'), orderStatus=OrderStatus(orderId=5432, status='PreSubmitted', filled=0.0, remaining=20000.0, avgFillPrice=0.0, permId=1370691947, parentId=0, lastFillPrice=0.0, clientId=753, whyHeld='', mktCapPrice=0.0), fills=[], log=[TradeLogEntry(time=datetime.datetime(2026, 2, 24, 20, 5, 57, 282908, tzinfo=datetime.timezone.utc), status='PendingSubmit', message='', errorCode=0), TradeLogEntry(time=datetime.datetime(2026, 2, 24, 20, 5, 57, 462652, tzinfo=datetime.timezone.utc), status='PreSubmitted', message='', errorCode=0)], advancedError='')
2026-02-24 20:05:57,504 - INFO - position: Position(account='DUM847254', contract=Forex('EURUSD', conId=12087792, localSymbol='EUR.USD', tradingClass='EUR.USD'), position=0.0, avgCost=1.1791599474998176)
2026-02-24 20:05:57,505 - INFO - execDetails Execution(execId='0000e215.699d1e6c.01.01', time=datetime.datetime(2026, 2, 24, 20, 5, 57, tzinfo=datetime.timezone.utc), acctNumber='DUM847254', exchange='IDEALPRO', side='SLD', shares=20000.0, price=1.17763, permId=1370691947, clientId=753, orderId=5432, liquidation=0, cumQty=20000.0, avgPrice=1.17763, orderRef='', evRule='', evMultiplier=0.0, modelCode='', lastLiquidity=2, pendingPriceRevision=False)
2026-02-24 20:05:57,505 - INFO - execDetails: Fill(contract=Forex('EURUSD', conId=12087792, exchange='IDEALPRO', localSymbol='EUR.USD', tradingClass='EUR.USD'), execution=Execution(execId='0000e215.699d1e6c.01.01', time=datetime.datetime(2026, 2, 24, 20, 5, 57, tzinfo=datetime.timezone.utc), acctNumber='DUM847254', exchange='IDEALPRO', side='SLD', shares=20000.0, price=1.17763, permId=1370691947, clientId=753, orderId=5432, liquidation=0, cumQty=20000.0, avgPrice=1.17763, orderRef='', evRule='', evMultiplier=0.0, modelCode='', lastLiquidity=2, pendingPriceRevision=False), commissionReport=CommissionReport(execId='', commission=0.0, currency='', realizedPNL=0.0, yield_=0.0, yieldRedemptionDate=0), time=datetime.datetime(2026, 2, 24, 20, 5, 57, 504659, tzinfo=datetime.timezone.utc))
2026-02-24 20:05:57,505 - INFO - orderStatus: Trade(contract=Forex('EURUSD', conId=12087792, exchange='IDEALPRO', localSymbol='EUR.USD', tradingClass='EUR.USD'), order=MarketOrder(orderId=5432, clientId=753, permId=1370691947, action='SELL', totalQuantity=20000.0, lmtPrice=0.0, auxPrice=0.0, tif='GTC'), orderStatus=OrderStatus(orderId=5432, status='Filled', filled=20000.0, remaining=0.0, avgFillPrice=1.17763, permId=1370691947, parentId=0, lastFillPrice=1.17763, clientId=753, whyHeld='', mktCapPrice=0.0), fills=[Fill(contract=Forex('EURUSD', conId=12087792, exchange='IDEALPRO', localSymbol='EUR.USD', tradingClass='EUR.USD'), execution=Execution(execId='0000e215.699d1e6c.01.01', time=datetime.datetime(2026, 2, 24, 20, 5, 57, tzinfo=datetime.timezone.utc), acctNumber='DUM847254', exchange='IDEALPRO', side='SLD', shares=20000.0, price=1.17763, permId=1370691947, clientId=753, orderId=5432, liquidation=0, cumQty=20000.0, avgPrice=1.17763, orderRef='', evRule='', evMultiplier=0.0, modelCode='', lastLiquidity=2, pendingPriceRevision=False), commissionReport=CommissionReport(execId='', commission=0.0, currency='', realizedPNL=0.0, yield_=0.0, yieldRedemptionDate=0), time=datetime.datetime(2026, 2, 24, 20, 5, 57, 504659, tzinfo=datetime.timezone.utc))], log=[TradeLogEntry(time=datetime.datetime(2026, 2, 24, 20, 5, 57, 282908, tzinfo=datetime.timezone.utc), status='PendingSubmit', message='', errorCode=0), TradeLogEntry(time=datetime.datetime(2026, 2, 24, 20, 5, 57, 462652, tzinfo=datetime.timezone.utc), status='PreSubmitted', message='', errorCode=0), TradeLogEntry(time=datetime.datetime(2026, 2, 24, 20, 5, 57, 504659, tzinfo=datetime.timezone.utc), status='PreSubmitted', message='Fill 20000.0@1.17763', errorCode=0), TradeLogEntry(time=datetime.datetime(2026, 2, 24, 20, 5, 57, 504659, tzinfo=datetime.timezone.utc), status='Filled', message='', errorCode=0)], advancedError='')
2026-02-24 20:05:57,506 - INFO - commissionReport: CommissionReport(execId='0000e215.699d1e6c.01.01', commission=1.697, currency='EUR', realizedPNL=0.0, yield_=0.0, yieldRedemptionDate=0)
2026-02-24 20:05:57,506 - INFO - position: Position(account='DUM847254', contract=Forex('EURUSD', conId=12087792, localSymbol='EUR.USD', tradingClass='EUR.USD'), position=0.0, avgCost=1.1791599474998176)
2026-02-24 20:05:57,786 - INFO - CLOSED: SELL 20,000 EUR @ 1.17763
2026-02-24 20:05:57,786 - INFO - P&L: EUR -24.29 (USD -28.60) | Gross: EUR -20.89 (USD -24.60), Costs: USD 4.00
2026-02-24 20:05:57,786 - INFO - Cumulative P&L: EUR -26.98
2026-02-24 20:05:58,787 - INFO - placeOrder: New order Trade(contract=Forex('EURUSD', conId=12087792, exchange='IDEALPRO', localSymbol='EUR.USD', tradingClass='EUR.USD'), order=MarketOrder(orderId=5433, clientId=753, action='SELL', totalQuantity=20000, tif='GTC'), orderStatus=OrderStatus(orderId=5433, status='PendingSubmit', filled=0.0, remaining=0.0, avgFillPrice=0.0, permId=0, parentId=0, lastFillPrice=0.0, clientId=0, whyHeld='', mktCapPrice=0.0), fills=[], log=[TradeLogEntry(time=datetime.datetime(2026, 2, 24, 20, 5, 58, 787447, tzinfo=datetime.timezone.utc), status='PendingSubmit', message='', errorCode=0)], advancedError='')
2026-02-24 20:05:58,928 - INFO - orderStatus: Trade(contract=Forex('EURUSD', conId=12087792, exchange='IDEALPRO', localSymbol='EUR.USD', tradingClass='EUR.USD'), order=MarketOrder(orderId=5433, clientId=753, permId=1370691948, action='SELL', totalQuantity=20000.0, lmtPrice=0.0, auxPrice=0.0, tif='GTC'), orderStatus=OrderStatus(orderId=5433, status='PreSubmitted', filled=0.0, remaining=20000.0, avgFillPrice=0.0, permId=1370691948, parentId=0, lastFillPrice=0.0, clientId=753, whyHeld='', mktCapPrice=0.0), fills=[], log=[TradeLogEntry(time=datetime.datetime(2026, 2, 24, 20, 5, 58, 787447, tzinfo=datetime.timezone.utc), status='PendingSubmit', message='', errorCode=0), TradeLogEntry(time=datetime.datetime(2026, 2, 24, 20, 5, 58, 927612, tzinfo=datetime.timezone.utc), status='PreSubmitted', message='', errorCode=0)], advancedError='')
2026-02-24 20:05:58,945 - INFO - position: Position(account='DUM847254', contract=Forex('EURUSD', conId=12087792, localSymbol='EUR.USD', tradingClass='EUR.USD'), position=-20000.0, avgCost=0.0)
2026-02-24 20:05:58,953 - INFO - execDetails Execution(execId='0000e215.699d1e6e.01.01', time=datetime.datetime(2026, 2, 24, 20, 5, 58, tzinfo=datetime.timezone.utc), acctNumber='DUM847254', exchange='IDEALPRO', side='SLD', shares=20000.0, price=1.17763, permId=1370691948, clientId=753, orderId=5433, liquidation=0, cumQty=20000.0, avgPrice=1.17763, orderRef='', evRule='', evMultiplier=0.0, modelCode='', lastLiquidity=2, pendingPriceRevision=False)
2026-02-24 20:05:58,954 - INFO - execDetails: Fill(contract=Forex('EURUSD', conId=12087792, exchange='IDEALPRO', localSymbol='EUR.USD', tradingClass='EUR.USD'), execution=Execution(execId='0000e215.699d1e6e.01.01', time=datetime.datetime(2026, 2, 24, 20, 5, 58, tzinfo=datetime.timezone.utc), acctNumber='DUM847254', exchange='IDEALPRO', side='SLD', shares=20000.0, price=1.17763, permId=1370691948, clientId=753, orderId=5433, liquidation=0, cumQty=20000.0, avgPrice=1.17763, orderRef='', evRule='', evMultiplier=0.0, modelCode='', lastLiquidity=2, pendingPriceRevision=False), commissionReport=CommissionReport(execId='', commission=0.0, currency='', realizedPNL=0.0, yield_=0.0, yieldRedemptionDate=0), time=datetime.datetime(2026, 2, 24, 20, 5, 58, 953661, tzinfo=datetime.timezone.utc))
2026-02-24 20:05:58,958 - INFO - orderStatus: Trade(contract=Forex('EURUSD', conId=12087792, exchange='IDEALPRO', localSymbol='EUR.USD', tradingClass='EUR.USD'), order=MarketOrder(orderId=5433, clientId=753, permId=1370691948, action='SELL', totalQuantity=20000.0, lmtPrice=0.0, auxPrice=0.0, tif='GTC'), orderStatus=OrderStatus(orderId=5433, status='Filled', filled=20000.0, remaining=0.0, avgFillPrice=1.17763, permId=1370691948, parentId=0, lastFillPrice=1.17763, clientId=753, whyHeld='', mktCapPrice=0.0), fills=[Fill(contract=Forex('EURUSD', conId=12087792, exchange='IDEALPRO', localSymbol='EUR.USD', tradingClass='EUR.USD'), execution=Execution(execId='0000e215.699d1e6e.01.01', time=datetime.datetime(2026, 2, 24, 20, 5, 58, tzinfo=datetime.timezone.utc), acctNumber='DUM847254', exchange='IDEALPRO', side='SLD', shares=20000.0, price=1.17763, permId=1370691948, clientId=753, orderId=5433, liquidation=0, cumQty=20000.0, avgPrice=1.17763, orderRef='', evRule='', evMultiplier=0.0, modelCode='', lastLiquidity=2, pendingPriceRevision=False), commissionReport=CommissionReport(execId='', commission=0.0, currency='', realizedPNL=0.0, yield_=0.0, yieldRedemptionDate=0), time=datetime.datetime(2026, 2, 24, 20, 5, 58, 953661, tzinfo=datetime.timezone.utc))], log=[TradeLogEntry(time=datetime.datetime(2026, 2, 24, 20, 5, 58, 787447, tzinfo=datetime.timezone.utc), status='PendingSubmit', message='', errorCode=0), TradeLogEntry(time=datetime.datetime(2026, 2, 24, 20, 5, 58, 927612, tzinfo=datetime.timezone.utc), status='PreSubmitted', message='', errorCode=0), TradeLogEntry(time=datetime.datetime(2026, 2, 24, 20, 5, 58, 953661, tzinfo=datetime.timezone.utc), status='PreSubmitted', message='Fill 20000.0@1.17763', errorCode=0), TradeLogEntry(time=datetime.datetime(2026, 2, 24, 20, 5, 58, 957754, tzinfo=datetime.timezone.utc), status='Filled', message='', errorCode=0)], advancedError='')
2026-02-24 20:05:58,971 - INFO - commissionReport: CommissionReport(execId='0000e215.699d1e6e.01.01', commission=1.697, currency='EUR', realizedPNL=0.0, yield_=0.0, yieldRedemptionDate=0)
2026-02-24 20:05:58,974 - INFO - position: Position(account='DUM847254', contract=Forex('EURUSD', conId=12087792, localSymbol='EUR.USD', tradingClass='EUR.USD'), position=-20000.0, avgCost=0.0)
2026-02-24 20:05:59,288 - INFO - OPENED: SELL 20,000 EUR @ 1.17763 (slippage: 0.2 pips)
2026-02-24 20:05:59,288 - INFO - Entry price recorded: 1.17763
2026-02-24 20:07:59,904 - INFO - Waiting for new bar... (last: 2026-02-24 15:05:00-05:00, price: 1.17765)
2026-02-24 20:11:00,765 - INFO - New bar: 2026-02-24 15:10:00-05:00 | O=1.17779 H=1.17782 L=1.17776 C=1.17780
2026-02-24 20:13:01,422 - INFO - Waiting for new bar... (last: 2026-02-24 15:10:00-05:00, price: 1.17780)
2026-02-24 20:16:02,140 - INFO - New bar: 2026-02-24 15:15:00-05:00 | O=1.17779 H=1.17779 L=1.17763 C=1.17765
2026-02-24 20:18:02,604 - INFO - Waiting for new bar... (last: 2026-02-24 15:15:00-05:00, price: 1.17766)
2026-02-24 20:21:03,329 - INFO - New bar: 2026-02-24 15:20:00-05:00 | O=1.17773 H=1.17779 L=1.17772 C=1.17773
2026-02-24 20:23:03,843 - INFO - Waiting for new bar... (last: 2026-02-24 15:20:00-05:00, price: 1.17782)
2026-02-24 20:26:04,551 - INFO - New bar: 2026-02-24 15:25:00-05:00 | O=1.17783 H=1.17789 L=1.17780 C=1.17789
2026-02-24 20:28:05,029 - INFO - Waiting for new bar... (last: 2026-02-24 15:25:00-05:00, price: 1.17799)
2026-02-24 20:30:05,537 - INFO - New bar: 2026-02-24 15:30:00-05:00 | O=1.17782 H=1.17784 L=1.17782 C=1.17784
2026-02-24 20:33:06,265 - INFO - Waiting for new bar... (last: 2026-02-24 15:30:00-05:00, price: 1.17794)
2026-02-24 20:35:06,772 - INFO - New bar: 2026-02-24 15:35:00-05:00 | O=1.17799 H=1.17799 L=1.17799 C=1.17799
2026-02-24 20:38:07,490 - INFO - Waiting for new bar... (last: 2026-02-24 15:35:00-05:00, price: 1.17823)
2026-02-24 20:40:07,964 - INFO - New bar: 2026-02-24 15:40:00-05:00 | O=1.17827 H=1.17827 L=1.17819 C=1.17819
2026-02-24 20:43:08,679 - INFO - Waiting for new bar... (last: 2026-02-24 15:40:00-05:00, price: 1.17824)
2026-02-24 20:45:09,154 - INFO - New bar: 2026-02-24 15:45:00-05:00 | O=1.17824 H=1.17824 L=1.17819 C=1.17819
2026-02-24 20:48:09,957 - INFO - Waiting for new bar... (last: 2026-02-24 15:45:00-05:00, price: 1.17824)
2026-02-24 20:50:10,555 - INFO - New bar: 2026-02-24 15:50:00-05:00 | O=1.17814 H=1.17817 L=1.17814 C=1.17815
2026-02-24 20:53:11,299 - INFO - Waiting for new bar... (last: 2026-02-24 15:50:00-05:00, price: 1.17799)
2026-02-24 20:55:11,759 - INFO - New bar: 2026-02-24 15:55:00-05:00 | O=1.17778 H=1.17779 L=1.17774 C=1.17774
2026-02-24 20:58:12,491 - INFO - Waiting for new bar... (last: 2026-02-24 15:55:00-05:00, price: 1.17767)
2026-02-24 21:00:12,951 - INFO - New bar: 2026-02-24 16:00:00-05:00 | O=1.17753 H=1.17754 L=1.17753 C=1.17754
2026-02-24 21:03:13,684 - INFO - Waiting for new bar... (last: 2026-02-24 16:00:00-05:00, price: 1.17765)
2026-02-24 21:05:14,196 - INFO - New bar: 2026-02-24 16:05:00-05:00 | O=1.17759 H=1.17761 L=1.17755 C=1.17755
2026-02-24 21:08:14,926 - INFO - Waiting for new bar... (last: 2026-02-24 16:05:00-05:00, price: 1.17752)
2026-02-24 21:10:15,414 - INFO - New bar: 2026-02-24 16:10:00-05:00 | O=1.17759 H=1.17759 L=1.17759 C=1.17759
2026-02-24 21:13:16,148 - INFO - Waiting for new bar... (last: 2026-02-24 16:10:00-05:00, price: 1.17745)
2026-02-24 21:15:16,612 - INFO - New bar: 2026-02-24 16:15:00-05:00 | O=1.17748 H=1.17753 L=1.17748 C=1.17752
2026-02-24 21:18:17,338 - INFO - Waiting for new bar... (last: 2026-02-24 16:15:00-05:00, price: 1.17754)
2026-02-24 21:20:17,844 - INFO - New bar: 2026-02-24 16:20:00-05:00 | O=1.17758 H=1.17758 L=1.17753 C=1.17753
2026-02-24 21:23:18,580 - INFO - Waiting for new bar... (last: 2026-02-24 16:20:00-05:00, price: 1.17748)
2026-02-24 21:25:19,063 - INFO - New bar: 2026-02-24 16:25:00-05:00 | O=1.17746 H=1.17748 L=1.17745 C=1.17747
2026-02-24 21:28:19,791 - INFO - Waiting for new bar... (last: 2026-02-24 16:25:00-05:00, price: 1.17749)
2026-02-24 21:30:20,296 - INFO - New bar: 2026-02-24 16:30:00-05:00 | O=1.17756 H=1.17756 L=1.17755 C=1.17756
2026-02-24 21:33:21,118 - INFO - Waiting for new bar... (last: 2026-02-24 16:30:00-05:00, price: 1.17752)
2026-02-24 21:35:21,634 - INFO - New bar: 2026-02-24 16:35:00-05:00 | O=1.17745 H=1.17745 L=1.17745 C=1.17745
2026-02-24 21:38:22,377 - INFO - Waiting for new bar... (last: 2026-02-24 16:35:00-05:00, price: 1.17748)
2026-02-24 21:40:22,845 - INFO - New bar: 2026-02-24 16:40:00-05:00 | O=1.17749 H=1.17752 L=1.17749 C=1.17752
2026-02-24 21:43:23,590 - INFO - Waiting for new bar... (last: 2026-02-24 16:40:00-05:00, price: 1.17759)
2026-02-24 21:45:24,061 - INFO - New bar: 2026-02-24 16:45:00-05:00 | O=1.17760 H=1.17761 L=1.17752 C=1.17752
2026-02-24 21:48:24,795 - INFO - Waiting for new bar... (last: 2026-02-24 16:45:00-05:00, price: 1.17752)
2026-02-24 21:50:25,313 - INFO - New bar: 2026-02-24 16:50:00-05:00 | O=1.17756 H=1.17756 L=1.17752 C=1.17752
2026-02-24 21:53:26,078 - INFO - Waiting for new bar... (last: 2026-02-24 16:50:00-05:00, price: 1.17738)
2026-02-24 21:55:26,556 - INFO - New bar: 2026-02-24 16:55:00-05:00 | O=1.17739 H=1.17739 L=1.17737 C=1.17739
2026-02-24 21:58:27,292 - INFO - Waiting for new bar... (last: 2026-02-24 16:55:00-05:00, price: 1.17735)
2026-02-24 22:03:28,507 - INFO - Waiting for new bar... (last: 2026-02-24 16:55:00-05:00, price: 1.17725)
2026-02-24 22:08:50,051 - INFO - Waiting for new bar... (last: 2026-02-24 16:55:00-05:00, price: 1.17725)
2026-02-24 22:13:57,783 - INFO - Waiting for new bar... (last: 2026-02-24 16:55:00-05:00, price: 1.17725)
2026-02-24 22:15:58,412 - INFO - New bar: 2026-02-24 17:15:00-05:00 | O=1.17757 H=1.17758 L=1.17745 C=1.17749
2026-02-24 22:18:59,575 - INFO - Waiting for new bar... (last: 2026-02-24 17:15:00-05:00, price: 1.17753)
2026-02-24 22:21:00,234 - INFO - New bar: 2026-02-24 17:20:00-05:00 | O=1.17753 H=1.17753 L=1.17753 C=1.17753
2026-02-24 22:24:01,060 - INFO - Waiting for new bar... (last: 2026-02-24 17:20:00-05:00, price: 1.17754)
2026-02-24 22:26:08,247 - INFO - New bar: 2026-02-24 17:25:00-05:00 | O=1.17754 H=1.17754 L=1.17754 C=1.17754
2026-02-24 22:29:08,964 - INFO - Waiting for new bar... (last: 2026-02-24 17:25:00-05:00, price: 1.17725)
2026-02-24 22:30:09,172 - INFO - New bar: 2026-02-24 17:30:00-05:00 | O=1.17725 H=1.17725 L=1.17725 C=1.17725
2026-02-24 22:34:10,168 - INFO - Waiting for new bar... (last: 2026-02-24 17:30:00-05:00, price: 1.17741)
2026-02-24 22:35:10,430 - INFO - New bar: 2026-02-24 17:35:00-05:00 | O=1.17743 H=1.17743 L=1.17742 C=1.17743
2026-02-24 22:39:11,480 - INFO - Waiting for new bar... (last: 2026-02-24 17:35:00-05:00, price: 1.17757)
2026-02-24 22:40:11,816 - INFO - New bar: 2026-02-24 17:40:00-05:00 | O=1.17756 H=1.17756 L=1.17756 C=1.17756
2026-02-24 22:44:12,828 - INFO - Waiting for new bar... (last: 2026-02-24 17:40:00-05:00, price: 1.17755)
2026-02-24 22:45:13,036 - INFO - New bar: 2026-02-24 17:45:00-05:00 | O=1.17755 H=1.17755 L=1.17755 C=1.17755
2026-02-24 22:49:14,020 - INFO - Waiting for new bar... (last: 2026-02-24 17:45:00-05:00, price: 1.17744)
2026-02-24 22:50:14,276 - INFO - New bar: 2026-02-24 17:50:00-05:00 | O=1.17741 H=1.17742 L=1.17741 C=1.17742
2026-02-24 22:54:15,214 - INFO - Waiting for new bar... (last: 2026-02-24 17:50:00-05:00, price: 1.17739)
2026-02-24 22:55:15,468 - INFO - New bar: 2026-02-24 17:55:00-05:00 | O=1.17739 H=1.17739 L=1.17739 C=1.17739
2026-02-24 22:59:16,472 - INFO - Waiting for new bar... (last: 2026-02-24 17:55:00-05:00, price: 1.17741)
2026-02-24 23:00:16,688 - INFO - New bar: 2026-02-24 18:00:00-05:00 | O=1.17741 H=1.17742 L=1.17732 C=1.17735
2026-02-24 23:04:17,696 - INFO - Waiting for new bar... (last: 2026-02-24 18:00:00-05:00, price: 1.17729)
2026-02-24 23:05:17,952 - INFO - New bar: 2026-02-24 18:05:00-05:00 | O=1.17731 H=1.17731 L=1.17731 C=1.17731
2026-02-24 23:09:18,884 - INFO - Waiting for new bar... (last: 2026-02-24 18:05:00-05:00, price: 1.17739)
2026-02-24 23:10:19,136 - INFO - New bar: 2026-02-24 18:10:00-05:00 | O=1.17736 H=1.17741 L=1.17736 C=1.17741
2026-02-24 23:14:20,113 - INFO - Waiting for new bar... (last: 2026-02-24 18:10:00-05:00, price: 1.17741)
2026-02-24 23:15:20,330 - INFO - New bar: 2026-02-24 18:15:00-05:00 | O=1.17735 H=1.17742 L=1.17735 C=1.17739
2026-02-24 23:19:21,320 - INFO - Waiting for new bar... (last: 2026-02-24 18:15:00-05:00, price: 1.17736)
2026-02-24 23:20:21,581 - INFO - New bar: 2026-02-24 18:20:00-05:00 | O=1.17737 H=1.17737 L=1.17737 C=1.17737
2026-02-24 23:24:22,545 - INFO - Waiting for new bar... (last: 2026-02-24 18:20:00-05:00, price: 1.17729)
2026-02-24 23:25:22,799 - INFO - New bar: 2026-02-24 18:25:00-05:00 | O=1.17741 H=1.17741 L=1.17741 C=1.17741
2026-02-24 23:29:23,806 - INFO - Waiting for new bar... (last: 2026-02-24 18:25:00-05:00, price: 1.17745)
2026-02-24 23:30:24,023 - INFO - New bar: 2026-02-24 18:30:00-05:00 | O=1.17745 H=1.17748 L=1.17745 C=1.17748
2026-02-24 23:34:25,047 - INFO - Waiting for new bar... (last: 2026-02-24 18:30:00-05:00, price: 1.17748)
2026-02-24 23:35:25,302 - INFO - New bar: 2026-02-24 18:35:00-05:00 | O=1.17748 H=1.17749 L=1.17746 C=1.17746
2026-02-24 23:39:26,256 - INFO - Waiting for new bar... (last: 2026-02-24 18:35:00-05:00, price: 1.17745)
2026-02-24 23:40:26,519 - INFO - New bar: 2026-02-24 18:40:00-05:00 | O=1.17745 H=1.17745 L=1.17744 C=1.17745
2026-02-24 23:44:27,504 - INFO - Waiting for new bar... (last: 2026-02-24 18:40:00-05:00, price: 1.17748)
2026-02-24 23:45:00,610 - ERROR - Peer closed connection.
2026-02-24 23:45:27,531 - WARNING - Connection lost detected!
2026-02-24 23:45:27,531 - INFO - Attempting automatic reconnection...
2026-02-24 23:45:27,531 - WARNING - Open position exists but connection lost. Cannot close safely. Will retry after reconnect.
2026-02-24 23:45:27,531 - INFO - Reconnection attempt 1/10 (waiting 1s before trying)...
2026-02-24 23:45:28,533 - INFO - Connecting to localhost:4002 with clientId 753...
2026-02-24 23:45:28,534 - INFO - Connected
2026-02-24 23:45:28,706 - INFO - Logged on to server version 178
2026-02-24 23:45:28,932 - INFO - API connection ready
2026-02-24 23:45:28,972 - INFO - Warning 2104, reqId -1: Market data farm connection is OK:usfarm
2026-02-24 23:45:29,016 - INFO - Warning 2106, reqId -1: HMDS data farm connection is OK:ushmds
2026-02-24 23:45:29,016 - INFO - position: Position(account='DUM847254', contract=Forex('EURUSD', conId=12087792, localSymbol='EUR.USD', tradingClass='EUR.USD'), position=0.0, avgCost=0.0)
2026-02-24 23:45:29,017 - INFO - Warning 2158, reqId -1: Sec-def data farm connection is OK:secdefnj
2026-02-24 23:45:30,181 - INFO - execDetails Execution(execId='0000e215.699cd364.01.01', time=datetime.datetime(2026, 2, 24, 0, 15, 46, tzinfo=datetime.timezone.utc), acctNumber='DUM847254', exchange='IDEALPRO', side='BOT', shares=20000.0, price=1.17926, permId=1370691945, clientId=753, orderId=4248, liquidation=0, cumQty=20000.0, avgPrice=1.17926, orderRef='', evRule='', evMultiplier=0.0, modelCode='', lastLiquidity=2, pendingPriceRevision=False)
2026-02-24 23:45:30,224 - INFO - execDetails Execution(execId='0000e215.699d0c0e.01.01', time=datetime.datetime(2026, 2, 24, 16, 30, 55, tzinfo=datetime.timezone.utc), acctNumber='DUM847254', exchange='IDEALPRO', side='BOT', shares=20000.0, price=1.17886, permId=1370691946, clientId=753, orderId=5218, liquidation=0, cumQty=20000.0, avgPrice=1.17886, orderRef='', evRule='', evMultiplier=0.0, modelCode='', lastLiquidity=2, pendingPriceRevision=False)
2026-02-24 23:45:30,225 - INFO - execDetails Execution(execId='0000e215.699d1e6c.01.01', time=datetime.datetime(2026, 2, 24, 20, 5, 57, tzinfo=datetime.timezone.utc), acctNumber='DUM847254', exchange='IDEALPRO', side='SLD', shares=20000.0, price=1.17763, permId=1370691947, clientId=753, orderId=5432, liquidation=0, cumQty=20000.0, avgPrice=1.17763, orderRef='', evRule='', evMultiplier=0.0, modelCode='', lastLiquidity=2, pendingPriceRevision=False)
2026-02-24 23:45:30,225 - INFO - execDetails Execution(execId='0000e215.699d1e6e.01.01', time=datetime.datetime(2026, 2, 24, 20, 5, 58, tzinfo=datetime.timezone.utc), acctNumber='DUM847254', exchange='IDEALPRO', side='SLD', shares=20000.0, price=1.17763, permId=1370691948, clientId=753, orderId=5433, liquidation=0, cumQty=20000.0, avgPrice=1.17763, orderRef='', evRule='', evMultiplier=0.0, modelCode='', lastLiquidity=2, pendingPriceRevision=False)
2026-02-24 23:45:30,225 - INFO - commissionReport: CommissionReport(execId='0000e215.699cd364.01.01', commission=1.697, currency='EUR', realizedPNL=0.0, yield_=0.0, yieldRedemptionDate=0)
2026-02-24 23:45:30,225 - INFO - commissionReport: CommissionReport(execId='0000e215.699d0c0e.01.01', commission=1.697, currency='EUR', realizedPNL=0.0, yield_=0.0, yieldRedemptionDate=0)
2026-02-24 23:45:30,225 - INFO - commissionReport: CommissionReport(execId='0000e215.699d1e6c.01.01', commission=1.697, currency='EUR', realizedPNL=0.0, yield_=0.0, yieldRedemptionDate=0)
2026-02-24 23:45:30,225 - INFO - commissionReport: CommissionReport(execId='0000e215.699d1e6e.01.01', commission=1.697, currency='EUR', realizedPNL=0.0, yield_=0.0, yieldRedemptionDate=0)
2026-02-24 23:45:30,225 - INFO - Synchronization complete
2026-02-24 23:45:30,225 - INFO - Reconnected successfully on attempt 1
2026-02-24 23:45:30,332 - INFO - Contract re-qualified: EUR (conId: 12087792)
2026-02-24 23:45:30,332 - INFO - Reconnected successfully.
2026-02-24 23:45:30,333 - INFO - Reconciling position state with IB...
2026-02-24 23:45:30,333 - WARNING - Position mismatch detected!
2026-02-24 23:45:30,333 - WARNING -   Bot thought: SHORT @ 1.1776
2026-02-24 23:45:30,333 - WARNING -   IB shows: FLAT (no position)
2026-02-24 23:45:30,333 - INFO - Updated bot state to match IB: FLAT
2026-02-24 23:45:30,333 - WARNING - Position closed by IB (reboot/reset). Estimated exit: 1.17745, P&L: EUR -0.25 (USD -0.30)
2026-02-24 23:45:30,333 - INFO - Reconciliation complete. Current state: FLAT
2026-02-24 23:45:30,333 - INFO - Position state verified. Resuming trading.
2026-02-24 23:45:38,935 - INFO - Warning 2106, reqId -1: HMDS data farm connection is OK:cashhmds
2026-02-24 23:45:39,228 - INFO - New bar: 2026-02-24 18:45:00-05:00 | O=1.17745 H=1.17751 L=1.17745 C=1.17751
2026-02-24 23:48:40,219 - INFO - Waiting for new bar... (last: 2026-02-24 18:45:00-05:00, price: 1.17758)
2026-02-24 23:50:40,762 - INFO - New bar: 2026-02-24 18:50:00-05:00 | O=1.17755 H=1.17755 L=1.17753 C=1.17753
2026-02-24 23:53:41,718 - INFO - Waiting for new bar... (last: 2026-02-24 18:50:00-05:00, price: 1.17752)
2026-02-24 23:55:42,264 - INFO - New bar: 2026-02-24 18:55:00-05:00 | O=1.17748 H=1.17748 L=1.17748 C=1.17748
2026-02-24 23:58:42,996 - INFO - Waiting for new bar... (last: 2026-02-24 18:55:00-05:00, price: 1.17739)
2026-02-25 00:00:43,548 - INFO - New bar: 2026-02-24 19:00:00-05:00 | O=1.17739 H=1.17755 L=1.17739 C=1.17755
2026-02-25 00:03:44,322 - INFO - Waiting for new bar... (last: 2026-02-24 19:00:00-05:00, price: 1.17749)
2026-02-25 00:05:44,932 - INFO - New bar: 2026-02-24 19:05:00-05:00 | O=1.17739 H=1.17740 L=1.17735 C=1.17735
2026-02-25 00:08:45,700 - INFO - Waiting for new bar... (last: 2026-02-24 19:05:00-05:00, price: 1.17745)
2026-02-25 00:10:46,176 - INFO - New bar: 2026-02-24 19:10:00-05:00 | O=1.17743 H=1.17745 L=1.17743 C=1.17744
2026-02-25 00:13:46,936 - INFO - Waiting for new bar... (last: 2026-02-24 19:10:00-05:00, price: 1.17771)
2026-02-25 00:15:47,403 - INFO - New bar: 2026-02-24 19:15:00-05:00 | O=1.17760 H=1.17761 L=1.17753 C=1.17759
2026-02-25 00:18:48,155 - INFO - Waiting for new bar... (last: 2026-02-24 19:15:00-05:00, price: 1.17768)
2026-02-25 00:20:48,755 - INFO - New bar: 2026-02-24 19:20:00-05:00 | O=1.17779 H=1.17779 L=1.17773 C=1.17776
2026-02-25 00:23:49,785 - INFO - Waiting for new bar... (last: 2026-02-24 19:20:00-05:00, price: 1.17773)
2026-02-25 00:25:50,290 - INFO - New bar: 2026-02-24 19:25:00-05:00 | O=1.17760 H=1.17763 L=1.17759 C=1.17763
2026-02-25 00:28:51,132 - INFO - Waiting for new bar... (last: 2026-02-24 19:25:00-05:00, price: 1.17769)
2026-02-25 00:30:51,639 - INFO - New bar: 2026-02-24 19:30:00-05:00 | O=1.17771 H=1.17779 L=1.17766 C=1.17776
2026-02-25 00:33:52,400 - INFO - Waiting for new bar... (last: 2026-02-24 19:30:00-05:00, price: 1.17768)
2026-02-25 00:35:52,918 - INFO - New bar: 2026-02-24 19:35:00-05:00 | O=1.17769 H=1.17773 L=1.17763 C=1.17765
2026-02-25 00:38:53,866 - INFO - Waiting for new bar... (last: 2026-02-24 19:35:00-05:00, price: 1.17789)
2026-02-25 00:40:54,394 - INFO - New bar: 2026-02-24 19:40:00-05:00 | O=1.17781 H=1.17783 L=1.17776 C=1.17780
2026-02-25 00:43:55,135 - INFO - Waiting for new bar... (last: 2026-02-24 19:40:00-05:00, price: 1.17778)
2026-02-25 00:45:55,708 - INFO - New bar: 2026-02-24 19:45:00-05:00 | O=1.17775 H=1.17775 L=1.17762 C=1.17764
2026-02-25 00:48:56,430 - INFO - Waiting for new bar... (last: 2026-02-24 19:45:00-05:00, price: 1.17763)
2026-02-25 00:50:57,028 - INFO - New bar: 2026-02-24 19:50:00-05:00 | O=1.17766 H=1.17777 L=1.17759 C=1.17759
2026-02-25 00:53:57,757 - INFO - Waiting for new bar... (last: 2026-02-24 19:50:00-05:00, price: 1.17765)
2026-02-25 00:55:58,303 - INFO - New bar: 2026-02-24 19:55:00-05:00 | O=1.17762 H=1.17767 L=1.17754 C=1.17759
2026-02-25 00:58:59,086 - INFO - Waiting for new bar... (last: 2026-02-24 19:55:00-05:00, price: 1.17795)
2026-02-25 01:00:59,671 - INFO - New bar: 2026-02-24 20:00:00-05:00 | O=1.17779 H=1.17784 L=1.17773 C=1.17774
2026-02-25 01:04:00,423 - INFO - Waiting for new bar... (last: 2026-02-24 20:00:00-05:00, price: 1.17779)
2026-02-25 01:06:00,870 - INFO - New bar: 2026-02-24 20:05:00-05:00 | O=1.17769 H=1.17779 L=1.17769 C=1.17772
2026-02-25 01:09:01,594 - INFO - Waiting for new bar... (last: 2026-02-24 20:05:00-05:00, price: 1.17775)
2026-02-25 01:11:02,272 - INFO - New bar: 2026-02-24 20:10:00-05:00 | O=1.17776 H=1.17776 L=1.17763 C=1.17771
2026-02-25 01:14:02,974 - INFO - Waiting for new bar... (last: 2026-02-24 20:10:00-05:00, price: 1.17779)
2026-02-25 01:16:03,531 - INFO - New bar: 2026-02-24 20:15:00-05:00 | O=1.17777 H=1.17801 L=1.17774 C=1.17795
2026-02-25 01:16:03,541 - INFO - BUY Signal: SMA 1.17766 crossed above 1.17766, RSI 62.8, Momentum 0.000310
2026-02-25 01:16:03,542 - INFO - Checking EUR balance...
2026-02-25 01:16:03,858 - INFO - EUR balance: 962,221.70 EUR
2026-02-25 01:16:03,858 - INFO - Required minimum: 20,000.00 EUR
2026-02-25 01:16:03,858 - INFO - Status: Sufficient
2026-02-25 01:16:03,859 - INFO - placeOrder: New order Trade(contract=Forex('EURUSD', conId=12087792, exchange='IDEALPRO', localSymbol='EUR.USD', tradingClass='EUR.USD'), order=MarketOrder(orderId=5529, clientId=753, action='BUY', totalQuantity=20000, tif='GTC'), orderStatus=OrderStatus(orderId=5529, status='PendingSubmit', filled=0.0, remaining=0.0, avgFillPrice=0.0, permId=0, parentId=0, lastFillPrice=0.0, clientId=0, whyHeld='', mktCapPrice=0.0), fills=[], log=[TradeLogEntry(time=datetime.datetime(2026, 2, 25, 1, 16, 3, 858761, tzinfo=datetime.timezone.utc), status='PendingSubmit', message='', errorCode=0)], advancedError='')
2026-02-25 01:16:04,773 - INFO - orderStatus: Trade(contract=Forex('EURUSD', conId=12087792, exchange='IDEALPRO', localSymbol='EUR.USD', tradingClass='EUR.USD'), order=MarketOrder(orderId=5529, clientId=753, permId=76662762, action='BUY', totalQuantity=20000.0, lmtPrice=0.0, auxPrice=0.0, tif='GTC'), orderStatus=OrderStatus(orderId=5529, status='PreSubmitted', filled=0.0, remaining=20000.0, avgFillPrice=0.0, permId=76662762, parentId=0, lastFillPrice=0.0, clientId=753, whyHeld='', mktCapPrice=0.0), fills=[], log=[TradeLogEntry(time=datetime.datetime(2026, 2, 25, 1, 16, 3, 858761, tzinfo=datetime.timezone.utc), status='PendingSubmit', message='', errorCode=0), TradeLogEntry(time=datetime.datetime(2026, 2, 25, 1, 16, 4, 772697, tzinfo=datetime.timezone.utc), status='PreSubmitted', message='', errorCode=0)], advancedError='')
2026-02-25 01:16:04,806 - INFO - position: Position(account='DUM847254', contract=Forex('EURUSD', conId=12087792, localSymbol='EUR.USD', tradingClass='EUR.USD'), position=20000.0, avgCost=1.1779)
2026-02-25 01:16:04,870 - INFO - execDetails Execution(execId='0000e215.699e2ea7.01.01', time=datetime.datetime(2026, 2, 25, 1, 16, 4, tzinfo=datetime.timezone.utc), acctNumber='DUM847254', exchange='IDEALPRO', side='BOT', shares=20000.0, price=1.1779, permId=76662762, clientId=753, orderId=5529, liquidation=0, cumQty=20000.0, avgPrice=1.1779, orderRef='', evRule='', evMultiplier=0.0, modelCode='', lastLiquidity=2, pendingPriceRevision=False)
2026-02-25 01:16:04,870 - INFO - execDetails: Fill(contract=Forex('EURUSD', conId=12087792, exchange='IDEALPRO', localSymbol='EUR.USD', tradingClass='EUR.USD'), execution=Execution(execId='0000e215.699e2ea7.01.01', time=datetime.datetime(2026, 2, 25, 1, 16, 4, tzinfo=datetime.timezone.utc), acctNumber='DUM847254', exchange='IDEALPRO', side='BOT', shares=20000.0, price=1.1779, permId=76662762, clientId=753, orderId=5529, liquidation=0, cumQty=20000.0, avgPrice=1.1779, orderRef='', evRule='', evMultiplier=0.0, modelCode='', lastLiquidity=2, pendingPriceRevision=False), commissionReport=CommissionReport(execId='', commission=0.0, currency='', realizedPNL=0.0, yield_=0.0, yieldRedemptionDate=0), time=datetime.datetime(2026, 2, 25, 1, 16, 4, 870396, tzinfo=datetime.timezone.utc))
2026-02-25 01:16:04,883 - INFO - orderStatus: Trade(contract=Forex('EURUSD', conId=12087792, exchange='IDEALPRO', localSymbol='EUR.USD', tradingClass='EUR.USD'), order=MarketOrder(orderId=5529, clientId=753, permId=76662762, action='BUY', totalQuantity=20000.0, lmtPrice=0.0, auxPrice=0.0, tif='GTC'), orderStatus=OrderStatus(orderId=5529, status='Filled', filled=20000.0, remaining=0.0, avgFillPrice=1.1779, permId=76662762, parentId=0, lastFillPrice=1.1779, clientId=753, whyHeld='', mktCapPrice=0.0), fills=[Fill(contract=Forex('EURUSD', conId=12087792, exchange='IDEALPRO', localSymbol='EUR.USD', tradingClass='EUR.USD'), execution=Execution(execId='0000e215.699e2ea7.01.01', time=datetime.datetime(2026, 2, 25, 1, 16, 4, tzinfo=datetime.timezone.utc), acctNumber='DUM847254', exchange='IDEALPRO', side='BOT', shares=20000.0, price=1.1779, permId=76662762, clientId=753, orderId=5529, liquidation=0, cumQty=20000.0, avgPrice=1.1779, orderRef='', evRule='', evMultiplier=0.0, modelCode='', lastLiquidity=2, pendingPriceRevision=False), commissionReport=CommissionReport(execId='', commission=0.0, currency='', realizedPNL=0.0, yield_=0.0, yieldRedemptionDate=0), time=datetime.datetime(2026, 2, 25, 1, 16, 4, 870396, tzinfo=datetime.timezone.utc))], log=[TradeLogEntry(time=datetime.datetime(2026, 2, 25, 1, 16, 3, 858761, tzinfo=datetime.timezone.utc), status='PendingSubmit', message='', errorCode=0), TradeLogEntry(time=datetime.datetime(2026, 2, 25, 1, 16, 4, 772697, tzinfo=datetime.timezone.utc), status='PreSubmitted', message='', errorCode=0), TradeLogEntry(time=datetime.datetime(2026, 2, 25, 1, 16, 4, 870396, tzinfo=datetime.timezone.utc), status='PreSubmitted', message='Fill 20000.0@1.1779', errorCode=0), TradeLogEntry(time=datetime.datetime(2026, 2, 25, 1, 16, 4, 882886, tzinfo=datetime.timezone.utc), status='Filled', message='', errorCode=0)], advancedError='')
2026-02-25 01:16:04,901 - INFO - commissionReport: CommissionReport(execId='0000e215.699e2ea7.01.01', commission=1.69884, currency='EUR', realizedPNL=0.0, yield_=0.0, yieldRedemptionDate=0)
2026-02-25 01:16:04,905 - INFO - position: Position(account='DUM847254', contract=Forex('EURUSD', conId=12087792, localSymbol='EUR.USD', tradingClass='EUR.USD'), position=20000.0, avgCost=1.1780000290576746)
2026-02-25 01:16:05,361 - INFO - OPENED: BUY 20,000 EUR @ 1.17790 (slippage: 0.5 pips)
2026-02-25 01:16:05,362 - INFO - Entry price recorded: 1.17790
2026-02-25 01:19:06,102 - INFO - Waiting for new bar... (last: 2026-02-24 20:15:00-05:00, price: 1.17799)
2026-02-25 01:20:06,344 - INFO - New bar: 2026-02-24 20:20:00-05:00 | O=1.17792 H=1.17792 L=1.17786 C=1.17786
2026-02-25 01:24:07,388 - INFO - Waiting for new bar... (last: 2026-02-24 20:20:00-05:00, price: 1.17780)
2026-02-25 01:25:07,595 - INFO - New bar: 2026-02-24 20:25:00-05:00 | O=1.17768 H=1.17776 L=1.17768 C=1.17776
2026-02-25 01:29:08,648 - INFO - Waiting for new bar... (last: 2026-02-24 20:25:00-05:00, price: 1.17780)
2026-02-25 01:30:08,927 - INFO - New bar: 2026-02-24 20:30:00-05:00 | O=1.17789 H=1.17791 L=1.17789 C=1.17791
2026-02-25 01:34:09,870 - INFO - Waiting for new bar... (last: 2026-02-24 20:30:00-05:00, price: 1.17811)
2026-02-25 01:35:10,156 - INFO - New bar: 2026-02-24 20:35:00-05:00 | O=1.17804 H=1.17810 L=1.17804 C=1.17810
2026-02-25 01:39:11,132 - INFO - Waiting for new bar... (last: 2026-02-24 20:35:00-05:00, price: 1.17793)
2026-02-25 01:40:11,337 - INFO - New bar: 2026-02-24 20:40:00-05:00 | O=1.17787 H=1.17789 L=1.17787 C=1.17788
2026-02-25 01:44:12,277 - INFO - Waiting for new bar... (last: 2026-02-24 20:40:00-05:00, price: 1.17793)
2026-02-25 01:45:12,528 - INFO - New bar: 2026-02-24 20:45:00-05:00 | O=1.17799 H=1.17799 L=1.17797 C=1.17797
2026-02-25 01:49:13,455 - INFO - Waiting for new bar... (last: 2026-02-24 20:45:00-05:00, price: 1.17786)
2026-02-25 01:50:13,699 - INFO - New bar: 2026-02-24 20:50:00-05:00 | O=1.17786 H=1.17786 L=1.17784 C=1.17784
2026-02-25 01:54:14,750 - INFO - Waiting for new bar... (last: 2026-02-24 20:50:00-05:00, price: 1.17780)
2026-02-25 01:55:14,958 - INFO - New bar: 2026-02-24 20:55:00-05:00 | O=1.17789 H=1.17792 L=1.17786 C=1.17786
2026-02-25 01:59:15,924 - INFO - Waiting for new bar... (last: 2026-02-24 20:55:00-05:00, price: 1.17780)
2026-02-25 02:00:16,173 - INFO - New bar: 2026-02-24 21:00:00-05:00 | O=1.17785 H=1.17788 L=1.17781 C=1.17784
2026-02-25 02:04:17,221 - INFO - Waiting for new bar... (last: 2026-02-24 21:00:00-05:00, price: 1.17785)
2026-02-25 02:05:17,450 - INFO - New bar: 2026-02-24 21:05:00-05:00 | O=1.17802 H=1.17802 L=1.17799 C=1.17799
2026-02-25 02:09:18,331 - INFO - Waiting for new bar... (last: 2026-02-24 21:05:00-05:00, price: 1.17822)
2026-02-25 02:10:18,533 - INFO - New bar: 2026-02-24 21:10:00-05:00 | O=1.17837 H=1.17838 L=1.17833 C=1.17833
2026-02-25 02:14:19,490 - INFO - Waiting for new bar... (last: 2026-02-24 21:10:00-05:00, price: 1.17837)
2026-02-25 02:15:19,754 - INFO - New bar: 2026-02-24 21:15:00-05:00 | O=1.17843 H=1.17844 L=1.17841 C=1.17841
2026-02-25 02:19:20,797 - INFO - Waiting for new bar... (last: 2026-02-24 21:15:00-05:00, price: 1.17841)
2026-02-25 02:20:21,040 - INFO - New bar: 2026-02-24 21:20:00-05:00 | O=1.17846 H=1.17847 L=1.17844 C=1.17846
2026-02-25 02:24:22,841 - INFO - Waiting for new bar... (last: 2026-02-24 21:20:00-05:00, price: 1.17824)
2026-02-25 02:25:23,046 - INFO - New bar: 2026-02-24 21:25:00-05:00 | O=1.17830 H=1.17832 L=1.17830 C=1.17832
2026-02-25 02:29:24,084 - INFO - Waiting for new bar... (last: 2026-02-24 21:25:00-05:00, price: 1.17843)
2026-02-25 02:30:24,329 - INFO - New bar: 2026-02-24 21:30:00-05:00 | O=1.17846 H=1.17850 L=1.17843 C=1.17844
2026-02-25 02:34:25,265 - INFO - Waiting for new bar... (last: 2026-02-24 21:30:00-05:00, price: 1.17866)
2026-02-25 02:35:25,495 - INFO - New bar: 2026-02-24 21:35:00-05:00 | O=1.17891 H=1.17897 L=1.17885 C=1.17892
2026-02-25 02:39:26,453 - INFO - Waiting for new bar... (last: 2026-02-24 21:35:00-05:00, price: 1.17881)
2026-02-25 02:40:26,662 - INFO - New bar: 2026-02-24 21:40:00-05:00 | O=1.17870 H=1.17870 L=1.17863 C=1.17864
2026-02-25 02:44:27,606 - INFO - Waiting for new bar... (last: 2026-02-24 21:40:00-05:00, price: 1.17887)
2026-02-25 02:45:27,851 - INFO - New bar: 2026-02-24 21:45:00-05:00 | O=1.17890 H=1.17891 L=1.17874 C=1.17882
2026-02-25 02:49:28,747 - INFO - Waiting for new bar... (last: 2026-02-24 21:45:00-05:00, price: 1.17895)
2026-02-25 02:50:28,982 - INFO - New bar: 2026-02-24 21:50:00-05:00 | O=1.17894 H=1.17895 L=1.17891 C=1.17894
2026-02-25 02:54:30,028 - INFO - Waiting for new bar... (last: 2026-02-24 21:50:00-05:00, price: 1.17935)
2026-02-25 02:55:30,248 - INFO - New bar: 2026-02-24 21:55:00-05:00 | O=1.17925 H=1.17930 L=1.17914 C=1.17914
2026-02-25 02:59:31,260 - INFO - Waiting for new bar... (last: 2026-02-24 21:55:00-05:00, price: 1.17914)
2026-02-25 03:00:31,506 - INFO - New bar: 2026-02-24 22:00:00-05:00 | O=1.17923 H=1.17937 L=1.17922 C=1.17937
2026-02-25 03:04:32,382 - INFO - Waiting for new bar... (last: 2026-02-24 22:00:00-05:00, price: 1.17909)
2026-02-25 03:05:32,632 - INFO - New bar: 2026-02-24 22:05:00-05:00 | O=1.17905 H=1.17906 L=1.17904 C=1.17905
2026-02-25 03:09:33,661 - INFO - Waiting for new bar... (last: 2026-02-24 22:05:00-05:00, price: 1.17915)
2026-02-25 03:10:33,879 - INFO - New bar: 2026-02-24 22:10:00-05:00 | O=1.17917 H=1.17917 L=1.17898 C=1.17898
2026-02-25 03:14:34,957 - INFO - Waiting for new bar... (last: 2026-02-24 22:10:00-05:00, price: 1.17872)
2026-02-25 03:15:35,186 - INFO - New bar: 2026-02-24 22:15:00-05:00 | O=1.17865 H=1.17876 L=1.17864 C=1.17866
2026-02-25 03:19:36,062 - INFO - Waiting for new bar... (last: 2026-02-24 22:15:00-05:00, price: 1.17884)
2026-02-25 03:20:36,312 - INFO - New bar: 2026-02-24 22:20:00-05:00 | O=1.17876 H=1.17884 L=1.17873 C=1.17882
2026-02-25 03:24:37,329 - INFO - Waiting for new bar... (last: 2026-02-24 22:20:00-05:00, price: 1.17875)
2026-02-25 03:25:37,537 - INFO - New bar: 2026-02-24 22:25:00-05:00 | O=1.17872 H=1.17878 L=1.17871 C=1.17876
2026-02-25 03:29:38,592 - INFO - Waiting for new bar... (last: 2026-02-24 22:25:00-05:00, price: 1.17874)
2026-02-25 03:30:38,824 - INFO - New bar: 2026-02-24 22:30:00-05:00 | O=1.17877 H=1.17881 L=1.17872 C=1.17880
2026-02-25 03:34:39,777 - INFO - Waiting for new bar... (last: 2026-02-24 22:30:00-05:00, price: 1.17891)
2026-02-25 03:35:40,012 - INFO - New bar: 2026-02-24 22:35:00-05:00 | O=1.17888 H=1.17894 L=1.17886 C=1.17889
2026-02-25 03:39:40,917 - INFO - Waiting for new bar... (last: 2026-02-24 22:35:00-05:00, price: 1.17906)
2026-02-25 03:40:41,136 - INFO - New bar: 2026-02-24 22:40:00-05:00 | O=1.17903 H=1.17911 L=1.17901 C=1.17905
2026-02-25 03:44:42,166 - INFO - Waiting for new bar... (last: 2026-02-24 22:40:00-05:00, price: 1.17904)
2026-02-25 03:45:42,424 - INFO - New bar: 2026-02-24 22:45:00-05:00 | O=1.17900 H=1.17900 L=1.17888 C=1.17888
2026-02-25 03:49:43,354 - INFO - Waiting for new bar... (last: 2026-02-24 22:45:00-05:00, price: 1.17894)
2026-02-25 03:50:43,566 - INFO - New bar: 2026-02-24 22:50:00-05:00 | O=1.17898 H=1.17898 L=1.17890 C=1.17890
2026-02-25 03:54:44,594 - INFO - Waiting for new bar... (last: 2026-02-24 22:50:00-05:00, price: 1.17907)
2026-02-25 03:55:44,855 - INFO - New bar: 2026-02-24 22:55:00-05:00 | O=1.17905 H=1.17905 L=1.17892 C=1.17892
2026-02-25 03:59:45,782 - INFO - Waiting for new bar... (last: 2026-02-24 22:55:00-05:00, price: 1.17901)
2026-02-25 04:00:46,016 - INFO - New bar: 2026-02-24 23:00:00-05:00 | O=1.17895 H=1.17907 L=1.17894 C=1.17904
2026-02-25 04:04:46,973 - INFO - Waiting for new bar... (last: 2026-02-24 23:00:00-05:00, price: 1.17916)
2026-02-25 04:05:47,187 - INFO - New bar: 2026-02-24 23:05:00-05:00 | O=1.17911 H=1.17911 L=1.17900 C=1.17900
2026-02-25 04:09:48,082 - INFO - Waiting for new bar... (last: 2026-02-24 23:05:00-05:00, price: 1.17903)
2026-02-25 04:10:48,326 - INFO - New bar: 2026-02-24 23:10:00-05:00 | O=1.17903 H=1.17904 L=1.17890 C=1.17891
2026-02-25 04:14:49,262 - INFO - Waiting for new bar... (last: 2026-02-24 23:10:00-05:00, price: 1.17885)
2026-02-25 04:15:49,458 - INFO - New bar: 2026-02-24 23:15:00-05:00 | O=1.17888 H=1.17890 L=1.17883 C=1.17884
2026-02-25 04:19:50,371 - INFO - Waiting for new bar... (last: 2026-02-24 23:15:00-05:00, price: 1.17894)
2026-02-25 04:20:50,622 - INFO - New bar: 2026-02-24 23:20:00-05:00 | O=1.17894 H=1.17894 L=1.17891 C=1.17893
2026-02-25 04:24:51,522 - INFO - Waiting for new bar... (last: 2026-02-24 23:20:00-05:00, price: 1.17915)
2026-02-25 04:25:51,832 - INFO - New bar: 2026-02-24 23:25:00-05:00 | O=1.17916 H=1.17926 L=1.17915 C=1.17925
2026-02-25 04:29:52,728 - INFO - Waiting for new bar... (last: 2026-02-24 23:25:00-05:00, price: 1.17930)
2026-02-25 04:30:52,934 - INFO - New bar: 2026-02-24 23:30:00-05:00 | O=1.17930 H=1.17932 L=1.17929 C=1.17931
2026-02-25 04:34:53,795 - INFO - Waiting for new bar... (last: 2026-02-24 23:30:00-05:00, price: 1.17931)
2026-02-25 04:35:54,026 - INFO - New bar: 2026-02-24 23:35:00-05:00 | O=1.17924 H=1.17927 L=1.17916 C=1.17925
2026-02-25 04:39:54,940 - INFO - Waiting for new bar... (last: 2026-02-24 23:35:00-05:00, price: 1.17928)
2026-02-25 04:40:55,192 - INFO - New bar: 2026-02-24 23:40:00-05:00 | O=1.17929 H=1.17935 L=1.17929 C=1.17935
2026-02-25 04:44:56,247 - INFO - Waiting for new bar... (last: 2026-02-24 23:40:00-05:00, price: 1.17932)
2026-02-25 04:45:17,822 - INFO - Warning 2157, reqId -1: Sec-def data farm connection is broken:secdefnj
2026-02-25 04:45:18,475 - INFO - Warning 2158, reqId -1: Sec-def data farm connection is OK:secdefnj
2026-02-25 04:45:56,447 - INFO - New bar: 2026-02-24 23:45:00-05:00 | O=1.17936 H=1.17942 L=1.17934 C=1.17936
2026-02-25 04:49:57,378 - INFO - Waiting for new bar... (last: 2026-02-24 23:45:00-05:00, price: 1.17931)
2026-02-25 04:50:57,632 - INFO - New bar: 2026-02-24 23:50:00-05:00 | O=1.17932 H=1.17940 L=1.17931 C=1.17939
2026-02-25 04:54:58,542 - INFO - Waiting for new bar... (last: 2026-02-24 23:50:00-05:00, price: 1.17945)
2026-02-25 04:55:58,790 - INFO - New bar: 2026-02-24 23:55:00-05:00 | O=1.17945 H=1.17948 L=1.17944 C=1.17948
2026-02-25 04:59:59,815 - INFO - Waiting for new bar... (last: 2026-02-24 23:55:00-05:00, price: 1.17949)
2026-02-25 05:00:05,615 - INFO - Warning 2105, reqId -1: HMDS data farm connection is broken:cashhmds
2026-02-25 05:00:06,234 - INFO - Warning 2106, reqId -1: HMDS data farm connection is OK:cashhmds
2026-02-25 05:01:00,144 - INFO - New bar: 2026-02-25 00:00:00-05:00 | O=1.17949 H=1.17955 L=1.17942 C=1.17955
2026-02-25 05:01:20,733 - INFO - Warning 2105, reqId -1: HMDS data farm connection is broken:ushmds
2026-02-25 05:01:21,372 - INFO - Warning 2106, reqId -1: HMDS data farm connection is OK:ushmds
2026-02-25 05:04:51,140 - INFO - Warning 2105, reqId -1: HMDS data farm connection is broken:cashhmds
2026-02-25 05:04:51,792 - INFO - Warning 2106, reqId -1: HMDS data farm connection is OK:cashhmds
2026-02-25 05:05:01,023 - INFO - Waiting for new bar... (last: 2026-02-25 00:00:00-05:00, price: 1.17965)
2026-02-25 05:06:01,276 - INFO - New bar: 2026-02-25 00:05:00-05:00 | O=1.17965 H=1.17973 L=1.17965 C=1.17972
2026-02-25 05:10:02,176 - INFO - Waiting for new bar... (last: 2026-02-25 00:05:00-05:00, price: 1.17971)
2026-02-25 05:11:02,418 - INFO - New bar: 2026-02-25 00:10:00-05:00 | O=1.17971 H=1.17972 L=1.17965 C=1.17965
2026-02-25 05:12:24,391 - INFO - Warning 2103, reqId -1: Market data farm connection is broken:usfarm
2026-02-25 05:12:25,887 - INFO - Warning 2104, reqId -1: Market data farm connection is OK:usfarm
2026-02-25 05:12:57,484 - INFO - Warning 2103, reqId -1: Market data farm connection is broken:usfarm
2026-02-25 05:12:58,565 - INFO - Warning 2104, reqId -1: Market data farm connection is OK:usfarm
2026-02-25 05:15:03,319 - INFO - Waiting for new bar... (last: 2026-02-25 00:10:00-05:00, price: 1.17972)
2026-02-25 05:16:03,533 - INFO - New bar: 2026-02-25 00:15:00-05:00 | O=1.17972 H=1.17976 L=1.17968 C=1.17972
2026-02-25 05:20:04,552 - INFO - Waiting for new bar... (last: 2026-02-25 00:15:00-05:00, price: 1.17977)
2026-02-25 05:21:04,788 - INFO - New bar: 2026-02-25 00:20:00-05:00 | O=1.17977 H=1.17978 L=1.17965 C=1.17965
2026-02-25 05:22:58,141 - INFO - Warning 2103, reqId -1: Market data farm connection is broken:usfarm
2026-02-25 05:22:59,321 - INFO - Warning 2104, reqId -1: Market data farm connection is OK:usfarm
2026-02-25 05:25:05,620 - INFO - Waiting for new bar... (last: 2026-02-25 00:20:00-05:00, price: 1.17965)
2026-02-25 05:26:05,845 - INFO - New bar: 2026-02-25 00:25:00-05:00 | O=1.17965 H=1.17975 L=1.17965 C=1.17974
2026-02-25 05:26:17,395 - ERROR - Error 1100, reqId -1: Connectivity between IBKR and Trader Workstation has been lost.
2026-02-25 05:26:18,057 - ERROR - Error 1100, reqId -1: Connectivity between IBKR and Trader Workstation has been lost.
2026-02-25 05:26:24,723 - ERROR - Error 1100, reqId -1: Connectivity between IBKR and Trader Workstation has been lost.
2026-02-25 05:26:30,235 - ERROR - Error 1100, reqId -1: Connectivity between IBKR and Trader Workstation has been lost.
2026-02-25 05:26:31,253 - ERROR - Error 1100, reqId -1: Connectivity between IBKR and Trader Workstation has been lost.
2026-02-25 05:26:39,279 - ERROR - Error 1100, reqId -1: Connectivity between IBKR and Trader Workstation has been lost.
2026-02-25 05:26:49,983 - ERROR - Error 1100, reqId -1: Connectivity between IBKR and Trader Workstation has been lost.
2026-02-25 05:26:57,883 - ERROR - Error 1100, reqId -1: Connectivity between IBKR and Trader Workstation has been lost.
2026-02-25 05:27:16,106 - ERROR - Error 1100, reqId -1: Connectivity between IBKR and Trader Workstation has been lost.
2026-02-25 05:27:30,920 - ERROR - Error 1100, reqId -1: Connectivity between IBKR and Trader Workstation has been lost.
2026-02-25 05:27:49,982 - ERROR - Error 1100, reqId -1: Connectivity between IBKR and Trader Workstation has been lost.
2026-02-25 05:28:05,874 - WARNING - reqHistoricalData: Timeout for Forex('EURUSD', conId=12087792, exchange='IDEALPRO', localSymbol='EUR.USD', tradingClass='EUR.USD')
2026-02-25 05:28:05,874 - WARNING - No bar data returned
2026-02-25 05:28:05,896 - ERROR - Error 366, reqId 5779: No historical data query found for ticker id:5779, contract: Forex('EURUSD', conId=12087792, exchange='IDEALPRO', localSymbol='EUR.USD', tradingClass='EUR.USD')
2026-02-25 05:28:19,481 - ERROR - Error 1100, reqId -1: Connectivity between IBKR and Trader Workstation has been lost.
2026-02-25 05:28:48,785 - INFO - position: Position(account='DUM847254', contract=Forex('EURUSD', conId=12087792, localSymbol='EUR.USD', tradingClass='EUR.USD'), position=0.0, avgCost=0.0)
2026-02-25 05:28:48,793 - INFO - position: Position(account='DUM847254', contract=Forex('EURUSD', conId=12087792, localSymbol='EUR.USD', tradingClass='EUR.USD'), position=0.0, avgCost=0.0)
2026-02-25 05:28:48,997 - ERROR - Error handling fields: ['10', '5436', 'EUR', 'CASH', '', '0', '', 'IDEALPRO', 'USD', 'EUR.USD', 'EUR.USD', 'EUR.USD', '12087792', '0.00005', '', 'ACTIVETIM,AD,ADJUST,ALERT,ALGO,ALLOC,AVGCOST,BASKET,BENCHPX,CASHQTY,COND,CONDORDER,DAY,DEACT,DEACTDIS,DEACTEOD,GAT,GTC,GTD,GTT,HID,IOC,LIT,LMT,MIT,MKT,NONALGO,OCA,REL,RELPCTOFS,SCALE,SCALERST,STP,STPLMT,TRAIL,TRAILLIT,TRAILLMT,TRAILMIT,WHATIF', 'IDEALPRO', '1', '0', 'European Monetary Union Euro', '', '', '', '', '', 'US/Eastern', '20260223:1715-20260224:1700;20260224:1715-20260225:1700;20260225:1715-20260226:1700;20260226:1715-20260227:1700;20260228:CLOSED;20260301:1715-20260302:1700', '20260223:1715-20260224:1700;20260224:1715-20260225:1700;20260225:1715-20260226:1700;20260226:1715-20260227:1700;20260228:CLOSED;20260301:1715-20260302:1700', '', '', '0', '4', '', '', '3188', '', '', '0.01', '0.01', '0.01']
Traceback (most recent call last):
  File "/usr/local/lib/python3.11/site-packages/ib_async/decoder.py", line 181, in interpret
    handler(fields)
  File "/usr/local/lib/python3.11/site-packages/ib_async/decoder.py", line 344, in contractDetails
    self.wrapper.contractDetails(int(reqId), cd)
  File "/usr/local/lib/python3.11/site-packages/ib_async/wrapper.py", line 874, in contractDetails
    self._results[reqId].append(contractDetails)
    ~~~~~~~~~~~~~^^^^^^^
KeyError: 5436
2026-02-25 05:28:49,005 - ERROR - Error 1102, reqId -1: Connectivity between IBKR and Trader Workstation has been restored - data maintained. All data farms are connected: usfarm; cashhmds; ushmds; secdefnj.
2026-02-25 05:28:49,005 - WARNING - Connectivity restored (Error 1102). Scheduling position reconciliation.
2026-02-25 05:29:05,891 - INFO - Running scheduled reconciliation after connectivity restore...
2026-02-25 05:29:05,891 - INFO - Reconciling position state with IB...
2026-02-25 05:29:05,891 - WARNING - Position mismatch detected!
2026-02-25 05:29:05,891 - WARNING -   Bot thought: LONG @ 1.1779
2026-02-25 05:29:05,891 - WARNING -   IB shows: FLAT (no position)
2026-02-25 05:29:05,891 - INFO - Updated bot state to match IB: FLAT
2026-02-25 05:29:05,892 - WARNING - Position closed by IB (reboot/reset). Estimated exit: 1.17974, P&L: EUR 27.80 (USD 32.80)
2026-02-25 05:29:05,892 - INFO - Reconciliation complete. Current state: FLAT
2026-02-25 05:30:06,328 - INFO - New bar: 2026-02-25 00:30:00-05:00 | O=1.17980 H=1.17981 L=1.17978 C=1.17980
2026-02-25 05:31:06,574 - INFO - Waiting for new bar... (last: 2026-02-25 00:30:00-05:00, price: 1.17986)
2026-02-25 05:35:07,455 - INFO - New bar: 2026-02-25 00:35:00-05:00 | O=1.17988 H=1.17988 L=1.17986 C=1.17986
2026-02-25 05:36:07,699 - INFO - Waiting for new bar... (last: 2026-02-25 00:35:00-05:00, price: 1.17999)
2026-02-25 05:40:08,602 - INFO - New bar: 2026-02-25 00:40:00-05:00 | O=1.18010 H=1.18010 L=1.18009 C=1.18010
2026-02-25 05:41:08,823 - INFO - Waiting for new bar... (last: 2026-02-25 00:40:00-05:00, price: 1.18023)
2026-02-25 05:45:09,692 - INFO - New bar: 2026-02-25 00:45:00-05:00 | O=1.18045 H=1.18047 L=1.18045 C=1.18047
2026-02-25 05:46:09,951 - INFO - Waiting for new bar... (last: 2026-02-25 00:45:00-05:00, price: 1.18033)
2026-02-25 05:50:10,827 - INFO - New bar: 2026-02-25 00:50:00-05:00 | O=1.18052 H=1.18052 L=1.18051 C=1.18051
2026-02-25 05:51:11,088 - INFO - Waiting for new bar... (last: 2026-02-25 00:50:00-05:00, price: 1.18038)
2026-02-25 05:55:12,103 - INFO - New bar: 2026-02-25 00:55:00-05:00 | O=1.18026 H=1.18026 L=1.18022 C=1.18023
2026-02-25 05:56:12,305 - INFO - Waiting for new bar... (last: 2026-02-25 00:55:00-05:00, price: 1.18009)
2026-02-25 06:00:13,239 - INFO - New bar: 2026-02-25 01:00:00-05:00 | O=1.18009 H=1.18017 L=1.18009 C=1.18011
2026-02-25 06:01:13,481 - INFO - Waiting for new bar... (last: 2026-02-25 01:00:00-05:00, price: 1.18005)
2026-02-25 06:05:14,378 - INFO - New bar: 2026-02-25 01:05:00-05:00 | O=1.17995 H=1.17996 L=1.17990 C=1.17990
2026-02-25 06:06:14,636 - INFO - Waiting for new bar... (last: 2026-02-25 01:05:00-05:00, price: 1.17991)
2026-02-25 06:10:15,575 - INFO - New bar: 2026-02-25 01:10:00-05:00 | O=1.17983 H=1.17986 L=1.17983 C=1.17986
2026-02-25 06:11:15,808 - INFO - Waiting for new bar... (last: 2026-02-25 01:10:00-05:00, price: 1.17980)
2026-02-25 06:15:16,712 - INFO - New bar: 2026-02-25 01:15:00-05:00 | O=1.18022 H=1.18022 L=1.18019 C=1.18020
2026-02-25 06:16:16,974 - INFO - Waiting for new bar... (last: 2026-02-25 01:15:00-05:00, price: 1.18020)
2026-02-25 06:20:17,873 - INFO - New bar: 2026-02-25 01:20:00-05:00 | O=1.18034 H=1.18034 L=1.18026 C=1.18026
2026-02-25 06:21:18,128 - INFO - Waiting for new bar... (last: 2026-02-25 01:20:00-05:00, price: 1.18037)
2026-02-25 06:25:19,030 - INFO - New bar: 2026-02-25 01:25:00-05:00 | O=1.18043 H=1.18044 L=1.18038 C=1.18038
2026-02-25 06:26:19,248 - INFO - Waiting for new bar... (last: 2026-02-25 01:25:00-05:00, price: 1.18026)
2026-02-25 06:30:20,165 - INFO - New bar: 2026-02-25 01:30:00-05:00 | O=1.18044 H=1.18047 L=1.18039 C=1.18039
2026-02-25 06:31:20,419 - INFO - Waiting for new bar... (last: 2026-02-25 01:30:00-05:00, price: 1.18046)
2026-02-25 06:35:21,363 - INFO - New bar: 2026-02-25 01:35:00-05:00 | O=1.18051 H=1.18052 L=1.18043 C=1.18051
2026-02-25 06:36:21,609 - INFO - Waiting for new bar... (last: 2026-02-25 01:35:00-05:00, price: 1.18044)
2026-02-25 06:40:22,594 - INFO - New bar: 2026-02-25 01:40:00-05:00 | O=1.18056 H=1.18056 L=1.18042 C=1.18042
2026-02-25 06:41:22,813 - INFO - Waiting for new bar... (last: 2026-02-25 01:40:00-05:00, price: 1.18041)
2026-02-25 06:45:23,782 - INFO - New bar: 2026-02-25 01:45:00-05:00 | O=1.18022 H=1.18026 L=1.18017 C=1.18026
2026-02-25 06:46:24,026 - INFO - Waiting for new bar... (last: 2026-02-25 01:45:00-05:00, price: 1.18025)
2026-02-25 06:50:24,968 - INFO - New bar: 2026-02-25 01:50:00-05:00 | O=1.18036 H=1.18044 L=1.18034 C=1.18043
2026-02-25 06:51:25,211 - INFO - Waiting for new bar... (last: 2026-02-25 01:50:00-05:00, price: 1.18051)
2026-02-25 06:55:26,147 - INFO - New bar: 2026-02-25 01:55:00-05:00 | O=1.18039 H=1.18039 L=1.18031 C=1.18031
2026-02-25 06:56:26,378 - INFO - Waiting for new bar... (last: 2026-02-25 01:55:00-05:00, price: 1.18041)
2026-02-25 07:00:27,314 - INFO - New bar: 2026-02-25 02:00:00-05:00 | O=1.18054 H=1.18055 L=1.18043 C=1.18043
2026-02-25 07:01:27,572 - INFO - Waiting for new bar... (last: 2026-02-25 02:00:00-05:00, price: 1.18066)
2026-02-25 07:05:28,547 - INFO - New bar: 2026-02-25 02:05:00-05:00 | O=1.18071 H=1.18071 L=1.18060 C=1.18065
2026-02-25 07:06:28,802 - INFO - Waiting for new bar... (last: 2026-02-25 02:05:00-05:00, price: 1.18067)
2026-02-25 07:10:29,691 - INFO - New bar: 2026-02-25 02:10:00-05:00 | O=1.18066 H=1.18072 L=1.18066 C=1.18072
2026-02-25 07:11:29,939 - INFO - Waiting for new bar... (last: 2026-02-25 02:10:00-05:00, price: 1.18061)
2026-02-25 07:15:30,840 - INFO - New bar: 2026-02-25 02:15:00-05:00 | O=1.18047 H=1.18057 L=1.18044 C=1.18047
2026-02-25 07:16:31,062 - INFO - Waiting for new bar... (last: 2026-02-25 02:15:00-05:00, price: 1.18033)
2026-02-25 07:20:31,994 - INFO - New bar: 2026-02-25 02:20:00-05:00 | O=1.18036 H=1.18036 L=1.18030 C=1.18032
2026-02-25 07:21:32,217 - INFO - Waiting for new bar... (last: 2026-02-25 02:20:00-05:00, price: 1.18036)
2026-02-25 07:25:33,149 - INFO - New bar: 2026-02-25 02:25:00-05:00 | O=1.18017 H=1.18021 L=1.18016 C=1.18020
2026-02-25 07:26:33,401 - INFO - Waiting for new bar... (last: 2026-02-25 02:25:00-05:00, price: 1.18006)
2026-02-25 07:30:34,293 - INFO - New bar: 2026-02-25 02:30:00-05:00 | O=1.18023 H=1.18023 L=1.18016 C=1.18018
2026-02-25 07:31:34,501 - INFO - Waiting for new bar... (last: 2026-02-25 02:30:00-05:00, price: 1.18018)
2026-02-25 07:35:35,396 - INFO - New bar: 2026-02-25 02:35:00-05:00 | O=1.18004 H=1.18005 L=1.17996 C=1.18003
2026-02-25 07:36:35,633 - INFO - Waiting for new bar... (last: 2026-02-25 02:35:00-05:00, price: 1.18015)
2026-02-25 07:40:36,498 - INFO - New bar: 2026-02-25 02:40:00-05:00 | O=1.18005 H=1.18007 L=1.18003 C=1.18006
2026-02-25 07:41:36,745 - INFO - Waiting for new bar... (last: 2026-02-25 02:40:00-05:00, price: 1.18015)
2026-02-25 07:45:37,661 - INFO - New bar: 2026-02-25 02:45:00-05:00 | O=1.18017 H=1.18019 L=1.18013 C=1.18018
2026-02-25 07:46:37,865 - INFO - Waiting for new bar... (last: 2026-02-25 02:45:00-05:00, price: 1.18025)
2026-02-25 07:50:38,765 - INFO - New bar: 2026-02-25 02:50:00-05:00 | O=1.18030 H=1.18044 L=1.18027 C=1.18043
2026-02-25 07:51:39,020 - INFO - Waiting for new bar... (last: 2026-02-25 02:50:00-05:00, price: 1.18054)
2026-02-25 07:55:39,878 - INFO - New bar: 2026-02-25 02:55:00-05:00 | O=1.18015 H=1.18019 L=1.18010 C=1.18014
2026-02-25 07:56:40,123 - INFO - Waiting for new bar... (last: 2026-02-25 02:55:00-05:00, price: 1.18012)
2026-02-25 08:00:41,062 - INFO - New bar: 2026-02-25 03:00:00-05:00 | O=1.17972 H=1.17990 L=1.17972 C=1.17985
2026-02-25 08:01:41,261 - INFO - Waiting for new bar... (last: 2026-02-25 03:00:00-05:00, price: 1.17982)
2026-02-25 08:05:42,172 - INFO - New bar: 2026-02-25 03:05:00-05:00 | O=1.17993 H=1.17999 L=1.17992 C=1.17995
2026-02-25 08:06:42,403 - INFO - Waiting for new bar... (last: 2026-02-25 03:05:00-05:00, price: 1.17986)
2026-02-25 08:10:43,268 - INFO - New bar: 2026-02-25 03:10:00-05:00 | O=1.17965 H=1.17973 L=1.17961 C=1.17971
2026-02-25 08:11:43,491 - INFO - Waiting for new bar... (last: 2026-02-25 03:10:00-05:00, price: 1.17959)
2026-02-25 08:15:44,483 - INFO - New bar: 2026-02-25 03:15:00-05:00 | O=1.17955 H=1.17963 L=1.17952 C=1.17959
2026-02-25 08:16:44,691 - INFO - Waiting for new bar... (last: 2026-02-25 03:15:00-05:00, price: 1.17975)
2026-02-25 08:20:45,634 - INFO - New bar: 2026-02-25 03:20:00-05:00 | O=1.17961 H=1.17962 L=1.17956 C=1.17961
2026-02-25 08:21:45,885 - INFO - Waiting for new bar... (last: 2026-02-25 03:20:00-05:00, price: 1.17948)
2026-02-25 08:25:46,763 - INFO - New bar: 2026-02-25 03:25:00-05:00 | O=1.17944 H=1.17947 L=1.17921 C=1.17931
2026-02-25 08:26:47,004 - INFO - Waiting for new bar... (last: 2026-02-25 03:25:00-05:00, price: 1.17932)
2026-02-25 08:30:47,915 - INFO - New bar: 2026-02-25 03:30:00-05:00 | O=1.17921 H=1.17928 L=1.17921 C=1.17921
2026-02-25 08:31:48,134 - INFO - Waiting for new bar... (last: 2026-02-25 03:30:00-05:00, price: 1.17908)
2026-02-25 08:35:49,031 - INFO - New bar: 2026-02-25 03:35:00-05:00 | O=1.17925 H=1.17931 L=1.17925 C=1.17928
2026-02-25 08:36:49,274 - INFO - Waiting for new bar... (last: 2026-02-25 03:35:00-05:00, price: 1.17945)
2026-02-25 08:40:50,130 - INFO - New bar: 2026-02-25 03:40:00-05:00 | O=1.17942 H=1.17945 L=1.17940 C=1.17942
2026-02-25 08:41:50,375 - INFO - Waiting for new bar... (last: 2026-02-25 03:40:00-05:00, price: 1.17936)
2026-02-25 08:45:51,274 - INFO - New bar: 2026-02-25 03:45:00-05:00 | O=1.17931 H=1.17946 L=1.17930 C=1.17945
2026-02-25 08:46:51,487 - INFO - Waiting for new bar... (last: 2026-02-25 03:45:00-05:00, price: 1.17930)
2026-02-25 08:50:52,433 - INFO - New bar: 2026-02-25 03:50:00-05:00 | O=1.17931 H=1.17931 L=1.17922 C=1.17927
2026-02-25 08:51:52,682 - INFO - Waiting for new bar... (last: 2026-02-25 03:50:00-05:00, price: 1.17933)
2026-02-25 08:55:53,581 - INFO - New bar: 2026-02-25 03:55:00-05:00 | O=1.17915 H=1.17916 L=1.17908 C=1.17909
2026-02-25 08:56:53,829 - INFO - Waiting for new bar... (last: 2026-02-25 03:55:00-05:00, price: 1.17907)
2026-02-25 09:00:54,814 - INFO - New bar: 2026-02-25 04:00:00-05:00 | O=1.17901 H=1.17901 L=1.17886 C=1.17886
2026-02-25 09:01:55,031 - INFO - Waiting for new bar... (last: 2026-02-25 04:00:00-05:00, price: 1.17895)
2026-02-25 09:05:55,949 - INFO - New bar: 2026-02-25 04:05:00-05:00 | O=1.17886 H=1.17894 L=1.17885 C=1.17891
2026-02-25 09:06:56,200 - INFO - Waiting for new bar... (last: 2026-02-25 04:05:00-05:00, price: 1.17890)
2026-02-25 09:10:57,086 - INFO - New bar: 2026-02-25 04:10:00-05:00 | O=1.17906 H=1.17915 L=1.17901 C=1.17912
2026-02-25 09:11:57,338 - INFO - Waiting for new bar... (last: 2026-02-25 04:10:00-05:00, price: 1.17904)
2026-02-25 09:15:58,247 - INFO - New bar: 2026-02-25 04:15:00-05:00 | O=1.17887 H=1.17887 L=1.17866 C=1.17867
2026-02-25 09:16:58,454 - INFO - Waiting for new bar... (last: 2026-02-25 04:15:00-05:00, price: 1.17867)
2026-02-25 09:20:59,353 - INFO - New bar: 2026-02-25 04:20:00-05:00 | O=1.17894 H=1.17917 L=1.17891 C=1.17915
2026-02-25 09:21:59,595 - INFO - Waiting for new bar... (last: 2026-02-25 04:20:00-05:00, price: 1.17904)
2026-02-25 09:26:00,496 - INFO - New bar: 2026-02-25 04:25:00-05:00 | O=1.17886 H=1.17888 L=1.17881 C=1.17885
2026-02-25 09:27:00,762 - INFO - Waiting for new bar... (last: 2026-02-25 04:25:00-05:00, price: 1.17894)
2026-02-25 09:31:01,712 - INFO - New bar: 2026-02-25 04:30:00-05:00 | O=1.17888 H=1.17894 L=1.17885 C=1.17890
2026-02-25 09:32:01,929 - INFO - Waiting for new bar... (last: 2026-02-25 04:30:00-05:00, price: 1.17881)
2026-02-25 09:36:02,876 - INFO - New bar: 2026-02-25 04:35:00-05:00 | O=1.17919 H=1.17920 L=1.17895 C=1.17897
2026-02-25 09:37:03,105 - INFO - Waiting for new bar... (last: 2026-02-25 04:35:00-05:00, price: 1.17888)
2026-02-25 09:41:04,047 - INFO - New bar: 2026-02-25 04:40:00-05:00 | O=1.17898 H=1.17898 L=1.17885 C=1.17886
2026-02-25 09:42:04,297 - INFO - Waiting for new bar... (last: 2026-02-25 04:40:00-05:00, price: 1.17891)
2026-02-25 09:46:05,270 - INFO - New bar: 2026-02-25 04:45:00-05:00 | O=1.17866 H=1.17881 L=1.17864 C=1.17881
2026-02-25 09:47:05,498 - INFO - Waiting for new bar... (last: 2026-02-25 04:45:00-05:00, price: 1.17868)
2026-02-25 09:50:06,173 - INFO - New bar: 2026-02-25 04:50:00-05:00 | O=1.17862 H=1.17863 L=1.17861 C=1.17863
2026-02-25 09:52:06,671 - INFO - Waiting for new bar... (last: 2026-02-25 04:50:00-05:00, price: 1.17876)
2026-02-25 09:55:07,340 - INFO - New bar: 2026-02-25 04:55:00-05:00 | O=1.17891 H=1.17893 L=1.17890 C=1.17891
2026-02-25 09:57:07,806 - INFO - Waiting for new bar... (last: 2026-02-25 04:55:00-05:00, price: 1.17859)
2026-02-25 10:00:08,514 - INFO - New bar: 2026-02-25 05:00:00-05:00 | O=1.17881 H=1.17881 L=1.17875 C=1.17875
2026-02-25 10:02:08,980 - INFO - Waiting for new bar... (last: 2026-02-25 05:00:00-05:00, price: 1.17854)
2026-02-25 10:05:09,666 - INFO - New bar: 2026-02-25 05:05:00-05:00 | O=1.17843 H=1.17843 L=1.17842 C=1.17842
2026-02-25 10:07:10,162 - INFO - Waiting for new bar... (last: 2026-02-25 05:05:00-05:00, price: 1.17849)
2026-02-25 10:10:10,862 - INFO - New bar: 2026-02-25 05:10:00-05:00 | O=1.17853 H=1.17853 L=1.17850 C=1.17853
2026-02-25 10:12:11,329 - INFO - Waiting for new bar... (last: 2026-02-25 05:10:00-05:00, price: 1.17870)
2026-02-25 10:15:12,041 - INFO - New bar: 2026-02-25 05:15:00-05:00 | O=1.17864 H=1.17864 L=1.17860 C=1.17860
2026-02-25 10:17:12,517 - INFO - Waiting for new bar... (last: 2026-02-25 05:15:00-05:00, price: 1.17855)
2026-02-25 10:20:13,186 - INFO - New bar: 2026-02-25 05:20:00-05:00 | O=1.17870 H=1.17871 L=1.17869 C=1.17870
2026-02-25 10:22:13,643 - INFO - Waiting for new bar... (last: 2026-02-25 05:20:00-05:00, price: 1.17855)
2026-02-25 10:25:14,350 - INFO - New bar: 2026-02-25 05:25:00-05:00 | O=1.17858 H=1.17862 L=1.17854 C=1.17860
2026-02-25 10:27:14,834 - INFO - Waiting for new bar... (last: 2026-02-25 05:25:00-05:00, price: 1.17859)
2026-02-25 10:30:15,668 - INFO - New bar: 2026-02-25 05:30:00-05:00 | O=1.17843 H=1.17844 L=1.17827 C=1.17830
2026-02-25 10:32:16,094 - INFO - Waiting for new bar... (last: 2026-02-25 05:30:00-05:00, price: 1.17832)
2026-02-25 10:35:16,758 - INFO - New bar: 2026-02-25 05:35:00-05:00 | O=1.17823 H=1.17832 L=1.17823 C=1.17832
2026-02-25 10:37:17,232 - INFO - Waiting for new bar... (last: 2026-02-25 05:35:00-05:00, price: 1.17809)
2026-02-25 10:40:17,949 - INFO - New bar: 2026-02-25 05:40:00-05:00 | O=1.17807 H=1.17813 L=1.17807 C=1.17811
2026-02-25 10:42:18,418 - INFO - Waiting for new bar... (last: 2026-02-25 05:40:00-05:00, price: 1.17818)
2026-02-25 10:45:19,117 - INFO - New bar: 2026-02-25 05:45:00-05:00 | O=1.17816 H=1.17816 L=1.17816 C=1.17816
2026-02-25 10:47:19,568 - INFO - Waiting for new bar... (last: 2026-02-25 05:45:00-05:00, price: 1.17818)
2026-02-25 10:50:20,263 - INFO - New bar: 2026-02-25 05:50:00-05:00 | O=1.17812 H=1.17812 L=1.17799 C=1.17811
2026-02-25 10:52:20,733 - INFO - Waiting for new bar... (last: 2026-02-25 05:50:00-05:00, price: 1.17810)
2026-02-25 10:55:21,470 - INFO - New bar: 2026-02-25 05:55:00-05:00 | O=1.17817 H=1.17818 L=1.17812 C=1.17812
2026-02-25 10:57:21,971 - INFO - Waiting for new bar... (last: 2026-02-25 05:55:00-05:00, price: 1.17803)
2026-02-25 11:00:22,672 - INFO - New bar: 2026-02-25 06:00:00-05:00 | O=1.17799 H=1.17799 L=1.17783 C=1.17797
2026-02-25 11:02:23,181 - INFO - Waiting for new bar... (last: 2026-02-25 06:00:00-05:00, price: 1.17786)
2026-02-25 11:05:23,905 - INFO - New bar: 2026-02-25 06:05:00-05:00 | O=1.17789 H=1.17792 L=1.17789 C=1.17789
2026-02-25 11:07:24,334 - INFO - Waiting for new bar... (last: 2026-02-25 06:05:00-05:00, price: 1.17791)
2026-02-25 11:10:25,003 - INFO - New bar: 2026-02-25 06:10:00-05:00 | O=1.17780 H=1.17783 L=1.17779 C=1.17780
2026-02-25 11:12:25,524 - INFO - Waiting for new bar... (last: 2026-02-25 06:10:00-05:00, price: 1.17793)
2026-02-25 11:15:26,203 - INFO - New bar: 2026-02-25 06:15:00-05:00 | O=1.17799 H=1.17799 L=1.17796 C=1.17796
2026-02-25 11:17:26,694 - INFO - Waiting for new bar... (last: 2026-02-25 06:15:00-05:00, price: 1.17772)
2026-02-25 11:20:27,445 - INFO - New bar: 2026-02-25 06:20:00-05:00 | O=1.17755 H=1.17755 L=1.17748 C=1.17749
2026-02-25 11:22:27,949 - INFO - Waiting for new bar... (last: 2026-02-25 06:20:00-05:00, price: 1.17750)
2026-02-25 11:25:28,620 - INFO - New bar: 2026-02-25 06:25:00-05:00 | O=1.17743 H=1.17748 L=1.17743 C=1.17745
2026-02-25 11:27:29,095 - INFO - Waiting for new bar... (last: 2026-02-25 06:25:00-05:00, price: 1.17727)
2026-02-25 11:30:29,814 - INFO - New bar: 2026-02-25 06:30:00-05:00 | O=1.17718 H=1.17718 L=1.17710 C=1.17712
2026-02-25 11:32:30,249 - INFO - Waiting for new bar... (last: 2026-02-25 06:30:00-05:00, price: 1.17738)
2026-02-25 11:35:30,920 - INFO - New bar: 2026-02-25 06:35:00-05:00 | O=1.17721 H=1.17731 L=1.17719 C=1.17731
2026-02-25 11:37:31,363 - INFO - Waiting for new bar... (last: 2026-02-25 06:35:00-05:00, price: 1.17751)
2026-02-25 11:40:32,025 - INFO - New bar: 2026-02-25 06:40:00-05:00 | O=1.17740 H=1.17744 L=1.17740 C=1.17742
2026-02-25 11:42:32,495 - INFO - Waiting for new bar... (last: 2026-02-25 06:40:00-05:00, price: 1.17742)
2026-02-25 11:45:33,166 - INFO - New bar: 2026-02-25 06:45:00-05:00 | O=1.17730 H=1.17730 L=1.17727 C=1.17728
2026-02-25 11:47:33,594 - INFO - Waiting for new bar... (last: 2026-02-25 06:45:00-05:00, price: 1.17736)
2026-02-25 11:50:34,260 - INFO - New bar: 2026-02-25 06:50:00-05:00 | O=1.17732 H=1.17735 L=1.17728 C=1.17734
2026-02-25 11:52:34,691 - INFO - Waiting for new bar... (last: 2026-02-25 06:50:00-05:00, price: 1.17742)
2026-02-25 11:55:35,410 - INFO - New bar: 2026-02-25 06:55:00-05:00 | O=1.17737 H=1.17748 L=1.17737 C=1.17748
2026-02-25 11:57:35,978 - INFO - Waiting for new bar... (last: 2026-02-25 06:55:00-05:00, price: 1.17755)
2026-02-25 12:00:36,664 - INFO - New bar: 2026-02-25 07:00:00-05:00 | O=1.17749 H=1.17751 L=1.17745 C=1.17745
2026-02-25 12:02:37,104 - INFO - Waiting for new bar... (last: 2026-02-25 07:00:00-05:00, price: 1.17760)
2026-02-25 12:05:37,783 - INFO - New bar: 2026-02-25 07:05:00-05:00 | O=1.17778 H=1.17783 L=1.17778 C=1.17783
2026-02-25 12:07:38,228 - INFO - Waiting for new bar... (last: 2026-02-25 07:05:00-05:00, price: 1.17780)
2026-02-25 12:10:38,898 - INFO - New bar: 2026-02-25 07:10:00-05:00 | O=1.17796 H=1.17802 L=1.17795 C=1.17800
2026-02-25 12:12:39,383 - INFO - Waiting for new bar... (last: 2026-02-25 07:10:00-05:00, price: 1.17803)
2026-02-25 12:15:40,082 - INFO - New bar: 2026-02-25 07:15:00-05:00 | O=1.17817 H=1.17818 L=1.17812 C=1.17812
2026-02-25 12:17:40,524 - INFO - Waiting for new bar... (last: 2026-02-25 07:15:00-05:00, price: 1.17812)
2026-02-25 12:20:41,186 - INFO - New bar: 2026-02-25 07:20:00-05:00 | O=1.17827 H=1.17827 L=1.17819 C=1.17820
2026-02-25 12:22:41,619 - INFO - Waiting for new bar... (last: 2026-02-25 07:20:00-05:00, price: 1.17818)
2026-02-25 12:25:42,297 - INFO - New bar: 2026-02-25 07:25:00-05:00 | O=1.17828 H=1.17829 L=1.17823 C=1.17824
2026-02-25 12:27:42,787 - INFO - Waiting for new bar... (last: 2026-02-25 07:25:00-05:00, price: 1.17837)
2026-02-25 12:30:43,476 - INFO - New bar: 2026-02-25 07:30:00-05:00 | O=1.17828 H=1.17828 L=1.17811 C=1.17813
2026-02-25 12:32:43,930 - INFO - Waiting for new bar... (last: 2026-02-25 07:30:00-05:00, price: 1.17827)
2026-02-25 12:35:44,631 - INFO - New bar: 2026-02-25 07:35:00-05:00 | O=1.17822 H=1.17827 L=1.17820 C=1.17826
2026-02-25 12:37:45,078 - INFO - Waiting for new bar... (last: 2026-02-25 07:35:00-05:00, price: 1.17820)
2026-02-25 12:40:45,776 - INFO - New bar: 2026-02-25 07:40:00-05:00 | O=1.17819 H=1.17819 L=1.17809 C=1.17819
2026-02-25 12:42:46,259 - INFO - Waiting for new bar... (last: 2026-02-25 07:40:00-05:00, price: 1.17846)
2026-02-25 12:45:47,041 - INFO - New bar: 2026-02-25 07:45:00-05:00 | O=1.17850 H=1.17853 L=1.17840 C=1.17844
2026-02-25 12:47:47,504 - INFO - Waiting for new bar... (last: 2026-02-25 07:45:00-05:00, price: 1.17859)
2026-02-25 12:50:48,205 - INFO - New bar: 2026-02-25 07:50:00-05:00 | O=1.17854 H=1.17854 L=1.17846 C=1.17850
2026-02-25 12:52:48,647 - INFO - Waiting for new bar... (last: 2026-02-25 07:50:00-05:00, price: 1.17846)
2026-02-25 12:55:49,334 - INFO - New bar: 2026-02-25 07:55:00-05:00 | O=1.17850 H=1.17857 L=1.17850 C=1.17852
2026-02-25 12:57:49,787 - INFO - Waiting for new bar... (last: 2026-02-25 07:55:00-05:00, price: 1.17856)
2026-02-25 13:00:50,454 - INFO - New bar: 2026-02-25 08:00:00-05:00 | O=1.17859 H=1.17870 L=1.17854 C=1.17854
2026-02-25 13:02:50,922 - INFO - Waiting for new bar... (last: 2026-02-25 08:00:00-05:00, price: 1.17850)
2026-02-25 13:05:51,603 - INFO - New bar: 2026-02-25 08:05:00-05:00 | O=1.17860 H=1.17864 L=1.17860 C=1.17861
2026-02-25 13:07:52,055 - INFO - Waiting for new bar... (last: 2026-02-25 08:05:00-05:00, price: 1.17879)
2026-02-25 13:10:52,699 - INFO - New bar: 2026-02-25 08:10:00-05:00 | O=1.17840 H=1.17846 L=1.17837 C=1.17842
2026-02-25 13:12:53,185 - INFO - Waiting for new bar... (last: 2026-02-25 08:10:00-05:00, price: 1.17861)
2026-02-25 13:15:53,865 - INFO - New bar: 2026-02-25 08:15:00-05:00 | O=1.17877 H=1.17882 L=1.17870 C=1.17876
2026-02-25 13:17:54,328 - INFO - Waiting for new bar... (last: 2026-02-25 08:15:00-05:00, price: 1.17890)
2026-02-25 13:20:55,009 - INFO - New bar: 2026-02-25 08:20:00-05:00 | O=1.17881 H=1.17888 L=1.17877 C=1.17885
2026-02-25 13:22:55,485 - INFO - Waiting for new bar... (last: 2026-02-25 08:20:00-05:00, price: 1.17860)
2026-02-25 13:25:56,146 - INFO - New bar: 2026-02-25 08:25:00-05:00 | O=1.17881 H=1.17881 L=1.17864 C=1.17864
2026-02-25 13:27:56,631 - INFO - Waiting for new bar... (last: 2026-02-25 08:25:00-05:00, price: 1.17844)
2026-02-25 13:30:57,384 - INFO - New bar: 2026-02-25 08:30:00-05:00 | O=1.17837 H=1.17837 L=1.17817 C=1.17824
2026-02-25 13:32:57,837 - INFO - Waiting for new bar... (last: 2026-02-25 08:30:00-05:00, price: 1.17828)
2026-02-25 13:35:58,503 - INFO - New bar: 2026-02-25 08:35:00-05:00 | O=1.17815 H=1.17829 L=1.17813 C=1.17824
2026-02-25 13:37:58,927 - INFO - Waiting for new bar... (last: 2026-02-25 08:35:00-05:00, price: 1.17840)
2026-02-25 13:40:59,582 - INFO - New bar: 2026-02-25 08:40:00-05:00 | O=1.17846 H=1.17859 L=1.17844 C=1.17856
2026-02-25 13:43:00,057 - INFO - Waiting for new bar... (last: 2026-02-25 08:40:00-05:00, price: 1.17847)
2026-02-25 13:46:00,699 - INFO - New bar: 2026-02-25 08:45:00-05:00 | O=1.17835 H=1.17851 L=1.17829 C=1.17850
2026-02-25 13:48:01,159 - INFO - Waiting for new bar... (last: 2026-02-25 08:45:00-05:00, price: 1.17819)
2026-02-25 13:51:01,839 - INFO - New bar: 2026-02-25 08:50:00-05:00 | O=1.17789 H=1.17803 L=1.17786 C=1.17790
2026-02-25 13:53:02,307 - INFO - Waiting for new bar... (last: 2026-02-25 08:50:00-05:00, price: 1.17771)
2026-02-25 13:56:03,093 - INFO - New bar: 2026-02-25 08:55:00-05:00 | O=1.17750 H=1.17762 L=1.17744 C=1.17745
2026-02-25 13:58:03,635 - INFO - Waiting for new bar... (last: 2026-02-25 08:55:00-05:00, price: 1.17751)
2026-02-25 14:01:04,368 - INFO - New bar: 2026-02-25 09:00:00-05:00 | O=1.17736 H=1.17748 L=1.17731 C=1.17732
2026-02-25 14:03:04,844 - INFO - Waiting for new bar... (last: 2026-02-25 09:00:00-05:00, price: 1.17744)
2026-02-25 14:06:05,506 - INFO - New bar: 2026-02-25 09:05:00-05:00 | O=1.17734 H=1.17742 L=1.17732 C=1.17738
2026-02-25 14:08:05,979 - INFO - Waiting for new bar... (last: 2026-02-25 09:05:00-05:00, price: 1.17749)
2026-02-25 14:10:06,431 - INFO - New bar: 2026-02-25 09:10:00-05:00 | O=1.17751 H=1.17751 L=1.17745 C=1.17747
2026-02-25 14:13:09,155 - INFO - Waiting for new bar... (last: 2026-02-25 09:10:00-05:00, price: 1.17762)
2026-02-25 14:15:09,612 - INFO - New bar: 2026-02-25 09:15:00-05:00 | O=1.17763 H=1.17766 L=1.17762 C=1.17765
2026-02-25 14:18:10,324 - INFO - Waiting for new bar... (last: 2026-02-25 09:15:00-05:00, price: 1.17775)
2026-02-25 14:20:10,759 - INFO - New bar: 2026-02-25 09:20:00-05:00 | O=1.17787 H=1.17789 L=1.17786 C=1.17789
2026-02-25 14:23:11,457 - INFO - Waiting for new bar... (last: 2026-02-25 09:20:00-05:00, price: 1.17813)
2026-02-25 14:25:11,913 - INFO - New bar: 2026-02-25 09:25:00-05:00 | O=1.17830 H=1.17832 L=1.17829 C=1.17830
2026-02-25 14:28:12,884 - INFO - Waiting for new bar... (last: 2026-02-25 09:25:00-05:00, price: 1.17824)
2026-02-25 14:30:13,458 - INFO - New bar: 2026-02-25 09:30:00-05:00 | O=1.17826 H=1.17826 L=1.17818 C=1.17824
2026-02-25 14:33:14,152 - INFO - Waiting for new bar... (last: 2026-02-25 09:30:00-05:00, price: 1.17834)
2026-02-25 14:35:14,578 - INFO - New bar: 2026-02-25 09:35:00-05:00 | O=1.17827 H=1.17833 L=1.17826 C=1.17832
2026-02-25 14:38:15,283 - INFO - Waiting for new bar... (last: 2026-02-25 09:35:00-05:00, price: 1.17828)
2026-02-25 14:40:15,889 - INFO - New bar: 2026-02-25 09:40:00-05:00 | O=1.17819 H=1.17820 L=1.17806 C=1.17811
2026-02-25 14:43:16,594 - INFO - Waiting for new bar... (last: 2026-02-25 09:40:00-05:00, price: 1.17833)
2026-02-25 14:45:17,079 - INFO - New bar: 2026-02-25 09:45:00-05:00 | O=1.17857 H=1.17868 L=1.17857 C=1.17866
2026-02-25 14:48:17,862 - INFO - Waiting for new bar... (last: 2026-02-25 09:45:00-05:00, price: 1.17886)
2026-02-25 14:50:18,327 - INFO - New bar: 2026-02-25 09:50:00-05:00 | O=1.17876 H=1.17878 L=1.17876 C=1.17877
2026-02-25 14:53:19,019 - INFO - Waiting for new bar... (last: 2026-02-25 09:50:00-05:00, price: 1.17880)
2026-02-25 14:55:19,488 - INFO - New bar: 2026-02-25 09:55:00-05:00 | O=1.17863 H=1.17877 L=1.17860 C=1.17877
2026-02-25 14:58:20,194 - INFO - Waiting for new bar... (last: 2026-02-25 09:55:00-05:00, price: 1.17876)
2026-02-25 15:00:20,867 - INFO - New bar: 2026-02-25 10:00:00-05:00 | O=1.17863 H=1.17877 L=1.17863 C=1.17874
2026-02-25 15:03:21,613 - INFO - Waiting for new bar... (last: 2026-02-25 10:00:00-05:00, price: 1.17863)
2026-02-25 15:05:22,087 - INFO - New bar: 2026-02-25 10:05:00-05:00 | O=1.17883 H=1.17886 L=1.17880 C=1.17881
2026-02-25 15:08:22,813 - INFO - Waiting for new bar... (last: 2026-02-25 10:05:00-05:00, price: 1.17915)
2026-02-25 15:10:23,279 - INFO - New bar: 2026-02-25 10:10:00-05:00 | O=1.17914 H=1.17914 L=1.17911 C=1.17911
2026-02-25 15:10:23,288 - INFO - BUY Signal: SMA 1.17824 crossed above 1.17822, RSI 66.3, Momentum 0.001225
2026-02-25 15:10:23,289 - INFO - Checking EUR balance...
2026-02-25 15:10:23,289 - INFO - EUR balance: 982,220.00 EUR
2026-02-25 15:10:23,289 - INFO - Required minimum: 20,000.00 EUR
2026-02-25 15:10:23,289 - INFO - Status: Sufficient
2026-02-25 15:10:23,290 - INFO - placeOrder: New order Trade(contract=Forex('EURUSD', conId=12087792, exchange='IDEALPRO', localSymbol='EUR.USD', tradingClass='EUR.USD'), order=MarketOrder(orderId=6361, clientId=753, action='BUY', totalQuantity=20000, tif='GTC'), orderStatus=OrderStatus(orderId=6361, status='PendingSubmit', filled=0.0, remaining=0.0, avgFillPrice=0.0, permId=0, parentId=0, lastFillPrice=0.0, clientId=0, whyHeld='', mktCapPrice=0.0), fills=[], log=[TradeLogEntry(time=datetime.datetime(2026, 2, 25, 15, 10, 23, 290358, tzinfo=datetime.timezone.utc), status='PendingSubmit', message='', errorCode=0)], advancedError='')
2026-02-25 15:10:23,612 - INFO - orderStatus: Trade(contract=Forex('EURUSD', conId=12087792, exchange='IDEALPRO', localSymbol='EUR.USD', tradingClass='EUR.USD'), order=MarketOrder(orderId=6361, clientId=753, permId=76662763, action='BUY', totalQuantity=20000.0, lmtPrice=0.0, auxPrice=0.0, tif='GTC'), orderStatus=OrderStatus(orderId=6361, status='PreSubmitted', filled=0.0, remaining=20000.0, avgFillPrice=0.0, permId=76662763, parentId=0, lastFillPrice=0.0, clientId=753, whyHeld='', mktCapPrice=0.0), fills=[], log=[TradeLogEntry(time=datetime.datetime(2026, 2, 25, 15, 10, 23, 290358, tzinfo=datetime.timezone.utc), status='PendingSubmit', message='', errorCode=0), TradeLogEntry(time=datetime.datetime(2026, 2, 25, 15, 10, 23, 611683, tzinfo=datetime.timezone.utc), status='PreSubmitted', message='', errorCode=0)], advancedError='')
2026-02-25 15:10:23,652 - INFO - position: Position(account='DUM847254', contract=Forex('EURUSD', conId=12087792, localSymbol='EUR.USD', tradingClass='EUR.USD'), position=20000.0, avgCost=1.179)
2026-02-25 15:10:23,653 - INFO - execDetails Execution(execId='0000e215.699e717c.01.01', time=datetime.datetime(2026, 2, 25, 15, 10, 23, tzinfo=datetime.timezone.utc), acctNumber='DUM847254', exchange='IDEALPRO', side='BOT', shares=20000.0, price=1.179, permId=76662763, clientId=753, orderId=6361, liquidation=0, cumQty=20000.0, avgPrice=1.179, orderRef='', evRule='', evMultiplier=0.0, modelCode='', lastLiquidity=2, pendingPriceRevision=False)
2026-02-25 15:10:23,653 - INFO - execDetails: Fill(contract=Forex('EURUSD', conId=12087792, exchange='IDEALPRO', localSymbol='EUR.USD', tradingClass='EUR.USD'), execution=Execution(execId='0000e215.699e717c.01.01', time=datetime.datetime(2026, 2, 25, 15, 10, 23, tzinfo=datetime.timezone.utc), acctNumber='DUM847254', exchange='IDEALPRO', side='BOT', shares=20000.0, price=1.179, permId=76662763, clientId=753, orderId=6361, liquidation=0, cumQty=20000.0, avgPrice=1.179, orderRef='', evRule='', evMultiplier=0.0, modelCode='', lastLiquidity=2, pendingPriceRevision=False), commissionReport=CommissionReport(execId='', commission=0.0, currency='', realizedPNL=0.0, yield_=0.0, yieldRedemptionDate=0), time=datetime.datetime(2026, 2, 25, 15, 10, 23, 652690, tzinfo=datetime.timezone.utc))
2026-02-25 15:10:23,653 - INFO - orderStatus: Trade(contract=Forex('EURUSD', conId=12087792, exchange='IDEALPRO', localSymbol='EUR.USD', tradingClass='EUR.USD'), order=MarketOrder(orderId=6361, clientId=753, permId=76662763, action='BUY', totalQuantity=20000.0, lmtPrice=0.0, auxPrice=0.0, tif='GTC'), orderStatus=OrderStatus(orderId=6361, status='Filled', filled=20000.0, remaining=0.0, avgFillPrice=1.179, permId=76662763, parentId=0, lastFillPrice=1.179, clientId=753, whyHeld='', mktCapPrice=0.0), fills=[Fill(contract=Forex('EURUSD', conId=12087792, exchange='IDEALPRO', localSymbol='EUR.USD', tradingClass='EUR.USD'), execution=Execution(execId='0000e215.699e717c.01.01', time=datetime.datetime(2026, 2, 25, 15, 10, 23, tzinfo=datetime.timezone.utc), acctNumber='DUM847254', exchange='IDEALPRO', side='BOT', shares=20000.0, price=1.179, permId=76662763, clientId=753, orderId=6361, liquidation=0, cumQty=20000.0, avgPrice=1.179, orderRef='', evRule='', evMultiplier=0.0, modelCode='', lastLiquidity=2, pendingPriceRevision=False), commissionReport=CommissionReport(execId='', commission=0.0, currency='', realizedPNL=0.0, yield_=0.0, yieldRedemptionDate=0), time=datetime.datetime(2026, 2, 25, 15, 10, 23, 652690, tzinfo=datetime.timezone.utc))], log=[TradeLogEntry(time=datetime.datetime(2026, 2, 25, 15, 10, 23, 290358, tzinfo=datetime.timezone.utc), status='PendingSubmit', message='', errorCode=0), TradeLogEntry(time=datetime.datetime(2026, 2, 25, 15, 10, 23, 611683, tzinfo=datetime.timezone.utc), status='PreSubmitted', message='', errorCode=0), TradeLogEntry(time=datetime.datetime(2026, 2, 25, 15, 10, 23, 652690, tzinfo=datetime.timezone.utc), status='PreSubmitted', message='Fill 20000.0@1.179', errorCode=0), TradeLogEntry(time=datetime.datetime(2026, 2, 25, 15, 10, 23, 652690, tzinfo=datetime.timezone.utc), status='Filled', message='', errorCode=0)], advancedError='')
2026-02-25 15:10:23,654 - INFO - commissionReport: CommissionReport(execId='0000e215.699e717c.01.01', commission=1.69884, currency='EUR', realizedPNL=0.0, yield_=0.0, yieldRedemptionDate=0)
2026-02-25 15:10:23,654 - INFO - position: Position(account='DUM847254', contract=Forex('EURUSD', conId=12087792, localSymbol='EUR.USD', tradingClass='EUR.USD'), position=20000.0, avgCost=1.1791002731830975)
2026-02-25 15:10:23,793 - INFO - OPENED: BUY 20,000 EUR @ 1.17900 (slippage: 1.1 pips)
2026-02-25 15:10:23,794 - INFO - Entry price recorded: 1.17900
2026-02-25 15:13:24,529 - INFO - Waiting for new bar... (last: 2026-02-25 10:10:00-05:00, price: 1.17934)
2026-02-25 15:15:25,015 - INFO - New bar: 2026-02-25 10:15:00-05:00 | O=1.17982 H=1.17986 L=1.17977 C=1.17986
2026-02-25 15:18:25,684 - INFO - Waiting for new bar... (last: 2026-02-25 10:15:00-05:00, price: 1.17995)
2026-02-25 15:20:26,122 - INFO - New bar: 2026-02-25 10:20:00-05:00 | O=1.17997 H=1.17997 L=1.17973 C=1.17973
2026-02-25 15:23:26,749 - INFO - Waiting for new bar... (last: 2026-02-25 10:20:00-05:00, price: 1.17938)
2026-02-25 15:25:27,177 - INFO - New bar: 2026-02-25 10:25:00-05:00 | O=1.17925 H=1.17932 L=1.17921 C=1.17921
2026-02-25 15:28:27,904 - INFO - Waiting for new bar... (last: 2026-02-25 10:25:00-05:00, price: 1.17911)
2026-02-25 15:30:28,359 - INFO - New bar: 2026-02-25 10:30:00-05:00 | O=1.17915 H=1.17920 L=1.17908 C=1.17920
2026-02-25 15:33:29,048 - INFO - Waiting for new bar... (last: 2026-02-25 10:30:00-05:00, price: 1.17901)
2026-02-25 15:35:29,479 - INFO - New bar: 2026-02-25 10:35:00-05:00 | O=1.17914 H=1.17918 L=1.17908 C=1.17912
2026-02-25 15:38:30,158 - INFO - Waiting for new bar... (last: 2026-02-25 10:35:00-05:00, price: 1.17925)
2026-02-25 15:40:30,686 - INFO - New bar: 2026-02-25 10:40:00-05:00 | O=1.17944 H=1.17955 L=1.17944 C=1.17947
2026-02-25 15:43:31,379 - INFO - Waiting for new bar... (last: 2026-02-25 10:40:00-05:00, price: 1.17945)
2026-02-25 15:45:31,894 - INFO - New bar: 2026-02-25 10:45:00-05:00 | O=1.17956 H=1.17963 L=1.17944 C=1.17950
2026-02-25 15:48:32,613 - INFO - Waiting for new bar... (last: 2026-02-25 10:45:00-05:00, price: 1.18010)
2026-02-25 15:50:33,068 - INFO - New bar: 2026-02-25 10:50:00-05:00 | O=1.17992 H=1.17994 L=1.17973 C=1.17973
2026-02-25 15:53:33,723 - INFO - Waiting for new bar... (last: 2026-02-25 10:50:00-05:00, price: 1.17995)
2026-02-25 15:55:34,158 - INFO - New bar: 2026-02-25 10:55:00-05:00 | O=1.17992 H=1.17993 L=1.17961 C=1.17961
2026-02-25 15:58:34,842 - INFO - Waiting for new bar... (last: 2026-02-25 10:55:00-05:00, price: 1.17986)
2026-02-25 16:00:35,323 - INFO - New bar: 2026-02-25 11:00:00-05:00 | O=1.18013 H=1.18026 L=1.18012 C=1.18026
2026-02-25 16:03:36,015 - INFO - Waiting for new bar... (last: 2026-02-25 11:00:00-05:00, price: 1.18060)
2026-02-25 16:05:36,454 - INFO - New bar: 2026-02-25 11:05:00-05:00 | O=1.18033 H=1.18033 L=1.18008 C=1.18008
2026-02-25 16:08:37,112 - INFO - Waiting for new bar... (last: 2026-02-25 11:05:00-05:00, price: 1.18009)
2026-02-25 16:10:37,559 - INFO - New bar: 2026-02-25 11:10:00-05:00 | O=1.18034 H=1.18048 L=1.18033 C=1.18034
2026-02-25 16:13:38,248 - INFO - Waiting for new bar... (last: 2026-02-25 11:10:00-05:00, price: 1.18058)
2026-02-25 16:15:38,721 - INFO - New bar: 2026-02-25 11:15:00-05:00 | O=1.18029 H=1.18047 L=1.18027 C=1.18047
2026-02-25 16:18:39,618 - INFO - Waiting for new bar... (last: 2026-02-25 11:15:00-05:00, price: 1.18057)
2026-02-25 16:20:40,186 - INFO - New bar: 2026-02-25 11:20:00-05:00 | O=1.18040 H=1.18049 L=1.18034 C=1.18047
2026-02-25 16:23:40,863 - INFO - Waiting for new bar... (last: 2026-02-25 11:20:00-05:00, price: 1.18039)
2026-02-25 16:25:41,325 - INFO - New bar: 2026-02-25 11:25:00-05:00 | O=1.18031 H=1.18034 L=1.18014 C=1.18019
2026-02-25 16:28:42,023 - INFO - Waiting for new bar... (last: 2026-02-25 11:25:00-05:00, price: 1.18014)
2026-02-25 16:30:43,248 - INFO - New bar: 2026-02-25 11:30:00-05:00 | O=1.18027 H=1.18043 L=1.18027 C=1.18029
2026-02-25 16:33:43,935 - INFO - Waiting for new bar... (last: 2026-02-25 11:30:00-05:00, price: 1.18044)
2026-02-25 16:35:44,387 - INFO - New bar: 2026-02-25 11:35:00-05:00 | O=1.18026 H=1.18028 L=1.18023 C=1.18028
2026-02-25 16:38:45,040 - INFO - Waiting for new bar... (last: 2026-02-25 11:35:00-05:00, price: 1.18028)
2026-02-25 16:40:45,512 - INFO - New bar: 2026-02-25 11:40:00-05:00 | O=1.18025 H=1.18027 L=1.18012 C=1.18012
2026-02-25 16:43:46,262 - INFO - Waiting for new bar... (last: 2026-02-25 11:40:00-05:00, price: 1.18003)
2026-02-25 16:45:46,755 - INFO - New bar: 2026-02-25 11:45:00-05:00 | O=1.17992 H=1.18020 L=1.17991 C=1.18020
2026-02-25 16:48:47,458 - INFO - Waiting for new bar... (last: 2026-02-25 11:45:00-05:00, price: 1.18050)
2026-02-25 16:50:48,517 - INFO - New bar: 2026-02-25 11:50:00-05:00 | O=1.18035 H=1.18035 L=1.18027 C=1.18034
2026-02-25 16:53:49,237 - INFO - Waiting for new bar... (last: 2026-02-25 11:50:00-05:00, price: 1.18024)
2026-02-25 16:55:49,711 - INFO - New bar: 2026-02-25 11:55:00-05:00 | O=1.18020 H=1.18022 L=1.18006 C=1.18009
2026-02-25 16:58:51,086 - INFO - Waiting for new bar... (last: 2026-02-25 11:55:00-05:00, price: 1.18039)
2026-02-25 17:00:51,557 - INFO - New bar: 2026-02-25 12:00:00-05:00 | O=1.18041 H=1.18041 L=1.18027 C=1.18028
2026-02-25 17:03:52,235 - INFO - Waiting for new bar... (last: 2026-02-25 12:00:00-05:00, price: 1.18067)
2026-02-25 17:05:52,675 - INFO - New bar: 2026-02-25 12:05:00-05:00 | O=1.18078 H=1.18078 L=1.18069 C=1.18078
2026-02-25 17:08:53,382 - INFO - Waiting for new bar... (last: 2026-02-25 12:05:00-05:00, price: 1.18082)
2026-02-25 17:10:53,810 - INFO - New bar: 2026-02-25 12:10:00-05:00 | O=1.18087 H=1.18101 L=1.18084 C=1.18090
2026-02-25 17:13:54,536 - INFO - Waiting for new bar... (last: 2026-02-25 12:10:00-05:00, price: 1.18135)
2026-02-25 17:15:56,097 - INFO - New bar: 2026-02-25 12:15:00-05:00 | O=1.18116 H=1.18122 L=1.18104 C=1.18118
2026-02-25 17:18:56,763 - INFO - Waiting for new bar... (last: 2026-02-25 12:15:00-05:00, price: 1.18113)
2026-02-25 17:20:57,175 - INFO - New bar: 2026-02-25 12:20:00-05:00 | O=1.18119 H=1.18125 L=1.18104 C=1.18108
2026-02-25 17:23:58,335 - INFO - Waiting for new bar... (last: 2026-02-25 12:20:00-05:00, price: 1.18114)
2026-02-25 17:26:06,863 - INFO - New bar: 2026-02-25 12:25:00-05:00 | O=1.18116 H=1.18125 L=1.18114 C=1.18117
2026-02-25 17:29:07,575 - INFO - Waiting for new bar... (last: 2026-02-25 12:25:00-05:00, price: 1.18091)
2026-02-25 17:30:07,816 - INFO - New bar: 2026-02-25 12:30:00-05:00 | O=1.18101 H=1.18104 L=1.18101 C=1.18104
2026-02-25 17:34:08,946 - INFO - Waiting for new bar... (last: 2026-02-25 12:30:00-05:00, price: 1.18114)
2026-02-25 17:35:09,255 - INFO - New bar: 2026-02-25 12:35:00-05:00 | O=1.18113 H=1.18113 L=1.18112 C=1.18112
2026-02-25 17:39:10,229 - INFO - Waiting for new bar... (last: 2026-02-25 12:35:00-05:00, price: 1.18116)
2026-02-25 17:40:10,474 - INFO - New bar: 2026-02-25 12:40:00-05:00 | O=1.18121 H=1.18123 L=1.18119 C=1.18123
2026-02-25 17:44:11,418 - INFO - Waiting for new bar... (last: 2026-02-25 12:40:00-05:00, price: 1.18125)
2026-02-25 17:45:11,662 - INFO - New bar: 2026-02-25 12:45:00-05:00 | O=1.18125 H=1.18125 L=1.18124 C=1.18125
2026-02-25 17:49:12,614 - INFO - Waiting for new bar... (last: 2026-02-25 12:45:00-05:00, price: 1.18095)
2026-02-25 17:50:12,855 - INFO - New bar: 2026-02-25 12:50:00-05:00 | O=1.18090 H=1.18091 L=1.18090 C=1.18091
2026-02-25 17:54:13,823 - INFO - Waiting for new bar... (last: 2026-02-25 12:50:00-05:00, price: 1.18100)
2026-02-25 17:55:14,054 - INFO - New bar: 2026-02-25 12:55:00-05:00 | O=1.18087 H=1.18087 L=1.18085 C=1.18085
2026-02-25 17:59:14,983 - INFO - Waiting for new bar... (last: 2026-02-25 12:55:00-05:00, price: 1.18075)
2026-02-25 18:00:15,218 - INFO - New bar: 2026-02-25 13:00:00-05:00 | O=1.18074 H=1.18075 L=1.18071 C=1.18071
2026-02-25 18:04:16,170 - INFO - Waiting for new bar... (last: 2026-02-25 13:00:00-05:00, price: 1.18084)
2026-02-25 18:05:16,406 - INFO - New bar: 2026-02-25 13:05:00-05:00 | O=1.18078 H=1.18079 L=1.18078 C=1.18078
2026-02-25 18:09:17,297 - INFO - Waiting for new bar... (last: 2026-02-25 13:05:00-05:00, price: 1.18085)
2026-02-25 18:09:28,867 - INFO - Warning 2157, reqId -1: Sec-def data farm connection is broken:secdefnj
2026-02-25 18:09:29,570 - INFO - Warning 2158, reqId -1: Sec-def data farm connection is OK:secdefnj
2026-02-25 18:10:17,546 - INFO - New bar: 2026-02-25 13:10:00-05:00 | O=1.18075 H=1.18078 L=1.18075 C=1.18078
2026-02-25 18:14:18,537 - INFO - Waiting for new bar... (last: 2026-02-25 13:10:00-05:00, price: 1.18074)
2026-02-25 18:15:18,792 - INFO - New bar: 2026-02-25 13:15:00-05:00 | O=1.18077 H=1.18081 L=1.18077 C=1.18078
2026-02-25 18:19:19,661 - INFO - Waiting for new bar... (last: 2026-02-25 13:15:00-05:00, price: 1.18100)
2026-02-25 18:20:19,898 - INFO - New bar: 2026-02-25 13:20:00-05:00 | O=1.18090 H=1.18090 L=1.18088 C=1.18090
2026-02-25 18:24:20,871 - INFO - Waiting for new bar... (last: 2026-02-25 13:20:00-05:00, price: 1.18069)
2026-02-25 18:25:21,098 - INFO - New bar: 2026-02-25 13:25:00-05:00 | O=1.18064 H=1.18068 L=1.18064 C=1.18067
2026-02-25 18:29:23,109 - INFO - Waiting for new bar... (last: 2026-02-25 13:25:00-05:00, price: 1.18072)
2026-02-25 18:30:23,345 - INFO - New bar: 2026-02-25 13:30:00-05:00 | O=1.18074 H=1.18084 L=1.18074 C=1.18079
2026-02-25 18:34:24,281 - INFO - Waiting for new bar... (last: 2026-02-25 13:30:00-05:00, price: 1.18054)
2026-02-25 18:35:24,526 - INFO - New bar: 2026-02-25 13:35:00-05:00 | O=1.18057 H=1.18068 L=1.18057 C=1.18066
2026-02-25 18:39:25,481 - INFO - Waiting for new bar... (last: 2026-02-25 13:35:00-05:00, price: 1.18064)
2026-02-25 18:40:25,664 - INFO - New bar: 2026-02-25 13:40:00-05:00 | O=1.18064 H=1.18066 L=1.18063 C=1.18064
2026-02-25 18:44:26,560 - INFO - Waiting for new bar... (last: 2026-02-25 13:40:00-05:00, price: 1.18053)
2026-02-25 18:45:26,807 - INFO - New bar: 2026-02-25 13:45:00-05:00 | O=1.18050 H=1.18055 L=1.18050 C=1.18053
2026-02-25 18:46:02,246 - INFO - Warning 2105, reqId -1: HMDS data farm connection is broken:cashhmds
2026-02-25 18:46:03,022 - INFO - Warning 2106, reqId -1: HMDS data farm connection is OK:cashhmds
2026-02-25 18:49:31,443 - INFO - Warning 2105, reqId -1: HMDS data farm connection is broken:ushmds
2026-02-25 18:49:32,742 - INFO - Waiting for new bar... (last: 2026-02-25 13:45:00-05:00, price: 1.18061)
2026-02-25 18:49:39,606 - INFO - Warning 2157, reqId -1: Sec-def data farm connection is broken:secdefnj
2026-02-25 18:49:43,594 - INFO - Warning 2158, reqId -1: Sec-def data farm connection is OK:secdefnj
2026-02-25 18:50:04,422 - INFO - Warning 2106, reqId -1: HMDS data farm connection is OK:ushmds
2026-02-25 18:50:32,960 - INFO - New bar: 2026-02-25 13:50:00-05:00 | O=1.18063 H=1.18064 L=1.18063 C=1.18064
2026-02-25 18:54:33,896 - INFO - Waiting for new bar... (last: 2026-02-25 13:50:00-05:00, price: 1.18060)
2026-02-25 18:55:34,089 - INFO - New bar: 2026-02-25 13:55:00-05:00 | O=1.18061 H=1.18068 L=1.18061 C=1.18066
2026-02-25 18:59:34,978 - INFO - Waiting for new bar... (last: 2026-02-25 13:55:00-05:00, price: 1.18050)
2026-02-25 19:00:35,218 - INFO - New bar: 2026-02-25 14:00:00-05:00 | O=1.18047 H=1.18050 L=1.18043 C=1.18048
2026-02-25 19:04:36,117 - INFO - Waiting for new bar... (last: 2026-02-25 14:00:00-05:00, price: 1.18064)
2026-02-25 19:05:36,358 - INFO - New bar: 2026-02-25 14:05:00-05:00 | O=1.18058 H=1.18059 L=1.18045 C=1.18046
2026-02-25 19:09:37,246 - INFO - Waiting for new bar... (last: 2026-02-25 14:05:00-05:00, price: 1.18067)
2026-02-25 19:10:37,446 - INFO - New bar: 2026-02-25 14:10:00-05:00 | O=1.18078 H=1.18078 L=1.18073 C=1.18074
2026-02-25 19:14:38,339 - INFO - Waiting for new bar... (last: 2026-02-25 14:10:00-05:00, price: 1.18090)
2026-02-25 19:15:38,579 - INFO - New bar: 2026-02-25 14:15:00-05:00 | O=1.18091 H=1.18091 L=1.18078 C=1.18079
2026-02-25 19:19:39,440 - INFO - Waiting for new bar... (last: 2026-02-25 14:15:00-05:00, price: 1.18075)
2026-02-25 19:20:39,664 - INFO - New bar: 2026-02-25 14:20:00-05:00 | O=1.18070 H=1.18070 L=1.18064 C=1.18064
2026-02-25 19:24:40,589 - INFO - Waiting for new bar... (last: 2026-02-25 14:20:00-05:00, price: 1.18064)
2026-02-25 19:25:40,790 - INFO - New bar: 2026-02-25 14:25:00-05:00 | O=1.18064 H=1.18066 L=1.18052 C=1.18053
2026-02-25 19:29:41,725 - INFO - Waiting for new bar... (last: 2026-02-25 14:25:00-05:00, price: 1.18043)
2026-02-25 19:30:41,955 - INFO - New bar: 2026-02-25 14:30:00-05:00 | O=1.18043 H=1.18046 L=1.18043 C=1.18043
2026-02-25 19:34:42,862 - INFO - Waiting for new bar... (last: 2026-02-25 14:30:00-05:00, price: 1.18035)
2026-02-25 19:35:43,089 - INFO - New bar: 2026-02-25 14:35:00-05:00 | O=1.18034 H=1.18034 L=1.18030 C=1.18031
2026-02-25 19:39:44,007 - INFO - Waiting for new bar... (last: 2026-02-25 14:35:00-05:00, price: 1.18036)
2026-02-25 19:40:44,206 - INFO - New bar: 2026-02-25 14:40:00-05:00 | O=1.18039 H=1.18039 L=1.18035 C=1.18037
2026-02-25 19:44:45,123 - INFO - Waiting for new bar... (last: 2026-02-25 14:40:00-05:00, price: 1.18058)
2026-02-25 19:45:45,340 - INFO - New bar: 2026-02-25 14:45:00-05:00 | O=1.18060 H=1.18068 L=1.18057 C=1.18067
2026-02-25 19:49:46,209 - INFO - Waiting for new bar... (last: 2026-02-25 14:45:00-05:00, price: 1.18065)
2026-02-25 19:50:46,440 - INFO - New bar: 2026-02-25 14:50:00-05:00 | O=1.18065 H=1.18065 L=1.18060 C=1.18064
2026-02-25 19:54:47,348 - INFO - Waiting for new bar... (last: 2026-02-25 14:50:00-05:00, price: 1.18065)
2026-02-25 19:55:47,542 - INFO - New bar: 2026-02-25 14:55:00-05:00 | O=1.18065 H=1.18071 L=1.18065 C=1.18067
2026-02-25 19:59:48,462 - INFO - Waiting for new bar... (last: 2026-02-25 14:55:00-05:00, price: 1.18070)
2026-02-25 20:00:48,674 - INFO - New bar: 2026-02-25 15:00:00-05:00 | O=1.18056 H=1.18065 L=1.18053 C=1.18063
2026-02-25 20:04:49,547 - INFO - Waiting for new bar... (last: 2026-02-25 15:00:00-05:00, price: 1.18061)
2026-02-25 20:05:49,792 - INFO - New bar: 2026-02-25 15:05:00-05:00 | O=1.18068 H=1.18077 L=1.18066 C=1.18076
2026-02-25 20:09:50,727 - INFO - Waiting for new bar... (last: 2026-02-25 15:05:00-05:00, price: 1.18070)
2026-02-25 20:10:50,940 - INFO - New bar: 2026-02-25 15:10:00-05:00 | O=1.18070 H=1.18070 L=1.18069 C=1.18070
2026-02-25 20:14:51,885 - INFO - Waiting for new bar... (last: 2026-02-25 15:10:00-05:00, price: 1.18055)
2026-02-25 20:15:52,113 - INFO - New bar: 2026-02-25 15:15:00-05:00 | O=1.18057 H=1.18063 L=1.18054 C=1.18061
2026-02-25 20:19:53,007 - INFO - Waiting for new bar... (last: 2026-02-25 15:15:00-05:00, price: 1.18075)
2026-02-25 20:20:53,243 - INFO - New bar: 2026-02-25 15:20:00-05:00 | O=1.18074 H=1.18079 L=1.18070 C=1.18078
2026-02-25 20:24:54,370 - INFO - Waiting for new bar... (last: 2026-02-25 15:20:00-05:00, price: 1.18064)
2026-02-25 20:25:54,665 - INFO - New bar: 2026-02-25 15:25:00-05:00 | O=1.18065 H=1.18070 L=1.18064 C=1.18066
2026-02-25 20:29:55,628 - INFO - Waiting for new bar... (last: 2026-02-25 15:25:00-05:00, price: 1.18055)
2026-02-25 20:30:55,863 - INFO - New bar: 2026-02-25 15:30:00-05:00 | O=1.18054 H=1.18064 L=1.18047 C=1.18064
2026-02-25 20:34:56,761 - INFO - Waiting for new bar... (last: 2026-02-25 15:30:00-05:00, price: 1.18084)
2026-02-25 20:35:53,657 - INFO - Warning 2157, reqId -1: Sec-def data farm connection is broken:secdefnj
2026-02-25 20:35:57,453 - INFO - New bar: 2026-02-25 15:35:00-05:00 | O=1.18087 H=1.18087 L=1.18079 C=1.18079
2026-02-25 20:36:02,775 - INFO - Warning 2158, reqId -1: Sec-def data farm connection is OK:secdefnj
2026-02-25 20:39:58,516 - INFO - Waiting for new bar... (last: 2026-02-25 15:35:00-05:00, price: 1.18078)
2026-02-25 20:40:58,725 - INFO - New bar: 2026-02-25 15:40:00-05:00 | O=1.18078 H=1.18078 L=1.18071 C=1.18074
2026-02-25 20:44:59,645 - INFO - Waiting for new bar... (last: 2026-02-25 15:40:00-05:00, price: 1.18073)
2026-02-25 20:45:59,852 - INFO - New bar: 2026-02-25 15:45:00-05:00 | O=1.18073 H=1.18073 L=1.18064 C=1.18070
2026-02-25 20:50:00,752 - INFO - Waiting for new bar... (last: 2026-02-25 15:45:00-05:00, price: 1.18079)
2026-02-25 20:51:00,998 - INFO - New bar: 2026-02-25 15:50:00-05:00 | O=1.18079 H=1.18081 L=1.18067 C=1.18069
2026-02-25 20:55:03,200 - INFO - Waiting for new bar... (last: 2026-02-25 15:50:00-05:00, price: 1.18061)
2026-02-25 20:56:03,846 - INFO - New bar: 2026-02-25 15:55:00-05:00 | O=1.18061 H=1.18064 L=1.18057 C=1.18063
2026-02-25 21:00:08,882 - INFO - New bar: 2026-02-25 16:00:00-05:00 | O=1.18061 H=1.18061 L=1.18060 C=1.18061
2026-02-25 21:00:08,886 - INFO - Status: Price=1.18061, Position=LONG, Bars=120, P&L=EUR 0.57, Unrealized: EUR 27.27, Remaining=58.3h
2026-02-25 21:05:10,555 - INFO - New bar: 2026-02-25 16:05:00-05:00 | O=1.18073 H=1.18073 L=1.18073 C=1.18073
2026-02-25 21:10:14,403 - INFO - New bar: 2026-02-25 16:10:00-05:00 | O=1.18063 H=1.18063 L=1.18060 C=1.18060
2026-02-25 21:10:14,404 - INFO - Status: Price=1.18060, Position=LONG, Bars=120, P&L=EUR 0.57, Unrealized: EUR 27.19, Remaining=58.2h
2026-02-25 21:15:15,603 - INFO - New bar: 2026-02-25 16:15:00-05:00 | O=1.18050 H=1.18051 L=1.18050 C=1.18050
2026-02-25 21:20:16,769 - INFO - New bar: 2026-02-25 16:20:00-05:00 | O=1.18043 H=1.18043 L=1.18043 C=1.18043
2026-02-25 21:20:16,770 - INFO - Status: Price=1.18043, Position=LONG, Bars=120, P&L=EUR 0.57, Unrealized: EUR 24.14, Remaining=58.0h
2026-02-25 21:25:17,956 - INFO - New bar: 2026-02-25 16:25:00-05:00 | O=1.18043 H=1.18043 L=1.18041 C=1.18041
2026-02-25 21:30:19,112 - INFO - New bar: 2026-02-25 16:30:00-05:00 | O=1.18058 H=1.18059 L=1.18058 C=1.18058
2026-02-25 21:30:19,114 - INFO - Status: Price=1.18058, Position=LONG, Bars=120, P&L=EUR 0.57, Unrealized: EUR 26.85, Remaining=57.8h
2026-02-25 21:35:20,318 - INFO - New bar: 2026-02-25 16:35:00-05:00 | O=1.18071 H=1.18074 L=1.18070 C=1.18074
2026-02-25 21:40:21,478 - INFO - New bar: 2026-02-25 16:40:00-05:00 | O=1.18091 H=1.18091 L=1.18080 C=1.18081
2026-02-25 21:40:21,480 - INFO - Status: Price=1.18081, Position=LONG, Bars=120, P&L=EUR 0.57, Unrealized: EUR 30.57, Remaining=57.7h
2026-02-25 21:45:22,630 - INFO - New bar: 2026-02-25 16:45:00-05:00 | O=1.18109 H=1.18124 L=1.18109 C=1.18123
2026-02-25 21:50:23,805 - INFO - New bar: 2026-02-25 16:50:00-05:00 | O=1.18100 H=1.18100 L=1.18097 C=1.18097
2026-02-25 21:50:23,806 - INFO - Status: Price=1.18097, Position=LONG, Bars=120, P&L=EUR 0.57, Unrealized: EUR 33.36, Remaining=57.5h
2026-02-25 21:55:25,003 - INFO - New bar: 2026-02-25 16:55:00-05:00 | O=1.18095 H=1.18105 L=1.18095 C=1.18104
2026-02-25 22:00:26,224 - INFO - Waiting for new bar... (last: 2026-02-25 16:55:00-05:00, price: 1.18103)
2026-02-25 22:05:27,254 - INFO - Waiting for new bar... (last: 2026-02-25 16:55:00-05:00, price: 1.18103)
2026-02-25 22:10:53,582 - INFO - Waiting for new bar... (last: 2026-02-25 16:55:00-05:00, price: 1.18103)
2026-02-25 22:15:54,889 - INFO - New bar: 2026-02-25 17:15:00-05:00 | O=1.18080 H=1.18081 L=1.18076 C=1.18080
2026-02-25 22:20:56,652 - INFO - New bar: 2026-02-25 17:20:00-05:00 | O=1.18081 H=1.18081 L=1.18078 C=1.18078
2026-02-25 22:20:56,653 - INFO - Status: Price=1.18078, Position=LONG, Bars=120, P&L=EUR 0.57, Unrealized: EUR 30.23, Remaining=57.0h
2026-02-25 22:25:57,774 - INFO - New bar: 2026-02-25 17:25:00-05:00 | O=1.18078 H=1.18080 L=1.18078 C=1.18078
2026-02-25 22:30:58,916 - INFO - New bar: 2026-02-25 17:30:00-05:00 | O=1.18078 H=1.18087 L=1.18078 C=1.18087
2026-02-25 22:30:58,918 - INFO - Status: Price=1.18087, Position=LONG, Bars=120, P&L=EUR 0.57, Unrealized: EUR 31.76, Remaining=56.8h
2026-02-25 22:36:00,051 - INFO - New bar: 2026-02-25 17:35:00-05:00 | O=1.18088 H=1.18088 L=1.18088 C=1.18088
2026-02-25 22:41:01,206 - INFO - New bar: 2026-02-25 17:40:00-05:00 | O=1.18088 H=1.18088 L=1.18088 C=1.18088
2026-02-25 22:41:01,208 - INFO - Status: Price=1.18088, Position=LONG, Bars=120, P&L=EUR 0.57, Unrealized: EUR 31.84, Remaining=56.7h
2026-02-25 22:46:02,400 - INFO - New bar: 2026-02-25 17:45:00-05:00 | O=1.18088 H=1.18101 L=1.18088 C=1.18100
2026-02-25 22:51:03,665 - INFO - New bar: 2026-02-25 17:50:00-05:00 | O=1.18111 H=1.18131 L=1.18111 C=1.18118
2026-02-25 22:51:03,666 - INFO - Status: Price=1.18118, Position=LONG, Bars=120, P&L=EUR 0.57, Unrealized: EUR 36.91, Remaining=56.5h
2026-02-25 22:56:04,807 - INFO - New bar: 2026-02-25 17:55:00-05:00 | O=1.18127 H=1.18129 L=1.18127 C=1.18129
2026-02-25 23:01:05,959 - INFO - New bar: 2026-02-25 18:00:00-05:00 | O=1.18118 H=1.18129 L=1.18111 C=1.18126
2026-02-25 23:01:05,961 - INFO - Status: Price=1.18126, Position=LONG, Bars=120, P&L=EUR 0.57, Unrealized: EUR 38.26, Remaining=56.3h
2026-02-25 23:05:06,852 - INFO - New bar: 2026-02-25 18:05:00-05:00 | O=1.18124 H=1.18125 L=1.18124 C=1.18125
2026-02-25 23:06:07,109 - INFO - Waiting for new bar... (last: 2026-02-25 18:05:00-05:00, price: 1.18123)
2026-02-25 23:10:07,985 - INFO - New bar: 2026-02-25 18:10:00-05:00 | O=1.18134 H=1.18134 L=1.18131 C=1.18134
2026-02-25 23:11:08,213 - INFO - Waiting for new bar... (last: 2026-02-25 18:10:00-05:00, price: 1.18135)
2026-02-25 23:15:09,118 - INFO - New bar: 2026-02-25 18:15:00-05:00 | O=1.18121 H=1.18121 L=1.18120 C=1.18121
2026-02-25 23:16:09,361 - INFO - Waiting for new bar... (last: 2026-02-25 18:15:00-05:00, price: 1.18112)
2026-02-25 23:20:10,281 - INFO - New bar: 2026-02-25 18:20:00-05:00 | O=1.18118 H=1.18119 L=1.18118 C=1.18118
2026-02-25 23:21:10,545 - INFO - Waiting for new bar... (last: 2026-02-25 18:20:00-05:00, price: 1.18119)
2026-02-25 23:25:11,437 - INFO - New bar: 2026-02-25 18:25:00-05:00 | O=1.18135 H=1.18136 L=1.18135 C=1.18135
2026-02-25 23:26:11,662 - INFO - Waiting for new bar... (last: 2026-02-25 18:25:00-05:00, price: 1.18136)
2026-02-25 23:30:12,585 - INFO - New bar: 2026-02-25 18:30:00-05:00 | O=1.18129 H=1.18130 L=1.18128 C=1.18128
2026-02-25 23:31:12,833 - INFO - Waiting for new bar... (last: 2026-02-25 18:30:00-05:00, price: 1.18126)
2026-02-25 23:35:13,742 - INFO - New bar: 2026-02-25 18:35:00-05:00 | O=1.18118 H=1.18118 L=1.18118 C=1.18118
2026-02-25 23:36:13,990 - INFO - Waiting for new bar... (last: 2026-02-25 18:35:00-05:00, price: 1.18118)
2026-02-25 23:40:14,903 - INFO - New bar: 2026-02-25 18:40:00-05:00 | O=1.18131 H=1.18131 L=1.18131 C=1.18131
2026-02-25 23:41:15,110 - INFO - Waiting for new bar... (last: 2026-02-25 18:40:00-05:00, price: 1.18138)
2026-02-25 23:45:00,674 - ERROR - Peer closed connection.
2026-02-25 23:45:15,828 - WARNING - Connection lost detected!
2026-02-25 23:45:15,828 - INFO - Attempting automatic reconnection...
2026-02-25 23:45:15,828 - WARNING - Open position exists but connection lost. Cannot close safely. Will retry after reconnect.
2026-02-25 23:45:15,828 - INFO - Reconnection attempt 1/10 (waiting 1s before trying)...
2026-02-25 23:45:16,830 - INFO - Connecting to localhost:4002 with clientId 753...
2026-02-25 23:45:16,832 - INFO - Disconnecting
2026-02-25 23:45:16,832 - ERROR - API connection failed: OSError("Multiple exceptions: [Errno 111] Connect call failed ('::1', 4002, 0, 0), [Errno 111] Connect call failed ('127.0.0.1', 4002)")
2026-02-25 23:45:16,832 - WARNING - Reconnection attempt 1 failed: Multiple exceptions: [Errno 111] Connect call failed ('::1', 4002, 0, 0), [Errno 111] Connect call failed ('127.0.0.1', 4002)
2026-02-25 23:45:16,832 - INFO - Reconnection attempt 2/10 (waiting 2s before trying)...
2026-02-25 23:45:18,834 - INFO - Connecting to localhost:4002 with clientId 753...
2026-02-25 23:45:18,835 - INFO - Disconnecting
2026-02-25 23:45:18,835 - ERROR - API connection failed: OSError("Multiple exceptions: [Errno 111] Connect call failed ('::1', 4002, 0, 0), [Errno 111] Connect call failed ('127.0.0.1', 4002)")
2026-02-25 23:45:18,835 - WARNING - Reconnection attempt 2 failed: Multiple exceptions: [Errno 111] Connect call failed ('::1', 4002, 0, 0), [Errno 111] Connect call failed ('127.0.0.1', 4002)
2026-02-25 23:45:18,835 - INFO - Reconnection attempt 3/10 (waiting 4s before trying)...
2026-02-25 23:45:22,840 - INFO - Connecting to localhost:4002 with clientId 753...
2026-02-25 23:45:22,842 - INFO - Disconnecting
2026-02-25 23:45:22,842 - ERROR - API connection failed: OSError("Multiple exceptions: [Errno 111] Connect call failed ('::1', 4002, 0, 0), [Errno 111] Connect call failed ('127.0.0.1', 4002)")
2026-02-25 23:45:22,842 - WARNING - Reconnection attempt 3 failed: Multiple exceptions: [Errno 111] Connect call failed ('::1', 4002, 0, 0), [Errno 111] Connect call failed ('127.0.0.1', 4002)
2026-02-25 23:45:22,843 - INFO - Reconnection attempt 4/10 (waiting 8s before trying)...
2026-02-25 23:45:30,846 - INFO - Connecting to localhost:4002 with clientId 753...
2026-02-25 23:45:30,847 - INFO - Disconnecting
2026-02-25 23:45:30,847 - ERROR - API connection failed: OSError("Multiple exceptions: [Errno 111] Connect call failed ('::1', 4002, 0, 0), [Errno 111] Connect call failed ('127.0.0.1', 4002)")
2026-02-25 23:45:30,848 - WARNING - Reconnection attempt 4 failed: Multiple exceptions: [Errno 111] Connect call failed ('::1', 4002, 0, 0), [Errno 111] Connect call failed ('127.0.0.1', 4002)
2026-02-25 23:45:30,848 - INFO - Reconnection attempt 5/10 (waiting 16s before trying)...
2026-02-25 23:45:46,864 - INFO - Connecting to localhost:4002 with clientId 753...
2026-02-25 23:45:46,865 - INFO - Disconnecting
2026-02-25 23:45:46,866 - ERROR - API connection failed: OSError("Multiple exceptions: [Errno 111] Connect call failed ('::1', 4002, 0, 0), [Errno 111] Connect call failed ('127.0.0.1', 4002)")
2026-02-25 23:45:46,866 - WARNING - Reconnection attempt 5 failed: Multiple exceptions: [Errno 111] Connect call failed ('::1', 4002, 0, 0), [Errno 111] Connect call failed ('127.0.0.1', 4002)
2026-02-25 23:45:46,866 - INFO - Reconnection attempt 6/10 (waiting 32s before trying)...
2026-02-25 23:46:18,892 - INFO - Connecting to localhost:4002 with clientId 753...
2026-02-25 23:46:18,893 - INFO - Connected
2026-02-25 23:46:19,055 - INFO - Logged on to server version 178
2026-02-25 23:46:19,192 - INFO - Warning 2104, reqId -1: Market data farm connection is OK:usfarm
2026-02-25 23:46:19,192 - INFO - Warning 2106, reqId -1: HMDS data farm connection is OK:ushmds
2026-02-25 23:46:19,192 - INFO - Warning 2158, reqId -1: Sec-def data farm connection is OK:secdefnj
2026-02-25 23:46:19,193 - INFO - API connection ready
2026-02-25 23:46:19,225 - INFO - position: Position(account='DUM847254', contract=Forex('EURUSD', conId=12087792, localSymbol='EUR.USD', tradingClass='EUR.USD'), position=0.0, avgCost=0.0)
2026-02-25 23:46:20,469 - INFO - execDetails Execution(execId='0000e215.699e2ea7.01.01', time=datetime.datetime(2026, 2, 25, 1, 16, 4, tzinfo=datetime.timezone.utc), acctNumber='DUM847254', exchange='IDEALPRO', side='BOT', shares=20000.0, price=1.1779, permId=76662762, clientId=753, orderId=5529, liquidation=0, cumQty=20000.0, avgPrice=1.1779, orderRef='', evRule='', evMultiplier=0.0, modelCode='', lastLiquidity=2, pendingPriceRevision=False)
2026-02-25 23:46:20,512 - INFO - execDetails Execution(execId='0000e215.699e717c.01.01', time=datetime.datetime(2026, 2, 25, 15, 10, 23, tzinfo=datetime.timezone.utc), acctNumber='DUM847254', exchange='IDEALPRO', side='BOT', shares=20000.0, price=1.179, permId=76662763, clientId=753, orderId=6361, liquidation=0, cumQty=20000.0, avgPrice=1.179, orderRef='', evRule='', evMultiplier=0.0, modelCode='', lastLiquidity=2, pendingPriceRevision=False)
2026-02-25 23:46:20,513 - INFO - commissionReport: CommissionReport(execId='0000e215.699e2ea7.01.01', commission=1.69884, currency='EUR', realizedPNL=0.0, yield_=0.0, yieldRedemptionDate=0)
2026-02-25 23:46:20,513 - INFO - commissionReport: CommissionReport(execId='0000e215.699e717c.01.01', commission=1.69884, currency='EUR', realizedPNL=0.0, yield_=0.0, yieldRedemptionDate=0)
2026-02-25 23:46:20,513 - INFO - Synchronization complete
2026-02-25 23:46:20,513 - INFO - Reconnected successfully on attempt 6
2026-02-25 23:46:20,605 - INFO - Contract re-qualified: EUR (conId: 12087792)
2026-02-25 23:46:20,605 - INFO - Reconnected successfully.
2026-02-25 23:46:20,605 - INFO - Reconciling position state with IB...
2026-02-25 23:46:20,605 - WARNING - Position mismatch detected!
2026-02-25 23:46:20,605 - WARNING -   Bot thought: LONG @ 1.1790
2026-02-25 23:46:20,605 - WARNING -   IB shows: FLAT (no position)
2026-02-25 23:46:20,605 - INFO - Updated bot state to match IB: FLAT
2026-02-25 23:46:20,606 - WARNING - Position closed by IB (reboot/reset). Estimated exit: 1.18131, P&L: EUR 35.72 (USD 42.20)
2026-02-25 23:46:20,606 - INFO - Reconciliation complete. Current state: FLAT
2026-02-25 23:46:20,606 - INFO - Position state verified. Resuming trading.
2026-02-25 23:46:29,235 - INFO - Warning 2106, reqId -1: HMDS data farm connection is OK:cashhmds
2026-02-25 23:46:29,528 - INFO - New bar: 2026-02-25 18:45:00-05:00 | O=1.18134 H=1.18149 L=1.18133 C=1.18148
2026-02-25 23:50:30,754 - INFO - New bar: 2026-02-25 18:50:00-05:00 | O=1.18158 H=1.18163 L=1.18158 C=1.18163
2026-02-25 23:51:31,040 - INFO - Waiting for new bar... (last: 2026-02-25 18:50:00-05:00, price: 1.18149)
2026-02-25 23:55:32,115 - INFO - New bar: 2026-02-25 18:55:00-05:00 | O=1.18148 H=1.18154 L=1.18148 C=1.18154
2026-02-25 23:56:32,369 - INFO - Waiting for new bar... (last: 2026-02-25 18:55:00-05:00, price: 1.18156)
2026-02-26 00:00:33,551 - INFO - New bar: 2026-02-25 19:00:00-05:00 | O=1.18151 H=1.18152 L=1.18145 C=1.18148
2026-02-26 00:01:33,884 - INFO - Waiting for new bar... (last: 2026-02-25 19:00:00-05:00, price: 1.18157)
2026-02-26 00:05:34,939 - INFO - New bar: 2026-02-25 19:05:00-05:00 | O=1.18138 H=1.18144 L=1.18137 C=1.18138
2026-02-26 00:06:35,238 - INFO - Waiting for new bar... (last: 2026-02-25 19:05:00-05:00, price: 1.18144)
2026-02-26 00:10:36,328 - INFO - New bar: 2026-02-25 19:10:00-05:00 | O=1.18125 H=1.18134 L=1.18124 C=1.18133
2026-02-26 00:11:36,683 - INFO - Waiting for new bar... (last: 2026-02-25 19:10:00-05:00, price: 1.18135)
2026-02-26 00:15:37,797 - INFO - New bar: 2026-02-25 19:15:00-05:00 | O=1.18132 H=1.18139 L=1.18132 C=1.18138
2026-02-26 00:16:38,041 - INFO - Waiting for new bar... (last: 2026-02-25 19:15:00-05:00, price: 1.18144)
2026-02-26 00:20:39,003 - INFO - New bar: 2026-02-25 19:20:00-05:00 | O=1.18156 H=1.18165 L=1.18156 C=1.18162
2026-02-26 00:21:39,268 - INFO - Waiting for new bar... (last: 2026-02-25 19:20:00-05:00, price: 1.18166)
2026-02-26 00:25:40,343 - INFO - New bar: 2026-02-25 19:25:00-05:00 | O=1.18155 H=1.18156 L=1.18154 C=1.18156
2026-02-26 00:26:40,706 - INFO - Waiting for new bar... (last: 2026-02-25 19:25:00-05:00, price: 1.18154)
2026-02-26 00:30:41,702 - INFO - New bar: 2026-02-25 19:30:00-05:00 | O=1.18155 H=1.18155 L=1.18139 C=1.18139
2026-02-26 00:31:41,924 - INFO - Waiting for new bar... (last: 2026-02-25 19:30:00-05:00, price: 1.18143)
2026-02-26 00:35:42,898 - INFO - New bar: 2026-02-25 19:35:00-05:00 | O=1.18169 H=1.18169 L=1.18162 C=1.18163
2026-02-26 00:36:43,154 - INFO - Waiting for new bar... (last: 2026-02-25 19:35:00-05:00, price: 1.18163)
2026-02-26 00:40:44,120 - INFO - New bar: 2026-02-25 19:40:00-05:00 | O=1.18162 H=1.18167 L=1.18159 C=1.18165
2026-02-26 00:41:44,481 - INFO - Waiting for new bar... (last: 2026-02-25 19:40:00-05:00, price: 1.18168)
2026-02-26 00:45:45,498 - INFO - New bar: 2026-02-25 19:45:00-05:00 | O=1.18177 H=1.18178 L=1.18176 C=1.18176
2026-02-26 00:46:45,730 - INFO - Waiting for new bar... (last: 2026-02-25 19:45:00-05:00, price: 1.18189)
2026-02-26 00:50:46,795 - INFO - New bar: 2026-02-25 19:50:00-05:00 | O=1.18148 H=1.18156 L=1.18148 C=1.18156
2026-02-26 00:51:47,039 - INFO - Waiting for new bar... (last: 2026-02-25 19:50:00-05:00, price: 1.18161)
2026-02-26 00:55:47,926 - INFO - New bar: 2026-02-25 19:55:00-05:00 | O=1.18162 H=1.18163 L=1.18158 C=1.18163
2026-02-26 00:56:48,147 - INFO - Waiting for new bar... (last: 2026-02-25 19:55:00-05:00, price: 1.18176)
2026-02-26 01:00:49,126 - INFO - New bar: 2026-02-25 20:00:00-05:00 | O=1.18192 H=1.18197 L=1.18180 C=1.18195
2026-02-26 01:01:49,344 - INFO - Waiting for new bar... (last: 2026-02-25 20:00:00-05:00, price: 1.18195)
2026-02-26 01:05:50,439 - INFO - New bar: 2026-02-25 20:05:00-05:00 | O=1.18202 H=1.18209 L=1.18199 C=1.18205
2026-02-26 01:06:50,700 - INFO - Waiting for new bar... (last: 2026-02-25 20:05:00-05:00, price: 1.18200)
2026-02-26 01:10:52,264 - INFO - New bar: 2026-02-25 20:10:00-05:00 | O=1.18189 H=1.18196 L=1.18183 C=1.18183
2026-02-26 01:11:52,535 - INFO - Waiting for new bar... (last: 2026-02-25 20:10:00-05:00, price: 1.18182)
2026-02-26 01:15:35,056 - INFO - Warning 2157, reqId -1: Sec-def data farm connection is broken:secdefnj
2026-02-26 01:15:35,660 - INFO - Warning 2158, reqId -1: Sec-def data farm connection is OK:secdefnj
2026-02-26 01:15:35,708 - INFO - Warning 2105, reqId -1: HMDS data farm connection is broken:ushmds
2026-02-26 01:15:36,318 - INFO - Warning 2106, reqId -1: HMDS data farm connection is OK:ushmds
2026-02-26 01:15:39,380 - INFO - Warning 2105, reqId -1: HMDS data farm connection is broken:cashhmds
2026-02-26 01:15:40,017 - INFO - Warning 2106, reqId -1: HMDS data farm connection is OK:cashhmds
2026-02-26 01:15:53,453 - INFO - New bar: 2026-02-25 20:15:00-05:00 | O=1.18192 H=1.18202 L=1.18191 C=1.18198
2026-02-26 01:16:53,690 - INFO - Waiting for new bar... (last: 2026-02-25 20:15:00-05:00, price: 1.18205)
2026-02-26 01:20:54,683 - INFO - New bar: 2026-02-25 20:20:00-05:00 | O=1.18227 H=1.18244 L=1.18227 C=1.18244
2026-02-26 01:21:54,932 - INFO - Waiting for new bar... (last: 2026-02-25 20:20:00-05:00, price: 1.18246)
2026-02-26 01:25:55,858 - INFO - New bar: 2026-02-25 20:25:00-05:00 | O=1.18265 H=1.18274 L=1.18257 C=1.18263
2026-02-26 01:26:56,116 - INFO - Waiting for new bar... (last: 2026-02-25 20:25:00-05:00, price: 1.18240)
2026-02-26 01:30:57,112 - INFO - New bar: 2026-02-25 20:30:00-05:00 | O=1.18229 H=1.18230 L=1.18211 C=1.18216
2026-02-26 01:31:57,353 - INFO - Waiting for new bar... (last: 2026-02-25 20:30:00-05:00, price: 1.18227)
2026-02-26 01:35:58,301 - INFO - New bar: 2026-02-25 20:35:00-05:00 | O=1.18234 H=1.18237 L=1.18227 C=1.18227
2026-02-26 01:36:58,547 - INFO - Waiting for new bar... (last: 2026-02-25 20:35:00-05:00, price: 1.18232)
2026-02-26 01:40:59,476 - INFO - New bar: 2026-02-25 20:40:00-05:00 | O=1.18250 H=1.18264 L=1.18250 C=1.18264
2026-02-26 01:41:59,731 - INFO - Waiting for new bar... (last: 2026-02-25 20:40:00-05:00, price: 1.18278)
2026-02-26 01:46:00,725 - INFO - New bar: 2026-02-25 20:45:00-05:00 | O=1.18279 H=1.18281 L=1.18274 C=1.18274
2026-02-26 01:47:00,985 - INFO - Waiting for new bar... (last: 2026-02-25 20:45:00-05:00, price: 1.18281)
2026-02-26 01:51:02,204 - INFO - New bar: 2026-02-25 20:50:00-05:00 | O=1.18272 H=1.18273 L=1.18267 C=1.18269
2026-02-26 01:52:02,497 - INFO - Waiting for new bar... (last: 2026-02-25 20:50:00-05:00, price: 1.18278)
2026-02-26 01:56:03,532 - INFO - New bar: 2026-02-25 20:55:00-05:00 | O=1.18274 H=1.18274 L=1.18267 C=1.18269
2026-02-26 01:57:03,878 - INFO - Waiting for new bar... (last: 2026-02-25 20:55:00-05:00, price: 1.18274)
2026-02-26 02:01:04,983 - INFO - New bar: 2026-02-25 21:00:00-05:00 | O=1.18274 H=1.18290 L=1.18273 C=1.18280
2026-02-26 02:02:05,218 - INFO - Waiting for new bar... (last: 2026-02-25 21:00:00-05:00, price: 1.18264)
2026-02-26 02:05:05,944 - INFO - New bar: 2026-02-25 21:05:00-05:00 | O=1.18264 H=1.18267 L=1.18264 C=1.18266
2026-02-26 02:07:06,471 - INFO - Waiting for new bar... (last: 2026-02-25 21:05:00-05:00, price: 1.18284)
2026-02-26 02:10:07,203 - INFO - New bar: 2026-02-25 21:10:00-05:00 | O=1.18264 H=1.18266 L=1.18264 C=1.18266
2026-02-26 02:12:07,692 - INFO - Waiting for new bar... (last: 2026-02-25 21:10:00-05:00, price: 1.18275)
2026-02-26 02:15:08,430 - INFO - New bar: 2026-02-25 21:15:00-05:00 | O=1.18262 H=1.18268 L=1.18262 C=1.18268
2026-02-26 02:17:08,932 - INFO - Waiting for new bar... (last: 2026-02-25 21:15:00-05:00, price: 1.18262)
2026-02-26 02:20:09,671 - INFO - New bar: 2026-02-25 21:20:00-05:00 | O=1.18251 H=1.18252 L=1.18249 C=1.18249
2026-02-26 02:22:10,172 - INFO - Waiting for new bar... (last: 2026-02-25 21:20:00-05:00, price: 1.18243)
2026-02-26 02:25:10,888 - INFO - New bar: 2026-02-25 21:25:00-05:00 | O=1.18234 H=1.18236 L=1.18233 C=1.18233
2026-02-26 02:27:11,479 - INFO - Waiting for new bar... (last: 2026-02-25 21:25:00-05:00, price: 1.18227)
2026-02-26 02:30:12,193 - INFO - New bar: 2026-02-25 21:30:00-05:00 | O=1.18203 H=1.18203 L=1.18196 C=1.18196
2026-02-26 02:32:12,671 - INFO - Waiting for new bar... (last: 2026-02-25 21:30:00-05:00, price: 1.18197)
2026-02-26 02:35:13,394 - INFO - New bar: 2026-02-25 21:35:00-05:00 | O=1.18187 H=1.18188 L=1.18186 C=1.18188
2026-02-26 02:37:13,915 - INFO - Waiting for new bar... (last: 2026-02-25 21:35:00-05:00, price: 1.18197)
2026-02-26 02:40:14,635 - INFO - New bar: 2026-02-25 21:40:00-05:00 | O=1.18173 H=1.18173 L=1.18168 C=1.18169
2026-02-26 02:42:15,106 - INFO - Waiting for new bar... (last: 2026-02-25 21:40:00-05:00, price: 1.18145)
2026-02-26 02:45:15,814 - INFO - New bar: 2026-02-25 21:45:00-05:00 | O=1.18145 H=1.18145 L=1.18139 C=1.18143
2026-02-26 02:47:16,290 - INFO - Waiting for new bar... (last: 2026-02-25 21:45:00-05:00, price: 1.18165)
2026-02-26 02:50:17,047 - INFO - New bar: 2026-02-25 21:50:00-05:00 | O=1.18167 H=1.18168 L=1.18166 C=1.18167
2026-02-26 02:52:17,541 - INFO - Waiting for new bar... (last: 2026-02-25 21:50:00-05:00, price: 1.18167)
2026-02-26 02:55:18,283 - INFO - New bar: 2026-02-25 21:55:00-05:00 | O=1.18162 H=1.18166 L=1.18162 C=1.18166
2026-02-26 02:57:18,762 - INFO - Waiting for new bar... (last: 2026-02-25 21:55:00-05:00, price: 1.18172)
2026-02-26 03:00:19,491 - INFO - New bar: 2026-02-25 22:00:00-05:00 | O=1.18175 H=1.18176 L=1.18175 C=1.18176
2026-02-26 03:02:19,987 - INFO - Waiting for new bar... (last: 2026-02-25 22:00:00-05:00, price: 1.18189)
2026-02-26 03:05:20,691 - INFO - New bar: 2026-02-25 22:05:00-05:00 | O=1.18195 H=1.18195 L=1.18193 C=1.18193
2026-02-26 03:07:21,149 - INFO - Waiting for new bar... (last: 2026-02-25 22:05:00-05:00, price: 1.18193)
2026-02-26 03:10:21,981 - INFO - New bar: 2026-02-25 22:10:00-05:00 | O=1.18183 H=1.18186 L=1.18183 C=1.18186
2026-02-26 03:12:22,459 - INFO - Waiting for new bar... (last: 2026-02-25 22:10:00-05:00, price: 1.18186)
2026-02-26 03:15:23,190 - INFO - New bar: 2026-02-25 22:15:00-05:00 | O=1.18198 H=1.18206 L=1.18198 C=1.18204
2026-02-26 03:17:23,690 - INFO - Waiting for new bar... (last: 2026-02-25 22:15:00-05:00, price: 1.18205)
2026-02-26 03:20:24,475 - INFO - New bar: 2026-02-25 22:20:00-05:00 | O=1.18213 H=1.18215 L=1.18212 C=1.18212
2026-02-26 03:22:24,962 - INFO - Waiting for new bar... (last: 2026-02-25 22:20:00-05:00, price: 1.18209)
2026-02-26 03:25:25,672 - INFO - New bar: 2026-02-25 22:25:00-05:00 | O=1.18204 H=1.18207 L=1.18203 C=1.18205
2026-02-26 03:27:26,193 - INFO - Waiting for new bar... (last: 2026-02-25 22:25:00-05:00, price: 1.18209)
2026-02-26 03:30:26,890 - INFO - New bar: 2026-02-25 22:30:00-05:00 | O=1.18192 H=1.18199 L=1.18192 C=1.18196
2026-02-26 03:32:27,398 - INFO - Waiting for new bar... (last: 2026-02-25 22:30:00-05:00, price: 1.18197)
2026-02-26 03:35:28,145 - INFO - New bar: 2026-02-25 22:35:00-05:00 | O=1.18210 H=1.18215 L=1.18210 C=1.18215
2026-02-26 03:37:28,638 - INFO - Waiting for new bar... (last: 2026-02-25 22:35:00-05:00, price: 1.18193)
2026-02-26 03:40:29,355 - INFO - New bar: 2026-02-25 22:40:00-05:00 | O=1.18183 H=1.18184 L=1.18182 C=1.18183
2026-02-26 03:42:29,822 - INFO - Waiting for new bar... (last: 2026-02-25 22:40:00-05:00, price: 1.18182)
2026-02-26 03:45:30,543 - INFO - New bar: 2026-02-25 22:45:00-05:00 | O=1.18178 H=1.18178 L=1.18175 C=1.18175
2026-02-26 03:47:31,051 - INFO - Waiting for new bar... (last: 2026-02-25 22:45:00-05:00, price: 1.18172)
2026-02-26 03:50:31,799 - INFO - New bar: 2026-02-25 22:50:00-05:00 | O=1.18166 H=1.18166 L=1.18162 C=1.18162
2026-02-26 03:52:35,497 - INFO - Waiting for new bar... (last: 2026-02-25 22:50:00-05:00, price: 1.18172)
2026-02-26 03:55:36,215 - INFO - New bar: 2026-02-25 22:55:00-05:00 | O=1.18166 H=1.18166 L=1.18161 C=1.18164
2026-02-26 03:57:36,711 - INFO - Waiting for new bar... (last: 2026-02-25 22:55:00-05:00, price: 1.18179)
2026-02-26 04:00:37,409 - INFO - New bar: 2026-02-25 23:00:00-05:00 | O=1.18171 H=1.18172 L=1.18169 C=1.18171
2026-02-26 04:02:37,883 - INFO - Waiting for new bar... (last: 2026-02-25 23:00:00-05:00, price: 1.18167)
2026-02-26 04:05:38,598 - INFO - New bar: 2026-02-25 23:05:00-05:00 | O=1.18175 H=1.18175 L=1.18165 C=1.18166
2026-02-26 04:07:39,036 - INFO - Waiting for new bar... (last: 2026-02-25 23:05:00-05:00, price: 1.18166)
2026-02-26 04:10:39,763 - INFO - New bar: 2026-02-25 23:10:00-05:00 | O=1.18165 H=1.18165 L=1.18151 C=1.18154
2026-02-26 04:12:40,320 - INFO - Waiting for new bar... (last: 2026-02-25 23:10:00-05:00, price: 1.18136)
2026-02-26 04:15:41,010 - INFO - New bar: 2026-02-25 23:15:00-05:00 | O=1.18141 H=1.18141 L=1.18132 C=1.18133
2026-02-26 04:17:41,477 - INFO - Waiting for new bar... (last: 2026-02-25 23:15:00-05:00, price: 1.18145)
2026-02-26 04:20:49,279 - INFO - New bar: 2026-02-25 23:20:00-05:00 | O=1.18135 H=1.18135 L=1.18132 C=1.18135
2026-02-26 04:22:49,756 - INFO - Waiting for new bar... (last: 2026-02-25 23:20:00-05:00, price: 1.18145)
2026-02-26 04:25:50,430 - INFO - New bar: 2026-02-25 23:25:00-05:00 | O=1.18153 H=1.18158 L=1.18152 C=1.18158
2026-02-26 04:25:50,441 - INFO - SELL Signal: SMA 1.18176 crossed below 1.18178, RSI 43.8, Momentum -0.000575
2026-02-26 04:25:50,441 - INFO - Checking EUR balance...
2026-02-26 04:25:50,678 - INFO - EUR balance: 1,002,218.30 EUR
2026-02-26 04:25:50,678 - INFO - Required minimum: 20,000.00 EUR
2026-02-26 04:25:50,678 - INFO - Status: Sufficient
2026-02-26 04:25:50,679 - INFO - placeOrder: New order Trade(contract=Forex('EURUSD', conId=12087792, exchange='IDEALPRO', localSymbol='EUR.USD', tradingClass='EUR.USD'), order=MarketOrder(orderId=6645, clientId=753, action='SELL', totalQuantity=20000, tif='GTC'), orderStatus=OrderStatus(orderId=6645, status='PendingSubmit', filled=0.0, remaining=0.0, avgFillPrice=0.0, permId=0, parentId=0, lastFillPrice=0.0, clientId=0, whyHeld='', mktCapPrice=0.0), fills=[], log=[TradeLogEntry(time=datetime.datetime(2026, 2, 26, 4, 25, 50, 679051, tzinfo=datetime.timezone.utc), status='PendingSubmit', message='', errorCode=0)], advancedError='')
2026-02-26 04:25:51,538 - INFO - orderStatus: Trade(contract=Forex('EURUSD', conId=12087792, exchange='IDEALPRO', localSymbol='EUR.USD', tradingClass='EUR.USD'), order=MarketOrder(orderId=6645, clientId=753, permId=718244302, action='SELL', totalQuantity=20000.0, lmtPrice=0.0, auxPrice=0.0, tif='GTC'), orderStatus=OrderStatus(orderId=6645, status='PreSubmitted', filled=0.0, remaining=20000.0, avgFillPrice=0.0, permId=718244302, parentId=0, lastFillPrice=0.0, clientId=753, whyHeld='', mktCapPrice=0.0), fills=[], log=[TradeLogEntry(time=datetime.datetime(2026, 2, 26, 4, 25, 50, 679051, tzinfo=datetime.timezone.utc), status='PendingSubmit', message='', errorCode=0), TradeLogEntry(time=datetime.datetime(2026, 2, 26, 4, 25, 51, 538074, tzinfo=datetime.timezone.utc), status='PreSubmitted', message='', errorCode=0)], advancedError='')
2026-02-26 04:25:51,553 - INFO - position: Position(account='DUM847254', contract=Forex('EURUSD', conId=12087792, localSymbol='EUR.USD', tradingClass='EUR.USD'), position=-20000.0, avgCost=1.18156)
2026-02-26 04:25:51,610 - INFO - execDetails Execution(execId='0000e215.699fa1b8.01.01', time=datetime.datetime(2026, 2, 26, 4, 25, 51, tzinfo=datetime.timezone.utc), acctNumber='DUM847254', exchange='IDEALPRO', side='SLD', shares=20000.0, price=1.18156, permId=718244302, clientId=753, orderId=6645, liquidation=0, cumQty=20000.0, avgPrice=1.18156, orderRef='', evRule='', evMultiplier=0.0, modelCode='', lastLiquidity=2, pendingPriceRevision=False)
2026-02-26 04:25:51,610 - INFO - execDetails: Fill(contract=Forex('EURUSD', conId=12087792, exchange='IDEALPRO', localSymbol='EUR.USD', tradingClass='EUR.USD'), execution=Execution(execId='0000e215.699fa1b8.01.01', time=datetime.datetime(2026, 2, 26, 4, 25, 51, tzinfo=datetime.timezone.utc), acctNumber='DUM847254', exchange='IDEALPRO', side='SLD', shares=20000.0, price=1.18156, permId=718244302, clientId=753, orderId=6645, liquidation=0, cumQty=20000.0, avgPrice=1.18156, orderRef='', evRule='', evMultiplier=0.0, modelCode='', lastLiquidity=2, pendingPriceRevision=False), commissionReport=CommissionReport(execId='', commission=0.0, currency='', realizedPNL=0.0, yield_=0.0, yieldRedemptionDate=0), time=datetime.datetime(2026, 2, 26, 4, 25, 51, 610022, tzinfo=datetime.timezone.utc))
2026-02-26 04:25:51,618 - INFO - orderStatus: Trade(contract=Forex('EURUSD', conId=12087792, exchange='IDEALPRO', localSymbol='EUR.USD', tradingClass='EUR.USD'), order=MarketOrder(orderId=6645, clientId=753, permId=718244302, action='SELL', totalQuantity=20000.0, lmtPrice=0.0, auxPrice=0.0, tif='GTC'), orderStatus=OrderStatus(orderId=6645, status='Filled', filled=20000.0, remaining=0.0, avgFillPrice=1.18156, permId=718244302, parentId=0, lastFillPrice=1.18156, clientId=753, whyHeld='', mktCapPrice=0.0), fills=[Fill(contract=Forex('EURUSD', conId=12087792, exchange='IDEALPRO', localSymbol='EUR.USD', tradingClass='EUR.USD'), execution=Execution(execId='0000e215.699fa1b8.01.01', time=datetime.datetime(2026, 2, 26, 4, 25, 51, tzinfo=datetime.timezone.utc), acctNumber='DUM847254', exchange='IDEALPRO', side='SLD', shares=20000.0, price=1.18156, permId=718244302, clientId=753, orderId=6645, liquidation=0, cumQty=20000.0, avgPrice=1.18156, orderRef='', evRule='', evMultiplier=0.0, modelCode='', lastLiquidity=2, pendingPriceRevision=False), commissionReport=CommissionReport(execId='', commission=0.0, currency='', realizedPNL=0.0, yield_=0.0, yieldRedemptionDate=0), time=datetime.datetime(2026, 2, 26, 4, 25, 51, 610022, tzinfo=datetime.timezone.utc))], log=[TradeLogEntry(time=datetime.datetime(2026, 2, 26, 4, 25, 50, 679051, tzinfo=datetime.timezone.utc), status='PendingSubmit', message='', errorCode=0), TradeLogEntry(time=datetime.datetime(2026, 2, 26, 4, 25, 51, 538074, tzinfo=datetime.timezone.utc), status='PreSubmitted', message='', errorCode=0), TradeLogEntry(time=datetime.datetime(2026, 2, 26, 4, 25, 51, 610022, tzinfo=datetime.timezone.utc), status='PreSubmitted', message='Fill 20000.0@1.18156', errorCode=0), TradeLogEntry(time=datetime.datetime(2026, 2, 26, 4, 25, 51, 617964, tzinfo=datetime.timezone.utc), status='Filled', message='', errorCode=0)], advancedError='')
2026-02-26 04:25:51,633 - INFO - commissionReport: CommissionReport(execId='0000e215.699fa1b8.01.01', commission=1.69344, currency='EUR', realizedPNL=0.0, yield_=0.0, yieldRedemptionDate=0)
2026-02-26 04:25:51,636 - INFO - position: Position(account='DUM847254', contract=Forex('EURUSD', conId=12087792, localSymbol='EUR.USD', tradingClass='EUR.USD'), position=-20000.0, avgCost=1.1814601634229682)
2026-02-26 04:25:51,681 - INFO - OPENED: SELL 20,000 EUR @ 1.18156 (slippage: 0.2 pips)
2026-02-26 04:25:51,681 - INFO - Entry price recorded: 1.18156
2026-02-26 04:27:52,165 - INFO - Waiting for new bar... (last: 2026-02-25 23:25:00-05:00, price: 1.18151)
2026-02-26 04:30:18,291 - INFO - Warning 2157, reqId -1: Sec-def data farm connection is broken:secdefnj
2026-02-26 04:30:18,891 - INFO - Warning 2158, reqId -1: Sec-def data farm connection is OK:secdefnj
2026-02-26 04:30:52,971 - INFO - New bar: 2026-02-25 23:30:00-05:00 | O=1.18134 H=1.18134 L=1.18127 C=1.18130
2026-02-26 04:32:53,427 - INFO - Waiting for new bar... (last: 2026-02-25 23:30:00-05:00, price: 1.18138)
2026-02-26 04:35:54,110 - INFO - New bar: 2026-02-25 23:35:00-05:00 | O=1.18163 H=1.18165 L=1.18157 C=1.18158
2026-02-26 04:37:54,560 - INFO - Waiting for new bar... (last: 2026-02-25 23:35:00-05:00, price: 1.18158)
2026-02-26 04:40:55,258 - INFO - New bar: 2026-02-25 23:40:00-05:00 | O=1.18157 H=1.18158 L=1.18154 C=1.18158
2026-02-26 04:42:55,742 - INFO - Waiting for new bar... (last: 2026-02-25 23:40:00-05:00, price: 1.18165)
2026-02-26 04:45:56,433 - INFO - New bar: 2026-02-25 23:45:00-05:00 | O=1.18165 H=1.18172 L=1.18152 C=1.18152
2026-02-26 04:46:03,507 - INFO - Warning 2157, reqId -1: Sec-def data farm connection is broken:secdefnj
2026-02-26 04:46:04,132 - INFO - Warning 2158, reqId -1: Sec-def data farm connection is OK:secdefnj
2026-02-26 04:47:56,900 - INFO - Waiting for new bar... (last: 2026-02-25 23:45:00-05:00, price: 1.18167)
2026-02-26 04:50:57,597 - INFO - New bar: 2026-02-25 23:50:00-05:00 | O=1.18167 H=1.18171 L=1.18166 C=1.18166
2026-02-26 04:52:58,028 - INFO - Waiting for new bar... (last: 2026-02-25 23:50:00-05:00, price: 1.18152)
2026-02-26 04:55:58,698 - INFO - New bar: 2026-02-25 23:55:00-05:00 | O=1.18163 H=1.18182 L=1.18162 C=1.18178
2026-02-26 04:57:59,191 - INFO - Waiting for new bar... (last: 2026-02-25 23:55:00-05:00, price: 1.18162)
2026-02-26 05:00:59,873 - INFO - New bar: 2026-02-26 00:00:00-05:00 | O=1.18183 H=1.18192 L=1.18180 C=1.18183
2026-02-26 05:03:00,304 - INFO - Waiting for new bar... (last: 2026-02-26 00:00:00-05:00, price: 1.18173)
2026-02-26 05:03:20,973 - INFO - Warning 2105, reqId -1: HMDS data farm connection is broken:ushmds
2026-02-26 05:03:21,629 - INFO - Warning 2106, reqId -1: HMDS data farm connection is OK:ushmds
2026-02-26 05:04:51,037 - INFO - Warning 2105, reqId -1: HMDS data farm connection is broken:cashhmds
2026-02-26 05:05:00,528 - INFO - Warning 2106, reqId -1: HMDS data farm connection is OK:cashhmds
2026-02-26 05:06:01,726 - INFO - New bar: 2026-02-26 00:05:00-05:00 | O=1.18178 H=1.18182 L=1.18170 C=1.18172
2026-02-26 05:08:02,189 - INFO - Waiting for new bar... (last: 2026-02-26 00:05:00-05:00, price: 1.18180)
2026-02-26 05:11:02,896 - INFO - New bar: 2026-02-26 00:10:00-05:00 | O=1.18187 H=1.18194 L=1.18179 C=1.18183
2026-02-26 05:12:42,128 - INFO - Warning 2103, reqId -1: Market data farm connection is broken:usfarm
2026-02-26 05:12:43,637 - INFO - Warning 2104, reqId -1: Market data farm connection is OK:usfarm
2026-02-26 05:13:03,400 - INFO - Waiting for new bar... (last: 2026-02-26 00:10:00-05:00, price: 1.18188)
2026-02-26 05:13:15,153 - INFO - Warning 2103, reqId -1: Market data farm connection is broken:usfarm
2026-02-26 05:13:16,532 - INFO - Warning 2104, reqId -1: Market data farm connection is OK:usfarm
2026-02-26 05:16:04,137 - INFO - New bar: 2026-02-26 00:15:00-05:00 | O=1.18180 H=1.18202 L=1.18180 C=1.18199
2026-02-26 05:18:04,602 - INFO - Waiting for new bar... (last: 2026-02-26 00:15:00-05:00, price: 1.18209)
2026-02-26 05:21:05,280 - INFO - New bar: 2026-02-26 00:20:00-05:00 | O=1.18200 H=1.18204 L=1.18195 C=1.18195
2026-02-26 05:23:05,772 - INFO - Waiting for new bar... (last: 2026-02-26 00:20:00-05:00, price: 1.18187)
2026-02-26 05:25:06,316 - INFO - New bar: 2026-02-26 00:25:00-05:00 | O=1.18203 H=1.18203 L=1.18203 C=1.18203
2026-02-26 05:28:07,031 - INFO - Waiting for new bar... (last: 2026-02-26 00:25:00-05:00, price: 1.18201)
2026-02-26 05:30:07,481 - INFO - New bar: 2026-02-26 00:30:00-05:00 | O=1.18197 H=1.18199 L=1.18196 C=1.18199
2026-02-26 05:33:08,147 - INFO - Waiting for new bar... (last: 2026-02-26 00:30:00-05:00, price: 1.18186)
2026-02-26 05:35:08,645 - INFO - New bar: 2026-02-26 00:35:00-05:00 | O=1.18192 H=1.18192 L=1.18190 C=1.18191
2026-02-26 05:38:09,356 - INFO - Waiting for new bar... (last: 2026-02-26 00:35:00-05:00, price: 1.18162)
2026-02-26 05:40:09,849 - INFO - New bar: 2026-02-26 00:40:00-05:00 | O=1.18182 H=1.18182 L=1.18182 C=1.18182
2026-02-26 05:43:10,579 - INFO - Waiting for new bar... (last: 2026-02-26 00:40:00-05:00, price: 1.18182)
2026-02-26 05:45:11,043 - INFO - New bar: 2026-02-26 00:45:00-05:00 | O=1.18192 H=1.18193 L=1.18192 C=1.18192
2026-02-26 05:46:47,083 - ERROR - Error 1100, reqId -1: Connectivity between IBKR and Trader Workstation has been lost.
2026-02-26 05:46:47,703 - ERROR - Error 1100, reqId -1: Connectivity between IBKR and Trader Workstation has been lost.
2026-02-26 05:46:54,961 - ERROR - Error 1100, reqId -1: Connectivity between IBKR and Trader Workstation has been lost.
2026-02-26 05:46:59,110 - ERROR - Error 1100, reqId -1: Connectivity between IBKR and Trader Workstation has been lost.
2026-02-26 05:47:02,259 - ERROR - Error 1100, reqId -1: Connectivity between IBKR and Trader Workstation has been lost.
2026-02-26 05:47:08,997 - ERROR - Error 1100, reqId -1: Connectivity between IBKR and Trader Workstation has been lost.
2026-02-26 05:47:19,988 - ERROR - Error 1100, reqId -1: Connectivity between IBKR and Trader Workstation has been lost.
2026-02-26 05:47:29,099 - ERROR - Error 1100, reqId -1: Connectivity between IBKR and Trader Workstation has been lost.
2026-02-26 05:47:47,365 - ERROR - Error 1100, reqId -1: Connectivity between IBKR and Trader Workstation has been lost.
2026-02-26 05:48:06,485 - ERROR - Error 1100, reqId -1: Connectivity between IBKR and Trader Workstation has been lost.
2026-02-26 05:48:11,310 - WARNING - reqHistoricalData: Timeout for Forex('EURUSD', conId=12087792, exchange='IDEALPRO', localSymbol='EUR.USD', tradingClass='EUR.USD')
2026-02-26 05:48:11,310 - WARNING - No bar data returned
2026-02-26 05:48:11,327 - ERROR - Error 366, reqId 6726: No historical data query found for ticker id:6726, contract: Forex('EURUSD', conId=12087792, exchange='IDEALPRO', localSymbol='EUR.USD', tradingClass='EUR.USD')
2026-02-26 05:48:27,827 - ERROR - Error 1100, reqId -1: Connectivity between IBKR and Trader Workstation has been lost.
2026-02-26 05:48:52,986 - ERROR - Error 1100, reqId -1: Connectivity between IBKR and Trader Workstation has been lost.
2026-02-26 05:49:28,925 - ERROR - Error 1100, reqId -1: Connectivity between IBKR and Trader Workstation has been lost.
2026-02-26 05:50:00,577 - ERROR - Error 1100, reqId -1: Connectivity between IBKR and Trader Workstation has been lost.
2026-02-26 05:50:11,340 - WARNING - reqHistoricalData: Timeout for Forex('EURUSD', conId=12087792, exchange='IDEALPRO', localSymbol='EUR.USD', tradingClass='EUR.USD')
2026-02-26 05:50:11,341 - WARNING - No bar data returned
2026-02-26 05:50:11,343 - ERROR - Error 366, reqId 6727: No historical data query found for ticker id:6727, contract: Forex('EURUSD', conId=12087792, exchange='IDEALPRO', localSymbol='EUR.USD', tradingClass='EUR.USD')
2026-02-26 05:50:36,301 - ERROR - Error 1100, reqId -1: Connectivity between IBKR and Trader Workstation has been lost.
2026-02-26 05:51:15,333 - ERROR - Error 1100, reqId -1: Connectivity between IBKR and Trader Workstation has been lost.
2026-02-26 05:51:55,365 - INFO - position: Position(account='DUM847254', contract=Forex('EURUSD', conId=12087792, localSymbol='EUR.USD', tradingClass='EUR.USD'), position=0.0, avgCost=0.5907299775)
2026-02-26 05:51:55,369 - INFO - position: Position(account='DUM847254', contract=Forex('EURUSD', conId=12087792, localSymbol='EUR.USD', tradingClass='EUR.USD'), position=0.0, avgCost=0.5907299775)
2026-02-26 05:51:55,571 - ERROR - Error handling fields: ['10', '6364', 'EUR', 'CASH', '', '0', '', 'IDEALPRO', 'USD', 'EUR.USD', 'EUR.USD', 'EUR.USD', '12087792', '0.00005', '', 'ACTIVETIM,AD,ADJUST,ALERT,ALGO,ALLOC,AVGCOST,BASKET,BENCHPX,CASHQTY,COND,CONDORDER,DAY,DEACT,DEACTDIS,DEACTEOD,GAT,GTC,GTD,GTT,HID,IOC,LIT,LMT,MIT,MKT,NONALGO,OCA,REL,RELPCTOFS,SCALE,SCALERST,STP,STPLMT,TRAIL,TRAILLIT,TRAILLMT,TRAILMIT,WHATIF', 'IDEALPRO', '1', '0', 'European Monetary Union Euro', '', '', '', '', '', 'US/Eastern', '20260224:1715-20260225:1700;20260225:1715-20260226:1700;20260226:1715-20260227:1700;20260228:CLOSED;20260301:1715-20260302:1700;20260302:1715-20260303:1700', '20260224:1715-20260225:1700;20260225:1715-20260226:1700;20260226:1715-20260227:1700;20260228:CLOSED;20260301:1715-20260302:1700;20260302:1715-20260303:1700', '', '', '0', '4', '', '', '3188', '', '', '0.01', '0.01', '0.01']
Traceback (most recent call last):
  File "/usr/local/lib/python3.11/site-packages/ib_async/decoder.py", line 181, in interpret
    handler(fields)
  File "/usr/local/lib/python3.11/site-packages/ib_async/decoder.py", line 344, in contractDetails
    self.wrapper.contractDetails(int(reqId), cd)
  File "/usr/local/lib/python3.11/site-packages/ib_async/wrapper.py", line 874, in contractDetails
    self._results[reqId].append(contractDetails)
    ~~~~~~~~~~~~~^^^^^^^
KeyError: 6364
2026-02-26 05:51:55,575 - ERROR - Error 1102, reqId -1: Connectivity between IBKR and Trader Workstation has been restored - data maintained. All data farms are connected: usfarm; cashhmds; ushmds; secdefnj.
2026-02-26 05:51:55,575 - WARNING - Connectivity restored (Error 1102). Scheduling position reconciliation.
2026-02-26 05:51:55,881 - INFO - New bar: 2026-02-26 00:50:00-05:00 | O=1.18198 H=1.18199 L=1.18193 C=1.18196
2026-02-26 05:52:55,942 - INFO - Running scheduled reconciliation after connectivity restore...
2026-02-26 05:52:55,942 - INFO - Reconciling position state with IB...
2026-02-26 05:52:55,942 - WARNING - Position mismatch detected!
2026-02-26 05:52:55,942 - WARNING -   Bot thought: SHORT @ 1.1816
2026-02-26 05:52:55,942 - WARNING -   IB shows: FLAT (no position)
2026-02-26 05:52:55,942 - INFO - Updated bot state to match IB: FLAT
2026-02-26 05:52:55,942 - WARNING - Position closed by IB (reboot/reset). Estimated exit: 1.18196, P&L: EUR -10.07 (USD -11.90)
2026-02-26 05:52:55,942 - INFO - Reconciliation complete. Current state: FLAT
2026-02-26 05:55:56,875 - INFO - New bar: 2026-02-26 00:55:00-05:00 | O=1.18193 H=1.18214 L=1.18192 C=1.18203
2026-02-26 05:55:56,877 - INFO - Status: Price=1.18203, Position=FLAT, Bars=120, P&L=EUR 26.22, Remaining=49.4h
2026-02-26 06:00:57,972 - INFO - New bar: 2026-02-26 01:00:00-05:00 | O=1.18197 H=1.18197 L=1.18183 C=1.18184
2026-02-26 06:05:59,115 - INFO - New bar: 2026-02-26 01:05:00-05:00 | O=1.18178 H=1.18186 L=1.18176 C=1.18182
2026-02-26 06:05:59,117 - INFO - Status: Price=1.18182, Position=FLAT, Bars=120, P&L=EUR 26.22, Remaining=49.2h
2026-02-26 06:11:00,262 - INFO - New bar: 2026-02-26 01:10:00-05:00 | O=1.18192 H=1.18204 L=1.18192 C=1.18199
2026-02-26 06:16:01,460 - INFO - New bar: 2026-02-26 01:15:00-05:00 | O=1.18207 H=1.18213 L=1.18204 C=1.18208
2026-02-26 06:16:01,462 - INFO - Status: Price=1.18208, Position=FLAT, Bars=120, P&L=EUR 26.22, Remaining=49.1h
2026-02-26 06:21:02,580 - INFO - New bar: 2026-02-26 01:20:00-05:00 | O=1.18168 H=1.18184 L=1.18168 C=1.18184
2026-02-26 06:26:03,802 - INFO - New bar: 2026-02-26 01:25:00-05:00 | O=1.18171 H=1.18172 L=1.18159 C=1.18165
2026-02-26 06:26:03,804 - INFO - Status: Price=1.18165, Position=FLAT, Bars=120, P&L=EUR 26.22, Remaining=48.9h
2026-02-26 06:31:04,938 - INFO - New bar: 2026-02-26 01:30:00-05:00 | O=1.18155 H=1.18183 L=1.18153 C=1.18176
2026-02-26 06:35:05,810 - INFO - New bar: 2026-02-26 01:35:00-05:00 | O=1.18178 H=1.18178 L=1.18176 C=1.18178
2026-02-26 06:36:06,025 - INFO - Waiting for new bar... (last: 2026-02-26 01:35:00-05:00, price: 1.18189)
2026-02-26 06:40:06,874 - INFO - New bar: 2026-02-26 01:40:00-05:00 | O=1.18188 H=1.18190 L=1.18188 C=1.18190
2026-02-26 06:41:07,185 - INFO - Waiting for new bar... (last: 2026-02-26 01:40:00-05:00, price: 1.18193)
2026-02-26 06:45:08,048 - INFO - New bar: 2026-02-26 01:45:00-05:00 | O=1.18202 H=1.18206 L=1.18202 C=1.18206
2026-02-26 06:46:08,366 - INFO - Waiting for new bar... (last: 2026-02-26 01:45:00-05:00, price: 1.18206)
2026-02-26 06:50:09,252 - INFO - New bar: 2026-02-26 01:50:00-05:00 | O=1.18206 H=1.18206 L=1.18203 C=1.18203
2026-02-26 06:51:09,455 - INFO - Waiting for new bar... (last: 2026-02-26 01:50:00-05:00, price: 1.18222)
2026-02-26 06:55:10,373 - INFO - New bar: 2026-02-26 01:55:00-05:00 | O=1.18192 H=1.18192 L=1.18192 C=1.18192
2026-02-26 06:56:10,623 - INFO - Waiting for new bar... (last: 2026-02-26 01:55:00-05:00, price: 1.18195)
2026-02-26 07:00:11,476 - INFO - New bar: 2026-02-26 02:00:00-05:00 | O=1.18188 H=1.18188 L=1.18176 C=1.18179
2026-02-26 07:01:11,692 - INFO - Waiting for new bar... (last: 2026-02-26 02:00:00-05:00, price: 1.18165)
2026-02-26 07:05:12,580 - INFO - New bar: 2026-02-26 02:05:00-05:00 | O=1.18131 H=1.18132 L=1.18128 C=1.18131
2026-02-26 07:06:12,794 - INFO - Waiting for new bar... (last: 2026-02-26 02:05:00-05:00, price: 1.18118)
2026-02-26 07:10:13,702 - INFO - New bar: 2026-02-26 02:10:00-05:00 | O=1.18102 H=1.18103 L=1.18102 C=1.18102
2026-02-26 07:11:13,944 - INFO - Waiting for new bar... (last: 2026-02-26 02:10:00-05:00, price: 1.18112)
2026-02-26 07:15:14,752 - INFO - New bar: 2026-02-26 02:15:00-05:00 | O=1.18128 H=1.18130 L=1.18115 C=1.18118
2026-02-26 07:16:14,979 - INFO - Waiting for new bar... (last: 2026-02-26 02:15:00-05:00, price: 1.18120)
2026-02-26 07:20:15,905 - INFO - New bar: 2026-02-26 02:20:00-05:00 | O=1.18162 H=1.18163 L=1.18155 C=1.18158
2026-02-26 07:21:16,101 - INFO - Waiting for new bar... (last: 2026-02-26 02:20:00-05:00, price: 1.18136)
2026-02-26 07:25:17,004 - INFO - New bar: 2026-02-26 02:25:00-05:00 | O=1.18122 H=1.18128 L=1.18122 C=1.18127
2026-02-26 07:26:17,234 - INFO - Waiting for new bar... (last: 2026-02-26 02:25:00-05:00, price: 1.18129)
2026-02-26 07:30:18,091 - INFO - New bar: 2026-02-26 02:30:00-05:00 | O=1.18122 H=1.18128 L=1.18117 C=1.18128
2026-02-26 07:31:18,309 - INFO - Waiting for new bar... (last: 2026-02-26 02:30:00-05:00, price: 1.18122)
2026-02-26 07:35:19,191 - INFO - New bar: 2026-02-26 02:35:00-05:00 | O=1.18138 H=1.18142 L=1.18137 C=1.18142
2026-02-26 07:36:19,400 - INFO - Waiting for new bar... (last: 2026-02-26 02:35:00-05:00, price: 1.18135)
2026-02-26 07:40:20,301 - INFO - New bar: 2026-02-26 02:40:00-05:00 | O=1.18118 H=1.18118 L=1.18114 C=1.18116
2026-02-26 07:41:20,497 - INFO - Waiting for new bar... (last: 2026-02-26 02:40:00-05:00, price: 1.18117)
2026-02-26 07:45:21,352 - INFO - New bar: 2026-02-26 02:45:00-05:00 | O=1.18137 H=1.18137 L=1.18129 C=1.18132
2026-02-26 07:46:21,593 - INFO - Waiting for new bar... (last: 2026-02-26 02:45:00-05:00, price: 1.18127)
2026-02-26 07:50:22,525 - INFO - New bar: 2026-02-26 02:50:00-05:00 | O=1.18133 H=1.18139 L=1.18131 C=1.18137
2026-02-26 07:51:22,741 - INFO - Waiting for new bar... (last: 2026-02-26 02:50:00-05:00, price: 1.18142)
2026-02-26 07:55:23,671 - INFO - New bar: 2026-02-26 02:55:00-05:00 | O=1.18173 H=1.18179 L=1.18173 C=1.18175
2026-02-26 07:56:23,918 - INFO - Waiting for new bar... (last: 2026-02-26 02:55:00-05:00, price: 1.18166)
2026-02-26 08:00:24,830 - INFO - New bar: 2026-02-26 03:00:00-05:00 | O=1.18158 H=1.18159 L=1.18135 C=1.18136
2026-02-26 08:01:25,081 - INFO - Waiting for new bar... (last: 2026-02-26 03:00:00-05:00, price: 1.18123)
2026-02-26 08:05:25,966 - INFO - New bar: 2026-02-26 03:05:00-05:00 | O=1.18063 H=1.18074 L=1.18053 C=1.18057
2026-02-26 08:06:26,161 - INFO - Waiting for new bar... (last: 2026-02-26 03:05:00-05:00, price: 1.18053)
2026-02-26 08:10:27,061 - INFO - New bar: 2026-02-26 03:10:00-05:00 | O=1.18067 H=1.18068 L=1.18061 C=1.18061
2026-02-26 08:11:27,290 - INFO - Waiting for new bar... (last: 2026-02-26 03:10:00-05:00, price: 1.18067)
2026-02-26 08:15:28,227 - INFO - New bar: 2026-02-26 03:15:00-05:00 | O=1.18068 H=1.18074 L=1.18068 C=1.18070
2026-02-26 08:16:28,490 - INFO - Waiting for new bar... (last: 2026-02-26 03:15:00-05:00, price: 1.18080)
2026-02-26 08:20:29,424 - INFO - New bar: 2026-02-26 03:20:00-05:00 | O=1.18058 H=1.18061 L=1.18051 C=1.18057
2026-02-26 08:21:29,634 - INFO - Waiting for new bar... (last: 2026-02-26 03:20:00-05:00, price: 1.18030)
2026-02-26 08:25:30,721 - INFO - New bar: 2026-02-26 03:25:00-05:00 | O=1.18053 H=1.18054 L=1.18034 C=1.18039
2026-02-26 08:26:31,040 - INFO - Waiting for new bar... (last: 2026-02-26 03:25:00-05:00, price: 1.18037)
2026-02-26 08:30:31,916 - INFO - New bar: 2026-02-26 03:30:00-05:00 | O=1.18035 H=1.18043 L=1.18023 C=1.18043
2026-02-26 08:31:32,159 - INFO - Waiting for new bar... (last: 2026-02-26 03:30:00-05:00, price: 1.18057)
2026-02-26 08:35:33,073 - INFO - New bar: 2026-02-26 03:35:00-05:00 | O=1.18067 H=1.18068 L=1.18058 C=1.18063
2026-02-26 08:36:33,330 - INFO - Waiting for new bar... (last: 2026-02-26 03:35:00-05:00, price: 1.18063)
2026-02-26 08:40:34,283 - INFO - New bar: 2026-02-26 03:40:00-05:00 | O=1.18039 H=1.18046 L=1.18031 C=1.18046
2026-02-26 08:41:34,528 - INFO - Waiting for new bar... (last: 2026-02-26 03:40:00-05:00, price: 1.18043)
2026-02-26 08:45:35,534 - INFO - New bar: 2026-02-26 03:45:00-05:00 | O=1.18070 H=1.18079 L=1.18063 C=1.18073
2026-02-26 08:46:35,748 - INFO - Waiting for new bar... (last: 2026-02-26 03:45:00-05:00, price: 1.18057)
2026-02-26 08:50:36,603 - INFO - New bar: 2026-02-26 03:50:00-05:00 | O=1.18064 H=1.18064 L=1.18060 C=1.18063
2026-02-26 08:51:36,814 - INFO - Waiting for new bar... (last: 2026-02-26 03:50:00-05:00, price: 1.18037)
2026-02-26 08:55:37,659 - INFO - New bar: 2026-02-26 03:55:00-05:00 | O=1.18041 H=1.18043 L=1.18040 C=1.18041
2026-02-26 08:56:37,894 - INFO - Waiting for new bar... (last: 2026-02-26 03:55:00-05:00, price: 1.18047)
2026-02-26 09:00:38,864 - INFO - New bar: 2026-02-26 04:00:00-05:00 | O=1.18026 H=1.18054 L=1.18024 C=1.18054
2026-02-26 09:01:39,106 - INFO - Waiting for new bar... (last: 2026-02-26 04:00:00-05:00, price: 1.18052)
2026-02-26 09:05:40,038 - INFO - New bar: 2026-02-26 04:05:00-05:00 | O=1.18017 H=1.18022 L=1.18011 C=1.18020
2026-02-26 09:06:40,281 - INFO - Waiting for new bar... (last: 2026-02-26 04:05:00-05:00, price: 1.18009)
2026-02-26 09:10:41,152 - INFO - New bar: 2026-02-26 04:10:00-05:00 | O=1.18013 H=1.18013 L=1.18003 C=1.18009
2026-02-26 09:11:41,390 - INFO - Waiting for new bar... (last: 2026-02-26 04:10:00-05:00, price: 1.18014)
2026-02-26 09:15:42,307 - INFO - New bar: 2026-02-26 04:15:00-05:00 | O=1.18009 H=1.18013 L=1.18008 C=1.18013
2026-02-26 09:16:42,534 - INFO - Waiting for new bar... (last: 2026-02-26 04:15:00-05:00, price: 1.18013)
2026-02-26 09:20:43,439 - INFO - New bar: 2026-02-26 04:20:00-05:00 | O=1.17988 H=1.17990 L=1.17980 C=1.17982
2026-02-26 09:21:43,687 - INFO - Waiting for new bar... (last: 2026-02-26 04:20:00-05:00, price: 1.17979)
2026-02-26 09:25:44,578 - INFO - New bar: 2026-02-26 04:25:00-05:00 | O=1.18009 H=1.18019 L=1.18005 C=1.18018
2026-02-26 09:26:44,838 - INFO - Waiting for new bar... (last: 2026-02-26 04:25:00-05:00, price: 1.18022)
2026-02-26 09:30:45,795 - INFO - New bar: 2026-02-26 04:30:00-05:00 | O=1.18015 H=1.18016 L=1.18000 C=1.18003
2026-02-26 09:31:46,029 - INFO - Waiting for new bar... (last: 2026-02-26 04:30:00-05:00, price: 1.18003)
2026-02-26 09:35:46,966 - INFO - New bar: 2026-02-26 04:35:00-05:00 | O=1.18003 H=1.18012 L=1.18001 C=1.18008
2026-02-26 09:36:47,204 - INFO - Waiting for new bar... (last: 2026-02-26 04:35:00-05:00, price: 1.18003)
2026-02-26 09:40:48,111 - INFO - New bar: 2026-02-26 04:40:00-05:00 | O=1.18003 H=1.18006 L=1.18000 C=1.18005
2026-02-26 09:41:48,342 - INFO - Waiting for new bar... (last: 2026-02-26 04:40:00-05:00, price: 1.18013)
2026-02-26 09:45:50,847 - INFO - New bar: 2026-02-26 04:45:00-05:00 | O=1.17973 H=1.17995 L=1.17973 C=1.17993
2026-02-26 09:46:51,081 - INFO - Waiting for new bar... (last: 2026-02-26 04:45:00-05:00, price: 1.17991)
2026-02-26 09:50:51,953 - INFO - New bar: 2026-02-26 04:50:00-05:00 | O=1.17982 H=1.17990 L=1.17976 C=1.17989
2026-02-26 09:51:52,202 - INFO - Waiting for new bar... (last: 2026-02-26 04:50:00-05:00, price: 1.17992)
2026-02-26 09:55:53,127 - INFO - New bar: 2026-02-26 04:55:00-05:00 | O=1.17978 H=1.17984 L=1.17978 C=1.17982
2026-02-26 09:56:53,371 - INFO - Waiting for new bar... (last: 2026-02-26 04:55:00-05:00, price: 1.17987)
2026-02-26 10:00:54,312 - INFO - New bar: 2026-02-26 05:00:00-05:00 | O=1.17973 H=1.17979 L=1.17966 C=1.17972
2026-02-26 10:01:54,543 - INFO - Waiting for new bar... (last: 2026-02-26 05:00:00-05:00, price: 1.17970)
2026-02-26 10:05:55,466 - INFO - New bar: 2026-02-26 05:05:00-05:00 | O=1.17967 H=1.17974 L=1.17961 C=1.17961
2026-02-26 10:06:55,678 - INFO - Waiting for new bar... (last: 2026-02-26 05:05:00-05:00, price: 1.17961)
2026-02-26 10:10:56,593 - INFO - New bar: 2026-02-26 05:10:00-05:00 | O=1.17965 H=1.17965 L=1.17959 C=1.17962
2026-02-26 10:11:56,836 - INFO - Waiting for new bar... (last: 2026-02-26 05:10:00-05:00, price: 1.17975)
2026-02-26 10:15:57,739 - INFO - New bar: 2026-02-26 05:15:00-05:00 | O=1.17979 H=1.17995 L=1.17979 C=1.17993
2026-02-26 10:16:57,983 - INFO - Waiting for new bar... (last: 2026-02-26 05:15:00-05:00, price: 1.17990)
2026-02-26 10:20:58,908 - INFO - New bar: 2026-02-26 05:20:00-05:00 | O=1.17976 H=1.17979 L=1.17976 C=1.17979
2026-02-26 10:21:59,180 - INFO - Waiting for new bar... (last: 2026-02-26 05:20:00-05:00, price: 1.17964)
2026-02-26 10:26:00,230 - INFO - New bar: 2026-02-26 05:25:00-05:00 | O=1.17962 H=1.17965 L=1.17957 C=1.17961
2026-02-26 10:27:00,486 - INFO - Waiting for new bar... (last: 2026-02-26 05:25:00-05:00, price: 1.17964)
2026-02-26 10:31:01,424 - INFO - New bar: 2026-02-26 05:30:00-05:00 | O=1.17973 H=1.17975 L=1.17968 C=1.17969
2026-02-26 10:32:01,674 - INFO - Waiting for new bar... (last: 2026-02-26 05:30:00-05:00, price: 1.17956)
2026-02-26 10:36:02,600 - INFO - New bar: 2026-02-26 05:35:00-05:00 | O=1.17954 H=1.17965 L=1.17952 C=1.17965
2026-02-26 10:37:02,799 - INFO - Waiting for new bar... (last: 2026-02-26 05:35:00-05:00, price: 1.17958)
2026-02-26 10:41:03,691 - INFO - New bar: 2026-02-26 05:40:00-05:00 | O=1.17974 H=1.17977 L=1.17969 C=1.17973
2026-02-26 10:42:03,947 - INFO - Waiting for new bar... (last: 2026-02-26 05:40:00-05:00, price: 1.17973)
2026-02-26 10:46:04,895 - INFO - New bar: 2026-02-26 05:45:00-05:00 | O=1.17948 H=1.17973 L=1.17948 C=1.17959
2026-02-26 10:47:05,114 - INFO - Waiting for new bar... (last: 2026-02-26 05:45:00-05:00, price: 1.17958)
2026-02-26 10:51:05,980 - INFO - New bar: 2026-02-26 05:50:00-05:00 | O=1.17943 H=1.17947 L=1.17936 C=1.17939
2026-02-26 10:52:06,176 - INFO - Waiting for new bar... (last: 2026-02-26 05:50:00-05:00, price: 1.17947)
2026-02-26 10:55:06,842 - INFO - New bar: 2026-02-26 05:55:00-05:00 | O=1.17963 H=1.17963 L=1.17959 C=1.17961
2026-02-26 10:57:07,320 - INFO - Waiting for new bar... (last: 2026-02-26 05:55:00-05:00, price: 1.17973)
2026-02-26 11:00:08,001 - INFO - New bar: 2026-02-26 06:00:00-05:00 | O=1.17985 H=1.17985 L=1.17982 C=1.17982
2026-02-26 11:02:08,425 - INFO - Waiting for new bar... (last: 2026-02-26 06:00:00-05:00, price: 1.17993)
2026-02-26 11:05:09,095 - INFO - New bar: 2026-02-26 06:05:00-05:00 | O=1.18014 H=1.18014 L=1.18014 C=1.18014
2026-02-26 11:07:09,538 - INFO - Waiting for new bar... (last: 2026-02-26 06:05:00-05:00, price: 1.18035)
2026-02-26 11:10:10,297 - INFO - New bar: 2026-02-26 06:10:00-05:00 | O=1.18030 H=1.18030 L=1.18029 C=1.18029
2026-02-26 11:12:10,749 - INFO - Waiting for new bar... (last: 2026-02-26 06:10:00-05:00, price: 1.18032)
2026-02-26 11:15:11,373 - INFO - New bar: 2026-02-26 06:15:00-05:00 | O=1.18041 H=1.18042 L=1.18039 C=1.18039
2026-02-26 11:17:11,817 - INFO - Waiting for new bar... (last: 2026-02-26 06:15:00-05:00, price: 1.18039)
2026-02-26 11:20:12,506 - INFO - New bar: 2026-02-26 06:20:00-05:00 | O=1.18032 H=1.18033 L=1.18030 C=1.18033
2026-02-26 11:22:12,944 - INFO - Waiting for new bar... (last: 2026-02-26 06:20:00-05:00, price: 1.18027)
2026-02-26 11:25:13,629 - INFO - New bar: 2026-02-26 06:25:00-05:00 | O=1.18024 H=1.18028 L=1.18023 C=1.18024
2026-02-26 11:27:14,101 - INFO - Waiting for new bar... (last: 2026-02-26 06:25:00-05:00, price: 1.18017)
2026-02-26 11:30:14,752 - INFO - New bar: 2026-02-26 06:30:00-05:00 | O=1.18019 H=1.18019 L=1.18018 C=1.18018
2026-02-26 11:32:15,180 - INFO - Waiting for new bar... (last: 2026-02-26 06:30:00-05:00, price: 1.18009)
2026-02-26 11:35:15,831 - INFO - New bar: 2026-02-26 06:35:00-05:00 | O=1.18005 H=1.18009 L=1.18005 C=1.18009
2026-02-26 11:37:16,251 - INFO - Waiting for new bar... (last: 2026-02-26 06:35:00-05:00, price: 1.18014)
2026-02-26 11:40:16,898 - INFO - New bar: 2026-02-26 06:40:00-05:00 | O=1.18027 H=1.18027 L=1.18018 C=1.18019
2026-02-26 11:42:17,392 - INFO - Waiting for new bar... (last: 2026-02-26 06:40:00-05:00, price: 1.18023)
2026-02-26 11:45:18,069 - INFO - New bar: 2026-02-26 06:45:00-05:00 | O=1.18022 H=1.18022 L=1.18018 C=1.18019
2026-02-26 11:47:18,458 - INFO - Waiting for new bar... (last: 2026-02-26 06:45:00-05:00, price: 1.18024)
2026-02-26 11:50:19,110 - INFO - New bar: 2026-02-26 06:50:00-05:00 | O=1.18016 H=1.18029 L=1.18014 C=1.18026
2026-02-26 11:52:19,535 - INFO - Waiting for new bar... (last: 2026-02-26 06:50:00-05:00, price: 1.18013)
2026-02-26 11:55:20,197 - INFO - New bar: 2026-02-26 06:55:00-05:00 | O=1.18013 H=1.18013 L=1.17999 C=1.17999
2026-02-26 11:57:20,708 - INFO - Waiting for new bar... (last: 2026-02-26 06:55:00-05:00, price: 1.18010)
2026-02-26 12:00:21,385 - INFO - New bar: 2026-02-26 07:00:00-05:00 | O=1.18005 H=1.18009 L=1.18005 C=1.18009
2026-02-26 12:02:21,835 - INFO - Waiting for new bar... (last: 2026-02-26 07:00:00-05:00, price: 1.18006)
2026-02-26 12:05:22,483 - INFO - New bar: 2026-02-26 07:05:00-05:00 | O=1.18013 H=1.18016 L=1.18008 C=1.18014
2026-02-26 12:07:22,932 - INFO - Waiting for new bar... (last: 2026-02-26 07:05:00-05:00, price: 1.18003)
2026-02-26 12:10:23,612 - INFO - New bar: 2026-02-26 07:10:00-05:00 | O=1.18023 H=1.18034 L=1.18023 C=1.18033
2026-02-26 12:12:24,040 - INFO - Waiting for new bar... (last: 2026-02-26 07:10:00-05:00, price: 1.18043)
2026-02-26 12:15:24,973 - INFO - New bar: 2026-02-26 07:15:00-05:00 | O=1.18048 H=1.18053 L=1.18045 C=1.18052
2026-02-26 12:17:25,413 - INFO - Waiting for new bar... (last: 2026-02-26 07:15:00-05:00, price: 1.18058)
2026-02-26 12:20:26,117 - INFO - New bar: 2026-02-26 07:20:00-05:00 | O=1.18060 H=1.18060 L=1.18053 C=1.18054
2026-02-26 12:22:26,562 - INFO - Waiting for new bar... (last: 2026-02-26 07:20:00-05:00, price: 1.18044)
2026-02-26 12:25:27,225 - INFO - New bar: 2026-02-26 07:25:00-05:00 | O=1.18034 H=1.18040 L=1.18033 C=1.18037
2026-02-26 12:27:27,686 - INFO - Waiting for new bar... (last: 2026-02-26 07:25:00-05:00, price: 1.18035)
2026-02-26 12:30:28,381 - INFO - New bar: 2026-02-26 07:30:00-05:00 | O=1.18058 H=1.18060 L=1.18056 C=1.18057
2026-02-26 12:32:28,829 - INFO - Waiting for new bar... (last: 2026-02-26 07:30:00-05:00, price: 1.18064)
2026-02-26 12:35:32,951 - INFO - New bar: 2026-02-26 07:35:00-05:00 | O=1.18052 H=1.18061 L=1.18047 C=1.18061
2026-02-26 12:37:33,400 - INFO - Waiting for new bar... (last: 2026-02-26 07:35:00-05:00, price: 1.18045)
2026-02-26 12:40:34,133 - INFO - New bar: 2026-02-26 07:40:00-05:00 | O=1.18043 H=1.18046 L=1.18041 C=1.18046
2026-02-26 12:42:34,602 - INFO - Waiting for new bar... (last: 2026-02-26 07:40:00-05:00, price: 1.18054)
2026-02-26 12:45:35,271 - INFO - New bar: 2026-02-26 07:45:00-05:00 | O=1.18067 H=1.18067 L=1.18064 C=1.18066
2026-02-26 12:47:35,740 - INFO - Waiting for new bar... (last: 2026-02-26 07:45:00-05:00, price: 1.18063)
2026-02-26 12:50:36,432 - INFO - New bar: 2026-02-26 07:50:00-05:00 | O=1.18058 H=1.18064 L=1.18058 C=1.18058
2026-02-26 12:52:36,867 - INFO - Waiting for new bar... (last: 2026-02-26 07:50:00-05:00, price: 1.18076)
2026-02-26 12:55:37,568 - INFO - New bar: 2026-02-26 07:55:00-05:00 | O=1.18090 H=1.18094 L=1.18087 C=1.18089
2026-02-26 12:55:37,576 - INFO - BUY Signal: SMA 1.18041 crossed above 1.18036, RSI 64.7, Momentum 0.000750
2026-02-26 12:55:37,578 - INFO - Checking EUR balance...
2026-02-26 12:55:37,579 - INFO - EUR balance: 982,216.61 EUR
2026-02-26 12:55:37,579 - INFO - Required minimum: 20,000.00 EUR
2026-02-26 12:55:37,579 - INFO - Status: Sufficient
2026-02-26 12:55:37,580 - INFO - placeOrder: New order Trade(contract=Forex('EURUSD', conId=12087792, exchange='IDEALPRO', localSymbol='EUR.USD', tradingClass='EUR.USD'), order=MarketOrder(orderId=7152, clientId=753, action='BUY', totalQuantity=20000, tif='GTC'), orderStatus=OrderStatus(orderId=7152, status='PendingSubmit', filled=0.0, remaining=0.0, avgFillPrice=0.0, permId=0, parentId=0, lastFillPrice=0.0, clientId=0, whyHeld='', mktCapPrice=0.0), fills=[], log=[TradeLogEntry(time=datetime.datetime(2026, 2, 26, 12, 55, 37, 580232, tzinfo=datetime.timezone.utc), status='PendingSubmit', message='', errorCode=0)], advancedError='')
2026-02-26 12:55:37,876 - INFO - orderStatus: Trade(contract=Forex('EURUSD', conId=12087792, exchange='IDEALPRO', localSymbol='EUR.USD', tradingClass='EUR.USD'), order=MarketOrder(orderId=7152, clientId=753, permId=718244303, action='BUY', totalQuantity=20000.0, lmtPrice=0.0, auxPrice=0.0, tif='GTC'), orderStatus=OrderStatus(orderId=7152, status='PreSubmitted', filled=0.0, remaining=20000.0, avgFillPrice=0.0, permId=718244303, parentId=0, lastFillPrice=0.0, clientId=753, whyHeld='', mktCapPrice=0.0), fills=[], log=[TradeLogEntry(time=datetime.datetime(2026, 2, 26, 12, 55, 37, 580232, tzinfo=datetime.timezone.utc), status='PendingSubmit', message='', errorCode=0), TradeLogEntry(time=datetime.datetime(2026, 2, 26, 12, 55, 37, 875784, tzinfo=datetime.timezone.utc), status='PreSubmitted', message='', errorCode=0)], advancedError='')
2026-02-26 12:55:37,916 - INFO - position: Position(account='DUM847254', contract=Forex('EURUSD', conId=12087792, localSymbol='EUR.USD', tradingClass='EUR.USD'), position=20000.0, avgCost=0.5907299775)
2026-02-26 12:55:37,917 - INFO - execDetails Execution(execId='0000e215.699ff52f.01.01', time=datetime.datetime(2026, 2, 26, 12, 55, 37, tzinfo=datetime.timezone.utc), acctNumber='DUM847254', exchange='IDEALPRO', side='BOT', shares=20000.0, price=1.18089, permId=718244303, clientId=753, orderId=7152, liquidation=0, cumQty=20000.0, avgPrice=1.18089, orderRef='', evRule='', evMultiplier=0.0, modelCode='', lastLiquidity=2, pendingPriceRevision=False)
2026-02-26 12:55:37,917 - INFO - execDetails: Fill(contract=Forex('EURUSD', conId=12087792, exchange='IDEALPRO', localSymbol='EUR.USD', tradingClass='EUR.USD'), execution=Execution(execId='0000e215.699ff52f.01.01', time=datetime.datetime(2026, 2, 26, 12, 55, 37, tzinfo=datetime.timezone.utc), acctNumber='DUM847254', exchange='IDEALPRO', side='BOT', shares=20000.0, price=1.18089, permId=718244303, clientId=753, orderId=7152, liquidation=0, cumQty=20000.0, avgPrice=1.18089, orderRef='', evRule='', evMultiplier=0.0, modelCode='', lastLiquidity=2, pendingPriceRevision=False), commissionReport=CommissionReport(execId='', commission=0.0, currency='', realizedPNL=0.0, yield_=0.0, yieldRedemptionDate=0), time=datetime.datetime(2026, 2, 26, 12, 55, 37, 916705, tzinfo=datetime.timezone.utc))
2026-02-26 12:55:37,918 - INFO - orderStatus: Trade(contract=Forex('EURUSD', conId=12087792, exchange='IDEALPRO', localSymbol='EUR.USD', tradingClass='EUR.USD'), order=MarketOrder(orderId=7152, clientId=753, permId=718244303, action='BUY', totalQuantity=20000.0, lmtPrice=0.0, auxPrice=0.0, tif='GTC'), orderStatus=OrderStatus(orderId=7152, status='Filled', filled=20000.0, remaining=0.0, avgFillPrice=1.18089, permId=718244303, parentId=0, lastFillPrice=1.18089, clientId=753, whyHeld='', mktCapPrice=0.0), fills=[Fill(contract=Forex('EURUSD', conId=12087792, exchange='IDEALPRO', localSymbol='EUR.USD', tradingClass='EUR.USD'), execution=Execution(execId='0000e215.699ff52f.01.01', time=datetime.datetime(2026, 2, 26, 12, 55, 37, tzinfo=datetime.timezone.utc), acctNumber='DUM847254', exchange='IDEALPRO', side='BOT', shares=20000.0, price=1.18089, permId=718244303, clientId=753, orderId=7152, liquidation=0, cumQty=20000.0, avgPrice=1.18089, orderRef='', evRule='', evMultiplier=0.0, modelCode='', lastLiquidity=2, pendingPriceRevision=False), commissionReport=CommissionReport(execId='', commission=0.0, currency='', realizedPNL=0.0, yield_=0.0, yieldRedemptionDate=0), time=datetime.datetime(2026, 2, 26, 12, 55, 37, 916705, tzinfo=datetime.timezone.utc))], log=[TradeLogEntry(time=datetime.datetime(2026, 2, 26, 12, 55, 37, 580232, tzinfo=datetime.timezone.utc), status='PendingSubmit', message='', errorCode=0), TradeLogEntry(time=datetime.datetime(2026, 2, 26, 12, 55, 37, 875784, tzinfo=datetime.timezone.utc), status='PreSubmitted', message='', errorCode=0), TradeLogEntry(time=datetime.datetime(2026, 2, 26, 12, 55, 37, 916705, tzinfo=datetime.timezone.utc), status='PreSubmitted', message='Fill 20000.0@1.18089', errorCode=0), TradeLogEntry(time=datetime.datetime(2026, 2, 26, 12, 55, 37, 916705, tzinfo=datetime.timezone.utc), status='Filled', message='', errorCode=0)], advancedError='')
2026-02-26 12:55:37,918 - INFO - commissionReport: CommissionReport(execId='0000e215.699ff52f.01.01', commission=1.69344, currency='EUR', realizedPNL=0.0, yield_=0.0, yieldRedemptionDate=0)
2026-02-26 12:55:37,918 - INFO - position: Position(account='DUM847254', contract=Forex('EURUSD', conId=12087792, localSymbol='EUR.USD', tradingClass='EUR.USD'), position=20000.0, avgCost=0.5907299775)
2026-02-26 12:55:38,083 - INFO - OPENED: BUY 20,000 EUR @ 1.18089 (slippage: 0.0 pips)
2026-02-26 12:55:38,084 - INFO - Entry price recorded: 1.18089
2026-02-26 12:57:38,557 - INFO - Waiting for new bar... (last: 2026-02-26 07:55:00-05:00, price: 1.18094)
2026-02-26 13:00:40,019 - INFO - New bar: 2026-02-26 08:00:00-05:00 | O=1.18091 H=1.18097 L=1.18087 C=1.18097
2026-02-26 13:02:40,459 - INFO - Waiting for new bar... (last: 2026-02-26 08:00:00-05:00, price: 1.18088)
2026-02-26 13:05:41,121 - INFO - New bar: 2026-02-26 08:05:00-05:00 | O=1.18079 H=1.18088 L=1.18079 C=1.18088
2026-02-26 13:07:41,592 - INFO - Waiting for new bar... (last: 2026-02-26 08:05:00-05:00, price: 1.18105)
2026-02-26 13:10:42,323 - INFO - New bar: 2026-02-26 08:10:00-05:00 | O=1.18136 H=1.18148 L=1.18135 C=1.18148
2026-02-26 13:12:42,794 - INFO - Waiting for new bar... (last: 2026-02-26 08:10:00-05:00, price: 1.18134)
2026-02-26 13:15:43,454 - INFO - New bar: 2026-02-26 08:15:00-05:00 | O=1.18132 H=1.18144 L=1.18132 C=1.18144
2026-02-26 13:17:43,875 - INFO - Waiting for new bar... (last: 2026-02-26 08:15:00-05:00, price: 1.18154)
2026-02-26 13:20:44,503 - INFO - New bar: 2026-02-26 08:20:00-05:00 | O=1.18154 H=1.18169 L=1.18154 C=1.18158
2026-02-26 13:22:44,916 - INFO - Waiting for new bar... (last: 2026-02-26 08:20:00-05:00, price: 1.18154)
2026-02-26 13:25:45,579 - INFO - New bar: 2026-02-26 08:25:00-05:00 | O=1.18158 H=1.18162 L=1.18154 C=1.18154
2026-02-26 13:27:46,056 - INFO - Waiting for new bar... (last: 2026-02-26 08:25:00-05:00, price: 1.18144)
2026-02-26 13:30:46,713 - INFO - New bar: 2026-02-26 08:30:00-05:00 | O=1.18129 H=1.18136 L=1.18117 C=1.18118
2026-02-26 13:32:47,149 - INFO - Waiting for new bar... (last: 2026-02-26 08:30:00-05:00, price: 1.18112)
2026-02-26 13:35:47,950 - INFO - New bar: 2026-02-26 08:35:00-05:00 | O=1.18113 H=1.18114 L=1.18105 C=1.18113
2026-02-26 13:37:48,382 - INFO - Waiting for new bar... (last: 2026-02-26 08:35:00-05:00, price: 1.18123)
2026-02-26 13:40:55,701 - INFO - New bar: 2026-02-26 08:40:00-05:00 | O=1.18104 H=1.18104 L=1.18060 C=1.18060
2026-02-26 13:42:56,188 - INFO - Waiting for new bar... (last: 2026-02-26 08:40:00-05:00, price: 1.18048)
2026-02-26 13:45:56,839 - INFO - New bar: 2026-02-26 08:45:00-05:00 | O=1.18032 H=1.18056 L=1.18032 C=1.18053
2026-02-26 13:47:57,251 - INFO - Waiting for new bar... (last: 2026-02-26 08:45:00-05:00, price: 1.18068)
2026-02-26 13:50:57,918 - INFO - New bar: 2026-02-26 08:50:00-05:00 | O=1.18068 H=1.18070 L=1.18064 C=1.18070
2026-02-26 13:52:58,362 - INFO - Waiting for new bar... (last: 2026-02-26 08:50:00-05:00, price: 1.18068)
2026-02-26 13:55:59,005 - INFO - New bar: 2026-02-26 08:55:00-05:00 | O=1.18076 H=1.18088 L=1.18075 C=1.18077
2026-02-26 13:57:59,466 - INFO - Waiting for new bar... (last: 2026-02-26 08:55:00-05:00, price: 1.18084)
2026-02-26 14:01:03,475 - INFO - New bar: 2026-02-26 09:00:00-05:00 | O=1.18069 H=1.18070 L=1.18054 C=1.18060
2026-02-26 14:03:03,903 - INFO - Waiting for new bar... (last: 2026-02-26 09:00:00-05:00, price: 1.18068)
2026-02-26 14:06:04,539 - INFO - New bar: 2026-02-26 09:05:00-05:00 | O=1.18049 H=1.18050 L=1.18033 C=1.18034
2026-02-26 14:08:04,974 - INFO - Waiting for new bar... (last: 2026-02-26 09:05:00-05:00, price: 1.18035)
2026-02-26 14:11:05,637 - INFO - New bar: 2026-02-26 09:10:00-05:00 | O=1.18043 H=1.18053 L=1.18039 C=1.18053
2026-02-26 14:13:06,107 - INFO - Waiting for new bar... (last: 2026-02-26 09:10:00-05:00, price: 1.18073)
2026-02-26 14:15:06,552 - INFO - New bar: 2026-02-26 09:15:00-05:00 | O=1.18077 H=1.18077 L=1.18076 C=1.18076
2026-02-26 14:18:07,226 - INFO - Waiting for new bar... (last: 2026-02-26 09:15:00-05:00, price: 1.18058)
2026-02-26 14:20:07,669 - INFO - New bar: 2026-02-26 09:20:00-05:00 | O=1.18053 H=1.18053 L=1.18045 C=1.18046
2026-02-26 14:23:08,336 - INFO - Waiting for new bar... (last: 2026-02-26 09:20:00-05:00, price: 1.18068)
2026-02-26 14:25:08,814 - INFO - New bar: 2026-02-26 09:25:00-05:00 | O=1.18058 H=1.18060 L=1.18057 C=1.18057
2026-02-26 14:28:09,485 - INFO - Waiting for new bar... (last: 2026-02-26 09:25:00-05:00, price: 1.18067)
2026-02-26 14:30:09,925 - INFO - New bar: 2026-02-26 09:30:00-05:00 | O=1.18074 H=1.18078 L=1.18073 C=1.18074
2026-02-26 14:33:10,614 - INFO - Waiting for new bar... (last: 2026-02-26 09:30:00-05:00, price: 1.18099)
2026-02-26 14:35:11,024 - INFO - New bar: 2026-02-26 09:35:00-05:00 | O=1.18090 H=1.18097 L=1.18089 C=1.18091
2026-02-26 14:38:11,686 - INFO - Waiting for new bar... (last: 2026-02-26 09:35:00-05:00, price: 1.18088)
2026-02-26 14:40:12,217 - INFO - New bar: 2026-02-26 09:40:00-05:00 | O=1.18089 H=1.18091 L=1.18078 C=1.18079
2026-02-26 14:43:12,889 - INFO - Waiting for new bar... (last: 2026-02-26 09:40:00-05:00, price: 1.18104)
2026-02-26 14:45:13,383 - INFO - New bar: 2026-02-26 09:45:00-05:00 | O=1.18105 H=1.18117 L=1.18105 C=1.18114
2026-02-26 14:48:14,044 - INFO - Waiting for new bar... (last: 2026-02-26 09:45:00-05:00, price: 1.18114)
2026-02-26 14:50:14,511 - INFO - New bar: 2026-02-26 09:50:00-05:00 | O=1.18129 H=1.18134 L=1.18125 C=1.18132
2026-02-26 14:53:15,205 - INFO - Waiting for new bar... (last: 2026-02-26 09:50:00-05:00, price: 1.18131)
2026-02-26 14:55:15,678 - INFO - New bar: 2026-02-26 09:55:00-05:00 | O=1.18139 H=1.18144 L=1.18131 C=1.18138
2026-02-26 14:58:16,462 - INFO - Waiting for new bar... (last: 2026-02-26 09:55:00-05:00, price: 1.18108)
2026-02-26 15:00:16,941 - INFO - New bar: 2026-02-26 10:00:00-05:00 | O=1.18129 H=1.18142 L=1.18123 C=1.18142
2026-02-26 15:03:17,584 - INFO - Waiting for new bar... (last: 2026-02-26 10:00:00-05:00, price: 1.18127)
2026-02-26 15:05:18,008 - INFO - New bar: 2026-02-26 10:05:00-05:00 | O=1.18122 H=1.18122 L=1.18119 C=1.18122
2026-02-26 15:08:18,715 - INFO - Waiting for new bar... (last: 2026-02-26 10:05:00-05:00, price: 1.18102)
2026-02-26 15:10:19,126 - INFO - New bar: 2026-02-26 10:10:00-05:00 | O=1.18114 H=1.18117 L=1.18113 C=1.18114
2026-02-26 15:13:19,822 - INFO - Waiting for new bar... (last: 2026-02-26 10:10:00-05:00, price: 1.18094)
2026-02-26 15:15:20,238 - INFO - New bar: 2026-02-26 10:15:00-05:00 | O=1.18089 H=1.18091 L=1.18077 C=1.18079
2026-02-26 15:18:20,893 - INFO - Waiting for new bar... (last: 2026-02-26 10:15:00-05:00, price: 1.17999)
2026-02-26 15:20:21,322 - INFO - New bar: 2026-02-26 10:20:00-05:00 | O=1.18020 H=1.18023 L=1.18015 C=1.18016
2026-02-26 15:23:22,145 - INFO - Waiting for new bar... (last: 2026-02-26 10:20:00-05:00, price: 1.17969)
2026-02-26 15:25:22,574 - INFO - New bar: 2026-02-26 10:25:00-05:00 | O=1.17929 H=1.17935 L=1.17917 C=1.17917
2026-02-26 15:28:23,226 - INFO - Waiting for new bar... (last: 2026-02-26 10:25:00-05:00, price: 1.17831)
2026-02-26 15:30:23,662 - INFO - New bar: 2026-02-26 10:30:00-05:00 | O=1.17860 H=1.17868 L=1.17851 C=1.17853
2026-02-26 15:33:24,346 - INFO - Waiting for new bar... (last: 2026-02-26 10:30:00-05:00, price: 1.17849)
2026-02-26 15:35:24,828 - INFO - New bar: 2026-02-26 10:35:00-05:00 | O=1.17859 H=1.17873 L=1.17857 C=1.17857
2026-02-26 15:38:25,491 - INFO - Waiting for new bar... (last: 2026-02-26 10:35:00-05:00, price: 1.17894)
2026-02-26 15:40:25,938 - INFO - New bar: 2026-02-26 10:40:00-05:00 | O=1.17925 H=1.17942 L=1.17918 C=1.17942
2026-02-26 15:43:26,632 - INFO - Waiting for new bar... (last: 2026-02-26 10:40:00-05:00, price: 1.17944)
2026-02-26 15:45:27,073 - INFO - New bar: 2026-02-26 10:45:00-05:00 | O=1.17929 H=1.17946 L=1.17928 C=1.17945
2026-02-26 15:45:27,080 - INFO - SELL Signal: SMA 1.18036 crossed below 1.18037, RSI 39.0, Momentum -0.001935
2026-02-26 15:45:27,083 - INFO - Checking EUR balance...
2026-02-26 15:45:27,083 - INFO - EUR balance: 1,002,214.91 EUR
2026-02-26 15:45:27,084 - INFO - Required minimum: 20,000.00 EUR
2026-02-26 15:45:27,084 - INFO - Status: Sufficient
2026-02-26 15:45:27,084 - INFO - placeOrder: New order Trade(contract=Forex('EURUSD', conId=12087792, exchange='IDEALPRO', localSymbol='EUR.USD', tradingClass='EUR.USD'), order=MarketOrder(orderId=7322, clientId=753, action='SELL', totalQuantity=20000, tif='GTC'), orderStatus=OrderStatus(orderId=7322, status='PendingSubmit', filled=0.0, remaining=0.0, avgFillPrice=0.0, permId=0, parentId=0, lastFillPrice=0.0, clientId=0, whyHeld='', mktCapPrice=0.0), fills=[], log=[TradeLogEntry(time=datetime.datetime(2026, 2, 26, 15, 45, 27, 84745, tzinfo=datetime.timezone.utc), status='PendingSubmit', message='', errorCode=0)], advancedError='')
2026-02-26 15:45:27,216 - INFO - orderStatus: Trade(contract=Forex('EURUSD', conId=12087792, exchange='IDEALPRO', localSymbol='EUR.USD', tradingClass='EUR.USD'), order=MarketOrder(orderId=7322, clientId=753, permId=718244304, action='SELL', totalQuantity=20000.0, lmtPrice=0.0, auxPrice=0.0, tif='GTC'), orderStatus=OrderStatus(orderId=7322, status='PreSubmitted', filled=0.0, remaining=20000.0, avgFillPrice=0.0, permId=718244304, parentId=0, lastFillPrice=0.0, clientId=753, whyHeld='', mktCapPrice=0.0), fills=[], log=[TradeLogEntry(time=datetime.datetime(2026, 2, 26, 15, 45, 27, 84745, tzinfo=datetime.timezone.utc), status='PendingSubmit', message='', errorCode=0), TradeLogEntry(time=datetime.datetime(2026, 2, 26, 15, 45, 27, 216576, tzinfo=datetime.timezone.utc), status='PreSubmitted', message='', errorCode=0)], advancedError='')
2026-02-26 15:45:27,261 - INFO - position: Position(account='DUM847254', contract=Forex('EURUSD', conId=12087792, localSymbol='EUR.USD', tradingClass='EUR.USD'), position=0.0, avgCost=0.88507498875)
2026-02-26 15:45:27,261 - INFO - execDetails Execution(execId='0000e215.69a0012f.01.01', time=datetime.datetime(2026, 2, 26, 15, 45, 27, tzinfo=datetime.timezone.utc), acctNumber='DUM847254', exchange='IDEALPRO', side='SLD', shares=20000.0, price=1.17942, permId=718244304, clientId=753, orderId=7322, liquidation=0, cumQty=20000.0, avgPrice=1.17942, orderRef='', evRule='', evMultiplier=0.0, modelCode='', lastLiquidity=2, pendingPriceRevision=False)
2026-02-26 15:45:27,261 - INFO - execDetails: Fill(contract=Forex('EURUSD', conId=12087792, exchange='IDEALPRO', localSymbol='EUR.USD', tradingClass='EUR.USD'), execution=Execution(execId='0000e215.69a0012f.01.01', time=datetime.datetime(2026, 2, 26, 15, 45, 27, tzinfo=datetime.timezone.utc), acctNumber='DUM847254', exchange='IDEALPRO', side='SLD', shares=20000.0, price=1.17942, permId=718244304, clientId=753, orderId=7322, liquidation=0, cumQty=20000.0, avgPrice=1.17942, orderRef='', evRule='', evMultiplier=0.0, modelCode='', lastLiquidity=2, pendingPriceRevision=False), commissionReport=CommissionReport(execId='', commission=0.0, currency='', realizedPNL=0.0, yield_=0.0, yieldRedemptionDate=0), time=datetime.datetime(2026, 2, 26, 15, 45, 27, 260839, tzinfo=datetime.timezone.utc))
2026-02-26 15:45:27,261 - INFO - orderStatus: Trade(contract=Forex('EURUSD', conId=12087792, exchange='IDEALPRO', localSymbol='EUR.USD', tradingClass='EUR.USD'), order=MarketOrder(orderId=7322, clientId=753, permId=718244304, action='SELL', totalQuantity=20000.0, lmtPrice=0.0, auxPrice=0.0, tif='GTC'), orderStatus=OrderStatus(orderId=7322, status='Filled', filled=20000.0, remaining=0.0, avgFillPrice=1.17942, permId=718244304, parentId=0, lastFillPrice=1.17942, clientId=753, whyHeld='', mktCapPrice=0.0), fills=[Fill(contract=Forex('EURUSD', conId=12087792, exchange='IDEALPRO', localSymbol='EUR.USD', tradingClass='EUR.USD'), execution=Execution(execId='0000e215.69a0012f.01.01', time=datetime.datetime(2026, 2, 26, 15, 45, 27, tzinfo=datetime.timezone.utc), acctNumber='DUM847254', exchange='IDEALPRO', side='SLD', shares=20000.0, price=1.17942, permId=718244304, clientId=753, orderId=7322, liquidation=0, cumQty=20000.0, avgPrice=1.17942, orderRef='', evRule='', evMultiplier=0.0, modelCode='', lastLiquidity=2, pendingPriceRevision=False), commissionReport=CommissionReport(execId='', commission=0.0, currency='', realizedPNL=0.0, yield_=0.0, yieldRedemptionDate=0), time=datetime.datetime(2026, 2, 26, 15, 45, 27, 260839, tzinfo=datetime.timezone.utc))], log=[TradeLogEntry(time=datetime.datetime(2026, 2, 26, 15, 45, 27, 84745, tzinfo=datetime.timezone.utc), status='PendingSubmit', message='', errorCode=0), TradeLogEntry(time=datetime.datetime(2026, 2, 26, 15, 45, 27, 216576, tzinfo=datetime.timezone.utc), status='PreSubmitted', message='', errorCode=0), TradeLogEntry(time=datetime.datetime(2026, 2, 26, 15, 45, 27, 260839, tzinfo=datetime.timezone.utc), status='PreSubmitted', message='Fill 20000.0@1.17942', errorCode=0), TradeLogEntry(time=datetime.datetime(2026, 2, 26, 15, 45, 27, 260839, tzinfo=datetime.timezone.utc), status='Filled', message='', errorCode=0)], advancedError='')
2026-02-26 15:45:27,262 - INFO - commissionReport: CommissionReport(execId='0000e215.69a0012f.01.01', commission=1.69344, currency='EUR', realizedPNL=0.0, yield_=0.0, yieldRedemptionDate=0)
2026-02-26 15:45:27,262 - INFO - position: Position(account='DUM847254', contract=Forex('EURUSD', conId=12087792, localSymbol='EUR.USD', tradingClass='EUR.USD'), position=0.0, avgCost=0.8850249941939461)
2026-02-26 15:45:27,588 - INFO - CLOSED: SELL 20,000 EUR @ 1.17942
2026-02-26 15:45:27,588 - INFO - P&L: EUR -28.32 (USD -33.40) | Gross: EUR -24.93 (USD -29.40), Costs: USD 4.00
2026-02-26 15:45:27,588 - INFO - Cumulative P&L: EUR -2.10
2026-02-26 15:45:28,589 - INFO - placeOrder: New order Trade(contract=Forex('EURUSD', conId=12087792, exchange='IDEALPRO', localSymbol='EUR.USD', tradingClass='EUR.USD'), order=MarketOrder(orderId=7323, clientId=753, action='SELL', totalQuantity=20000, tif='GTC'), orderStatus=OrderStatus(orderId=7323, status='PendingSubmit', filled=0.0, remaining=0.0, avgFillPrice=0.0, permId=0, parentId=0, lastFillPrice=0.0, clientId=0, whyHeld='', mktCapPrice=0.0), fills=[], log=[TradeLogEntry(time=datetime.datetime(2026, 2, 26, 15, 45, 28, 589743, tzinfo=datetime.timezone.utc), status='PendingSubmit', message='', errorCode=0)], advancedError='')
2026-02-26 15:45:28,727 - INFO - orderStatus: Trade(contract=Forex('EURUSD', conId=12087792, exchange='IDEALPRO', localSymbol='EUR.USD', tradingClass='EUR.USD'), order=MarketOrder(orderId=7323, clientId=753, permId=718244305, action='SELL', totalQuantity=20000.0, lmtPrice=0.0, auxPrice=0.0, tif='GTC'), orderStatus=OrderStatus(orderId=7323, status='Submitted', filled=0.0, remaining=20000.0, avgFillPrice=0.0, permId=718244305, parentId=0, lastFillPrice=0.0, clientId=753, whyHeld='', mktCapPrice=0.0), fills=[], log=[TradeLogEntry(time=datetime.datetime(2026, 2, 26, 15, 45, 28, 589743, tzinfo=datetime.timezone.utc), status='PendingSubmit', message='', errorCode=0), TradeLogEntry(time=datetime.datetime(2026, 2, 26, 15, 45, 28, 727295, tzinfo=datetime.timezone.utc), status='Submitted', message='', errorCode=0)], advancedError='')
2026-02-26 15:45:28,733 - INFO - position: Position(account='DUM847254', contract=Forex('EURUSD', conId=12087792, localSymbol='EUR.USD', tradingClass='EUR.USD'), position=-20000.0, avgCost=0.9831599961292974)
2026-02-26 15:45:28,747 - INFO - execDetails Execution(execId='0000e215.69a00132.01.01', time=datetime.datetime(2026, 2, 26, 15, 45, 28, tzinfo=datetime.timezone.utc), acctNumber='DUM847254', exchange='IDEALPRO', side='SLD', shares=20000.0, price=1.17943, permId=718244305, clientId=753, orderId=7323, liquidation=0, cumQty=20000.0, avgPrice=1.17943, orderRef='', evRule='', evMultiplier=0.0, modelCode='', lastLiquidity=2, pendingPriceRevision=False)
2026-02-26 15:45:28,747 - INFO - execDetails: Fill(contract=Forex('EURUSD', conId=12087792, exchange='IDEALPRO', localSymbol='EUR.USD', tradingClass='EUR.USD'), execution=Execution(execId='0000e215.69a00132.01.01', time=datetime.datetime(2026, 2, 26, 15, 45, 28, tzinfo=datetime.timezone.utc), acctNumber='DUM847254', exchange='IDEALPRO', side='SLD', shares=20000.0, price=1.17943, permId=718244305, clientId=753, orderId=7323, liquidation=0, cumQty=20000.0, avgPrice=1.17943, orderRef='', evRule='', evMultiplier=0.0, modelCode='', lastLiquidity=2, pendingPriceRevision=False), commissionReport=CommissionReport(execId='', commission=0.0, currency='', realizedPNL=0.0, yield_=0.0, yieldRedemptionDate=0), time=datetime.datetime(2026, 2, 26, 15, 45, 28, 747361, tzinfo=datetime.timezone.utc))
2026-02-26 15:45:28,754 - INFO - orderStatus: Trade(contract=Forex('EURUSD', conId=12087792, exchange='IDEALPRO', localSymbol='EUR.USD', tradingClass='EUR.USD'), order=MarketOrder(orderId=7323, clientId=753, permId=718244305, action='SELL', totalQuantity=20000.0, lmtPrice=0.0, auxPrice=0.0, tif='GTC'), orderStatus=OrderStatus(orderId=7323, status='Filled', filled=20000.0, remaining=0.0, avgFillPrice=1.17943, permId=718244305, parentId=0, lastFillPrice=1.17943, clientId=753, whyHeld='', mktCapPrice=0.0), fills=[Fill(contract=Forex('EURUSD', conId=12087792, exchange='IDEALPRO', localSymbol='EUR.USD', tradingClass='EUR.USD'), execution=Execution(execId='0000e215.69a00132.01.01', time=datetime.datetime(2026, 2, 26, 15, 45, 28, tzinfo=datetime.timezone.utc), acctNumber='DUM847254', exchange='IDEALPRO', side='SLD', shares=20000.0, price=1.17943, permId=718244305, clientId=753, orderId=7323, liquidation=0, cumQty=20000.0, avgPrice=1.17943, orderRef='', evRule='', evMultiplier=0.0, modelCode='', lastLiquidity=2, pendingPriceRevision=False), commissionReport=CommissionReport(execId='', commission=0.0, currency='', realizedPNL=0.0, yield_=0.0, yieldRedemptionDate=0), time=datetime.datetime(2026, 2, 26, 15, 45, 28, 747361, tzinfo=datetime.timezone.utc))], log=[TradeLogEntry(time=datetime.datetime(2026, 2, 26, 15, 45, 28, 589743, tzinfo=datetime.timezone.utc), status='PendingSubmit', message='', errorCode=0), TradeLogEntry(time=datetime.datetime(2026, 2, 26, 15, 45, 28, 727295, tzinfo=datetime.timezone.utc), status='Submitted', message='', errorCode=0), TradeLogEntry(time=datetime.datetime(2026, 2, 26, 15, 45, 28, 747361, tzinfo=datetime.timezone.utc), status='Submitted', message='Fill 20000.0@1.17943', errorCode=0), TradeLogEntry(time=datetime.datetime(2026, 2, 26, 15, 45, 28, 753628, tzinfo=datetime.timezone.utc), status='Filled', message='', errorCode=0)], advancedError='')
2026-02-26 15:45:28,760 - INFO - commissionReport: CommissionReport(execId='0000e215.69a00132.01.01', commission=1.69344, currency='EUR', realizedPNL=0.0, yield_=0.0, yieldRedemptionDate=0)
2026-02-26 15:45:28,763 - INFO - position: Position(account='DUM847254', contract=Forex('EURUSD', conId=12087792, localSymbol='EUR.USD', tradingClass='EUR.USD'), position=-20000.0, avgCost=0.9831267073418123)
2026-02-26 15:45:29,091 - INFO - OPENED: SELL 20,000 EUR @ 1.17943 (slippage: 0.2 pips)
2026-02-26 15:45:29,091 - INFO - Entry price recorded: 1.17943
2026-02-26 15:48:29,757 - INFO - Waiting for new bar... (last: 2026-02-26 10:45:00-05:00, price: 1.17932)
2026-02-26 15:50:30,224 - INFO - New bar: 2026-02-26 10:50:00-05:00 | O=1.17931 H=1.17931 L=1.17904 C=1.17912
2026-02-26 15:53:30,874 - INFO - Waiting for new bar... (last: 2026-02-26 10:50:00-05:00, price: 1.17923)
2026-02-26 15:55:31,309 - INFO - New bar: 2026-02-26 10:55:00-05:00 | O=1.17928 H=1.17937 L=1.17921 C=1.17933
2026-02-26 15:58:31,978 - INFO - Waiting for new bar... (last: 2026-02-26 10:55:00-05:00, price: 1.17989)
2026-02-26 16:00:32,384 - INFO - New bar: 2026-02-26 11:00:00-05:00 | O=1.17990 H=1.17993 L=1.17982 C=1.17982
2026-02-26 16:03:32,999 - INFO - Waiting for new bar... (last: 2026-02-26 11:00:00-05:00, price: 1.17949)
2026-02-26 16:05:33,428 - INFO - New bar: 2026-02-26 11:05:00-05:00 | O=1.17931 H=1.17931 L=1.17911 C=1.17912
2026-02-26 16:08:34,103 - INFO - Waiting for new bar... (last: 2026-02-26 11:05:00-05:00, price: 1.17886)
2026-02-26 16:10:34,540 - INFO - New bar: 2026-02-26 11:10:00-05:00 | O=1.17905 H=1.17908 L=1.17893 C=1.17893
2026-02-26 16:13:35,207 - INFO - Waiting for new bar... (last: 2026-02-26 11:10:00-05:00, price: 1.17907)
2026-02-26 16:15:35,624 - INFO - New bar: 2026-02-26 11:15:00-05:00 | O=1.17896 H=1.17900 L=1.17887 C=1.17887
2026-02-26 16:18:36,277 - INFO - Waiting for new bar... (last: 2026-02-26 11:15:00-05:00, price: 1.17898)
2026-02-26 16:20:36,745 - INFO - New bar: 2026-02-26 11:20:00-05:00 | O=1.17898 H=1.17906 L=1.17890 C=1.17897
2026-02-26 16:23:37,404 - INFO - Waiting for new bar... (last: 2026-02-26 11:20:00-05:00, price: 1.17946)
2026-02-26 16:25:37,828 - INFO - New bar: 2026-02-26 11:25:00-05:00 | O=1.17948 H=1.17953 L=1.17932 C=1.17935
2026-02-26 16:28:38,594 - INFO - Waiting for new bar... (last: 2026-02-26 11:25:00-05:00, price: 1.17931)
2026-02-26 16:30:39,110 - INFO - New bar: 2026-02-26 11:30:00-05:00 | O=1.17929 H=1.17936 L=1.17921 C=1.17935
2026-02-26 16:33:39,780 - INFO - Waiting for new bar... (last: 2026-02-26 11:30:00-05:00, price: 1.17924)
2026-02-26 16:35:40,241 - INFO - New bar: 2026-02-26 11:35:00-05:00 | O=1.17928 H=1.17935 L=1.17928 C=1.17931
2026-02-26 16:38:40,907 - INFO - Waiting for new bar... (last: 2026-02-26 11:35:00-05:00, price: 1.17886)
2026-02-26 16:40:41,336 - INFO - New bar: 2026-02-26 11:40:00-05:00 | O=1.17884 H=1.17894 L=1.17884 C=1.17889
2026-02-26 16:43:42,004 - INFO - Waiting for new bar... (last: 2026-02-26 11:40:00-05:00, price: 1.17894)
2026-02-26 16:45:42,441 - INFO - New bar: 2026-02-26 11:45:00-05:00 | O=1.17873 H=1.17880 L=1.17868 C=1.17871
2026-02-26 16:48:43,107 - INFO - Waiting for new bar... (last: 2026-02-26 11:45:00-05:00, price: 1.17883)
2026-02-26 16:50:43,582 - INFO - New bar: 2026-02-26 11:50:00-05:00 | O=1.17878 H=1.17878 L=1.17870 C=1.17874
2026-02-26 16:53:44,249 - INFO - Waiting for new bar... (last: 2026-02-26 11:50:00-05:00, price: 1.17870)
2026-02-26 16:55:44,675 - INFO - New bar: 2026-02-26 11:55:00-05:00 | O=1.17888 H=1.17888 L=1.17882 C=1.17882
2026-02-26 16:58:45,358 - INFO - Waiting for new bar... (last: 2026-02-26 11:55:00-05:00, price: 1.17922)
2026-02-26 17:00:45,780 - INFO - New bar: 2026-02-26 12:00:00-05:00 | O=1.17919 H=1.17926 L=1.17917 C=1.17920
2026-02-26 17:03:46,444 - INFO - Waiting for new bar... (last: 2026-02-26 12:00:00-05:00, price: 1.17898)
2026-02-26 17:05:46,997 - INFO - New bar: 2026-02-26 12:05:00-05:00 | O=1.17891 H=1.17902 L=1.17883 C=1.17902
2026-02-26 17:08:47,684 - INFO - Waiting for new bar... (last: 2026-02-26 12:05:00-05:00, price: 1.17888)
2026-02-26 17:10:48,101 - INFO - New bar: 2026-02-26 12:10:00-05:00 | O=1.17898 H=1.17907 L=1.17895 C=1.17898
2026-02-26 17:13:48,706 - INFO - Waiting for new bar... (last: 2026-02-26 12:10:00-05:00, price: 1.17883)
2026-02-26 17:15:49,220 - INFO - New bar: 2026-02-26 12:15:00-05:00 | O=1.17876 H=1.17885 L=1.17874 C=1.17875
2026-02-26 17:18:49,897 - INFO - Waiting for new bar... (last: 2026-02-26 12:15:00-05:00, price: 1.17841)
2026-02-26 17:20:50,350 - INFO - New bar: 2026-02-26 12:20:00-05:00 | O=1.17822 H=1.17823 L=1.17806 C=1.17816
2026-02-26 17:23:50,997 - INFO - Waiting for new bar... (last: 2026-02-26 12:20:00-05:00, price: 1.17803)
2026-02-26 17:25:51,433 - INFO - New bar: 2026-02-26 12:25:00-05:00 | O=1.17809 H=1.17810 L=1.17801 C=1.17805
2026-02-26 17:28:52,078 - INFO - Waiting for new bar... (last: 2026-02-26 12:25:00-05:00, price: 1.17782)
2026-02-26 17:30:52,487 - INFO - New bar: 2026-02-26 12:30:00-05:00 | O=1.17773 H=1.17773 L=1.17758 C=1.17758
2026-02-26 17:33:53,123 - INFO - Waiting for new bar... (last: 2026-02-26 12:30:00-05:00, price: 1.17780)
2026-02-26 17:35:53,599 - INFO - New bar: 2026-02-26 12:35:00-05:00 | O=1.17778 H=1.17801 L=1.17775 C=1.17800
2026-02-26 17:38:54,253 - INFO - Waiting for new bar... (last: 2026-02-26 12:35:00-05:00, price: 1.17773)
2026-02-26 17:40:54,671 - INFO - New bar: 2026-02-26 12:40:00-05:00 | O=1.17773 H=1.17780 L=1.17773 C=1.17780
2026-02-26 17:43:55,289 - INFO - Waiting for new bar... (last: 2026-02-26 12:40:00-05:00, price: 1.17779)
2026-02-26 17:45:55,707 - INFO - New bar: 2026-02-26 12:45:00-05:00 | O=1.17787 H=1.17788 L=1.17772 C=1.17779
2026-02-26 17:48:56,362 - INFO - Waiting for new bar... (last: 2026-02-26 12:45:00-05:00, price: 1.17748)
2026-02-26 17:50:56,838 - INFO - New bar: 2026-02-26 12:50:00-05:00 | O=1.17749 H=1.17763 L=1.17741 C=1.17751
2026-02-26 17:53:57,898 - INFO - Waiting for new bar... (last: 2026-02-26 12:50:00-05:00, price: 1.17769)
2026-02-26 17:55:58,332 - INFO - New bar: 2026-02-26 12:55:00-05:00 | O=1.17753 H=1.17758 L=1.17746 C=1.17751
2026-02-26 17:58:58,981 - INFO - Waiting for new bar... (last: 2026-02-26 12:55:00-05:00, price: 1.17749)
2026-02-26 18:00:59,433 - INFO - New bar: 2026-02-26 13:00:00-05:00 | O=1.17762 H=1.17765 L=1.17755 C=1.17761
2026-02-26 18:04:00,097 - INFO - Waiting for new bar... (last: 2026-02-26 13:00:00-05:00, price: 1.17774)
2026-02-26 18:06:00,564 - INFO - New bar: 2026-02-26 13:05:00-05:00 | O=1.17762 H=1.17783 L=1.17762 C=1.17783
2026-02-26 18:09:01,690 - INFO - Waiting for new bar... (last: 2026-02-26 13:05:00-05:00, price: 1.17748)
2026-02-26 18:11:02,159 - INFO - New bar: 2026-02-26 13:10:00-05:00 | O=1.17750 H=1.17763 L=1.17746 C=1.17751
2026-02-26 18:14:02,800 - INFO - Waiting for new bar... (last: 2026-02-26 13:10:00-05:00, price: 1.17771)
2026-02-26 18:16:03,265 - INFO - New bar: 2026-02-26 13:15:00-05:00 | O=1.17779 H=1.17779 L=1.17772 C=1.17774
2026-02-26 18:19:03,931 - INFO - Waiting for new bar... (last: 2026-02-26 13:15:00-05:00, price: 1.17779)
2026-02-26 18:21:04,409 - INFO - New bar: 2026-02-26 13:20:00-05:00 | O=1.17773 H=1.17779 L=1.17768 C=1.17778
2026-02-26 18:24:05,096 - INFO - Waiting for new bar... (last: 2026-02-26 13:20:00-05:00, price: 1.17766)
2026-02-26 18:26:05,562 - INFO - New bar: 2026-02-26 13:25:00-05:00 | O=1.17779 H=1.17782 L=1.17776 C=1.17780
2026-02-26 18:29:06,256 - INFO - Waiting for new bar... (last: 2026-02-26 13:25:00-05:00, price: 1.17791)
2026-02-26 18:30:06,489 - INFO - New bar: 2026-02-26 13:30:00-05:00 | O=1.17792 H=1.17797 L=1.17792 C=1.17796
2026-02-26 18:34:07,367 - INFO - Waiting for new bar... (last: 2026-02-26 13:30:00-05:00, price: 1.17808)
2026-02-26 18:35:07,602 - INFO - New bar: 2026-02-26 13:35:00-05:00 | O=1.17840 H=1.17840 L=1.17828 C=1.17836
2026-02-26 18:39:08,520 - INFO - Waiting for new bar... (last: 2026-02-26 13:35:00-05:00, price: 1.17857)
2026-02-26 18:40:08,742 - INFO - New bar: 2026-02-26 13:40:00-05:00 | O=1.17853 H=1.17853 L=1.17842 C=1.17843
2026-02-26 18:44:09,791 - INFO - Waiting for new bar... (last: 2026-02-26 13:40:00-05:00, price: 1.17860)
2026-02-26 18:45:10,028 - INFO - New bar: 2026-02-26 13:45:00-05:00 | O=1.17849 H=1.17863 L=1.17846 C=1.17860
2026-02-26 18:49:10,936 - INFO - Waiting for new bar... (last: 2026-02-26 13:45:00-05:00, price: 1.17829)
2026-02-26 18:50:11,168 - INFO - New bar: 2026-02-26 13:50:00-05:00 | O=1.17830 H=1.17840 L=1.17830 C=1.17840
2026-02-26 18:54:12,032 - INFO - Waiting for new bar... (last: 2026-02-26 13:50:00-05:00, price: 1.17837)
2026-02-26 18:55:12,238 - INFO - New bar: 2026-02-26 13:55:00-05:00 | O=1.17833 H=1.17844 L=1.17833 C=1.17843
2026-02-26 18:59:13,131 - INFO - Waiting for new bar... (last: 2026-02-26 13:55:00-05:00, price: 1.17839)
2026-02-26 19:00:13,359 - INFO - New bar: 2026-02-26 14:00:00-05:00 | O=1.17846 H=1.17850 L=1.17841 C=1.17842
2026-02-26 19:04:14,235 - INFO - Waiting for new bar... (last: 2026-02-26 14:00:00-05:00, price: 1.17857)
2026-02-26 19:05:14,435 - INFO - New bar: 2026-02-26 14:05:00-05:00 | O=1.17860 H=1.17864 L=1.17860 C=1.17863
2026-02-26 19:09:15,359 - INFO - Waiting for new bar... (last: 2026-02-26 14:05:00-05:00, price: 1.17864)
2026-02-26 19:10:15,582 - INFO - New bar: 2026-02-26 14:10:00-05:00 | O=1.17867 H=1.17868 L=1.17867 C=1.17868
2026-02-26 19:14:16,593 - INFO - Waiting for new bar... (last: 2026-02-26 14:10:00-05:00, price: 1.17866)
2026-02-26 19:15:16,833 - INFO - New bar: 2026-02-26 14:15:00-05:00 | O=1.17863 H=1.17864 L=1.17863 C=1.17864
2026-02-26 19:19:17,733 - INFO - Waiting for new bar... (last: 2026-02-26 14:15:00-05:00, price: 1.17877)
2026-02-26 19:20:17,960 - INFO - New bar: 2026-02-26 14:20:00-05:00 | O=1.17888 H=1.17894 L=1.17885 C=1.17888
2026-02-26 19:24:19,050 - INFO - Waiting for new bar... (last: 2026-02-26 14:20:00-05:00, price: 1.17898)
2026-02-26 19:25:19,260 - INFO - New bar: 2026-02-26 14:25:00-05:00 | O=1.17895 H=1.17900 L=1.17895 C=1.17898
2026-02-26 19:29:21,243 - INFO - Waiting for new bar... (last: 2026-02-26 14:25:00-05:00, price: 1.17909)
2026-02-26 19:30:21,472 - INFO - New bar: 2026-02-26 14:30:00-05:00 | O=1.17914 H=1.17915 L=1.17908 C=1.17908
2026-02-26 19:34:22,339 - INFO - Waiting for new bar... (last: 2026-02-26 14:30:00-05:00, price: 1.17923)
2026-02-26 19:35:22,582 - INFO - New bar: 2026-02-26 14:35:00-05:00 | O=1.17927 H=1.17928 L=1.17924 C=1.17924
2026-02-26 19:39:23,523 - INFO - Waiting for new bar... (last: 2026-02-26 14:35:00-05:00, price: 1.17934)
2026-02-26 19:40:23,755 - INFO - New bar: 2026-02-26 14:40:00-05:00 | O=1.17924 H=1.17924 L=1.17919 C=1.17921
2026-02-26 19:44:24,668 - INFO - Waiting for new bar... (last: 2026-02-26 14:40:00-05:00, price: 1.17935)
2026-02-26 19:45:24,907 - INFO - New bar: 2026-02-26 14:45:00-05:00 | O=1.17940 H=1.17944 L=1.17939 C=1.17944
2026-02-26 19:49:32,370 - INFO - Waiting for new bar... (last: 2026-02-26 14:45:00-05:00, price: 1.17948)
2026-02-26 19:50:32,578 - INFO - New bar: 2026-02-26 14:50:00-05:00 | O=1.17948 H=1.17955 L=1.17947 C=1.17952
2026-02-26 19:54:34,243 - INFO - Waiting for new bar... (last: 2026-02-26 14:50:00-05:00, price: 1.17969)
2026-02-26 19:55:34,507 - INFO - New bar: 2026-02-26 14:55:00-05:00 | O=1.17963 H=1.17977 L=1.17963 C=1.17973
2026-02-26 19:59:35,405 - INFO - Waiting for new bar... (last: 2026-02-26 14:55:00-05:00, price: 1.17972)
2026-02-26 20:00:35,589 - INFO - New bar: 2026-02-26 15:00:00-05:00 | O=1.17968 H=1.17978 L=1.17968 C=1.17976
2026-02-26 20:04:36,767 - INFO - Waiting for new bar... (last: 2026-02-26 15:00:00-05:00, price: 1.17969)
2026-02-26 20:05:36,990 - INFO - New bar: 2026-02-26 15:05:00-05:00 | O=1.17967 H=1.17973 L=1.17967 C=1.17973
2026-02-26 20:06:11,092 - INFO - Warning 2105, reqId -1: HMDS data farm connection is broken:cashhmds
2026-02-26 20:06:11,816 - INFO - Warning 2106, reqId -1: HMDS data farm connection is OK:cashhmds
2026-02-26 20:09:37,875 - INFO - Waiting for new bar... (last: 2026-02-26 15:05:00-05:00, price: 1.17978)
2026-02-26 20:10:38,193 - INFO - New bar: 2026-02-26 15:10:00-05:00 | O=1.17978 H=1.17983 L=1.17976 C=1.17982
2026-02-26 20:10:38,201 - INFO - BUY Signal: SMA 1.17919 crossed above 1.17909, RSI 73.9, Momentum 0.000945
2026-02-26 20:10:38,205 - INFO - Checking EUR balance...
2026-02-26 20:10:38,206 - INFO - EUR balance: 962,211.53 EUR
2026-02-26 20:10:38,206 - INFO - Required minimum: 20,000.00 EUR
2026-02-26 20:10:38,206 - INFO - Status: Sufficient
2026-02-26 20:10:38,207 - INFO - placeOrder: New order Trade(contract=Forex('EURUSD', conId=12087792, exchange='IDEALPRO', localSymbol='EUR.USD', tradingClass='EUR.USD'), order=MarketOrder(orderId=7588, clientId=753, action='BUY', totalQuantity=20000, tif='GTC'), orderStatus=OrderStatus(orderId=7588, status='PendingSubmit', filled=0.0, remaining=0.0, avgFillPrice=0.0, permId=0, parentId=0, lastFillPrice=0.0, clientId=0, whyHeld='', mktCapPrice=0.0), fills=[], log=[TradeLogEntry(time=datetime.datetime(2026, 2, 26, 20, 10, 38, 207396, tzinfo=datetime.timezone.utc), status='PendingSubmit', message='', errorCode=0)], advancedError='')
2026-02-26 20:10:38,340 - INFO - orderStatus: Trade(contract=Forex('EURUSD', conId=12087792, exchange='IDEALPRO', localSymbol='EUR.USD', tradingClass='EUR.USD'), order=MarketOrder(orderId=7588, clientId=753, permId=718244306, action='BUY', totalQuantity=20000.0, lmtPrice=0.0, auxPrice=0.0, tif='GTC'), orderStatus=OrderStatus(orderId=7588, status='PreSubmitted', filled=0.0, remaining=20000.0, avgFillPrice=0.0, permId=718244306, parentId=0, lastFillPrice=0.0, clientId=753, whyHeld='', mktCapPrice=0.0), fills=[], log=[TradeLogEntry(time=datetime.datetime(2026, 2, 26, 20, 10, 38, 207396, tzinfo=datetime.timezone.utc), status='PendingSubmit', message='', errorCode=0), TradeLogEntry(time=datetime.datetime(2026, 2, 26, 20, 10, 38, 340205, tzinfo=datetime.timezone.utc), status='PreSubmitted', message='', errorCode=0)], advancedError='')
2026-02-26 20:10:38,380 - INFO - position: Position(account='DUM847254', contract=Forex('EURUSD', conId=12087792, localSymbol='EUR.USD', tradingClass='EUR.USD'), position=0.0, avgCost=0.9831267073418123)
2026-02-26 20:10:38,381 - INFO - execDetails Execution(execId='0000e215.69a01431.01.01', time=datetime.datetime(2026, 2, 26, 20, 10, 38, tzinfo=datetime.timezone.utc), acctNumber='DUM847254', exchange='IDEALPRO', side='BOT', shares=20000.0, price=1.17975, permId=718244306, clientId=753, orderId=7588, liquidation=0, cumQty=20000.0, avgPrice=1.17975, orderRef='', evRule='', evMultiplier=0.0, modelCode='', lastLiquidity=2, pendingPriceRevision=False)
2026-02-26 20:10:38,381 - INFO - execDetails: Fill(contract=Forex('EURUSD', conId=12087792, exchange='IDEALPRO', localSymbol='EUR.USD', tradingClass='EUR.USD'), execution=Execution(execId='0000e215.69a01431.01.01', time=datetime.datetime(2026, 2, 26, 20, 10, 38, tzinfo=datetime.timezone.utc), acctNumber='DUM847254', exchange='IDEALPRO', side='BOT', shares=20000.0, price=1.17975, permId=718244306, clientId=753, orderId=7588, liquidation=0, cumQty=20000.0, avgPrice=1.17975, orderRef='', evRule='', evMultiplier=0.0, modelCode='', lastLiquidity=2, pendingPriceRevision=False), commissionReport=CommissionReport(execId='', commission=0.0, currency='', realizedPNL=0.0, yield_=0.0, yieldRedemptionDate=0), time=datetime.datetime(2026, 2, 26, 20, 10, 38, 380708, tzinfo=datetime.timezone.utc))
2026-02-26 20:10:38,381 - INFO - orderStatus: Trade(contract=Forex('EURUSD', conId=12087792, exchange='IDEALPRO', localSymbol='EUR.USD', tradingClass='EUR.USD'), order=MarketOrder(orderId=7588, clientId=753, permId=718244306, action='BUY', totalQuantity=20000.0, lmtPrice=0.0, auxPrice=0.0, tif='GTC'), orderStatus=OrderStatus(orderId=7588, status='Filled', filled=20000.0, remaining=0.0, avgFillPrice=1.17975, permId=718244306, parentId=0, lastFillPrice=1.17975, clientId=753, whyHeld='', mktCapPrice=0.0), fills=[Fill(contract=Forex('EURUSD', conId=12087792, exchange='IDEALPRO', localSymbol='EUR.USD', tradingClass='EUR.USD'), execution=Execution(execId='0000e215.69a01431.01.01', time=datetime.datetime(2026, 2, 26, 20, 10, 38, tzinfo=datetime.timezone.utc), acctNumber='DUM847254', exchange='IDEALPRO', side='BOT', shares=20000.0, price=1.17975, permId=718244306, clientId=753, orderId=7588, liquidation=0, cumQty=20000.0, avgPrice=1.17975, orderRef='', evRule='', evMultiplier=0.0, modelCode='', lastLiquidity=2, pendingPriceRevision=False), commissionReport=CommissionReport(execId='', commission=0.0, currency='', realizedPNL=0.0, yield_=0.0, yieldRedemptionDate=0), time=datetime.datetime(2026, 2, 26, 20, 10, 38, 380708, tzinfo=datetime.timezone.utc))], log=[TradeLogEntry(time=datetime.datetime(2026, 2, 26, 20, 10, 38, 207396, tzinfo=datetime.timezone.utc), status='PendingSubmit', message='', errorCode=0), TradeLogEntry(time=datetime.datetime(2026, 2, 26, 20, 10, 38, 340205, tzinfo=datetime.timezone.utc), status='PreSubmitted', message='', errorCode=0), TradeLogEntry(time=datetime.datetime(2026, 2, 26, 20, 10, 38, 380708, tzinfo=datetime.timezone.utc), status='PreSubmitted', message='Fill 20000.0@1.17975', errorCode=0), TradeLogEntry(time=datetime.datetime(2026, 2, 26, 20, 10, 38, 380708, tzinfo=datetime.timezone.utc), status='Filled', message='', errorCode=0)], advancedError='')
2026-02-26 20:10:38,382 - INFO - commissionReport: CommissionReport(execId='0000e215.69a01431.01.01', commission=1.69344, currency='EUR', realizedPNL=0.0, yield_=0.0, yieldRedemptionDate=0)
2026-02-26 20:10:38,382 - INFO - position: Position(account='DUM847254', contract=Forex('EURUSD', conId=12087792, localSymbol='EUR.USD', tradingClass='EUR.USD'), position=0.0, avgCost=0.9831267073418123)
2026-02-26 20:10:38,711 - INFO - CLOSED: BUY 20,000 EUR @ 1.17975
2026-02-26 20:10:38,711 - INFO - P&L: EUR -8.82 (USD -10.40) | Gross: EUR -5.42 (USD -6.40), Costs: USD 4.00
2026-02-26 20:10:38,711 - INFO - Cumulative P&L: EUR -10.91
2026-02-26 20:10:39,713 - INFO - placeOrder: New order Trade(contract=Forex('EURUSD', conId=12087792, exchange='IDEALPRO', localSymbol='EUR.USD', tradingClass='EUR.USD'), order=MarketOrder(orderId=7589, clientId=753, action='BUY', totalQuantity=20000, tif='GTC'), orderStatus=OrderStatus(orderId=7589, status='PendingSubmit', filled=0.0, remaining=0.0, avgFillPrice=0.0, permId=0, parentId=0, lastFillPrice=0.0, clientId=0, whyHeld='', mktCapPrice=0.0), fills=[], log=[TradeLogEntry(time=datetime.datetime(2026, 2, 26, 20, 10, 39, 713094, tzinfo=datetime.timezone.utc), status='PendingSubmit', message='', errorCode=0)], advancedError='')
2026-02-26 20:10:45,539 - INFO - orderStatus: Trade(contract=Forex('EURUSD', conId=12087792, exchange='IDEALPRO', localSymbol='EUR.USD', tradingClass='EUR.USD'), order=MarketOrder(orderId=7589, clientId=753, permId=718244307, action='BUY', totalQuantity=20000.0, lmtPrice=0.0, auxPrice=0.0, tif='GTC'), orderStatus=OrderStatus(orderId=7589, status='PreSubmitted', filled=0.0, remaining=20000.0, avgFillPrice=0.0, permId=718244307, parentId=0, lastFillPrice=0.0, clientId=753, whyHeld='', mktCapPrice=0.0), fills=[], log=[TradeLogEntry(time=datetime.datetime(2026, 2, 26, 20, 10, 39, 713094, tzinfo=datetime.timezone.utc), status='PendingSubmit', message='', errorCode=0), TradeLogEntry(time=datetime.datetime(2026, 2, 26, 20, 10, 45, 538952, tzinfo=datetime.timezone.utc), status='PreSubmitted', message='', errorCode=0)], advancedError='')
2026-02-26 20:10:45,544 - INFO - position: Position(account='DUM847254', contract=Forex('EURUSD', conId=12087792, localSymbol='EUR.USD', tradingClass='EUR.USD'), position=20000.0, avgCost=0.9831267073418123)
2026-02-26 20:10:45,552 - INFO - execDetails Execution(execId='0000e215.69a01434.01.01', time=datetime.datetime(2026, 2, 26, 20, 10, 45, tzinfo=datetime.timezone.utc), acctNumber='DUM847254', exchange='IDEALPRO', side='BOT', shares=20000.0, price=1.17975, permId=718244307, clientId=753, orderId=7589, liquidation=0, cumQty=20000.0, avgPrice=1.17975, orderRef='', evRule='', evMultiplier=0.0, modelCode='', lastLiquidity=2, pendingPriceRevision=False)
2026-02-26 20:10:45,552 - INFO - execDetails: Fill(contract=Forex('EURUSD', conId=12087792, exchange='IDEALPRO', localSymbol='EUR.USD', tradingClass='EUR.USD'), execution=Execution(execId='0000e215.69a01434.01.01', time=datetime.datetime(2026, 2, 26, 20, 10, 45, tzinfo=datetime.timezone.utc), acctNumber='DUM847254', exchange='IDEALPRO', side='BOT', shares=20000.0, price=1.17975, permId=718244307, clientId=753, orderId=7589, liquidation=0, cumQty=20000.0, avgPrice=1.17975, orderRef='', evRule='', evMultiplier=0.0, modelCode='', lastLiquidity=2, pendingPriceRevision=False), commissionReport=CommissionReport(execId='', commission=0.0, currency='', realizedPNL=0.0, yield_=0.0, yieldRedemptionDate=0), time=datetime.datetime(2026, 2, 26, 20, 10, 45, 552339, tzinfo=datetime.timezone.utc))
2026-02-26 20:10:45,555 - INFO - orderStatus: Trade(contract=Forex('EURUSD', conId=12087792, exchange='IDEALPRO', localSymbol='EUR.USD', tradingClass='EUR.USD'), order=MarketOrder(orderId=7589, clientId=753, permId=718244307, action='BUY', totalQuantity=20000.0, lmtPrice=0.0, auxPrice=0.0, tif='GTC'), orderStatus=OrderStatus(orderId=7589, status='Filled', filled=20000.0, remaining=0.0, avgFillPrice=1.17975, permId=718244307, parentId=0, lastFillPrice=1.17975, clientId=753, whyHeld='', mktCapPrice=0.0), fills=[Fill(contract=Forex('EURUSD', conId=12087792, exchange='IDEALPRO', localSymbol='EUR.USD', tradingClass='EUR.USD'), execution=Execution(execId='0000e215.69a01434.01.01', time=datetime.datetime(2026, 2, 26, 20, 10, 45, tzinfo=datetime.timezone.utc), acctNumber='DUM847254', exchange='IDEALPRO', side='BOT', shares=20000.0, price=1.17975, permId=718244307, clientId=753, orderId=7589, liquidation=0, cumQty=20000.0, avgPrice=1.17975, orderRef='', evRule='', evMultiplier=0.0, modelCode='', lastLiquidity=2, pendingPriceRevision=False), commissionReport=CommissionReport(execId='', commission=0.0, currency='', realizedPNL=0.0, yield_=0.0, yieldRedemptionDate=0), time=datetime.datetime(2026, 2, 26, 20, 10, 45, 552339, tzinfo=datetime.timezone.utc))], log=[TradeLogEntry(time=datetime.datetime(2026, 2, 26, 20, 10, 39, 713094, tzinfo=datetime.timezone.utc), status='PendingSubmit', message='', errorCode=0), TradeLogEntry(time=datetime.datetime(2026, 2, 26, 20, 10, 45, 538952, tzinfo=datetime.timezone.utc), status='PreSubmitted', message='', errorCode=0), TradeLogEntry(time=datetime.datetime(2026, 2, 26, 20, 10, 45, 552339, tzinfo=datetime.timezone.utc), status='PreSubmitted', message='Fill 20000.0@1.17975', errorCode=0), TradeLogEntry(time=datetime.datetime(2026, 2, 26, 20, 10, 45, 555139, tzinfo=datetime.timezone.utc), status='Filled', message='', errorCode=0)], advancedError='')
2026-02-26 20:10:45,559 - INFO - commissionReport: CommissionReport(execId='0000e215.69a01434.01.01', commission=1.69344, currency='EUR', realizedPNL=0.0, yield_=0.0, yieldRedemptionDate=0)
2026-02-26 20:10:45,561 - INFO - position: Position(account='DUM847254', contract=Forex('EURUSD', conId=12087792, localSymbol='EUR.USD', tradingClass='EUR.USD'), position=20000.0, avgCost=0.9831267073418123)
2026-02-26 20:10:45,723 - INFO - OPENED: BUY 20,000 EUR @ 1.17975 (slippage: 0.7 pips)
2026-02-26 20:10:45,723 - INFO - Entry price recorded: 1.17975
2026-02-26 20:14:46,695 - INFO - Waiting for new bar... (last: 2026-02-26 15:10:00-05:00, price: 1.17976)
2026-02-26 20:15:46,935 - INFO - New bar: 2026-02-26 15:15:00-05:00 | O=1.17975 H=1.17979 L=1.17969 C=1.17976
2026-02-26 20:19:47,792 - INFO - Waiting for new bar... (last: 2026-02-26 15:15:00-05:00, price: 1.17969)
2026-02-26 20:20:48,036 - INFO - New bar: 2026-02-26 15:20:00-05:00 | O=1.17971 H=1.17982 L=1.17971 C=1.17979
2026-02-26 20:24:48,947 - INFO - Waiting for new bar... (last: 2026-02-26 15:20:00-05:00, price: 1.17993)
2026-02-26 20:25:49,138 - INFO - New bar: 2026-02-26 15:25:00-05:00 | O=1.17995 H=1.17996 L=1.17992 C=1.17992
2026-02-26 20:29:50,053 - INFO - Waiting for new bar... (last: 2026-02-26 15:25:00-05:00, price: 1.17992)
2026-02-26 20:30:50,255 - INFO - New bar: 2026-02-26 15:30:00-05:00 | O=1.17993 H=1.17997 L=1.17992 C=1.17994
2026-02-26 20:34:51,106 - INFO - Waiting for new bar... (last: 2026-02-26 15:30:00-05:00, price: 1.17993)
2026-02-26 20:35:51,322 - INFO - New bar: 2026-02-26 15:35:00-05:00 | O=1.17992 H=1.17998 L=1.17992 C=1.17993
2026-02-26 20:40:21,853 - INFO - Warning 2105, reqId -1: HMDS data farm connection is broken:cashhmds
2026-02-26 20:40:21,853 - INFO - Warning 165, reqId 7618: Historical Market Data Service query message:HMDS server disconnect occurred.  Attempting reconnection..., contract: Forex('EURUSD', conId=12087792, exchange='IDEALPRO', localSymbol='EUR.USD', tradingClass='EUR.USD')
2026-02-26 20:40:22,511 - INFO - Warning 2106, reqId -1: HMDS data farm connection is OK:cashhmds
2026-02-26 20:40:22,512 - INFO - Warning 165, reqId 7618: Historical Market Data Service query message:HMDS server connection was successful., contract: Forex('EURUSD', conId=12087792, exchange='IDEALPRO', localSymbol='EUR.USD', tradingClass='EUR.USD')
2026-02-26 20:40:22,887 - INFO - Waiting for new bar... (last: 2026-02-26 15:35:00-05:00, price: 1.18006)
2026-02-26 20:41:23,091 - INFO - New bar: 2026-02-26 15:40:00-05:00 | O=1.18006 H=1.18012 L=1.18004 C=1.18006
2026-02-26 20:45:24,138 - INFO - New bar: 2026-02-26 15:45:00-05:00 | O=1.18020 H=1.18020 L=1.18015 C=1.18017
2026-02-26 20:50:25,410 - INFO - New bar: 2026-02-26 15:50:00-05:00 | O=1.18023 H=1.18026 L=1.18018 C=1.18023
2026-02-26 20:50:25,412 - INFO - Status: Price=1.18023, Position=LONG, Bars=120, P&L=EUR -10.91, Unrealized: EUR 8.13, Remaining=34.5h
2026-02-26 20:55:26,599 - INFO - New bar: 2026-02-26 15:55:00-05:00 | O=1.18013 H=1.18026 L=1.18013 C=1.18023
2026-02-26 20:59:31,439 - INFO - Warning 2105, reqId -1: HMDS data farm connection is broken:cashhmds
2026-02-26 20:59:31,439 - INFO - Warning 165, reqId 7637: Historical Market Data Service query message:HMDS server disconnect occurred.  Attempting reconnection..., contract: Forex('EURUSD', conId=12087792, exchange='IDEALPRO', localSymbol='EUR.USD', tradingClass='EUR.USD')
2026-02-26 20:59:31,948 - INFO - Warning 2106, reqId -1: HMDS data farm connection is OK:cashhmds
2026-02-26 20:59:31,949 - INFO - Warning 165, reqId 7637: Historical Market Data Service query message:HMDS server connection was successful., contract: Forex('EURUSD', conId=12087792, exchange='IDEALPRO', localSymbol='EUR.USD', tradingClass='EUR.USD')
2026-02-26 21:00:32,410 - INFO - New bar: 2026-02-26 16:00:00-05:00 | O=1.18013 H=1.18024 L=1.18011 C=1.18024
2026-02-26 21:00:32,413 - INFO - Status: Price=1.18024, Position=LONG, Bars=120, P&L=EUR -10.91, Unrealized: EUR 8.39, Remaining=34.3h
2026-02-26 21:03:14,828 - INFO - Warning 2157, reqId -1: Sec-def data farm connection is broken:secdefnj
2026-02-26 21:03:32,152 - INFO - Warning 2105, reqId -1: HMDS data farm connection is broken:ushmds
2026-02-26 21:03:42,078 - INFO - Warning 2106, reqId -1: HMDS data farm connection is OK:ushmds
2026-02-26 21:03:50,355 - INFO - Warning 2158, reqId -1: Sec-def data farm connection is OK:secdefnj
2026-02-26 21:05:40,047 - INFO - New bar: 2026-02-26 16:05:00-05:00 | O=1.18021 H=1.18024 L=1.18013 C=1.18019
2026-02-26 21:11:05,054 - INFO - New bar: 2026-02-26 16:10:00-05:00 | O=1.18015 H=1.18016 L=1.17997 C=1.17997
2026-02-26 21:11:05,055 - INFO - Status: Price=1.17997, Position=LONG, Bars=120, P&L=EUR -10.91, Unrealized: EUR 3.73, Remaining=34.2h
2026-02-26 21:16:06,226 - INFO - New bar: 2026-02-26 16:15:00-05:00 | O=1.18013 H=1.18020 L=1.18007 C=1.18007
2026-02-26 21:20:07,059 - INFO - New bar: 2026-02-26 16:20:00-05:00 | O=1.18004 H=1.18008 L=1.18004 C=1.18007
2026-02-26 21:21:07,281 - INFO - Waiting for new bar... (last: 2026-02-26 16:20:00-05:00, price: 1.18007)
2026-02-26 21:25:08,177 - INFO - New bar: 2026-02-26 16:25:00-05:00 | O=1.17993 H=1.17993 L=1.17992 C=1.17992
2026-02-26 21:26:08,388 - INFO - Waiting for new bar... (last: 2026-02-26 16:25:00-05:00, price: 1.17990)
2026-02-26 21:30:09,254 - INFO - New bar: 2026-02-26 16:30:00-05:00 | O=1.17995 H=1.17999 L=1.17995 C=1.17998
2026-02-26 21:31:09,493 - INFO - Waiting for new bar... (last: 2026-02-26 16:30:00-05:00, price: 1.17997)
2026-02-26 21:35:10,354 - INFO - New bar: 2026-02-26 16:35:00-05:00 | O=1.18003 H=1.18003 L=1.18003 C=1.18003
2026-02-26 21:36:10,600 - INFO - Waiting for new bar... (last: 2026-02-26 16:35:00-05:00, price: 1.18002)
2026-02-26 21:40:11,497 - INFO - New bar: 2026-02-26 16:40:00-05:00 | O=1.18012 H=1.18012 L=1.18006 C=1.18008
2026-02-26 21:41:11,714 - INFO - Waiting for new bar... (last: 2026-02-26 16:40:00-05:00, price: 1.18007)
2026-02-26 21:45:12,675 - INFO - New bar: 2026-02-26 16:45:00-05:00 | O=1.17993 H=1.17994 L=1.17992 C=1.17994
2026-02-26 21:46:12,928 - INFO - Waiting for new bar... (last: 2026-02-26 16:45:00-05:00, price: 1.17990)
2026-02-26 21:50:13,782 - INFO - New bar: 2026-02-26 16:50:00-05:00 | O=1.17980 H=1.17980 L=1.17980 C=1.17980
2026-02-26 21:51:13,979 - INFO - Waiting for new bar... (last: 2026-02-26 16:50:00-05:00, price: 1.17980)
2026-02-26 21:55:14,828 - INFO - New bar: 2026-02-26 16:55:00-05:00 | O=1.17997 H=1.17999 L=1.17996 C=1.17996
2026-02-26 21:56:15,031 - INFO - Waiting for new bar... (last: 2026-02-26 16:55:00-05:00, price: 1.17990)
2026-02-26 22:01:16,157 - INFO - Waiting for new bar... (last: 2026-02-26 16:55:00-05:00, price: 1.17973)
2026-02-26 22:06:17,353 - INFO - Waiting for new bar... (last: 2026-02-26 16:55:00-05:00, price: 1.17973)
2026-02-26 22:11:47,861 - INFO - Waiting for new bar... (last: 2026-02-26 16:55:00-05:00, price: 1.17973)
2026-02-26 22:15:48,854 - INFO - New bar: 2026-02-26 17:15:00-05:00 | O=1.17958 H=1.17977 L=1.17958 C=1.17968
2026-02-26 22:16:49,170 - INFO - Waiting for new bar... (last: 2026-02-26 17:15:00-05:00, price: 1.17961)
2026-02-26 22:20:50,529 - INFO - New bar: 2026-02-26 17:20:00-05:00 | O=1.17961 H=1.17964 L=1.17960 C=1.17964
2026-02-26 22:21:42,005 - INFO - Warning 2105, reqId -1: HMDS data farm connection is broken:cashhmds
2026-02-26 22:22:22,707 - INFO - Warning 2105, reqId -1: HMDS data farm connection is broken:ushmds
2026-02-26 22:22:23,295 - INFO - Warning 2106, reqId -1: HMDS data farm connection is OK:ushmds
2026-02-26 22:22:24,756 - INFO - Warning 2106, reqId -1: HMDS data farm connection is OK:cashhmds
2026-02-26 22:22:24,845 - INFO - Waiting for new bar... (last: 2026-02-26 17:20:00-05:00, price: 1.17960)
2026-02-26 22:22:27,170 - INFO - Warning 2103, reqId -1: Market data farm connection is broken:usfarm
2026-02-26 22:22:28,274 - INFO - Warning 2104, reqId -1: Market data farm connection is OK:usfarm
2026-02-26 22:25:25,523 - INFO - New bar: 2026-02-26 17:25:00-05:00 | O=1.17968 H=1.17983 L=1.17965 C=1.17981
2026-02-26 22:27:25,965 - INFO - Waiting for new bar... (last: 2026-02-26 17:25:00-05:00, price: 1.17979)
2026-02-26 22:30:26,764 - INFO - New bar: 2026-02-26 17:30:00-05:00 | O=1.17978 H=1.17995 L=1.17974 C=1.17988
2026-02-26 22:32:27,281 - INFO - Waiting for new bar... (last: 2026-02-26 17:30:00-05:00, price: 1.17992)
2026-02-26 22:35:27,920 - INFO - New bar: 2026-02-26 17:35:00-05:00 | O=1.17989 H=1.17989 L=1.17989 C=1.17989
2026-02-26 22:37:28,378 - INFO - Waiting for new bar... (last: 2026-02-26 17:35:00-05:00, price: 1.17992)
2026-02-26 22:40:29,069 - INFO - New bar: 2026-02-26 17:40:00-05:00 | O=1.17987 H=1.17989 L=1.17987 C=1.17988
2026-02-26 22:42:29,514 - INFO - Waiting for new bar... (last: 2026-02-26 17:40:00-05:00, price: 1.17982)
2026-02-26 22:45:30,199 - INFO - New bar: 2026-02-26 17:45:00-05:00 | O=1.17986 H=1.17987 L=1.17983 C=1.17986
2026-02-26 22:47:30,678 - INFO - Waiting for new bar... (last: 2026-02-26 17:45:00-05:00, price: 1.17984)
2026-02-26 22:50:31,363 - INFO - New bar: 2026-02-26 17:50:00-05:00 | O=1.17986 H=1.17986 L=1.17979 C=1.17986
2026-02-26 22:52:31,822 - INFO - Waiting for new bar... (last: 2026-02-26 17:50:00-05:00, price: 1.17987)
2026-02-26 22:55:32,473 - INFO - New bar: 2026-02-26 17:55:00-05:00 | O=1.17986 H=1.17986 L=1.17986 C=1.17986
2026-02-26 22:57:32,895 - INFO - Waiting for new bar... (last: 2026-02-26 17:55:00-05:00, price: 1.17986)
2026-02-26 23:00:36,877 - INFO - New bar: 2026-02-26 18:00:00-05:00 | O=1.17985 H=1.17985 L=1.17965 C=1.17971
2026-02-26 23:02:37,346 - INFO - Waiting for new bar... (last: 2026-02-26 18:00:00-05:00, price: 1.17976)
2026-02-26 23:05:38,043 - INFO - New bar: 2026-02-26 18:05:00-05:00 | O=1.17979 H=1.17982 L=1.17979 C=1.17982
2026-02-26 23:07:38,487 - INFO - Waiting for new bar... (last: 2026-02-26 18:05:00-05:00, price: 1.17978)
2026-02-26 23:10:39,185 - INFO - New bar: 2026-02-26 18:10:00-05:00 | O=1.17981 H=1.17990 L=1.17981 C=1.17989
2026-02-26 23:12:39,606 - INFO - Waiting for new bar... (last: 2026-02-26 18:10:00-05:00, price: 1.17990)
2026-02-26 23:15:40,303 - INFO - New bar: 2026-02-26 18:15:00-05:00 | O=1.17985 H=1.17989 L=1.17983 C=1.17989
2026-02-26 23:17:40,779 - INFO - Waiting for new bar... (last: 2026-02-26 18:15:00-05:00, price: 1.17992)
2026-02-26 23:20:41,469 - INFO - New bar: 2026-02-26 18:20:00-05:00 | O=1.17985 H=1.17989 L=1.17982 C=1.17989
2026-02-26 23:22:41,924 - INFO - Waiting for new bar... (last: 2026-02-26 18:20:00-05:00, price: 1.17992)
2026-02-26 23:25:42,646 - INFO - New bar: 2026-02-26 18:25:00-05:00 | O=1.17989 H=1.17990 L=1.17988 C=1.17990
2026-02-26 23:27:43,119 - INFO - Waiting for new bar... (last: 2026-02-26 18:25:00-05:00, price: 1.17992)
2026-02-26 23:30:43,780 - INFO - New bar: 2026-02-26 18:30:00-05:00 | O=1.17999 H=1.18005 L=1.17998 C=1.18004
2026-02-26 23:32:44,219 - INFO - Waiting for new bar... (last: 2026-02-26 18:30:00-05:00, price: 1.18008)
2026-02-26 23:35:44,892 - INFO - New bar: 2026-02-26 18:35:00-05:00 | O=1.18013 H=1.18013 L=1.18007 C=1.18013
2026-02-26 23:37:45,345 - INFO - Waiting for new bar... (last: 2026-02-26 18:35:00-05:00, price: 1.18013)
2026-02-26 23:40:46,040 - INFO - New bar: 2026-02-26 18:40:00-05:00 | O=1.18019 H=1.18022 L=1.18019 C=1.18019
2026-02-26 23:42:46,515 - INFO - Waiting for new bar... (last: 2026-02-26 18:40:00-05:00, price: 1.18020)
2026-02-26 23:45:00,965 - ERROR - Peer closed connection.
2026-02-26 23:45:47,032 - WARNING - Connection lost detected!
2026-02-26 23:45:47,032 - INFO - Attempting automatic reconnection...
2026-02-26 23:45:47,032 - WARNING - Open position exists but connection lost. Cannot close safely. Will retry after reconnect.
2026-02-26 23:45:47,032 - INFO - Reconnection attempt 1/10 (waiting 1s before trying)...
2026-02-26 23:45:48,034 - INFO - Connecting to localhost:4002 with clientId 753...
2026-02-26 23:45:48,036 - INFO - Connected
2026-02-26 23:45:48,220 - INFO - Logged on to server version 178
2026-02-26 23:45:48,368 - INFO - Warning 2104, reqId -1: Market data farm connection is OK:usfarm
2026-02-26 23:45:48,368 - INFO - Warning 2106, reqId -1: HMDS data farm connection is OK:ushmds
2026-02-26 23:45:48,368 - INFO - Warning 2158, reqId -1: Sec-def data farm connection is OK:secdefnj
2026-02-26 23:45:48,369 - INFO - API connection ready
2026-02-26 23:45:48,780 - INFO - position: Position(account='DUM847254', contract=Forex('EURUSD', conId=12087792, localSymbol='EUR.USD', tradingClass='EUR.USD'), position=0.0, avgCost=0.0)
2026-02-26 23:45:50,046 - INFO - execDetails Execution(execId='0000e215.699fa1b8.01.01', time=datetime.datetime(2026, 2, 26, 4, 25, 51, tzinfo=datetime.timezone.utc), acctNumber='DUM847254', exchange='IDEALPRO', side='SLD', shares=20000.0, price=1.18156, permId=718244302, clientId=753, orderId=6645, liquidation=0, cumQty=20000.0, avgPrice=1.18156, orderRef='', evRule='', evMultiplier=0.0, modelCode='', lastLiquidity=2, pendingPriceRevision=False)
2026-02-26 23:45:50,088 - INFO - execDetails Execution(execId='0000e215.699ff52f.01.01', time=datetime.datetime(2026, 2, 26, 12, 55, 37, tzinfo=datetime.timezone.utc), acctNumber='DUM847254', exchange='IDEALPRO', side='BOT', shares=20000.0, price=1.18089, permId=718244303, clientId=753, orderId=7152, liquidation=0, cumQty=20000.0, avgPrice=1.18089, orderRef='', evRule='', evMultiplier=0.0, modelCode='', lastLiquidity=2, pendingPriceRevision=False)
2026-02-26 23:45:50,089 - INFO - execDetails Execution(execId='0000e215.69a0012f.01.01', time=datetime.datetime(2026, 2, 26, 15, 45, 27, tzinfo=datetime.timezone.utc), acctNumber='DUM847254', exchange='IDEALPRO', side='SLD', shares=20000.0, price=1.17942, permId=718244304, clientId=753, orderId=7322, liquidation=0, cumQty=20000.0, avgPrice=1.17942, orderRef='', evRule='', evMultiplier=0.0, modelCode='', lastLiquidity=2, pendingPriceRevision=False)
2026-02-26 23:45:50,089 - INFO - execDetails Execution(execId='0000e215.69a00132.01.01', time=datetime.datetime(2026, 2, 26, 15, 45, 28, tzinfo=datetime.timezone.utc), acctNumber='DUM847254', exchange='IDEALPRO', side='SLD', shares=20000.0, price=1.17943, permId=718244305, clientId=753, orderId=7323, liquidation=0, cumQty=20000.0, avgPrice=1.17943, orderRef='', evRule='', evMultiplier=0.0, modelCode='', lastLiquidity=2, pendingPriceRevision=False)
2026-02-26 23:45:50,089 - INFO - execDetails Execution(execId='0000e215.69a01431.01.01', time=datetime.datetime(2026, 2, 26, 20, 10, 38, tzinfo=datetime.timezone.utc), acctNumber='DUM847254', exchange='IDEALPRO', side='BOT', shares=20000.0, price=1.17975, permId=718244306, clientId=753, orderId=7588, liquidation=0, cumQty=20000.0, avgPrice=1.17975, orderRef='', evRule='', evMultiplier=0.0, modelCode='', lastLiquidity=2, pendingPriceRevision=False)
2026-02-26 23:45:50,089 - INFO - execDetails Execution(execId='0000e215.69a01434.01.01', time=datetime.datetime(2026, 2, 26, 20, 10, 45, tzinfo=datetime.timezone.utc), acctNumber='DUM847254', exchange='IDEALPRO', side='BOT', shares=20000.0, price=1.17975, permId=718244307, clientId=753, orderId=7589, liquidation=0, cumQty=20000.0, avgPrice=1.17975, orderRef='', evRule='', evMultiplier=0.0, modelCode='', lastLiquidity=2, pendingPriceRevision=False)
2026-02-26 23:45:50,089 - INFO - commissionReport: CommissionReport(execId='0000e215.699fa1b8.01.01', commission=1.69344, currency='EUR', realizedPNL=0.0, yield_=0.0, yieldRedemptionDate=0)
2026-02-26 23:45:50,089 - INFO - commissionReport: CommissionReport(execId='0000e215.699ff52f.01.01', commission=1.69344, currency='EUR', realizedPNL=0.0, yield_=0.0, yieldRedemptionDate=0)
2026-02-26 23:45:50,089 - INFO - commissionReport: CommissionReport(execId='0000e215.69a0012f.01.01', commission=1.69344, currency='EUR', realizedPNL=0.0, yield_=0.0, yieldRedemptionDate=0)
2026-02-26 23:45:50,089 - INFO - commissionReport: CommissionReport(execId='0000e215.69a00132.01.01', commission=1.69344, currency='EUR', realizedPNL=0.0, yield_=0.0, yieldRedemptionDate=0)
2026-02-26 23:45:50,089 - INFO - commissionReport: CommissionReport(execId='0000e215.69a01431.01.01', commission=1.69344, currency='EUR', realizedPNL=0.0, yield_=0.0, yieldRedemptionDate=0)
2026-02-26 23:45:50,089 - INFO - commissionReport: CommissionReport(execId='0000e215.69a01434.01.01', commission=1.69344, currency='EUR', realizedPNL=0.0, yield_=0.0, yieldRedemptionDate=0)
2026-02-26 23:45:50,090 - INFO - Synchronization complete
2026-02-26 23:45:50,090 - INFO - Reconnected successfully on attempt 1
2026-02-26 23:45:50,180 - INFO - Contract re-qualified: EUR (conId: 12087792)
2026-02-26 23:45:50,181 - INFO - Reconnected successfully.
2026-02-26 23:45:50,181 - INFO - Reconciling position state with IB...
2026-02-26 23:45:50,181 - WARNING - Position mismatch detected!
2026-02-26 23:45:50,181 - WARNING -   Bot thought: LONG @ 1.1798
2026-02-26 23:45:50,181 - WARNING -   IB shows: FLAT (no position)
2026-02-26 23:45:50,181 - INFO - Updated bot state to match IB: FLAT
2026-02-26 23:45:50,181 - WARNING - Position closed by IB (reboot/reset). Estimated exit: 1.18019, P&L: EUR 4.07 (USD 4.80)
2026-02-26 23:45:50,181 - INFO - Reconciliation complete. Current state: FLAT
2026-02-26 23:45:50,181 - INFO - Position state verified. Resuming trading.
2026-02-26 23:45:58,884 - INFO - Warning 2106, reqId -1: HMDS data farm connection is OK:cashhmds
2026-02-26 23:45:59,190 - INFO - New bar: 2026-02-26 18:45:00-05:00 | O=1.18014 H=1.18017 L=1.18012 C=1.18017
2026-02-26 23:46:59,439 - INFO - Waiting for new bar... (last: 2026-02-26 18:45:00-05:00, price: 1.18017)
2026-02-26 23:51:00,618 - INFO - New bar: 2026-02-26 18:50:00-05:00 | O=1.18004 H=1.18009 L=1.18004 C=1.18008
2026-02-26 23:52:00,891 - INFO - Waiting for new bar... (last: 2026-02-26 18:50:00-05:00, price: 1.18007)
2026-02-26 23:56:02,174 - INFO - New bar: 2026-02-26 18:55:00-05:00 | O=1.18013 H=1.18020 L=1.18013 C=1.18019
2026-02-26 23:57:02,484 - INFO - Waiting for new bar... (last: 2026-02-26 18:55:00-05:00, price: 1.18020)
2026-02-27 00:01:03,930 - INFO - New bar: 2026-02-26 19:00:00-05:00 | O=1.18033 H=1.18038 L=1.18022 C=1.18030
2026-02-27 00:02:04,186 - INFO - Waiting for new bar... (last: 2026-02-26 19:00:00-05:00, price: 1.18024)
2026-02-27 00:06:05,313 - INFO - New bar: 2026-02-26 19:05:00-05:00 | O=1.18029 H=1.18035 L=1.18027 C=1.18033
2026-02-27 00:07:05,563 - INFO - Waiting for new bar... (last: 2026-02-26 19:05:00-05:00, price: 1.18024)
2026-02-27 00:10:06,416 - INFO - New bar: 2026-02-26 19:10:00-05:00 | O=1.18009 H=1.18009 L=1.18008 C=1.18008
2026-02-27 00:12:06,907 - INFO - Waiting for new bar... (last: 2026-02-26 19:10:00-05:00, price: 1.18018)
2026-02-27 00:15:07,657 - INFO - New bar: 2026-02-26 19:15:00-05:00 | O=1.18023 H=1.18023 L=1.18017 C=1.18017
2026-02-27 00:17:08,267 - INFO - Waiting for new bar... (last: 2026-02-26 19:15:00-05:00, price: 1.18023)
2026-02-27 00:20:09,111 - INFO - New bar: 2026-02-26 19:20:00-05:00 | O=1.18035 H=1.18035 L=1.18034 C=1.18034
2026-02-27 00:22:09,639 - INFO - Waiting for new bar... (last: 2026-02-26 19:20:00-05:00, price: 1.18044)
2026-02-27 00:25:10,376 - INFO - New bar: 2026-02-26 19:25:00-05:00 | O=1.18056 H=1.18056 L=1.18049 C=1.18049
2026-02-27 00:27:10,854 - INFO - Waiting for new bar... (last: 2026-02-26 19:25:00-05:00, price: 1.18040)
2026-02-27 00:30:11,619 - INFO - New bar: 2026-02-26 19:30:00-05:00 | O=1.18039 H=1.18040 L=1.18039 C=1.18040
2026-02-27 00:32:12,120 - INFO - Waiting for new bar... (last: 2026-02-26 19:30:00-05:00, price: 1.18046)
2026-02-27 00:35:12,892 - INFO - New bar: 2026-02-26 19:35:00-05:00 | O=1.18014 H=1.18016 L=1.18013 C=1.18014
2026-02-27 00:37:13,401 - INFO - Waiting for new bar... (last: 2026-02-26 19:35:00-05:00, price: 1.18009)
2026-02-27 00:40:14,132 - INFO - New bar: 2026-02-26 19:40:00-05:00 | O=1.17996 H=1.17999 L=1.17992 C=1.17994
2026-02-27 00:42:14,623 - INFO - Waiting for new bar... (last: 2026-02-26 19:40:00-05:00, price: 1.17999)
2026-02-27 00:45:15,358 - INFO - New bar: 2026-02-26 19:45:00-05:00 | O=1.17980 H=1.17981 L=1.17973 C=1.17976
2026-02-27 00:47:15,815 - INFO - Waiting for new bar... (last: 2026-02-26 19:45:00-05:00, price: 1.17990)
2026-02-27 00:48:38,005 - INFO - Warning 2105, reqId -1: HMDS data farm connection is broken:ushmds
2026-02-27 00:48:38,722 - INFO - Warning 2106, reqId -1: HMDS data farm connection is OK:ushmds
2026-02-27 00:50:16,521 - INFO - New bar: 2026-02-26 19:50:00-05:00 | O=1.17993 H=1.17993 L=1.17987 C=1.17989
2026-02-27 00:52:17,011 - INFO - Waiting for new bar... (last: 2026-02-26 19:50:00-05:00, price: 1.17973)
2026-02-27 00:55:17,724 - INFO - New bar: 2026-02-26 19:55:00-05:00 | O=1.17982 H=1.17988 L=1.17980 C=1.17983
2026-02-27 00:57:18,193 - INFO - Waiting for new bar... (last: 2026-02-26 19:55:00-05:00, price: 1.17986)
2026-02-27 01:00:18,925 - INFO - New bar: 2026-02-26 20:00:00-05:00 | O=1.17964 H=1.17973 L=1.17962 C=1.17968
2026-02-27 01:02:19,413 - INFO - Waiting for new bar... (last: 2026-02-26 20:00:00-05:00, price: 1.17977)
2026-02-27 01:05:20,145 - INFO - New bar: 2026-02-26 20:05:00-05:00 | O=1.18001 H=1.18010 L=1.18001 C=1.18009
2026-02-27 01:07:20,661 - INFO - Waiting for new bar... (last: 2026-02-26 20:05:00-05:00, price: 1.18003)
2026-02-27 01:10:21,402 - INFO - New bar: 2026-02-26 20:10:00-05:00 | O=1.18007 H=1.18015 L=1.18004 C=1.18010
2026-02-27 01:12:21,902 - INFO - Waiting for new bar... (last: 2026-02-26 20:10:00-05:00, price: 1.17996)
2026-02-27 01:15:22,652 - INFO - New bar: 2026-02-26 20:15:00-05:00 | O=1.18000 H=1.18003 L=1.17978 C=1.17982
2026-02-27 01:17:23,154 - INFO - Waiting for new bar... (last: 2026-02-26 20:15:00-05:00, price: 1.17982)
2026-02-27 01:20:23,868 - INFO - New bar: 2026-02-26 20:20:00-05:00 | O=1.17978 H=1.17978 L=1.17974 C=1.17975
2026-02-27 01:22:24,351 - INFO - Waiting for new bar... (last: 2026-02-26 20:20:00-05:00, price: 1.17966)
2026-02-27 01:25:25,091 - INFO - New bar: 2026-02-26 20:25:00-05:00 | O=1.17962 H=1.17962 L=1.17951 C=1.17952
2026-02-27 01:27:25,610 - INFO - Waiting for new bar... (last: 2026-02-26 20:25:00-05:00, price: 1.17956)
2026-02-27 01:30:26,317 - INFO - New bar: 2026-02-26 20:30:00-05:00 | O=1.17959 H=1.17962 L=1.17954 C=1.17956
2026-02-27 01:32:26,777 - INFO - Waiting for new bar... (last: 2026-02-26 20:30:00-05:00, price: 1.17967)
2026-02-27 01:35:27,507 - INFO - New bar: 2026-02-26 20:35:00-05:00 | O=1.17993 H=1.17998 L=1.17986 C=1.17998
2026-02-27 01:37:28,024 - INFO - Waiting for new bar... (last: 2026-02-26 20:35:00-05:00, price: 1.17999)
2026-02-27 01:40:28,748 - INFO - New bar: 2026-02-26 20:40:00-05:00 | O=1.17993 H=1.17993 L=1.17989 C=1.17989
2026-02-27 01:42:29,203 - INFO - Waiting for new bar... (last: 2026-02-26 20:40:00-05:00, price: 1.17976)
2026-02-27 01:45:29,895 - INFO - New bar: 2026-02-26 20:45:00-05:00 | O=1.17968 H=1.17972 L=1.17963 C=1.17968
2026-02-27 01:47:30,373 - INFO - Waiting for new bar... (last: 2026-02-26 20:45:00-05:00, price: 1.17951)
2026-02-27 01:50:31,090 - INFO - New bar: 2026-02-26 20:50:00-05:00 | O=1.17952 H=1.17959 L=1.17951 C=1.17955
2026-02-27 01:52:31,626 - INFO - Waiting for new bar... (last: 2026-02-26 20:50:00-05:00, price: 1.17938)
2026-02-27 01:55:32,324 - INFO - New bar: 2026-02-26 20:55:00-05:00 | O=1.17926 H=1.17928 L=1.17921 C=1.17928
2026-02-27 01:57:32,816 - INFO - Waiting for new bar... (last: 2026-02-26 20:55:00-05:00, price: 1.17906)
2026-02-27 02:00:33,537 - INFO - New bar: 2026-02-26 21:00:00-05:00 | O=1.17901 H=1.17918 L=1.17901 C=1.17914
2026-02-27 02:02:34,014 - INFO - Waiting for new bar... (last: 2026-02-26 21:00:00-05:00, price: 1.17938)
2026-02-27 02:05:34,757 - INFO - New bar: 2026-02-26 21:05:00-05:00 | O=1.17928 H=1.17934 L=1.17927 C=1.17933
2026-02-27 02:07:35,223 - INFO - Waiting for new bar... (last: 2026-02-26 21:05:00-05:00, price: 1.17945)
2026-02-27 02:10:35,950 - INFO - New bar: 2026-02-26 21:10:00-05:00 | O=1.17942 H=1.17945 L=1.17941 C=1.17942
2026-02-27 02:12:36,427 - INFO - Waiting for new bar... (last: 2026-02-26 21:10:00-05:00, price: 1.17955)
2026-02-27 02:15:37,158 - INFO - New bar: 2026-02-26 21:15:00-05:00 | O=1.17958 H=1.17965 L=1.17958 C=1.17963
2026-02-27 02:17:37,787 - INFO - Waiting for new bar... (last: 2026-02-26 21:15:00-05:00, price: 1.17978)
2026-02-27 02:20:38,527 - INFO - New bar: 2026-02-26 21:20:00-05:00 | O=1.17959 H=1.17964 L=1.17959 C=1.17964
2026-02-27 02:22:39,019 - INFO - Waiting for new bar... (last: 2026-02-26 21:20:00-05:00, price: 1.17963)
2026-02-27 02:25:39,740 - INFO - New bar: 2026-02-26 21:25:00-05:00 | O=1.17949 H=1.17952 L=1.17945 C=1.17945
2026-02-27 02:27:40,224 - INFO - Waiting for new bar... (last: 2026-02-26 21:25:00-05:00, price: 1.17947)
2026-02-27 02:30:40,951 - INFO - New bar: 2026-02-26 21:30:00-05:00 | O=1.17958 H=1.17966 L=1.17956 C=1.17962
2026-02-27 02:32:41,435 - INFO - Waiting for new bar... (last: 2026-02-26 21:30:00-05:00, price: 1.17967)
2026-02-27 02:35:42,122 - INFO - New bar: 2026-02-26 21:35:00-05:00 | O=1.17982 H=1.17982 L=1.17973 C=1.17975
2026-02-27 02:37:42,549 - INFO - Waiting for new bar... (last: 2026-02-26 21:35:00-05:00, price: 1.17968)
2026-02-27 02:40:43,252 - INFO - New bar: 2026-02-26 21:40:00-05:00 | O=1.17963 H=1.17965 L=1.17959 C=1.17961
2026-02-27 02:42:43,749 - INFO - Waiting for new bar... (last: 2026-02-26 21:40:00-05:00, price: 1.17963)
2026-02-27 02:45:44,447 - INFO - New bar: 2026-02-26 21:45:00-05:00 | O=1.17969 H=1.17969 L=1.17964 C=1.17965
2026-02-27 02:47:44,946 - INFO - Waiting for new bar... (last: 2026-02-26 21:45:00-05:00, price: 1.17973)
2026-02-27 02:50:45,936 - INFO - New bar: 2026-02-26 21:50:00-05:00 | O=1.17987 H=1.17989 L=1.17982 C=1.17986
2026-02-27 02:52:46,420 - INFO - Waiting for new bar... (last: 2026-02-26 21:50:00-05:00, price: 1.17985)
2026-02-27 02:55:47,189 - INFO - New bar: 2026-02-26 21:55:00-05:00 | O=1.17988 H=1.17989 L=1.17986 C=1.17987
2026-02-27 02:57:47,680 - INFO - Waiting for new bar... (last: 2026-02-26 21:55:00-05:00, price: 1.18009)
2026-02-27 03:00:48,438 - INFO - New bar: 2026-02-26 22:00:00-05:00 | O=1.18006 H=1.18012 L=1.18005 C=1.18012
2026-02-27 03:02:48,921 - INFO - Waiting for new bar... (last: 2026-02-26 22:00:00-05:00, price: 1.18009)
2026-02-27 03:05:49,688 - INFO - New bar: 2026-02-26 22:05:00-05:00 | O=1.18009 H=1.18015 L=1.18009 C=1.18014
2026-02-27 03:07:50,172 - INFO - Waiting for new bar... (last: 2026-02-26 22:05:00-05:00, price: 1.18009)
2026-02-27 03:10:50,984 - INFO - New bar: 2026-02-26 22:10:00-05:00 | O=1.18005 H=1.18012 L=1.18003 C=1.18010
2026-02-27 03:12:51,483 - INFO - Waiting for new bar... (last: 2026-02-26 22:10:00-05:00, price: 1.18008)
2026-02-27 03:15:52,120 - INFO - New bar: 2026-02-26 22:15:00-05:00 | O=1.18012 H=1.18022 L=1.18012 C=1.18020
2026-02-27 03:17:52,538 - INFO - Waiting for new bar... (last: 2026-02-26 22:15:00-05:00, price: 1.18014)
2026-02-27 03:20:53,238 - INFO - New bar: 2026-02-26 22:20:00-05:00 | O=1.18026 H=1.18026 L=1.18020 C=1.18022
2026-02-27 03:22:53,693 - INFO - Waiting for new bar... (last: 2026-02-26 22:20:00-05:00, price: 1.18033)
2026-02-27 03:26:01,074 - INFO - New bar: 2026-02-26 22:25:00-05:00 | O=1.18043 H=1.18048 L=1.18043 C=1.18044
2026-02-27 03:28:01,592 - INFO - Waiting for new bar... (last: 2026-02-26 22:25:00-05:00, price: 1.18043)
2026-02-27 03:31:02,321 - INFO - New bar: 2026-02-26 22:30:00-05:00 | O=1.18053 H=1.18053 L=1.18047 C=1.18053
2026-02-27 03:31:02,329 - INFO - BUY Signal: SMA 1.17995 crossed above 1.17991, RSI 68.3, Momentum 0.000930
2026-02-27 03:31:02,334 - INFO - Checking EUR balance...
2026-02-27 03:31:02,601 - INFO - EUR balance: 1,002,208.14 EUR
2026-02-27 03:31:02,602 - INFO - Required minimum: 20,000.00 EUR
2026-02-27 03:31:02,602 - INFO - Status: Sufficient
2026-02-27 03:31:02,602 - INFO - placeOrder: New order Trade(contract=Forex('EURUSD', conId=12087792, exchange='IDEALPRO', localSymbol='EUR.USD', tradingClass='EUR.USD'), order=MarketOrder(orderId=7819, clientId=753, action='BUY', totalQuantity=20000, tif='GTC'), orderStatus=OrderStatus(orderId=7819, status='PendingSubmit', filled=0.0, remaining=0.0, avgFillPrice=0.0, permId=0, parentId=0, lastFillPrice=0.0, clientId=0, whyHeld='', mktCapPrice=0.0), fills=[], log=[TradeLogEntry(time=datetime.datetime(2026, 2, 27, 3, 31, 2, 602384, tzinfo=datetime.timezone.utc), status='PendingSubmit', message='', errorCode=0)], advancedError='')
2026-02-27 03:31:03,560 - INFO - orderStatus: Trade(contract=Forex('EURUSD', conId=12087792, exchange='IDEALPRO', localSymbol='EUR.USD', tradingClass='EUR.USD'), order=MarketOrder(orderId=7819, clientId=753, permId=140453080, action='BUY', totalQuantity=20000.0, lmtPrice=0.0, auxPrice=0.0, tif='GTC'), orderStatus=OrderStatus(orderId=7819, status='Inactive', filled=0.0, remaining=20000.0, avgFillPrice=0.0, permId=140453080, parentId=0, lastFillPrice=0.0, clientId=753, whyHeld='', mktCapPrice=0.0), fills=[], log=[TradeLogEntry(time=datetime.datetime(2026, 2, 27, 3, 31, 2, 602384, tzinfo=datetime.timezone.utc), status='PendingSubmit', message='', errorCode=0), TradeLogEntry(time=datetime.datetime(2026, 2, 27, 3, 31, 3, 559579, tzinfo=datetime.timezone.utc), status='Inactive', message='', errorCode=0)], advancedError='')
2026-02-27 03:31:03,586 - ERROR - Error 201, reqId 7819: Order rejected - reason:FX trade would expose account to currency leverage.
2026-02-27 03:31:03,604 - ERROR - Order not filled within 30s. Status: Inactive. NOT updating position state.
2026-02-27 03:33:04,231 - INFO - Waiting for new bar... (last: 2026-02-26 22:30:00-05:00, price: 1.18044)
2026-02-27 03:36:04,901 - INFO - New bar: 2026-02-26 22:35:00-05:00 | O=1.18047 H=1.18049 L=1.18035 C=1.18037
2026-02-27 03:38:05,367 - INFO - Waiting for new bar... (last: 2026-02-26 22:35:00-05:00, price: 1.18033)
2026-02-27 03:40:05,872 - INFO - New bar: 2026-02-26 22:40:00-05:00 | O=1.18036 H=1.18036 L=1.18036 C=1.18036
2026-02-27 03:43:06,538 - INFO - Waiting for new bar... (last: 2026-02-26 22:40:00-05:00, price: 1.18043)
2026-02-27 03:45:06,987 - INFO - New bar: 2026-02-26 22:45:00-05:00 | O=1.18039 H=1.18039 L=1.18039 C=1.18039
2026-02-27 03:48:07,691 - INFO - Waiting for new bar... (last: 2026-02-26 22:45:00-05:00, price: 1.18038)
2026-02-27 03:50:08,157 - INFO - New bar: 2026-02-26 22:50:00-05:00 | O=1.18037 H=1.18037 L=1.18036 C=1.18037
2026-02-27 03:53:08,842 - INFO - Waiting for new bar... (last: 2026-02-26 22:50:00-05:00, price: 1.18048)
2026-02-27 03:55:09,419 - INFO - New bar: 2026-02-26 22:55:00-05:00 | O=1.18040 H=1.18040 L=1.18039 C=1.18039
2026-02-27 03:58:10,123 - INFO - Waiting for new bar... (last: 2026-02-26 22:55:00-05:00, price: 1.18037)
2026-02-27 04:00:10,595 - INFO - New bar: 2026-02-26 23:00:00-05:00 | O=1.18037 H=1.18037 L=1.18036 C=1.18037
2026-02-27 04:03:11,273 - INFO - Waiting for new bar... (last: 2026-02-26 23:00:00-05:00, price: 1.18038)
2026-02-27 04:05:11,748 - INFO - New bar: 2026-02-26 23:05:00-05:00 | O=1.18038 H=1.18038 L=1.18034 C=1.18034
2026-02-27 04:08:12,453 - INFO - Waiting for new bar... (last: 2026-02-26 23:05:00-05:00, price: 1.18043)
2026-02-27 04:10:12,955 - INFO - New bar: 2026-02-26 23:10:00-05:00 | O=1.18033 H=1.18042 L=1.18033 C=1.18041
2026-02-27 04:13:13,675 - INFO - Waiting for new bar... (last: 2026-02-26 23:10:00-05:00, price: 1.18053)
2026-02-27 04:15:14,101 - INFO - New bar: 2026-02-26 23:15:00-05:00 | O=1.18054 H=1.18059 L=1.18053 C=1.18058
2026-02-27 04:18:14,790 - INFO - Waiting for new bar... (last: 2026-02-26 23:15:00-05:00, price: 1.18050)
2026-02-27 04:20:15,260 - INFO - New bar: 2026-02-26 23:20:00-05:00 | O=1.18037 H=1.18037 L=1.18032 C=1.18034
2026-02-27 04:23:15,994 - INFO - Waiting for new bar... (last: 2026-02-26 23:20:00-05:00, price: 1.18058)
2026-02-27 04:25:16,492 - INFO - New bar: 2026-02-26 23:25:00-05:00 | O=1.18077 H=1.18079 L=1.18077 C=1.18078
2026-02-27 04:28:17,174 - INFO - Waiting for new bar... (last: 2026-02-26 23:25:00-05:00, price: 1.18077)
2026-02-27 04:30:17,596 - INFO - New bar: 2026-02-26 23:30:00-05:00 | O=1.18087 H=1.18088 L=1.18087 C=1.18088
2026-02-27 04:30:35,956 - INFO - Warning 2157, reqId -1: Sec-def data farm connection is broken:secdefnj
2026-02-27 04:30:36,736 - INFO - Warning 2158, reqId -1: Sec-def data farm connection is OK:secdefnj
2026-02-27 04:33:18,250 - INFO - Waiting for new bar... (last: 2026-02-26 23:30:00-05:00, price: 1.18087)
2026-02-27 04:35:18,691 - INFO - New bar: 2026-02-26 23:35:00-05:00 | O=1.18098 H=1.18100 L=1.18098 C=1.18099
2026-02-27 04:38:19,397 - INFO - Waiting for new bar... (last: 2026-02-26 23:35:00-05:00, price: 1.18119)
2026-02-27 04:40:19,889 - INFO - New bar: 2026-02-26 23:40:00-05:00 | O=1.18124 H=1.18131 L=1.18124 C=1.18128
2026-02-27 04:43:20,593 - INFO - Waiting for new bar... (last: 2026-02-26 23:40:00-05:00, price: 1.18128)
2026-02-27 04:45:21,065 - INFO - New bar: 2026-02-26 23:45:00-05:00 | O=1.18122 H=1.18122 L=1.18114 C=1.18114
2026-02-27 04:48:21,836 - INFO - Waiting for new bar... (last: 2026-02-26 23:45:00-05:00, price: 1.18118)
2026-02-27 04:50:22,381 - INFO - New bar: 2026-02-26 23:50:00-05:00 | O=1.18118 H=1.18125 L=1.18118 C=1.18124
2026-02-27 04:53:23,087 - INFO - Waiting for new bar... (last: 2026-02-26 23:50:00-05:00, price: 1.18118)
2026-02-27 04:55:23,558 - INFO - New bar: 2026-02-26 23:55:00-05:00 | O=1.18108 H=1.18111 L=1.18106 C=1.18111
2026-02-27 04:58:24,268 - INFO - Waiting for new bar... (last: 2026-02-26 23:55:00-05:00, price: 1.18104)
2026-02-27 05:00:27,207 - INFO - New bar: 2026-02-27 00:00:00-05:00 | O=1.18111 H=1.18114 L=1.18109 C=1.18112
2026-02-27 05:03:35,364 - INFO - Waiting for new bar... (last: 2026-02-27 00:00:00-05:00, price: 1.18106)
2026-02-27 05:04:06,103 - INFO - Warning 2105, reqId -1: HMDS data farm connection is broken:cashhmds
2026-02-27 05:04:06,766 - INFO - Warning 2106, reqId -1: HMDS data farm connection is OK:cashhmds
2026-02-27 05:04:51,114 - INFO - Warning 2105, reqId -1: HMDS data farm connection is broken:ushmds
2026-02-27 05:04:51,741 - INFO - Warning 2106, reqId -1: HMDS data farm connection is OK:ushmds
2026-02-27 05:05:35,823 - INFO - New bar: 2026-02-27 00:05:00-05:00 | O=1.18090 H=1.18098 L=1.18087 C=1.18097
2026-02-27 05:08:49,742 - INFO - Waiting for new bar... (last: 2026-02-27 00:05:00-05:00, price: 1.18084)
2026-02-27 05:10:50,247 - INFO - New bar: 2026-02-27 00:10:00-05:00 | O=1.18087 H=1.18088 L=1.18087 C=1.18088
2026-02-27 05:13:50,979 - INFO - Waiting for new bar... (last: 2026-02-27 00:10:00-05:00, price: 1.18097)
2026-02-27 05:15:51,452 - INFO - New bar: 2026-02-27 00:15:00-05:00 | O=1.18098 H=1.18100 L=1.18088 C=1.18093
2026-02-27 05:18:52,204 - INFO - Waiting for new bar... (last: 2026-02-27 00:15:00-05:00, price: 1.18088)
2026-02-27 05:20:52,639 - INFO - New bar: 2026-02-27 00:20:00-05:00 | O=1.18084 H=1.18088 L=1.18083 C=1.18086
2026-02-27 05:22:54,635 - INFO - Warning 2103, reqId -1: Market data farm connection is broken:usfarm
2026-02-27 05:22:56,257 - INFO - Warning 2104, reqId -1: Market data farm connection is OK:usfarm
2026-02-27 05:23:53,382 - INFO - Waiting for new bar... (last: 2026-02-27 00:20:00-05:00, price: 1.18091)
2026-02-27 05:25:53,961 - INFO - New bar: 2026-02-27 00:25:00-05:00 | O=1.18095 H=1.18104 L=1.18094 C=1.18104
2026-02-27 05:28:54,728 - INFO - Waiting for new bar... (last: 2026-02-27 00:25:00-05:00, price: 1.18114)
2026-02-27 05:30:55,218 - INFO - New bar: 2026-02-27 00:30:00-05:00 | O=1.18114 H=1.18115 L=1.18105 C=1.18113
2026-02-27 05:33:55,970 - INFO - Waiting for new bar... (last: 2026-02-27 00:30:00-05:00, price: 1.18104)
2026-02-27 05:35:56,411 - INFO - New bar: 2026-02-27 00:35:00-05:00 | O=1.18104 H=1.18104 L=1.18083 C=1.18096
2026-02-27 05:36:05,884 - ERROR - Error 1100, reqId -1: Connectivity between IBKR and Trader Workstation has been lost.
2026-02-27 05:36:06,519 - ERROR - Error 1100, reqId -1: Connectivity between IBKR and Trader Workstation has been lost.
2026-02-27 05:36:12,595 - ERROR - Error 1100, reqId -1: Connectivity between IBKR and Trader Workstation has been lost.
2026-02-27 05:36:20,533 - ERROR - Error 1100, reqId -1: Connectivity between IBKR and Trader Workstation has been lost.
2026-02-27 05:36:23,315 - ERROR - Error 1100, reqId -1: Connectivity between IBKR and Trader Workstation has been lost.
2026-02-27 05:36:26,458 - ERROR - Error 1100, reqId -1: Connectivity between IBKR and Trader Workstation has been lost.
2026-02-27 05:36:34,227 - ERROR - Error 1100, reqId -1: Connectivity between IBKR and Trader Workstation has been lost.
2026-02-27 05:36:47,388 - ERROR - Error 1100, reqId -1: Connectivity between IBKR and Trader Workstation has been lost.
2026-02-27 05:36:57,070 - ERROR - Error 1100, reqId -1: Connectivity between IBKR and Trader Workstation has been lost.
2026-02-27 05:37:15,543 - ERROR - Error 1100, reqId -1: Connectivity between IBKR and Trader Workstation has been lost.
2026-02-27 05:37:42,894 - ERROR - Error 1100, reqId -1: Connectivity between IBKR and Trader Workstation has been lost.
2026-02-27 05:37:56,433 - WARNING - reqHistoricalData: Timeout for Forex('EURUSD', conId=12087792, exchange='IDEALPRO', localSymbol='EUR.USD', tradingClass='EUR.USD')
2026-02-27 05:37:56,433 - WARNING - No bar data returned
2026-02-27 05:37:56,436 - ERROR - Error 366, reqId 7944: No historical data query found for ticker id:7944, contract: Forex('EURUSD', conId=12087792, exchange='IDEALPRO', localSymbol='EUR.USD', tradingClass='EUR.USD')
2026-02-27 05:38:14,510 - ERROR - Error 1100, reqId -1: Connectivity between IBKR and Trader Workstation has been lost.
2026-02-27 05:38:46,437 - ERROR - Error 1100, reqId -1: Connectivity between IBKR and Trader Workstation has been lost.
2026-02-27 05:39:23,730 - ERROR - Error 1100, reqId -1: Connectivity between IBKR and Trader Workstation has been lost.
2026-02-27 05:39:56,474 - WARNING - reqHistoricalData: Timeout for Forex('EURUSD', conId=12087792, exchange='IDEALPRO', localSymbol='EUR.USD', tradingClass='EUR.USD')
2026-02-27 05:39:56,474 - WARNING - No bar data returned
2026-02-27 05:39:56,476 - ERROR - Error 366, reqId 7945: No historical data query found for ticker id:7945, contract: Forex('EURUSD', conId=12087792, exchange='IDEALPRO', localSymbol='EUR.USD', tradingClass='EUR.USD')
2026-02-27 05:40:02,047 - INFO - position: Position(account='DUM847254', contract=Forex('EURUSD', conId=12087792, localSymbol='EUR.USD', tradingClass='EUR.USD'), position=0.0, avgCost=0.0)
2026-02-27 05:40:02,429 - ERROR - Error handling fields: ['10', '7592', 'EUR', 'CASH', '', '0', '', 'IDEALPRO', 'USD', 'EUR.USD', 'EUR.USD', 'EUR.USD', '12087792', '0.00005', '', 'ACTIVETIM,AD,ADJUST,ALERT,ALGO,ALLOC,AVGCOST,BASKET,BENCHPX,CASHQTY,COND,CONDORDER,DAY,DEACT,DEACTDIS,DEACTEOD,GAT,GTC,GTD,GTT,HID,IOC,LIT,LMT,MIT,MKT,NONALGO,OCA,REL,RELPCTOFS,SCALE,SCALERST,STP,STPLMT,TRAIL,TRAILLIT,TRAILLMT,TRAILMIT,WHATIF', 'IDEALPRO', '1', '0', 'European Monetary Union Euro', '', '', '', '', '', 'US/Eastern', '20260225:1715-20260226:1700;20260226:1715-20260227:1700;20260228:CLOSED;20260301:1715-20260302:1700;20260302:1715-20260303:1700;20260303:1715-20260304:1700', '20260225:1715-20260226:1700;20260226:1715-20260227:1700;20260228:CLOSED;20260301:1715-20260302:1700;20260302:1715-20260303:1700;20260303:1715-20260304:1700', '', '', '0', '4', '', '', '3188', '', '', '0.01', '0.01', '0.01']
Traceback (most recent call last):
  File "/usr/local/lib/python3.11/site-packages/ib_async/decoder.py", line 181, in interpret
    handler(fields)
  File "/usr/local/lib/python3.11/site-packages/ib_async/decoder.py", line 344, in contractDetails
    self.wrapper.contractDetails(int(reqId), cd)
  File "/usr/local/lib/python3.11/site-packages/ib_async/wrapper.py", line 874, in contractDetails
    self._results[reqId].append(contractDetails)
    ~~~~~~~~~~~~~^^^^^^^
KeyError: 7592
2026-02-27 05:40:02,437 - ERROR - Error 1102, reqId -1: Connectivity between IBKR and Trader Workstation has been restored - data maintained. All data farms are connected: usfarm; cashhmds; ushmds; secdefnj.
2026-02-27 05:40:02,437 - WARNING - Connectivity restored (Error 1102). Scheduling position reconciliation.
2026-02-27 05:40:56,529 - INFO - Running scheduled reconciliation after connectivity restore...
2026-02-27 05:40:56,529 - INFO - Reconciling position state with IB...
2026-02-27 05:40:56,529 - INFO - Position confirmed: FLAT (no open positions)
2026-02-27 05:40:56,529 - INFO - Reconciliation complete. Current state: FLAT
2026-02-27 05:40:56,809 - INFO - New bar: 2026-02-27 00:40:00-05:00 | O=1.18081 H=1.18081 L=1.18068 C=1.18068
2026-02-27 05:45:58,121 - INFO - New bar: 2026-02-27 00:45:00-05:00 | O=1.18071 H=1.18077 L=1.18071 C=1.18073
2026-02-27 05:45:58,123 - INFO - Status: Price=1.18073, Position=FLAT, Bars=120, P&L=EUR -6.84, Remaining=25.6h
2026-02-27 05:50:59,348 - INFO - New bar: 2026-02-27 00:50:00-05:00 | O=1.18073 H=1.18084 L=1.18071 C=1.18084
2026-02-27 05:56:00,497 - INFO - New bar: 2026-02-27 00:55:00-05:00 | O=1.18101 H=1.18105 L=1.18087 C=1.18088
2026-02-27 05:56:00,498 - INFO - Status: Price=1.18088, Position=FLAT, Bars=120, P&L=EUR -6.84, Remaining=25.4h
2026-02-27 06:01:01,619 - INFO - New bar: 2026-02-27 01:00:00-05:00 | O=1.18086 H=1.18090 L=1.18078 C=1.18083
2026-02-27 06:06:02,836 - INFO - New bar: 2026-02-27 01:05:00-05:00 | O=1.18084 H=1.18094 L=1.18083 C=1.18088
2026-02-27 06:06:02,838 - INFO - Status: Price=1.18088, Position=FLAT, Bars=120, P&L=EUR -6.84, Remaining=25.2h
2026-02-27 06:11:04,023 - INFO - New bar: 2026-02-27 01:10:00-05:00 | O=1.18081 H=1.18095 L=1.18081 C=1.18091
2026-02-27 06:16:05,227 - INFO - New bar: 2026-02-27 01:15:00-05:00 | O=1.18107 H=1.18111 L=1.18104 C=1.18105
2026-02-27 06:16:05,229 - INFO - Status: Price=1.18105, Position=FLAT, Bars=120, P&L=EUR -6.84, Remaining=25.1h
2026-02-27 06:21:06,432 - INFO - New bar: 2026-02-27 01:20:00-05:00 | O=1.18079 H=1.18081 L=1.18074 C=1.18077
2026-02-27 06:25:07,558 - INFO - New bar: 2026-02-27 01:25:00-05:00 | O=1.18064 H=1.18066 L=1.18060 C=1.18064
2026-02-27 06:26:07,811 - INFO - Waiting for new bar... (last: 2026-02-27 01:25:00-05:00, price: 1.18053)
2026-02-27 06:30:08,758 - INFO - New bar: 2026-02-27 01:30:00-05:00 | O=1.18051 H=1.18054 L=1.18051 C=1.18053
2026-02-27 06:31:08,971 - INFO - Waiting for new bar... (last: 2026-02-27 01:30:00-05:00, price: 1.18057)
2026-02-27 06:35:09,915 - INFO - New bar: 2026-02-27 01:35:00-05:00 | O=1.18043 H=1.18049 L=1.18043 C=1.18043
2026-02-27 06:36:10,168 - INFO - Waiting for new bar... (last: 2026-02-27 01:35:00-05:00, price: 1.18047)
2026-02-27 06:40:11,058 - INFO - New bar: 2026-02-27 01:40:00-05:00 | O=1.18023 H=1.18033 L=1.18023 C=1.18033
2026-02-27 06:41:11,319 - INFO - Waiting for new bar... (last: 2026-02-27 01:40:00-05:00, price: 1.18043)
2026-02-27 06:45:12,232 - INFO - New bar: 2026-02-27 01:45:00-05:00 | O=1.18049 H=1.18056 L=1.18049 C=1.18056
2026-02-27 06:46:12,464 - INFO - Waiting for new bar... (last: 2026-02-27 01:45:00-05:00, price: 1.18058)
2026-02-27 06:50:13,473 - INFO - New bar: 2026-02-27 01:50:00-05:00 | O=1.18057 H=1.18057 L=1.18050 C=1.18051
2026-02-27 06:51:13,782 - INFO - Waiting for new bar... (last: 2026-02-27 01:50:00-05:00, price: 1.18053)
2026-02-27 06:55:14,671 - INFO - New bar: 2026-02-27 01:55:00-05:00 | O=1.18047 H=1.18047 L=1.18043 C=1.18043
2026-02-27 06:56:14,913 - INFO - Waiting for new bar... (last: 2026-02-27 01:55:00-05:00, price: 1.18040)
2026-02-27 07:00:15,847 - INFO - New bar: 2026-02-27 02:00:00-05:00 | O=1.18043 H=1.18043 L=1.18026 C=1.18036
2026-02-27 07:01:16,070 - INFO - Waiting for new bar... (last: 2026-02-27 02:00:00-05:00, price: 1.18029)
2026-02-27 07:05:17,050 - INFO - New bar: 2026-02-27 02:05:00-05:00 | O=1.18026 H=1.18030 L=1.18024 C=1.18026
2026-02-27 07:06:17,290 - INFO - Waiting for new bar... (last: 2026-02-27 02:05:00-05:00, price: 1.18034)
2026-02-27 07:10:18,328 - INFO - New bar: 2026-02-27 02:10:00-05:00 | O=1.18009 H=1.18014 L=1.18009 C=1.18013
2026-02-27 07:11:18,555 - INFO - Waiting for new bar... (last: 2026-02-27 02:10:00-05:00, price: 1.17997)
2026-02-27 07:15:19,500 - INFO - New bar: 2026-02-27 02:15:00-05:00 | O=1.17987 H=1.17988 L=1.17982 C=1.17982
2026-02-27 07:16:19,735 - INFO - Waiting for new bar... (last: 2026-02-27 02:15:00-05:00, price: 1.17981)
2026-02-27 07:20:20,683 - INFO - New bar: 2026-02-27 02:20:00-05:00 | O=1.17997 H=1.18003 L=1.17997 C=1.18003
2026-02-27 07:21:20,942 - INFO - Waiting for new bar... (last: 2026-02-27 02:20:00-05:00, price: 1.18013)
2026-02-27 07:25:21,806 - INFO - New bar: 2026-02-27 02:25:00-05:00 | O=1.18027 H=1.18032 L=1.18023 C=1.18032
2026-02-27 07:26:22,061 - INFO - Waiting for new bar... (last: 2026-02-27 02:25:00-05:00, price: 1.18049)
2026-02-27 07:30:23,000 - INFO - New bar: 2026-02-27 02:30:00-05:00 | O=1.18033 H=1.18042 L=1.18033 C=1.18039
2026-02-27 07:31:23,204 - INFO - Waiting for new bar... (last: 2026-02-27 02:30:00-05:00, price: 1.18037)
2026-02-27 07:35:24,139 - INFO - New bar: 2026-02-27 02:35:00-05:00 | O=1.18057 H=1.18060 L=1.18057 C=1.18058
2026-02-27 07:36:24,373 - INFO - Waiting for new bar... (last: 2026-02-27 02:35:00-05:00, price: 1.18052)
2026-02-27 07:40:25,262 - INFO - New bar: 2026-02-27 02:40:00-05:00 | O=1.18064 H=1.18069 L=1.18059 C=1.18064
2026-02-27 07:41:25,522 - INFO - Waiting for new bar... (last: 2026-02-27 02:40:00-05:00, price: 1.18078)
2026-02-27 07:45:26,414 - INFO - New bar: 2026-02-27 02:45:00-05:00 | O=1.18118 H=1.18192 L=1.18118 C=1.18186
2026-02-27 07:46:26,626 - INFO - Waiting for new bar... (last: 2026-02-27 02:45:00-05:00, price: 1.18152)
2026-02-27 07:50:27,521 - INFO - New bar: 2026-02-27 02:50:00-05:00 | O=1.18158 H=1.18177 L=1.18158 C=1.18163
2026-02-27 07:50:27,528 - INFO - BUY Signal: SMA 1.18052 crossed above 1.18048, RSI 67.3, Momentum 0.001275
2026-02-27 07:50:27,530 - INFO - Checking EUR balance...
2026-02-27 07:50:27,530 - INFO - EUR balance: 1,002,208.13 EUR
2026-02-27 07:50:27,530 - INFO - Required minimum: 20,000.00 EUR
2026-02-27 07:50:27,530 - INFO - Status: Sufficient
2026-02-27 07:50:27,531 - INFO - placeOrder: New order Trade(contract=Forex('EURUSD', conId=12087792, exchange='IDEALPRO', localSymbol='EUR.USD', tradingClass='EUR.USD'), order=MarketOrder(orderId=8077, clientId=753, action='BUY', totalQuantity=20000, tif='GTC'), orderStatus=OrderStatus(orderId=8077, status='PendingSubmit', filled=0.0, remaining=0.0, avgFillPrice=0.0, permId=0, parentId=0, lastFillPrice=0.0, clientId=0, whyHeld='', mktCapPrice=0.0), fills=[], log=[TradeLogEntry(time=datetime.datetime(2026, 2, 27, 7, 50, 27, 531458, tzinfo=datetime.timezone.utc), status='PendingSubmit', message='', errorCode=0)], advancedError='')
2026-02-27 07:50:27,849 - INFO - orderStatus: Trade(contract=Forex('EURUSD', conId=12087792, exchange='IDEALPRO', localSymbol='EUR.USD', tradingClass='EUR.USD'), order=MarketOrder(orderId=8077, clientId=753, permId=140453081, action='BUY', totalQuantity=20000.0, lmtPrice=0.0, auxPrice=0.0, tif='GTC'), orderStatus=OrderStatus(orderId=8077, status='Inactive', filled=0.0, remaining=20000.0, avgFillPrice=0.0, permId=140453081, parentId=0, lastFillPrice=0.0, clientId=753, whyHeld='', mktCapPrice=0.0), fills=[], log=[TradeLogEntry(time=datetime.datetime(2026, 2, 27, 7, 50, 27, 531458, tzinfo=datetime.timezone.utc), status='PendingSubmit', message='', errorCode=0), TradeLogEntry(time=datetime.datetime(2026, 2, 27, 7, 50, 27, 848569, tzinfo=datetime.timezone.utc), status='Inactive', message='', errorCode=0)], advancedError='')
2026-02-27 07:50:27,892 - ERROR - Error 201, reqId 8077: Order rejected - reason:FX trade would expose account to currency leverage.
2026-02-27 07:50:28,034 - ERROR - Order not filled within 30s. Status: Inactive. NOT updating position state.
2026-02-27 07:51:28,279 - INFO - Waiting for new bar... (last: 2026-02-27 02:50:00-05:00, price: 1.18179)
2026-02-27 07:55:29,220 - INFO - New bar: 2026-02-27 02:55:00-05:00 | O=1.18179 H=1.18185 L=1.18176 C=1.18184
2026-02-27 07:56:29,486 - INFO - Waiting for new bar... (last: 2026-02-27 02:55:00-05:00, price: 1.18188)
2026-02-27 08:00:30,543 - INFO - New bar: 2026-02-27 03:00:00-05:00 | O=1.18154 H=1.18171 L=1.18151 C=1.18164
2026-02-27 08:01:30,779 - INFO - Waiting for new bar... (last: 2026-02-27 03:00:00-05:00, price: 1.18173)
2026-02-27 08:05:31,869 - INFO - New bar: 2026-02-27 03:05:00-05:00 | O=1.18172 H=1.18196 L=1.18166 C=1.18188
2026-02-27 08:06:32,089 - INFO - Waiting for new bar... (last: 2026-02-27 03:05:00-05:00, price: 1.18213)
2026-02-27 08:10:32,967 - INFO - New bar: 2026-02-27 03:10:00-05:00 | O=1.18201 H=1.18202 L=1.18196 C=1.18202
2026-02-27 08:11:33,163 - INFO - Waiting for new bar... (last: 2026-02-27 03:10:00-05:00, price: 1.18189)
2026-02-27 08:15:34,105 - INFO - New bar: 2026-02-27 03:15:00-05:00 | O=1.18142 H=1.18151 L=1.18141 C=1.18148
2026-02-27 08:16:34,350 - INFO - Waiting for new bar... (last: 2026-02-27 03:15:00-05:00, price: 1.18169)
2026-02-27 08:20:35,293 - INFO - New bar: 2026-02-27 03:20:00-05:00 | O=1.18162 H=1.18167 L=1.18162 C=1.18165
2026-02-27 08:21:35,561 - INFO - Waiting for new bar... (last: 2026-02-27 03:20:00-05:00, price: 1.18171)
2026-02-27 08:25:36,550 - INFO - New bar: 2026-02-27 03:25:00-05:00 | O=1.18169 H=1.18189 L=1.18161 C=1.18175
2026-02-27 08:26:36,751 - INFO - Waiting for new bar... (last: 2026-02-27 03:25:00-05:00, price: 1.18168)
2026-02-27 08:30:51,138 - INFO - New bar: 2026-02-27 03:30:00-05:00 | O=1.18149 H=1.18152 L=1.18135 C=1.18144
2026-02-27 08:31:51,364 - INFO - Waiting for new bar... (last: 2026-02-27 03:30:00-05:00, price: 1.18137)
2026-02-27 08:35:52,284 - INFO - New bar: 2026-02-27 03:35:00-05:00 | O=1.18138 H=1.18138 L=1.18131 C=1.18137
2026-02-27 08:36:52,539 - INFO - Waiting for new bar... (last: 2026-02-27 03:35:00-05:00, price: 1.18120)
2026-02-27 08:40:53,510 - INFO - New bar: 2026-02-27 03:40:00-05:00 | O=1.18137 H=1.18139 L=1.18122 C=1.18124
2026-02-27 08:41:53,730 - INFO - Waiting for new bar... (last: 2026-02-27 03:40:00-05:00, price: 1.18118)
2026-02-27 08:45:54,633 - INFO - New bar: 2026-02-27 03:45:00-05:00 | O=1.18126 H=1.18128 L=1.18121 C=1.18122
2026-02-27 08:46:54,905 - INFO - Waiting for new bar... (last: 2026-02-27 03:45:00-05:00, price: 1.18107)
2026-02-27 08:50:55,818 - INFO - New bar: 2026-02-27 03:50:00-05:00 | O=1.18104 H=1.18125 L=1.18102 C=1.18118
2026-02-27 08:51:56,078 - INFO - Waiting for new bar... (last: 2026-02-27 03:50:00-05:00, price: 1.18114)
2026-02-27 08:55:57,005 - INFO - New bar: 2026-02-27 03:55:00-05:00 | O=1.18108 H=1.18111 L=1.18103 C=1.18104
2026-02-27 08:56:57,230 - INFO - Waiting for new bar... (last: 2026-02-27 03:55:00-05:00, price: 1.18113)
2026-02-27 09:00:58,198 - INFO - New bar: 2026-02-27 04:00:00-05:00 | O=1.18096 H=1.18097 L=1.18057 C=1.18091
2026-02-27 09:01:58,427 - INFO - Waiting for new bar... (last: 2026-02-27 04:00:00-05:00, price: 1.18109)
2026-02-27 09:05:59,407 - INFO - New bar: 2026-02-27 04:05:00-05:00 | O=1.18081 H=1.18081 L=1.18061 C=1.18067
2026-02-27 09:06:59,677 - INFO - Waiting for new bar... (last: 2026-02-27 04:05:00-05:00, price: 1.18068)
2026-02-27 09:11:00,554 - INFO - New bar: 2026-02-27 04:10:00-05:00 | O=1.18061 H=1.18064 L=1.18050 C=1.18052
2026-02-27 09:12:00,757 - INFO - Waiting for new bar... (last: 2026-02-27 04:10:00-05:00, price: 1.18067)
2026-02-27 09:16:01,740 - INFO - New bar: 2026-02-27 04:15:00-05:00 | O=1.18041 H=1.18047 L=1.18037 C=1.18043
2026-02-27 09:17:02,010 - INFO - Waiting for new bar... (last: 2026-02-27 04:15:00-05:00, price: 1.18051)
2026-02-27 09:21:02,973 - INFO - New bar: 2026-02-27 04:20:00-05:00 | O=1.18075 H=1.18084 L=1.18071 C=1.18079
2026-02-27 09:22:03,258 - INFO - Waiting for new bar... (last: 2026-02-27 04:20:00-05:00, price: 1.18074)
2026-02-27 09:26:04,186 - INFO - New bar: 2026-02-27 04:25:00-05:00 | O=1.18048 H=1.18050 L=1.18043 C=1.18049
2026-02-27 09:27:04,402 - INFO - Waiting for new bar... (last: 2026-02-27 04:25:00-05:00, price: 1.18058)
2026-02-27 09:31:05,396 - INFO - New bar: 2026-02-27 04:30:00-05:00 | O=1.18073 H=1.18075 L=1.18069 C=1.18072
2026-02-27 09:32:05,645 - INFO - Waiting for new bar... (last: 2026-02-27 04:30:00-05:00, price: 1.18079)
2026-02-27 09:35:06,336 - INFO - New bar: 2026-02-27 04:35:00-05:00 | O=1.18057 H=1.18057 L=1.18057 C=1.18057
2026-02-27 09:37:06,819 - INFO - Waiting for new bar... (last: 2026-02-27 04:35:00-05:00, price: 1.18053)
2026-02-27 09:40:07,564 - INFO - New bar: 2026-02-27 04:40:00-05:00 | O=1.18050 H=1.18051 L=1.18048 C=1.18049
2026-02-27 09:42:08,025 - INFO - Waiting for new bar... (last: 2026-02-27 04:40:00-05:00, price: 1.18034)
2026-02-27 09:45:08,735 - INFO - New bar: 2026-02-27 04:45:00-05:00 | O=1.18036 H=1.18040 L=1.18034 C=1.18034
2026-02-27 09:45:08,744 - INFO - SELL Signal: SMA 1.18080 crossed below 1.18086, RSI 39.4, Momentum -0.000700
2026-02-27 09:45:08,747 - INFO - Checking EUR balance...
2026-02-27 09:45:08,748 - INFO - EUR balance: 1,002,208.14 EUR
2026-02-27 09:45:08,748 - INFO - Required minimum: 20,000.00 EUR
2026-02-27 09:45:08,748 - INFO - Status: Sufficient
2026-02-27 09:45:08,749 - INFO - placeOrder: New order Trade(contract=Forex('EURUSD', conId=12087792, exchange='IDEALPRO', localSymbol='EUR.USD', tradingClass='EUR.USD'), order=MarketOrder(orderId=8192, clientId=753, action='SELL', totalQuantity=20000, tif='GTC'), orderStatus=OrderStatus(orderId=8192, status='PendingSubmit', filled=0.0, remaining=0.0, avgFillPrice=0.0, permId=0, parentId=0, lastFillPrice=0.0, clientId=0, whyHeld='', mktCapPrice=0.0), fills=[], log=[TradeLogEntry(time=datetime.datetime(2026, 2, 27, 9, 45, 8, 749122, tzinfo=datetime.timezone.utc), status='PendingSubmit', message='', errorCode=0)], advancedError='')
2026-02-27 09:45:08,893 - INFO - orderStatus: Trade(contract=Forex('EURUSD', conId=12087792, exchange='IDEALPRO', localSymbol='EUR.USD', tradingClass='EUR.USD'), order=MarketOrder(orderId=8192, clientId=753, permId=140453082, action='SELL', totalQuantity=20000.0, lmtPrice=0.0, auxPrice=0.0, tif='GTC'), orderStatus=OrderStatus(orderId=8192, status='PreSubmitted', filled=0.0, remaining=20000.0, avgFillPrice=0.0, permId=140453082, parentId=0, lastFillPrice=0.0, clientId=753, whyHeld='', mktCapPrice=0.0), fills=[], log=[TradeLogEntry(time=datetime.datetime(2026, 2, 27, 9, 45, 8, 749122, tzinfo=datetime.timezone.utc), status='PendingSubmit', message='', errorCode=0), TradeLogEntry(time=datetime.datetime(2026, 2, 27, 9, 45, 8, 893271, tzinfo=datetime.timezone.utc), status='PreSubmitted', message='', errorCode=0)], advancedError='')
2026-02-27 09:45:08,936 - INFO - position: Position(account='DUM847254', contract=Forex('EURUSD', conId=12087792, localSymbol='EUR.USD', tradingClass='EUR.USD'), position=-20000.0, avgCost=1.18032)
2026-02-27 09:45:08,984 - INFO - execDetails Execution(execId='0000e215.69a0dcc9.01.01', time=datetime.datetime(2026, 2, 27, 9, 45, 8, tzinfo=datetime.timezone.utc), acctNumber='DUM847254', exchange='IDEALPRO', side='SLD', shares=20000.0, price=1.18032, permId=140453082, clientId=753, orderId=8192, liquidation=0, cumQty=20000.0, avgPrice=1.18032, orderRef='', evRule='', evMultiplier=0.0, modelCode='', lastLiquidity=2, pendingPriceRevision=False)
2026-02-27 09:45:08,984 - INFO - execDetails: Fill(contract=Forex('EURUSD', conId=12087792, exchange='IDEALPRO', localSymbol='EUR.USD', tradingClass='EUR.USD'), execution=Execution(execId='0000e215.69a0dcc9.01.01', time=datetime.datetime(2026, 2, 27, 9, 45, 8, tzinfo=datetime.timezone.utc), acctNumber='DUM847254', exchange='IDEALPRO', side='SLD', shares=20000.0, price=1.18032, permId=140453082, clientId=753, orderId=8192, liquidation=0, cumQty=20000.0, avgPrice=1.18032, orderRef='', evRule='', evMultiplier=0.0, modelCode='', lastLiquidity=2, pendingPriceRevision=False), commissionReport=CommissionReport(execId='', commission=0.0, currency='', realizedPNL=0.0, yield_=0.0, yieldRedemptionDate=0), time=datetime.datetime(2026, 2, 27, 9, 45, 8, 983983, tzinfo=datetime.timezone.utc))
2026-02-27 09:45:08,996 - INFO - orderStatus: Trade(contract=Forex('EURUSD', conId=12087792, exchange='IDEALPRO', localSymbol='EUR.USD', tradingClass='EUR.USD'), order=MarketOrder(orderId=8192, clientId=753, permId=140453082, action='SELL', totalQuantity=20000.0, lmtPrice=0.0, auxPrice=0.0, tif='GTC'), orderStatus=OrderStatus(orderId=8192, status='Filled', filled=20000.0, remaining=0.0, avgFillPrice=1.18032, permId=140453082, parentId=0, lastFillPrice=1.18032, clientId=753, whyHeld='', mktCapPrice=0.0), fills=[Fill(contract=Forex('EURUSD', conId=12087792, exchange='IDEALPRO', localSymbol='EUR.USD', tradingClass='EUR.USD'), execution=Execution(execId='0000e215.69a0dcc9.01.01', time=datetime.datetime(2026, 2, 27, 9, 45, 8, tzinfo=datetime.timezone.utc), acctNumber='DUM847254', exchange='IDEALPRO', side='SLD', shares=20000.0, price=1.18032, permId=140453082, clientId=753, orderId=8192, liquidation=0, cumQty=20000.0, avgPrice=1.18032, orderRef='', evRule='', evMultiplier=0.0, modelCode='', lastLiquidity=2, pendingPriceRevision=False), commissionReport=CommissionReport(execId='', commission=0.0, currency='', realizedPNL=0.0, yield_=0.0, yieldRedemptionDate=0), time=datetime.datetime(2026, 2, 27, 9, 45, 8, 983983, tzinfo=datetime.timezone.utc))], log=[TradeLogEntry(time=datetime.datetime(2026, 2, 27, 9, 45, 8, 749122, tzinfo=datetime.timezone.utc), status='PendingSubmit', message='', errorCode=0), TradeLogEntry(time=datetime.datetime(2026, 2, 27, 9, 45, 8, 893271, tzinfo=datetime.timezone.utc), status='PreSubmitted', message='', errorCode=0), TradeLogEntry(time=datetime.datetime(2026, 2, 27, 9, 45, 8, 983983, tzinfo=datetime.timezone.utc), status='PreSubmitted', message='Fill 20000.0@1.18032', errorCode=0), TradeLogEntry(time=datetime.datetime(2026, 2, 27, 9, 45, 8, 995871, tzinfo=datetime.timezone.utc), status='Filled', message='', errorCode=0)], advancedError='')
2026-02-27 09:45:09,026 - INFO - commissionReport: CommissionReport(execId='0000e215.69a0dcc9.01.01', commission=1.69528, currency='EUR', realizedPNL=0.0, yield_=0.0, yieldRedemptionDate=0)
2026-02-27 09:45:09,030 - INFO - position: Position(account='DUM847254', contract=Forex('EURUSD', conId=12087792, localSymbol='EUR.USD', tradingClass='EUR.USD'), position=-20000.0, avgCost=1.1802198462435902)
2026-02-27 09:45:09,252 - INFO - OPENED: SELL 20,000 EUR @ 1.18032 (slippage: 0.2 pips)
2026-02-27 09:45:09,252 - INFO - Entry price recorded: 1.18032
2026-02-27 09:47:09,878 - INFO - Waiting for new bar... (last: 2026-02-27 04:45:00-05:00, price: 1.18043)
2026-02-27 09:50:10,697 - INFO - New bar: 2026-02-27 04:50:00-05:00 | O=1.18014 H=1.18014 L=1.18012 C=1.18013
2026-02-27 09:52:11,166 - INFO - Waiting for new bar... (last: 2026-02-27 04:50:00-05:00, price: 1.18043)
2026-02-27 09:52:47,010 - INFO - Warning 2157, reqId -1: Sec-def data farm connection is broken:secdefnj
2026-02-27 09:52:47,653 - INFO - Warning 2158, reqId -1: Sec-def data farm connection is OK:secdefnj
2026-02-27 09:55:11,839 - INFO - New bar: 2026-02-27 04:55:00-05:00 | O=1.18007 H=1.18008 L=1.18002 C=1.18008
2026-02-27 09:57:12,297 - INFO - Waiting for new bar... (last: 2026-02-27 04:55:00-05:00, price: 1.17952)
2026-02-27 10:00:13,002 - INFO - New bar: 2026-02-27 05:00:00-05:00 | O=1.17952 H=1.17964 L=1.17949 C=1.17964
2026-02-27 10:02:13,500 - INFO - Waiting for new bar... (last: 2026-02-27 05:00:00-05:00, price: 1.17969)
2026-02-27 10:05:14,181 - INFO - New bar: 2026-02-27 05:05:00-05:00 | O=1.17962 H=1.17964 L=1.17961 C=1.17963
2026-02-27 10:07:14,639 - INFO - Waiting for new bar... (last: 2026-02-27 05:05:00-05:00, price: 1.17959)
2026-02-27 10:10:15,320 - INFO - New bar: 2026-02-27 05:10:00-05:00 | O=1.17975 H=1.17975 L=1.17964 C=1.17964
2026-02-27 10:12:15,777 - INFO - Waiting for new bar... (last: 2026-02-27 05:10:00-05:00, price: 1.17954)
2026-02-27 10:15:16,410 - INFO - New bar: 2026-02-27 05:15:00-05:00 | O=1.17969 H=1.17975 L=1.17962 C=1.17975
2026-02-27 10:17:16,946 - INFO - Waiting for new bar... (last: 2026-02-27 05:15:00-05:00, price: 1.17985)
2026-02-27 10:20:17,623 - INFO - New bar: 2026-02-27 05:20:00-05:00 | O=1.18005 H=1.18010 L=1.18005 C=1.18010
2026-02-27 10:22:18,073 - INFO - Waiting for new bar... (last: 2026-02-27 05:20:00-05:00, price: 1.17999)
2026-02-27 10:25:18,752 - INFO - New bar: 2026-02-27 05:25:00-05:00 | O=1.18014 H=1.18022 L=1.18014 C=1.18022
2026-02-27 10:27:19,210 - INFO - Waiting for new bar... (last: 2026-02-27 05:25:00-05:00, price: 1.18030)
2026-02-27 10:30:20,072 - INFO - New bar: 2026-02-27 05:30:00-05:00 | O=1.18030 H=1.18036 L=1.18030 C=1.18036
2026-02-27 10:32:20,579 - INFO - Waiting for new bar... (last: 2026-02-27 05:30:00-05:00, price: 1.18029)
2026-02-27 10:35:21,317 - INFO - New bar: 2026-02-27 05:35:00-05:00 | O=1.18013 H=1.18014 L=1.18003 C=1.18005
2026-02-27 10:37:21,727 - INFO - Waiting for new bar... (last: 2026-02-27 05:35:00-05:00, price: 1.18019)
2026-02-27 10:40:22,414 - INFO - New bar: 2026-02-27 05:40:00-05:00 | O=1.18026 H=1.18028 L=1.18023 C=1.18025
2026-02-27 10:42:22,874 - INFO - Waiting for new bar... (last: 2026-02-27 05:40:00-05:00, price: 1.18011)
2026-02-27 10:45:23,565 - INFO - New bar: 2026-02-27 05:45:00-05:00 | O=1.18024 H=1.18029 L=1.18023 C=1.18025
2026-02-27 10:47:24,010 - INFO - Waiting for new bar... (last: 2026-02-27 05:45:00-05:00, price: 1.18012)
2026-02-27 10:50:24,683 - INFO - New bar: 2026-02-27 05:50:00-05:00 | O=1.18009 H=1.18009 L=1.18006 C=1.18006
2026-02-27 10:52:25,151 - INFO - Waiting for new bar... (last: 2026-02-27 05:50:00-05:00, price: 1.17999)
2026-02-27 10:55:25,828 - INFO - New bar: 2026-02-27 05:55:00-05:00 | O=1.17982 H=1.17999 L=1.17982 C=1.17999
2026-02-27 10:57:26,265 - INFO - Waiting for new bar... (last: 2026-02-27 05:55:00-05:00, price: 1.17988)
2026-02-27 11:00:26,944 - INFO - New bar: 2026-02-27 06:00:00-05:00 | O=1.17989 H=1.17989 L=1.17983 C=1.17984
2026-02-27 11:02:27,418 - INFO - Waiting for new bar... (last: 2026-02-27 06:00:00-05:00, price: 1.17980)
2026-02-27 11:05:28,139 - INFO - New bar: 2026-02-27 06:05:00-05:00 | O=1.17963 H=1.17968 L=1.17962 C=1.17964
2026-02-27 11:07:28,595 - INFO - Waiting for new bar... (last: 2026-02-27 06:05:00-05:00, price: 1.17982)
2026-02-27 11:10:29,280 - INFO - New bar: 2026-02-27 06:10:00-05:00 | O=1.18013 H=1.18019 L=1.18008 C=1.18018
2026-02-27 11:12:29,742 - INFO - Waiting for new bar... (last: 2026-02-27 06:10:00-05:00, price: 1.18018)
2026-02-27 11:15:30,511 - INFO - New bar: 2026-02-27 06:15:00-05:00 | O=1.18020 H=1.18020 L=1.18015 C=1.18019
2026-02-27 11:17:31,021 - INFO - Waiting for new bar... (last: 2026-02-27 06:15:00-05:00, price: 1.18034)
2026-02-27 11:20:31,723 - INFO - New bar: 2026-02-27 06:20:00-05:00 | O=1.18020 H=1.18028 L=1.18018 C=1.18028
2026-02-27 11:22:32,211 - INFO - Waiting for new bar... (last: 2026-02-27 06:20:00-05:00, price: 1.18019)
2026-02-27 11:25:32,899 - INFO - New bar: 2026-02-27 06:25:00-05:00 | O=1.18018 H=1.18018 L=1.18007 C=1.18008
2026-02-27 11:27:33,371 - INFO - Waiting for new bar... (last: 2026-02-27 06:25:00-05:00, price: 1.18019)
2026-02-27 11:30:34,036 - INFO - New bar: 2026-02-27 06:30:00-05:00 | O=1.18033 H=1.18033 L=1.18027 C=1.18030
2026-02-27 11:32:34,549 - INFO - Waiting for new bar... (last: 2026-02-27 06:30:00-05:00, price: 1.18034)
2026-02-27 11:33:01,954 - INFO - Warning 2105, reqId -1: HMDS data farm connection is broken:ushmds
2026-02-27 11:33:02,632 - INFO - Warning 2106, reqId -1: HMDS data farm connection is OK:ushmds
2026-02-27 11:35:35,240 - INFO - New bar: 2026-02-27 06:35:00-05:00 | O=1.18023 H=1.18029 L=1.18022 C=1.18023
2026-02-27 11:37:35,681 - INFO - Waiting for new bar... (last: 2026-02-27 06:35:00-05:00, price: 1.18003)
2026-02-27 11:40:36,388 - INFO - New bar: 2026-02-27 06:40:00-05:00 | O=1.18009 H=1.18013 L=1.18009 C=1.18013
2026-02-27 11:42:36,854 - INFO - Waiting for new bar... (last: 2026-02-27 06:40:00-05:00, price: 1.17996)
2026-02-27 11:45:37,595 - INFO - New bar: 2026-02-27 06:45:00-05:00 | O=1.17988 H=1.17990 L=1.17982 C=1.17982
2026-02-27 11:47:38,097 - INFO - Waiting for new bar... (last: 2026-02-27 06:45:00-05:00, price: 1.17993)
2026-02-27 11:50:38,803 - INFO - New bar: 2026-02-27 06:50:00-05:00 | O=1.18009 H=1.18026 L=1.18008 C=1.18026
2026-02-27 11:52:39,270 - INFO - Waiting for new bar... (last: 2026-02-27 06:50:00-05:00, price: 1.18013)
2026-02-27 11:55:39,981 - INFO - New bar: 2026-02-27 06:55:00-05:00 | O=1.18020 H=1.18026 L=1.18017 C=1.18023
2026-02-27 11:57:40,460 - INFO - Waiting for new bar... (last: 2026-02-27 06:55:00-05:00, price: 1.18016)
2026-02-27 12:00:41,169 - INFO - New bar: 2026-02-27 07:00:00-05:00 | O=1.18003 H=1.18013 L=1.18002 C=1.18013
2026-02-27 12:02:41,650 - INFO - Waiting for new bar... (last: 2026-02-27 07:00:00-05:00, price: 1.18032)
2026-02-27 12:05:42,363 - INFO - New bar: 2026-02-27 07:05:00-05:00 | O=1.18027 H=1.18041 L=1.18024 C=1.18024
2026-02-27 12:07:42,818 - INFO - Waiting for new bar... (last: 2026-02-27 07:05:00-05:00, price: 1.18033)
2026-02-27 12:10:43,521 - INFO - New bar: 2026-02-27 07:10:00-05:00 | O=1.18047 H=1.18047 L=1.18043 C=1.18043
2026-02-27 12:12:43,972 - INFO - Waiting for new bar... (last: 2026-02-27 07:10:00-05:00, price: 1.18043)
2026-02-27 12:15:44,708 - INFO - New bar: 2026-02-27 07:15:00-05:00 | O=1.18053 H=1.18061 L=1.18050 C=1.18058
2026-02-27 12:17:45,225 - INFO - Waiting for new bar... (last: 2026-02-27 07:15:00-05:00, price: 1.18057)
2026-02-27 12:20:45,909 - INFO - New bar: 2026-02-27 07:20:00-05:00 | O=1.18057 H=1.18075 L=1.18057 C=1.18074
2026-02-27 12:22:46,380 - INFO - Waiting for new bar... (last: 2026-02-27 07:20:00-05:00, price: 1.18074)
2026-02-27 12:25:47,102 - INFO - New bar: 2026-02-27 07:25:00-05:00 | O=1.18073 H=1.18077 L=1.18061 C=1.18061
2026-02-27 12:27:47,590 - INFO - Waiting for new bar... (last: 2026-02-27 07:25:00-05:00, price: 1.18043)
2026-02-27 12:30:48,283 - INFO - New bar: 2026-02-27 07:30:00-05:00 | O=1.18064 H=1.18071 L=1.18061 C=1.18063
2026-02-27 12:32:48,784 - INFO - Waiting for new bar... (last: 2026-02-27 07:30:00-05:00, price: 1.18047)
2026-02-27 12:35:49,491 - INFO - New bar: 2026-02-27 07:35:00-05:00 | O=1.18074 H=1.18081 L=1.18073 C=1.18078
2026-02-27 12:37:49,959 - INFO - Waiting for new bar... (last: 2026-02-27 07:35:00-05:00, price: 1.18069)
2026-02-27 12:40:50,717 - INFO - New bar: 2026-02-27 07:40:00-05:00 | O=1.18066 H=1.18066 L=1.18063 C=1.18064
2026-02-27 12:42:51,218 - INFO - Waiting for new bar... (last: 2026-02-27 07:40:00-05:00, price: 1.18074)
2026-02-27 12:45:51,908 - INFO - New bar: 2026-02-27 07:45:00-05:00 | O=1.18029 H=1.18032 L=1.18020 C=1.18023
2026-02-27 12:47:52,450 - INFO - Waiting for new bar... (last: 2026-02-27 07:45:00-05:00, price: 1.17999)
2026-02-27 12:50:53,250 - INFO - New bar: 2026-02-27 07:50:00-05:00 | O=1.18007 H=1.18016 L=1.18005 C=1.18010
2026-02-27 12:52:53,750 - INFO - Waiting for new bar... (last: 2026-02-27 07:50:00-05:00, price: 1.18015)
2026-02-27 12:55:54,450 - INFO - New bar: 2026-02-27 07:55:00-05:00 | O=1.18027 H=1.18027 L=1.18016 C=1.18026
2026-02-27 12:57:54,958 - INFO - Waiting for new bar... (last: 2026-02-27 07:55:00-05:00, price: 1.18023)
2026-02-27 13:00:55,707 - INFO - New bar: 2026-02-27 08:00:00-05:00 | O=1.18024 H=1.18030 L=1.18013 C=1.18030
2026-02-27 13:02:56,214 - INFO - Waiting for new bar... (last: 2026-02-27 08:00:00-05:00, price: 1.17999)
2026-02-27 13:05:56,935 - INFO - New bar: 2026-02-27 08:05:00-05:00 | O=1.18018 H=1.18022 L=1.17999 C=1.17999
2026-02-27 13:07:57,429 - INFO - Waiting for new bar... (last: 2026-02-27 08:05:00-05:00, price: 1.18058)
2026-02-27 13:10:58,145 - INFO - New bar: 2026-02-27 08:10:00-05:00 | O=1.18055 H=1.18055 L=1.18040 C=1.18053
2026-02-27 13:12:58,620 - INFO - Waiting for new bar... (last: 2026-02-27 08:10:00-05:00, price: 1.18039)
2026-02-27 13:15:59,347 - INFO - New bar: 2026-02-27 08:15:00-05:00 | O=1.18034 H=1.18048 L=1.18027 C=1.18039
2026-02-27 13:17:59,845 - INFO - Waiting for new bar... (last: 2026-02-27 08:15:00-05:00, price: 1.18037)
2026-02-27 13:21:00,590 - INFO - New bar: 2026-02-27 08:20:00-05:00 | O=1.18033 H=1.18043 L=1.18027 C=1.18034
2026-02-27 13:23:01,078 - INFO - Waiting for new bar... (last: 2026-02-27 08:20:00-05:00, price: 1.18030)
2026-02-27 13:26:01,845 - INFO - New bar: 2026-02-27 08:25:00-05:00 | O=1.18048 H=1.18049 L=1.18024 C=1.18037
2026-02-27 13:28:02,357 - INFO - Waiting for new bar... (last: 2026-02-27 08:25:00-05:00, price: 1.18041)
2026-02-27 13:31:03,146 - INFO - New bar: 2026-02-27 08:30:00-05:00 | O=1.18032 H=1.18040 L=1.17948 C=1.17969
2026-02-27 13:33:03,671 - INFO - Waiting for new bar... (last: 2026-02-27 08:30:00-05:00, price: 1.18022)
2026-02-27 13:36:04,421 - INFO - New bar: 2026-02-27 08:35:00-05:00 | O=1.17985 H=1.18009 L=1.17963 C=1.17971
2026-02-27 13:38:05,012 - INFO - Waiting for new bar... (last: 2026-02-27 08:35:00-05:00, price: 1.17938)
2026-02-27 13:41:05,752 - INFO - New bar: 2026-02-27 08:40:00-05:00 | O=1.17959 H=1.17959 L=1.17928 C=1.17939
2026-02-27 13:43:06,238 - INFO - Waiting for new bar... (last: 2026-02-27 08:40:00-05:00, price: 1.17921)
2026-02-27 13:45:06,748 - INFO - New bar: 2026-02-27 08:45:00-05:00 | O=1.17952 H=1.17959 L=1.17952 C=1.17952
2026-02-27 13:48:07,472 - INFO - Waiting for new bar... (last: 2026-02-27 08:45:00-05:00, price: 1.17929)
2026-02-27 13:50:07,948 - INFO - New bar: 2026-02-27 08:50:00-05:00 | O=1.17927 H=1.17933 L=1.17927 C=1.17933
2026-02-27 13:53:08,709 - INFO - Waiting for new bar... (last: 2026-02-27 08:50:00-05:00, price: 1.17925)
2026-02-27 13:55:09,206 - INFO - New bar: 2026-02-27 08:55:00-05:00 | O=1.17918 H=1.17921 L=1.17910 C=1.17911
2026-02-27 13:58:09,940 - INFO - Waiting for new bar... (last: 2026-02-27 08:55:00-05:00, price: 1.17945)
2026-02-27 14:00:10,439 - INFO - New bar: 2026-02-27 09:00:00-05:00 | O=1.17928 H=1.17931 L=1.17927 C=1.17929
2026-02-27 14:03:11,129 - INFO - Waiting for new bar... (last: 2026-02-27 09:00:00-05:00, price: 1.17934)
2026-02-27 14:05:11,605 - INFO - New bar: 2026-02-27 09:05:00-05:00 | O=1.17955 H=1.17959 L=1.17948 C=1.17959
2026-02-27 14:08:12,311 - INFO - Waiting for new bar... (last: 2026-02-27 09:05:00-05:00, price: 1.17949)
2026-02-27 14:10:12,741 - INFO - New bar: 2026-02-27 09:10:00-05:00 | O=1.17964 H=1.17965 L=1.17959 C=1.17959
2026-02-27 14:13:13,545 - INFO - Waiting for new bar... (last: 2026-02-27 09:10:00-05:00, price: 1.18002)
2026-02-27 14:15:13,994 - INFO - New bar: 2026-02-27 09:15:00-05:00 | O=1.17999 H=1.17999 L=1.17989 C=1.17990
2026-02-27 14:18:14,678 - INFO - Waiting for new bar... (last: 2026-02-27 09:15:00-05:00, price: 1.18030)
2026-02-27 14:20:15,166 - INFO - New bar: 2026-02-27 09:20:00-05:00 | O=1.18019 H=1.18024 L=1.18018 C=1.18019
2026-02-27 14:23:15,850 - INFO - Waiting for new bar... (last: 2026-02-27 09:20:00-05:00, price: 1.18019)
2026-02-27 14:25:16,264 - INFO - New bar: 2026-02-27 09:25:00-05:00 | O=1.18013 H=1.18019 L=1.18013 C=1.18014
2026-02-27 14:28:17,070 - INFO - Waiting for new bar... (last: 2026-02-27 09:25:00-05:00, price: 1.18006)
2026-02-27 14:30:17,547 - INFO - New bar: 2026-02-27 09:30:00-05:00 | O=1.18019 H=1.18020 L=1.18008 C=1.18017
2026-02-27 14:33:18,267 - INFO - Waiting for new bar... (last: 2026-02-27 09:30:00-05:00, price: 1.18060)
2026-02-27 14:35:18,746 - INFO - New bar: 2026-02-27 09:35:00-05:00 | O=1.18090 H=1.18104 L=1.18089 C=1.18103
2026-02-27 14:38:19,458 - INFO - Waiting for new bar... (last: 2026-02-27 09:35:00-05:00, price: 1.18135)
2026-02-27 14:40:19,914 - INFO - New bar: 2026-02-27 09:40:00-05:00 | O=1.18122 H=1.18128 L=1.18121 C=1.18122
2026-02-27 14:43:20,614 - INFO - Waiting for new bar... (last: 2026-02-27 09:40:00-05:00, price: 1.18134)
2026-02-27 14:45:21,067 - INFO - New bar: 2026-02-27 09:45:00-05:00 | O=1.18134 H=1.18135 L=1.18115 C=1.18126
2026-02-27 14:48:21,784 - INFO - Waiting for new bar... (last: 2026-02-27 09:45:00-05:00, price: 1.18070)
2026-02-27 14:50:22,321 - INFO - New bar: 2026-02-27 09:50:00-05:00 | O=1.18073 H=1.18095 L=1.18070 C=1.18083
2026-02-27 14:53:23,018 - INFO - Waiting for new bar... (last: 2026-02-27 09:50:00-05:00, price: 1.18043)
2026-02-27 14:55:23,555 - INFO - New bar: 2026-02-27 09:55:00-05:00 | O=1.18015 H=1.18016 L=1.18004 C=1.18013
2026-02-27 14:58:24,187 - INFO - Waiting for new bar... (last: 2026-02-27 09:55:00-05:00, price: 1.17959)
2026-02-27 15:00:24,641 - INFO - New bar: 2026-02-27 10:00:00-05:00 | O=1.17972 H=1.17986 L=1.17964 C=1.17981
2026-02-27 15:03:25,308 - INFO - Waiting for new bar... (last: 2026-02-27 10:00:00-05:00, price: 1.18024)
2026-02-27 15:05:25,790 - INFO - New bar: 2026-02-27 10:05:00-05:00 | O=1.18013 H=1.18026 L=1.18009 C=1.18026
2026-02-27 15:08:26,473 - INFO - Waiting for new bar... (last: 2026-02-27 10:05:00-05:00, price: 1.18057)
2026-02-27 15:10:26,932 - INFO - New bar: 2026-02-27 10:10:00-05:00 | O=1.18023 H=1.18034 L=1.18023 C=1.18030
2026-02-27 15:10:26,940 - INFO - BUY Signal: SMA 1.18025 crossed above 1.18017, RSI 51.1, Momentum 0.000105
2026-02-27 15:10:26,942 - INFO - Checking EUR balance...
2026-02-27 15:10:26,943 - INFO - EUR balance: 982,206.44 EUR
2026-02-27 15:10:26,943 - INFO - Required minimum: 20,000.00 EUR
2026-02-27 15:10:26,943 - INFO - Status: Sufficient
2026-02-27 15:10:26,944 - INFO - placeOrder: New order Trade(contract=Forex('EURUSD', conId=12087792, exchange='IDEALPRO', localSymbol='EUR.USD', tradingClass='EUR.USD'), order=MarketOrder(orderId=8517, clientId=753, action='BUY', totalQuantity=20000, tif='GTC'), orderStatus=OrderStatus(orderId=8517, status='PendingSubmit', filled=0.0, remaining=0.0, avgFillPrice=0.0, permId=0, parentId=0, lastFillPrice=0.0, clientId=0, whyHeld='', mktCapPrice=0.0), fills=[], log=[TradeLogEntry(time=datetime.datetime(2026, 2, 27, 15, 10, 26, 943822, tzinfo=datetime.timezone.utc), status='PendingSubmit', message='', errorCode=0)], advancedError='')
2026-02-27 15:10:27,078 - INFO - orderStatus: Trade(contract=Forex('EURUSD', conId=12087792, exchange='IDEALPRO', localSymbol='EUR.USD', tradingClass='EUR.USD'), order=MarketOrder(orderId=8517, clientId=753, permId=140453083, action='BUY', totalQuantity=20000.0, lmtPrice=0.0, auxPrice=0.0, tif='GTC'), orderStatus=OrderStatus(orderId=8517, status='PreSubmitted', filled=0.0, remaining=20000.0, avgFillPrice=0.0, permId=140453083, parentId=0, lastFillPrice=0.0, clientId=753, whyHeld='', mktCapPrice=0.0), fills=[], log=[TradeLogEntry(time=datetime.datetime(2026, 2, 27, 15, 10, 26, 943822, tzinfo=datetime.timezone.utc), status='PendingSubmit', message='', errorCode=0), TradeLogEntry(time=datetime.datetime(2026, 2, 27, 15, 10, 27, 77683, tzinfo=datetime.timezone.utc), status='PreSubmitted', message='', errorCode=0)], advancedError='')
2026-02-27 15:10:27,120 - INFO - position: Position(account='DUM847254', contract=Forex('EURUSD', conId=12087792, localSymbol='EUR.USD', tradingClass='EUR.USD'), position=0.0, avgCost=0.0)
2026-02-27 15:10:27,121 - INFO - execDetails Execution(execId='0000e215.69a0ea9a.01.01', time=datetime.datetime(2026, 2, 27, 15, 10, 27, tzinfo=datetime.timezone.utc), acctNumber='DUM847254', exchange='IDEALPRO', side='BOT', shares=20000.0, price=1.18032, permId=140453083, clientId=753, orderId=8517, liquidation=0, cumQty=20000.0, avgPrice=1.18032, orderRef='', evRule='', evMultiplier=0.0, modelCode='', lastLiquidity=2, pendingPriceRevision=False)
2026-02-27 15:10:27,121 - INFO - execDetails: Fill(contract=Forex('EURUSD', conId=12087792, exchange='IDEALPRO', localSymbol='EUR.USD', tradingClass='EUR.USD'), execution=Execution(execId='0000e215.69a0ea9a.01.01', time=datetime.datetime(2026, 2, 27, 15, 10, 27, tzinfo=datetime.timezone.utc), acctNumber='DUM847254', exchange='IDEALPRO', side='BOT', shares=20000.0, price=1.18032, permId=140453083, clientId=753, orderId=8517, liquidation=0, cumQty=20000.0, avgPrice=1.18032, orderRef='', evRule='', evMultiplier=0.0, modelCode='', lastLiquidity=2, pendingPriceRevision=False), commissionReport=CommissionReport(execId='', commission=0.0, currency='', realizedPNL=0.0, yield_=0.0, yieldRedemptionDate=0), time=datetime.datetime(2026, 2, 27, 15, 10, 27, 120658, tzinfo=datetime.timezone.utc))
2026-02-27 15:10:27,121 - INFO - orderStatus: Trade(contract=Forex('EURUSD', conId=12087792, exchange='IDEALPRO', localSymbol='EUR.USD', tradingClass='EUR.USD'), order=MarketOrder(orderId=8517, clientId=753, permId=140453083, action='BUY', totalQuantity=20000.0, lmtPrice=0.0, auxPrice=0.0, tif='GTC'), orderStatus=OrderStatus(orderId=8517, status='Filled', filled=20000.0, remaining=0.0, avgFillPrice=1.18032, permId=140453083, parentId=0, lastFillPrice=1.18032, clientId=753, whyHeld='', mktCapPrice=0.0), fills=[Fill(contract=Forex('EURUSD', conId=12087792, exchange='IDEALPRO', localSymbol='EUR.USD', tradingClass='EUR.USD'), execution=Execution(execId='0000e215.69a0ea9a.01.01', time=datetime.datetime(2026, 2, 27, 15, 10, 27, tzinfo=datetime.timezone.utc), acctNumber='DUM847254', exchange='IDEALPRO', side='BOT', shares=20000.0, price=1.18032, permId=140453083, clientId=753, orderId=8517, liquidation=0, cumQty=20000.0, avgPrice=1.18032, orderRef='', evRule='', evMultiplier=0.0, modelCode='', lastLiquidity=2, pendingPriceRevision=False), commissionReport=CommissionReport(execId='', commission=0.0, currency='', realizedPNL=0.0, yield_=0.0, yieldRedemptionDate=0), time=datetime.datetime(2026, 2, 27, 15, 10, 27, 120658, tzinfo=datetime.timezone.utc))], log=[TradeLogEntry(time=datetime.datetime(2026, 2, 27, 15, 10, 26, 943822, tzinfo=datetime.timezone.utc), status='PendingSubmit', message='', errorCode=0), TradeLogEntry(time=datetime.datetime(2026, 2, 27, 15, 10, 27, 77683, tzinfo=datetime.timezone.utc), status='PreSubmitted', message='', errorCode=0), TradeLogEntry(time=datetime.datetime(2026, 2, 27, 15, 10, 27, 120658, tzinfo=datetime.timezone.utc), status='PreSubmitted', message='Fill 20000.0@1.18032', errorCode=0), TradeLogEntry(time=datetime.datetime(2026, 2, 27, 15, 10, 27, 120658, tzinfo=datetime.timezone.utc), status='Filled', message='', errorCode=0)], advancedError='')
2026-02-27 15:10:27,122 - INFO - commissionReport: CommissionReport(execId='0000e215.69a0ea9a.01.01', commission=1.69528, currency='EUR', realizedPNL=0.0, yield_=0.0, yieldRedemptionDate=0)
2026-02-27 15:10:27,122 - INFO - position: Position(account='DUM847254', contract=Forex('EURUSD', conId=12087792, localSymbol='EUR.USD', tradingClass='EUR.USD'), position=0.0, avgCost=0.0)
2026-02-27 15:10:27,446 - INFO - CLOSED: BUY 20,000 EUR @ 1.18032
2026-02-27 15:10:27,446 - INFO - P&L: EUR -3.39 (USD -4.00) | Gross: EUR -0.00 (USD -0.00), Costs: USD 4.00
2026-02-27 15:10:27,446 - INFO - Cumulative P&L: EUR -10.23
2026-02-27 15:10:28,447 - INFO - placeOrder: New order Trade(contract=Forex('EURUSD', conId=12087792, exchange='IDEALPRO', localSymbol='EUR.USD', tradingClass='EUR.USD'), order=MarketOrder(orderId=8518, clientId=753, action='BUY', totalQuantity=20000, tif='GTC'), orderStatus=OrderStatus(orderId=8518, status='PendingSubmit', filled=0.0, remaining=0.0, avgFillPrice=0.0, permId=0, parentId=0, lastFillPrice=0.0, clientId=0, whyHeld='', mktCapPrice=0.0), fills=[], log=[TradeLogEntry(time=datetime.datetime(2026, 2, 27, 15, 10, 28, 447585, tzinfo=datetime.timezone.utc), status='PendingSubmit', message='', errorCode=0)], advancedError='')
2026-02-27 15:10:28,597 - INFO - orderStatus: Trade(contract=Forex('EURUSD', conId=12087792, exchange='IDEALPRO', localSymbol='EUR.USD', tradingClass='EUR.USD'), order=MarketOrder(orderId=8518, clientId=753, permId=140453084, action='BUY', totalQuantity=20000.0, lmtPrice=0.0, auxPrice=0.0, tif='GTC'), orderStatus=OrderStatus(orderId=8518, status='Inactive', filled=0.0, remaining=20000.0, avgFillPrice=0.0, permId=140453084, parentId=0, lastFillPrice=0.0, clientId=753, whyHeld='', mktCapPrice=0.0), fills=[], log=[TradeLogEntry(time=datetime.datetime(2026, 2, 27, 15, 10, 28, 447585, tzinfo=datetime.timezone.utc), status='PendingSubmit', message='', errorCode=0), TradeLogEntry(time=datetime.datetime(2026, 2, 27, 15, 10, 28, 597119, tzinfo=datetime.timezone.utc), status='Inactive', message='', errorCode=0)], advancedError='')
2026-02-27 15:10:28,600 - ERROR - Error 201, reqId 8518: Order rejected - reason:FX trade would expose account to currency leverage.
2026-02-27 15:10:28,949 - ERROR - Order not filled within 30s. Status: Inactive. NOT updating position state.
2026-02-27 15:13:29,645 - INFO - Waiting for new bar... (last: 2026-02-27 10:10:00-05:00, price: 1.18052)
2026-02-27 15:15:30,138 - INFO - New bar: 2026-02-27 10:15:00-05:00 | O=1.18012 H=1.18023 L=1.18009 C=1.18010
2026-02-27 15:18:30,838 - INFO - Waiting for new bar... (last: 2026-02-27 10:15:00-05:00, price: 1.18009)
2026-02-27 15:20:31,269 - INFO - New bar: 2026-02-27 10:20:00-05:00 | O=1.18026 H=1.18038 L=1.18023 C=1.18038
2026-02-27 15:23:31,967 - INFO - Waiting for new bar... (last: 2026-02-27 10:20:00-05:00, price: 1.18052)
2026-02-27 15:25:32,416 - INFO - New bar: 2026-02-27 10:25:00-05:00 | O=1.18056 H=1.18056 L=1.18040 C=1.18043
2026-02-27 15:28:33,104 - INFO - Waiting for new bar... (last: 2026-02-27 10:25:00-05:00, price: 1.18069)
2026-02-27 15:30:33,654 - INFO - New bar: 2026-02-27 10:30:00-05:00 | O=1.18078 H=1.18090 L=1.18068 C=1.18088
2026-02-27 15:33:34,376 - INFO - Waiting for new bar... (last: 2026-02-27 10:30:00-05:00, price: 1.18100)
2026-02-27 15:35:34,795 - INFO - New bar: 2026-02-27 10:35:00-05:00 | O=1.18111 H=1.18114 L=1.18105 C=1.18111
2026-02-27 15:38:35,511 - INFO - Waiting for new bar... (last: 2026-02-27 10:35:00-05:00, price: 1.18163)
2026-02-27 15:40:35,957 - INFO - New bar: 2026-02-27 10:40:00-05:00 | O=1.18134 H=1.18135 L=1.18118 C=1.18123
2026-02-27 15:43:36,636 - INFO - Waiting for new bar... (last: 2026-02-27 10:40:00-05:00, price: 1.18148)
2026-02-27 15:45:37,135 - INFO - New bar: 2026-02-27 10:45:00-05:00 | O=1.18127 H=1.18133 L=1.18108 C=1.18111
2026-02-27 15:48:37,821 - INFO - Waiting for new bar... (last: 2026-02-27 10:45:00-05:00, price: 1.18043)
2026-02-27 15:50:38,280 - INFO - New bar: 2026-02-27 10:50:00-05:00 | O=1.18067 H=1.18087 L=1.18041 C=1.18043
2026-02-27 15:53:38,984 - INFO - Waiting for new bar... (last: 2026-02-27 10:50:00-05:00, price: 1.18046)
2026-02-27 15:55:39,441 - INFO - New bar: 2026-02-27 10:55:00-05:00 | O=1.18064 H=1.18079 L=1.18062 C=1.18070
2026-02-27 15:58:40,158 - INFO - Waiting for new bar... (last: 2026-02-27 10:55:00-05:00, price: 1.18070)
2026-02-27 16:00:40,464 - INFO - Approaching weekend. Stopping.
2026-02-27 16:00:40,464 - INFO - 
2026-02-27 16:00:40,464 - INFO - ======================================================================
2026-02-27 16:00:40,464 - INFO - TRADING SESSION SUMMARY
2026-02-27 16:00:40,464 - INFO - ======================================================================
2026-02-27 16:00:40,464 - INFO - Timeframe: 5min
2026-02-27 16:00:40,464 - INFO - Parameters: SMA 15/70, RSI 35/75, Mom 0.0
2026-02-27 16:00:40,464 - INFO - Duration: 4 days, 8:40:32.751449
2026-02-27 16:00:40,464 - INFO - Total Bars Collected: 120
2026-02-27 16:00:40,464 - INFO - Total Trades: 11
2026-02-27 16:00:40,464 - INFO - Winning Trades: 4
2026-02-27 16:00:40,465 - INFO - Losing Trades: 7
2026-02-27 16:00:40,465 - INFO - Win Rate: 36.4%
2026-02-27 16:00:40,465 - INFO - Total P&L: EUR -10.23
2026-02-27 16:00:40,468 - INFO - Avg Trade: EUR -0.93
2026-02-27 16:00:40,469 - INFO - Best Trade: EUR 35.72
2026-02-27 16:00:40,470 - INFO - Worst Trade: EUR -37.80
2026-02-27 16:00:40,470 - INFO - Final Capital: EUR 982,219.96
2026-02-27 16:00:40,471 - INFO - Return: -0.00%
2026-02-27 16:00:40,471 - INFO - ======================================================================
2026-02-27 16:00:40,475 - INFO - Disconnecting from localhost:4002, 98.3 kB sent in 986 messages, 2.65 MB received in 53044 messages, session time 58.5 ks.
2026-02-27 16:00:40,477 - INFO - Disconnecting
2026-02-27 16:00:40,480 - INFO - Disconnected from IB Gateway
2026-02-27 16:00:40,483 - INFO - Disconnected.
