2026-03-08 22:55:04,114 - INFO - Trading Bot initialized for 5min timeframe
2026-03-08 22:55:04,114 - INFO - Parameters: SMA 15/70, RSI 14 (35/75), Momentum 10 (threshold 0.0)
2026-03-08 22:55:04,114 - INFO - Position size: 20,000 EUR
2026-03-08 22:55:04,115 - INFO - Runtime: 5d
2026-03-08 22:55:04,115 - INFO - Bot will run until: 2026-03-13 22:55:04
2026-03-08 22:55:04,115 - INFO - Maintenance window: 00:30–06:45 CET
2026-03-08 22:55:04,115 - INFO - Connecting to localhost:4002 with clientId 753...
2026-03-08 22:55:04,122 - INFO - Connected
2026-03-08 22:55:04,144 - INFO - Logged on to server version 178
2026-03-08 22:55:04,196 - INFO - Warning 2104, reqId -1: Market data farm connection is OK:usfarm
2026-03-08 22:55:04,197 - INFO - Warning 2106, reqId -1: HMDS data farm connection is OK:cashhmds
2026-03-08 22:55:04,197 - INFO - Warning 2107, reqId -1: HMDS data farm connection is inactive but should be available upon demand.ushmds
2026-03-08 22:55:04,197 - INFO - Warning 2158, reqId -1: Sec-def data farm connection is OK:secdefnj
2026-03-08 22:55:04,197 - INFO - API connection ready
2026-03-08 22:55:04,496 - INFO - Synchronization complete
2026-03-08 22:55:04,496 - INFO - Connected to IB Gateway at localhost:4002
2026-03-08 22:55:04,644 - INFO - Contract qualified: EUR (conId: 12087792)
2026-03-08 22:55:04,645 - INFO - Connection monitoring active
2026-03-08 22:55:04,645 - INFO - Trading bot started
2026-03-08 22:55:04,645 - INFO - Checking EUR balance...
2026-03-08 22:55:04,930 - INFO - EUR balance: 953,293.75 EUR
2026-03-08 22:55:04,930 - INFO - Required minimum: 20,000.00 EUR
2026-03-08 22:55:04,930 - INFO - Status: Sufficient
2026-03-08 22:55:04,930 - INFO - Capital set from account: 953,293.75 EUR
2026-03-08 22:55:04,973 - INFO - Baseline positions at startup: set()
2026-03-08 22:55:04,973 - INFO - Reconciling position state with IB...
2026-03-08 22:55:04,973 - INFO - Position confirmed: FLAT (no open positions)
2026-03-08 22:55:04,974 - INFO - Reconciliation complete. Current state: FLAT
2026-03-08 22:55:04,974 - INFO - Loading 80 historical 5min bars for warmup...
2026-03-08 22:55:05,278 - INFO - Warmup complete: loaded 80 bars (need 80 for signals)
2026-03-08 22:55:05,282 - INFO - Checking for new bars every 60 seconds
2026-03-08 22:55:05,282 - INFO - Connection monitoring enabled (handles IB Gateway reboots)
2026-03-08 22:56:05,720 - INFO - New bar: 2026-03-08 18:55:00-04:00 | O=1.15362 H=1.15392 L=1.15362 C=1.15389
2026-03-08 22:59:06,492 - INFO - Waiting for new bar... (last: 2026-03-08 18:55:00-04:00, price: 1.15366)
2026-03-08 23:00:06,731 - INFO - New bar: 2026-03-08 19:00:00-04:00 | O=1.15360 H=1.15385 L=1.15360 C=1.15385
2026-03-08 23:04:07,818 - INFO - Waiting for new bar... (last: 2026-03-08 19:00:00-04:00, price: 1.15348)
2026-03-08 23:05:08,060 - INFO - New bar: 2026-03-08 19:05:00-04:00 | O=1.15340 H=1.15345 L=1.15335 C=1.15335
2026-03-08 23:09:09,054 - INFO - Waiting for new bar... (last: 2026-03-08 19:05:00-04:00, price: 1.15359)
2026-03-08 23:10:09,304 - INFO - New bar: 2026-03-08 19:10:00-04:00 | O=1.15349 H=1.15362 L=1.15348 C=1.15348
2026-03-08 23:14:10,342 - INFO - Waiting for new bar... (last: 2026-03-08 19:10:00-04:00, price: 1.15318)
2026-03-08 23:15:10,570 - INFO - New bar: 2026-03-08 19:15:00-04:00 | O=1.15334 H=1.15336 L=1.15334 C=1.15336
2026-03-08 23:19:11,539 - INFO - Waiting for new bar... (last: 2026-03-08 19:15:00-04:00, price: 1.15351)
2026-03-08 23:20:11,782 - INFO - New bar: 2026-03-08 19:20:00-04:00 | O=1.15354 H=1.15356 L=1.15315 C=1.15315
2026-03-08 23:24:12,790 - INFO - Waiting for new bar... (last: 2026-03-08 19:20:00-04:00, price: 1.15322)
2026-03-08 23:25:13,021 - INFO - New bar: 2026-03-08 19:25:00-04:00 | O=1.15315 H=1.15318 L=1.15309 C=1.15316
2026-03-08 23:29:14,025 - INFO - Waiting for new bar... (last: 2026-03-08 19:25:00-04:00, price: 1.15305)
2026-03-08 23:30:14,077 - INFO - Maintenance window active — resuming at 06:45 CET.
2026-03-08 23:45:01,151 - ERROR - Peer closed connection.
2026-03-08 23:45:14,728 - WARNING - Connection lost detected!
2026-03-08 23:45:14,728 - INFO - Attempting automatic reconnection...
2026-03-08 23:45:14,729 - INFO - Reconnection attempt 1/10 (waiting 1s before trying)...
2026-03-08 23:45:15,730 - INFO - Connecting to localhost:4002 with clientId 753...
2026-03-08 23:45:15,732 - INFO - Disconnecting
2026-03-08 23:45:15,733 - ERROR - API connection failed: OSError("Multiple exceptions: [Errno 111] Connect call failed ('::1', 4002, 0, 0), [Errno 111] Connect call failed ('127.0.0.1', 4002)")
2026-03-08 23:45:15,733 - WARNING - Reconnection attempt 1 failed: Multiple exceptions: [Errno 111] Connect call failed ('::1', 4002, 0, 0), [Errno 111] Connect call failed ('127.0.0.1', 4002)
2026-03-08 23:45:15,733 - INFO - Reconnection attempt 2/10 (waiting 2s before trying)...
2026-03-08 23:45:17,735 - INFO - Connecting to localhost:4002 with clientId 753...
2026-03-08 23:45:17,737 - INFO - Disconnecting
2026-03-08 23:45:17,737 - ERROR - API connection failed: OSError("Multiple exceptions: [Errno 111] Connect call failed ('::1', 4002, 0, 0), [Errno 111] Connect call failed ('127.0.0.1', 4002)")
2026-03-08 23:45:17,737 - WARNING - Reconnection attempt 2 failed: Multiple exceptions: [Errno 111] Connect call failed ('::1', 4002, 0, 0), [Errno 111] Connect call failed ('127.0.0.1', 4002)
2026-03-08 23:45:17,738 - INFO - Reconnection attempt 3/10 (waiting 4s before trying)...
2026-03-08 23:45:21,742 - INFO - Connecting to localhost:4002 with clientId 753...
2026-03-08 23:45:21,743 - INFO - Disconnecting
2026-03-08 23:45:21,743 - ERROR - API connection failed: OSError("Multiple exceptions: [Errno 111] Connect call failed ('::1', 4002, 0, 0), [Errno 111] Connect call failed ('127.0.0.1', 4002)")
2026-03-08 23:45:21,743 - WARNING - Reconnection attempt 3 failed: Multiple exceptions: [Errno 111] Connect call failed ('::1', 4002, 0, 0), [Errno 111] Connect call failed ('127.0.0.1', 4002)
2026-03-08 23:45:21,743 - INFO - Reconnection attempt 4/10 (waiting 8s before trying)...
2026-03-08 23:45:29,749 - INFO - Connecting to localhost:4002 with clientId 753...
2026-03-08 23:45:29,751 - INFO - Connected
2026-03-08 23:45:29,957 - INFO - Logged on to server version 178
2026-03-08 23:45:30,116 - INFO - Warning 2104, reqId -1: Market data farm connection is OK:usfarm
2026-03-08 23:45:30,116 - INFO - Warning 2106, reqId -1: HMDS data farm connection is OK:ushmds
2026-03-08 23:45:30,116 - INFO - Warning 2158, reqId -1: Sec-def data farm connection is OK:secdefnj
2026-03-08 23:45:30,117 - INFO - API connection ready
2026-03-08 23:45:30,661 - INFO - Synchronization complete
2026-03-08 23:45:30,661 - INFO - Reconnected successfully on attempt 4
2026-03-08 23:45:30,948 - INFO - Contract re-qualified: EUR (conId: 12087792)
2026-03-08 23:45:30,949 - INFO - Reconnected successfully.
2026-03-08 23:45:30,949 - INFO - Reconciling position state with IB...
2026-03-08 23:45:30,949 - INFO - Position confirmed: FLAT (no open positions)
2026-03-08 23:45:30,949 - INFO - Reconciliation complete. Current state: FLAT
2026-03-08 23:45:30,949 - INFO - Position state verified. Resuming trading.
2026-03-08 23:51:26,736 - INFO - Warning 2107, reqId -1: HMDS data farm connection is inactive but should be available upon demand.ushmds
2026-03-09 00:24:36,337 - INFO - Warning 2103, reqId -1: Market data farm connection is broken:usfarm
2026-03-09 00:24:37,490 - INFO - Warning 2104, reqId -1: Market data farm connection is OK:usfarm
2026-03-09 00:28:47,516 - INFO - Warning 2103, reqId -1: Market data farm connection is broken:usfarm
2026-03-09 00:28:48,575 - INFO - Warning 2104, reqId -1: Market data farm connection is OK:usfarm
2026-03-09 00:31:58,593 - INFO - Warning 2103, reqId -1: Market data farm connection is broken:usfarm
2026-03-09 00:32:00,980 - INFO - Warning 2104, reqId -1: Market data farm connection is OK:usfarm
2026-03-09 03:30:49,020 - INFO - Warning 2157, reqId -1: Sec-def data farm connection is broken:secdefnj
2026-03-09 03:30:49,665 - INFO - Warning 2158, reqId -1: Sec-def data farm connection is OK:secdefnj
2026-03-09 03:47:18,284 - INFO - Warning 2157, reqId -1: Sec-def data farm connection is broken:secdefnj
2026-03-09 03:47:18,922 - INFO - Warning 2158, reqId -1: Sec-def data farm connection is OK:secdefnj
2026-03-09 04:16:35,599 - ERROR - Error 1100, reqId -1: Connectivity between IBKR and Trader Workstation has been lost.
2026-03-09 04:16:36,285 - ERROR - Error 1100, reqId -1: Connectivity between IBKR and Trader Workstation has been lost.
2026-03-09 04:16:39,822 - ERROR - Error 1100, reqId -1: Connectivity between IBKR and Trader Workstation has been lost.
2026-03-09 04:16:46,360 - ERROR - Error 1100, reqId -1: Connectivity between IBKR and Trader Workstation has been lost.
2026-03-09 04:16:49,621 - ERROR - Error 1100, reqId -1: Connectivity between IBKR and Trader Workstation has been lost.
2026-03-09 04:16:53,444 - ERROR - Error 1100, reqId -1: Connectivity between IBKR and Trader Workstation has been lost.
2026-03-09 04:17:00,512 - INFO - Warning 2106, reqId -1: HMDS data farm connection is OK:ushmds
2026-03-09 04:17:01,298 - ERROR - Error 1102, reqId -1: Connectivity between IBKR and Trader Workstation has been restored - data maintained. All data farms are connected: usfarm; ushmds; secdefnj.
2026-03-09 04:17:01,299 - WARNING - Connectivity restored (Error 1102). Scheduling position reconciliation.
2026-03-09 04:17:01,713 - ERROR - Error handling fields: ['10', '8521', 'EUR', 'CASH', '', '0', '', 'IDEALPRO', 'USD', 'EUR.USD', 'EUR.USD', 'EUR.USD', '12087792', '0.00005', '', 'ACTIVETIM,AD,ADJUST,ALERT,ALGO,ALLOC,AVGCOST,BASKET,BENCHPX,CASHQTY,COND,CONDORDER,DAY,DEACT,DEACTDIS,DEACTEOD,GAT,GTC,GTD,GTT,HID,IOC,LIT,LMT,MIT,MKT,NONALGO,OCA,REL,RELPCTOFS,SCALE,SCALERST,STP,STPLMT,TRAIL,TRAILLIT,TRAILLMT,TRAILMIT,WHATIF', 'IDEALPRO', '1', '0', 'European Monetary Union Euro', '', '', '', '', '', 'US/Eastern', '20260308:1715-20260309:1700;20260309:1715-20260310:1700;20260310:1715-20260311:1700;20260311:1715-20260312:1700;20260312:1715-20260313:1700', '20260308:1715-20260309:1700;20260309:1715-20260310:1700;20260310:1715-20260311:1700;20260311:1715-20260312:1700;20260312:1715-20260313:1700', '', '', '0', '4', '', '', '3188', '', '', '0.01', '0.01', '0.01']
Traceback (most recent call last):
  File "/usr/local/lib/python3.11/site-packages/ib_async/decoder.py", line 181, in interpret
    handler(fields)
  File "/usr/local/lib/python3.11/site-packages/ib_async/decoder.py", line 344, in contractDetails
    self.wrapper.contractDetails(int(reqId), cd)
  File "/usr/local/lib/python3.11/site-packages/ib_async/wrapper.py", line 874, in contractDetails
    self._results[reqId].append(contractDetails)
    ~~~~~~~~~~~~~^^^^^^^
KeyError: 8521
2026-03-09 04:17:45,715 - INFO - Running scheduled reconciliation after connectivity restore...
2026-03-09 04:17:45,715 - INFO - Reconciling position state with IB...
2026-03-09 04:17:45,715 - INFO - Position confirmed: FLAT (no open positions)
2026-03-09 04:17:45,715 - INFO - Reconciliation complete. Current state: FLAT
2026-03-09 04:22:24,022 - INFO - Warning 2103, reqId -1: Market data farm connection is broken:usfarm
2026-03-09 04:22:26,581 - INFO - Warning 2104, reqId -1: Market data farm connection is OK:usfarm
2026-03-09 04:23:00,530 - INFO - Warning 2107, reqId -1: HMDS data farm connection is inactive but should be available upon demand.ushmds
2026-03-09 05:45:49,154 - INFO - Maintenance window ended — reloading warmup bars before resuming.
2026-03-09 05:45:49,154 - INFO - Loading 80 historical 5min bars for warmup...
2026-03-09 05:45:52,843 - INFO - Warning 2106, reqId -1: HMDS data farm connection is OK:cashhmds
2026-03-09 05:45:53,219 - INFO - Warmup complete: loaded 81 bars (need 80 for signals)
2026-03-09 05:48:54,181 - INFO - Waiting for new bar... (last: 2026-03-09 01:45:00-04:00, price: 1.15668)
2026-03-09 05:50:54,715 - INFO - New bar: 2026-03-09 01:50:00-04:00 | O=1.15650 H=1.15697 L=1.15644 C=1.15697
2026-03-09 05:53:55,498 - INFO - Waiting for new bar... (last: 2026-03-09 01:50:00-04:00, price: 1.15694)
2026-03-09 05:55:55,990 - INFO - New bar: 2026-03-09 01:55:00-04:00 | O=1.15676 H=1.15686 L=1.15637 C=1.15656
2026-03-09 05:58:56,810 - INFO - Waiting for new bar... (last: 2026-03-09 01:55:00-04:00, price: 1.15677)
2026-03-09 06:00:57,392 - INFO - New bar: 2026-03-09 02:00:00-04:00 | O=1.15677 H=1.15693 L=1.15647 C=1.15647
2026-03-09 06:03:58,160 - INFO - Waiting for new bar... (last: 2026-03-09 02:00:00-04:00, price: 1.15603)
2026-03-09 06:05:58,690 - INFO - New bar: 2026-03-09 02:05:00-04:00 | O=1.15610 H=1.15624 L=1.15597 C=1.15599
2026-03-09 06:08:59,468 - INFO - Waiting for new bar... (last: 2026-03-09 02:05:00-04:00, price: 1.15620)
2026-03-09 06:10:59,960 - INFO - New bar: 2026-03-09 02:10:00-04:00 | O=1.15655 H=1.15684 L=1.15647 C=1.15683
2026-03-09 06:14:00,697 - INFO - Waiting for new bar... (last: 2026-03-09 02:10:00-04:00, price: 1.15594)
2026-03-09 06:16:01,232 - INFO - New bar: 2026-03-09 02:15:00-04:00 | O=1.15574 H=1.15597 L=1.15569 C=1.15573
2026-03-09 06:19:02,031 - INFO - Waiting for new bar... (last: 2026-03-09 02:15:00-04:00, price: 1.15603)
2026-03-09 06:21:02,645 - INFO - New bar: 2026-03-09 02:20:00-04:00 | O=1.15568 H=1.15569 L=1.15522 C=1.15538
2026-03-09 06:24:03,430 - INFO - Waiting for new bar... (last: 2026-03-09 02:20:00-04:00, price: 1.15546)
2026-03-09 06:26:04,042 - INFO - New bar: 2026-03-09 02:25:00-04:00 | O=1.15525 H=1.15542 L=1.15521 C=1.15542
2026-03-09 06:29:04,905 - INFO - Waiting for new bar... (last: 2026-03-09 02:25:00-04:00, price: 1.15539)
2026-03-09 06:31:05,421 - INFO - New bar: 2026-03-09 02:30:00-04:00 | O=1.15538 H=1.15589 L=1.15538 C=1.15585
2026-03-09 06:34:06,215 - INFO - Waiting for new bar... (last: 2026-03-09 02:30:00-04:00, price: 1.15638)
2026-03-09 06:35:06,456 - INFO - New bar: 2026-03-09 02:35:00-04:00 | O=1.15613 H=1.15613 L=1.15599 C=1.15600
2026-03-09 06:39:07,579 - INFO - Waiting for new bar... (last: 2026-03-09 02:35:00-04:00, price: 1.15624)
2026-03-09 06:40:07,796 - INFO - New bar: 2026-03-09 02:40:00-04:00 | O=1.15614 H=1.15614 L=1.15606 C=1.15607
2026-03-09 06:44:08,767 - INFO - Waiting for new bar... (last: 2026-03-09 02:40:00-04:00, price: 1.15592)
2026-03-09 06:45:09,042 - INFO - New bar: 2026-03-09 02:45:00-04:00 | O=1.15599 H=1.15603 L=1.15595 C=1.15595
2026-03-09 06:49:10,143 - INFO - Waiting for new bar... (last: 2026-03-09 02:45:00-04:00, price: 1.15549)
2026-03-09 06:50:10,408 - INFO - New bar: 2026-03-09 02:50:00-04:00 | O=1.15537 H=1.15550 L=1.15537 C=1.15541
2026-03-09 06:54:11,417 - INFO - Waiting for new bar... (last: 2026-03-09 02:50:00-04:00, price: 1.15478)
2026-03-09 06:55:11,660 - INFO - New bar: 2026-03-09 02:55:00-04:00 | O=1.15477 H=1.15478 L=1.15471 C=1.15472
2026-03-09 06:59:12,787 - INFO - Waiting for new bar... (last: 2026-03-09 02:55:00-04:00, price: 1.15507)
2026-03-09 07:00:13,047 - INFO - New bar: 2026-03-09 03:00:00-04:00 | O=1.15450 H=1.15488 L=1.15450 C=1.15482
2026-03-09 07:04:14,166 - INFO - Waiting for new bar... (last: 2026-03-09 03:00:00-04:00, price: 1.15386)
2026-03-09 07:05:14,418 - INFO - New bar: 2026-03-09 03:05:00-04:00 | O=1.15402 H=1.15402 L=1.15382 C=1.15387
2026-03-09 07:09:15,412 - INFO - Waiting for new bar... (last: 2026-03-09 03:05:00-04:00, price: 1.15514)
2026-03-09 07:10:15,658 - INFO - New bar: 2026-03-09 03:10:00-04:00 | O=1.15535 H=1.15547 L=1.15535 C=1.15546
2026-03-09 07:14:16,652 - INFO - Waiting for new bar... (last: 2026-03-09 03:10:00-04:00, price: 1.15488)
2026-03-09 07:15:16,888 - INFO - New bar: 2026-03-09 03:15:00-04:00 | O=1.15473 H=1.15473 L=1.15451 C=1.15451
2026-03-09 07:19:17,922 - INFO - Waiting for new bar... (last: 2026-03-09 03:15:00-04:00, price: 1.15421)
2026-03-09 07:20:18,161 - INFO - New bar: 2026-03-09 03:20:00-04:00 | O=1.15413 H=1.15454 L=1.15407 C=1.15454
2026-03-09 07:24:19,146 - INFO - Waiting for new bar... (last: 2026-03-09 03:20:00-04:00, price: 1.15481)
2026-03-09 07:25:19,395 - INFO - New bar: 2026-03-09 03:25:00-04:00 | O=1.15463 H=1.15463 L=1.15450 C=1.15457
2026-03-09 07:29:20,408 - INFO - Waiting for new bar... (last: 2026-03-09 03:25:00-04:00, price: 1.15497)
2026-03-09 07:30:20,670 - INFO - New bar: 2026-03-09 03:30:00-04:00 | O=1.15513 H=1.15537 L=1.15513 C=1.15532
2026-03-09 07:34:21,765 - INFO - Waiting for new bar... (last: 2026-03-09 03:30:00-04:00, price: 1.15533)
2026-03-09 07:35:22,054 - INFO - New bar: 2026-03-09 03:35:00-04:00 | O=1.15561 H=1.15572 L=1.15560 C=1.15562
2026-03-09 07:39:23,056 - INFO - Waiting for new bar... (last: 2026-03-09 03:35:00-04:00, price: 1.15592)
2026-03-09 07:40:23,294 - INFO - New bar: 2026-03-09 03:40:00-04:00 | O=1.15607 H=1.15622 L=1.15586 C=1.15622
2026-03-09 07:44:24,371 - INFO - Waiting for new bar... (last: 2026-03-09 03:40:00-04:00, price: 1.15563)
2026-03-09 07:45:24,572 - INFO - New bar: 2026-03-09 03:45:00-04:00 | O=1.15573 H=1.15575 L=1.15563 C=1.15568
2026-03-09 07:49:25,567 - INFO - Waiting for new bar... (last: 2026-03-09 03:45:00-04:00, price: 1.15594)
2026-03-09 07:50:25,824 - INFO - New bar: 2026-03-09 03:50:00-04:00 | O=1.15608 H=1.15641 L=1.15606 C=1.15635
2026-03-09 07:54:26,775 - INFO - Waiting for new bar... (last: 2026-03-09 03:50:00-04:00, price: 1.15637)
2026-03-09 07:55:27,020 - INFO - New bar: 2026-03-09 03:55:00-04:00 | O=1.15625 H=1.15630 L=1.15606 C=1.15627
2026-03-09 07:59:27,994 - INFO - Waiting for new bar... (last: 2026-03-09 03:55:00-04:00, price: 1.15612)
2026-03-09 08:00:28,201 - INFO - New bar: 2026-03-09 04:00:00-04:00 | O=1.15636 H=1.15651 L=1.15633 C=1.15641
2026-03-09 08:04:29,168 - INFO - Waiting for new bar... (last: 2026-03-09 04:00:00-04:00, price: 1.15621)
2026-03-09 08:05:29,420 - INFO - New bar: 2026-03-09 04:05:00-04:00 | O=1.15561 H=1.15581 L=1.15559 C=1.15581
2026-03-09 08:09:30,432 - INFO - Waiting for new bar... (last: 2026-03-09 04:05:00-04:00, price: 1.15594)
2026-03-09 08:10:30,704 - INFO - New bar: 2026-03-09 04:10:00-04:00 | O=1.15576 H=1.15576 L=1.15552 C=1.15552
2026-03-09 08:14:31,708 - INFO - Waiting for new bar... (last: 2026-03-09 04:10:00-04:00, price: 1.15496)
2026-03-09 08:15:31,917 - INFO - New bar: 2026-03-09 04:15:00-04:00 | O=1.15502 H=1.15502 L=1.15454 C=1.15462
2026-03-09 08:19:32,894 - INFO - Waiting for new bar... (last: 2026-03-09 04:15:00-04:00, price: 1.15408)
2026-03-09 08:20:33,145 - INFO - New bar: 2026-03-09 04:20:00-04:00 | O=1.15407 H=1.15407 L=1.15396 C=1.15406
2026-03-09 08:24:34,110 - INFO - Waiting for new bar... (last: 2026-03-09 04:20:00-04:00, price: 1.15342)
2026-03-09 08:25:34,438 - INFO - New bar: 2026-03-09 04:25:00-04:00 | O=1.15326 H=1.15332 L=1.15320 C=1.15322
2026-03-09 08:29:35,422 - INFO - Waiting for new bar... (last: 2026-03-09 04:25:00-04:00, price: 1.15243)
2026-03-09 08:30:35,633 - INFO - New bar: 2026-03-09 04:30:00-04:00 | O=1.15223 H=1.15247 L=1.15216 C=1.15234
2026-03-09 08:34:36,602 - INFO - Waiting for new bar... (last: 2026-03-09 04:30:00-04:00, price: 1.15192)
2026-03-09 08:35:36,861 - INFO - New bar: 2026-03-09 04:35:00-04:00 | O=1.15186 H=1.15223 L=1.15183 C=1.15195
2026-03-09 08:39:37,779 - INFO - Waiting for new bar... (last: 2026-03-09 04:35:00-04:00, price: 1.15190)
2026-03-09 08:40:38,017 - INFO - New bar: 2026-03-09 04:40:00-04:00 | O=1.15173 H=1.15200 L=1.15165 C=1.15172
2026-03-09 08:44:39,029 - INFO - Waiting for new bar... (last: 2026-03-09 04:40:00-04:00, price: 1.15251)
2026-03-09 08:45:39,222 - INFO - New bar: 2026-03-09 04:45:00-04:00 | O=1.15268 H=1.15268 L=1.15255 C=1.15267
2026-03-09 08:49:40,176 - INFO - Waiting for new bar... (last: 2026-03-09 04:45:00-04:00, price: 1.15278)
2026-03-09 08:50:40,441 - INFO - New bar: 2026-03-09 04:50:00-04:00 | O=1.15288 H=1.15303 L=1.15270 C=1.15278
2026-03-09 08:54:41,380 - INFO - Waiting for new bar... (last: 2026-03-09 04:50:00-04:00, price: 1.15288)
2026-03-09 08:55:41,631 - INFO - New bar: 2026-03-09 04:55:00-04:00 | O=1.15288 H=1.15288 L=1.15243 C=1.15248
2026-03-09 08:59:42,554 - INFO - Waiting for new bar... (last: 2026-03-09 04:55:00-04:00, price: 1.15339)
2026-03-09 09:00:42,790 - INFO - New bar: 2026-03-09 05:00:00-04:00 | O=1.15346 H=1.15369 L=1.15346 C=1.15359
2026-03-09 09:00:42,795 - INFO - SELL Signal: SMA 1.15399 crossed below 1.15406, RSI 46.6, Momentum -0.001925
2026-03-09 09:00:42,798 - INFO - Checking EUR balance...
2026-03-09 09:00:42,799 - INFO - EUR balance: 953,293.75 EUR
2026-03-09 09:00:42,799 - INFO - Required minimum: 20,000.00 EUR
2026-03-09 09:00:42,799 - INFO - Status: Sufficient
2026-03-09 09:00:42,800 - INFO - placeOrder: New order Trade(contract=Forex('EURUSD', conId=12087792, exchange='IDEALPRO', localSymbol='EUR.USD', tradingClass='EUR.USD'), order=MarketOrder(orderId=8719, clientId=753, action='SELL', totalQuantity=20000, tif='GTC'), orderStatus=OrderStatus(orderId=8719, status='PendingSubmit', filled=0.0, remaining=0.0, avgFillPrice=0.0, permId=0, parentId=0, lastFillPrice=0.0, clientId=0, whyHeld='', mktCapPrice=0.0), fills=[], log=[TradeLogEntry(time=datetime.datetime(2026, 3, 9, 9, 0, 42, 799840, tzinfo=datetime.timezone.utc), status='PendingSubmit', message='', errorCode=0)], advancedError='')
2026-03-09 09:00:43,776 - INFO - orderStatus: Trade(contract=Forex('EURUSD', conId=12087792, exchange='IDEALPRO', localSymbol='EUR.USD', tradingClass='EUR.USD'), order=MarketOrder(orderId=8719, clientId=753, permId=54430779, action='SELL', totalQuantity=20000.0, lmtPrice=0.0, auxPrice=0.0, tif='GTC'), orderStatus=OrderStatus(orderId=8719, status='PreSubmitted', filled=0.0, remaining=20000.0, avgFillPrice=0.0, permId=54430779, parentId=0, lastFillPrice=0.0, clientId=753, whyHeld='', mktCapPrice=0.0), fills=[], log=[TradeLogEntry(time=datetime.datetime(2026, 3, 9, 9, 0, 42, 799840, tzinfo=datetime.timezone.utc), status='PendingSubmit', message='', errorCode=0), TradeLogEntry(time=datetime.datetime(2026, 3, 9, 9, 0, 43, 775970, tzinfo=datetime.timezone.utc), status='PreSubmitted', message='', errorCode=0)], advancedError='')
2026-03-09 09:00:43,929 - INFO - position: Position(account='DUM847254', contract=Forex('EURUSD', conId=12087792, localSymbol='EUR.USD', tradingClass='EUR.USD'), position=-20000.0, avgCost=1.15357)
2026-03-09 09:00:44,018 - INFO - execDetails Execution(execId='0000e215.69ae095b.01.01', time=datetime.datetime(2026, 3, 9, 9, 0, 43, tzinfo=datetime.timezone.utc), acctNumber='DUM847254', exchange='IDEALPRO', side='SLD', shares=20000.0, price=1.15357, permId=54430779, clientId=753, orderId=8719, liquidation=0, cumQty=20000.0, avgPrice=1.15357, orderRef='', evRule='', evMultiplier=0.0, modelCode='', lastLiquidity=2, pendingPriceRevision=False)
2026-03-09 09:00:44,018 - INFO - execDetails: Fill(contract=Forex('EURUSD', conId=12087792, exchange='IDEALPRO', localSymbol='EUR.USD', tradingClass='EUR.USD'), execution=Execution(execId='0000e215.69ae095b.01.01', time=datetime.datetime(2026, 3, 9, 9, 0, 43, tzinfo=datetime.timezone.utc), acctNumber='DUM847254', exchange='IDEALPRO', side='SLD', shares=20000.0, price=1.15357, permId=54430779, clientId=753, orderId=8719, liquidation=0, cumQty=20000.0, avgPrice=1.15357, orderRef='', evRule='', evMultiplier=0.0, modelCode='', lastLiquidity=2, pendingPriceRevision=False), commissionReport=CommissionReport(execId='', commission=0.0, currency='', realizedPNL=0.0, yield_=0.0, yieldRedemptionDate=0), time=datetime.datetime(2026, 3, 9, 9, 0, 44, 18047, tzinfo=datetime.timezone.utc))
2026-03-09 09:00:44,022 - INFO - orderStatus: Trade(contract=Forex('EURUSD', conId=12087792, exchange='IDEALPRO', localSymbol='EUR.USD', tradingClass='EUR.USD'), order=MarketOrder(orderId=8719, clientId=753, permId=54430779, action='SELL', totalQuantity=20000.0, lmtPrice=0.0, auxPrice=0.0, tif='GTC'), orderStatus=OrderStatus(orderId=8719, status='Filled', filled=20000.0, remaining=0.0, avgFillPrice=1.15357, permId=54430779, parentId=0, lastFillPrice=1.15357, clientId=753, whyHeld='', mktCapPrice=0.0), fills=[Fill(contract=Forex('EURUSD', conId=12087792, exchange='IDEALPRO', localSymbol='EUR.USD', tradingClass='EUR.USD'), execution=Execution(execId='0000e215.69ae095b.01.01', time=datetime.datetime(2026, 3, 9, 9, 0, 43, tzinfo=datetime.timezone.utc), acctNumber='DUM847254', exchange='IDEALPRO', side='SLD', shares=20000.0, price=1.15357, permId=54430779, clientId=753, orderId=8719, liquidation=0, cumQty=20000.0, avgPrice=1.15357, orderRef='', evRule='', evMultiplier=0.0, modelCode='', lastLiquidity=2, pendingPriceRevision=False), commissionReport=CommissionReport(execId='', commission=0.0, currency='', realizedPNL=0.0, yield_=0.0, yieldRedemptionDate=0), time=datetime.datetime(2026, 3, 9, 9, 0, 44, 18047, tzinfo=datetime.timezone.utc))], log=[TradeLogEntry(time=datetime.datetime(2026, 3, 9, 9, 0, 42, 799840, tzinfo=datetime.timezone.utc), status='PendingSubmit', message='', errorCode=0), TradeLogEntry(time=datetime.datetime(2026, 3, 9, 9, 0, 43, 775970, tzinfo=datetime.timezone.utc), status='PreSubmitted', message='', errorCode=0), TradeLogEntry(time=datetime.datetime(2026, 3, 9, 9, 0, 44, 18047, tzinfo=datetime.timezone.utc), status='PreSubmitted', message='Fill 20000.0@1.15357', errorCode=0), TradeLogEntry(time=datetime.datetime(2026, 3, 9, 9, 0, 44, 21525, tzinfo=datetime.timezone.utc), status='Filled', message='', errorCode=0)], advancedError='')
2026-03-09 09:00:44,045 - INFO - commissionReport: CommissionReport(execId='0000e215.69ae095b.01.01', commission=1.72158, currency='EUR', realizedPNL=0.0, yield_=0.0, yieldRedemptionDate=0)
2026-03-09 09:00:44,049 - INFO - position: Position(account='DUM847254', contract=Forex('EURUSD', conId=12087792, localSymbol='EUR.USD', tradingClass='EUR.USD'), position=-20000.0, avgCost=1.1534708235668432)
2026-03-09 09:00:44,303 - INFO - OPENED: SELL 20,000 EUR @ 1.15357 (slippage: 0.2 pips)
2026-03-09 09:00:44,304 - INFO - Entry price recorded: 1.15357
2026-03-09 09:04:45,387 - INFO - Waiting for new bar... (last: 2026-03-09 05:00:00-04:00, price: 1.15339)
2026-03-09 09:05:45,613 - INFO - New bar: 2026-03-09 05:05:00-04:00 | O=1.15339 H=1.15349 L=1.15332 C=1.15339
2026-03-09 09:09:46,524 - INFO - Waiting for new bar... (last: 2026-03-09 05:05:00-04:00, price: 1.15370)
2026-03-09 09:10:46,787 - INFO - New bar: 2026-03-09 05:10:00-04:00 | O=1.15368 H=1.15395 L=1.15368 C=1.15389
2026-03-09 09:14:47,763 - INFO - Waiting for new bar... (last: 2026-03-09 05:10:00-04:00, price: 1.15434)
2026-03-09 09:15:47,961 - INFO - New bar: 2026-03-09 05:15:00-04:00 | O=1.15428 H=1.15430 L=1.15402 C=1.15413
2026-03-09 09:19:48,935 - INFO - Waiting for new bar... (last: 2026-03-09 05:15:00-04:00, price: 1.15488)
2026-03-09 09:20:49,191 - INFO - New bar: 2026-03-09 05:20:00-04:00 | O=1.15489 H=1.15497 L=1.15458 C=1.15488
2026-03-09 09:24:50,112 - INFO - Waiting for new bar... (last: 2026-03-09 05:20:00-04:00, price: 1.15532)
2026-03-09 09:25:50,356 - INFO - New bar: 2026-03-09 05:25:00-04:00 | O=1.15522 H=1.15538 L=1.15518 C=1.15518
2026-03-09 09:29:51,361 - INFO - Waiting for new bar... (last: 2026-03-09 05:25:00-04:00, price: 1.15494)
2026-03-09 09:30:51,571 - INFO - New bar: 2026-03-09 05:30:00-04:00 | O=1.15498 H=1.15501 L=1.15461 C=1.15478
2026-03-09 09:34:52,486 - INFO - Waiting for new bar... (last: 2026-03-09 05:30:00-04:00, price: 1.15694)
2026-03-09 09:35:52,708 - INFO - New bar: 2026-03-09 05:35:00-04:00 | O=1.15673 H=1.15733 L=1.15672 C=1.15708
2026-03-09 09:39:53,711 - INFO - Waiting for new bar... (last: 2026-03-09 05:35:00-04:00, price: 1.15593)
2026-03-09 09:40:53,968 - INFO - New bar: 2026-03-09 05:40:00-04:00 | O=1.15574 H=1.15574 L=1.15539 C=1.15542
2026-03-09 09:44:54,952 - INFO - Waiting for new bar... (last: 2026-03-09 05:40:00-04:00, price: 1.15552)
2026-03-09 09:45:55,161 - INFO - New bar: 2026-03-09 05:45:00-04:00 | O=1.15555 H=1.15610 L=1.15553 C=1.15600
2026-03-09 09:49:56,337 - INFO - Waiting for new bar... (last: 2026-03-09 05:45:00-04:00, price: 1.15580)
2026-03-09 09:50:56,592 - INFO - New bar: 2026-03-09 05:50:00-04:00 | O=1.15593 H=1.15619 L=1.15582 C=1.15596
2026-03-09 09:54:57,500 - INFO - Waiting for new bar... (last: 2026-03-09 05:50:00-04:00, price: 1.15581)
2026-03-09 09:55:57,758 - INFO - New bar: 2026-03-09 05:55:00-04:00 | O=1.15575 H=1.15586 L=1.15559 C=1.15582
2026-03-09 09:59:58,745 - INFO - Waiting for new bar... (last: 2026-03-09 05:55:00-04:00, price: 1.15542)
2026-03-09 10:00:58,973 - INFO - New bar: 2026-03-09 06:00:00-04:00 | O=1.15541 H=1.15546 L=1.15531 C=1.15537
2026-03-09 10:00:58,982 - INFO - BUY Signal: SMA 1.15472 crossed above 1.15461, RSI 53.6, Momentum 0.001485
2026-03-09 10:00:58,983 - INFO - Checking EUR balance...
2026-03-09 10:00:58,983 - INFO - EUR balance: 933,292.03 EUR
2026-03-09 10:00:58,983 - INFO - Required minimum: 20,000.00 EUR
2026-03-09 10:00:58,983 - INFO - Status: Sufficient
2026-03-09 10:00:58,984 - INFO - placeOrder: New order Trade(contract=Forex('EURUSD', conId=12087792, exchange='IDEALPRO', localSymbol='EUR.USD', tradingClass='EUR.USD'), order=MarketOrder(orderId=8780, clientId=753, action='BUY', totalQuantity=20000, tif='GTC'), orderStatus=OrderStatus(orderId=8780, status='PendingSubmit', filled=0.0, remaining=0.0, avgFillPrice=0.0, permId=0, parentId=0, lastFillPrice=0.0, clientId=0, whyHeld='', mktCapPrice=0.0), fills=[], log=[TradeLogEntry(time=datetime.datetime(2026, 3, 9, 10, 0, 58, 984251, tzinfo=datetime.timezone.utc), status='PendingSubmit', message='', errorCode=0)], advancedError='')
2026-03-09 10:00:59,139 - INFO - orderStatus: Trade(contract=Forex('EURUSD', conId=12087792, exchange='IDEALPRO', localSymbol='EUR.USD', tradingClass='EUR.USD'), order=MarketOrder(orderId=8780, clientId=753, permId=54430780, action='BUY', totalQuantity=20000.0, lmtPrice=0.0, auxPrice=0.0, tif='GTC'), orderStatus=OrderStatus(orderId=8780, status='PreSubmitted', filled=0.0, remaining=20000.0, avgFillPrice=0.0, permId=54430780, parentId=0, lastFillPrice=0.0, clientId=753, whyHeld='', mktCapPrice=0.0), fills=[], log=[TradeLogEntry(time=datetime.datetime(2026, 3, 9, 10, 0, 58, 984251, tzinfo=datetime.timezone.utc), status='PendingSubmit', message='', errorCode=0), TradeLogEntry(time=datetime.datetime(2026, 3, 9, 10, 0, 59, 139084, tzinfo=datetime.timezone.utc), status='PreSubmitted', message='', errorCode=0)], advancedError='')
2026-03-09 10:00:59,180 - INFO - position: Position(account='DUM847254', contract=Forex('EURUSD', conId=12087792, localSymbol='EUR.USD', tradingClass='EUR.USD'), position=0.0, avgCost=0.0)
2026-03-09 10:00:59,181 - INFO - execDetails Execution(execId='0000e215.69ae0cf8.01.01', time=datetime.datetime(2026, 3, 9, 10, 0, 59, tzinfo=datetime.timezone.utc), acctNumber='DUM847254', exchange='IDEALPRO', side='BOT', shares=20000.0, price=1.15539, permId=54430780, clientId=753, orderId=8780, liquidation=0, cumQty=20000.0, avgPrice=1.15539, orderRef='', evRule='', evMultiplier=0.0, modelCode='', lastLiquidity=2, pendingPriceRevision=False)
2026-03-09 10:00:59,181 - INFO - execDetails: Fill(contract=Forex('EURUSD', conId=12087792, exchange='IDEALPRO', localSymbol='EUR.USD', tradingClass='EUR.USD'), execution=Execution(execId='0000e215.69ae0cf8.01.01', time=datetime.datetime(2026, 3, 9, 10, 0, 59, tzinfo=datetime.timezone.utc), acctNumber='DUM847254', exchange='IDEALPRO', side='BOT', shares=20000.0, price=1.15539, permId=54430780, clientId=753, orderId=8780, liquidation=0, cumQty=20000.0, avgPrice=1.15539, orderRef='', evRule='', evMultiplier=0.0, modelCode='', lastLiquidity=2, pendingPriceRevision=False), commissionReport=CommissionReport(execId='', commission=0.0, currency='', realizedPNL=0.0, yield_=0.0, yieldRedemptionDate=0), time=datetime.datetime(2026, 3, 9, 10, 0, 59, 180658, tzinfo=datetime.timezone.utc))
2026-03-09 10:00:59,182 - INFO - orderStatus: Trade(contract=Forex('EURUSD', conId=12087792, exchange='IDEALPRO', localSymbol='EUR.USD', tradingClass='EUR.USD'), order=MarketOrder(orderId=8780, clientId=753, permId=54430780, action='BUY', totalQuantity=20000.0, lmtPrice=0.0, auxPrice=0.0, tif='GTC'), orderStatus=OrderStatus(orderId=8780, status='Filled', filled=20000.0, remaining=0.0, avgFillPrice=1.15539, permId=54430780, parentId=0, lastFillPrice=1.15539, clientId=753, whyHeld='', mktCapPrice=0.0), fills=[Fill(contract=Forex('EURUSD', conId=12087792, exchange='IDEALPRO', localSymbol='EUR.USD', tradingClass='EUR.USD'), execution=Execution(execId='0000e215.69ae0cf8.01.01', time=datetime.datetime(2026, 3, 9, 10, 0, 59, tzinfo=datetime.timezone.utc), acctNumber='DUM847254', exchange='IDEALPRO', side='BOT', shares=20000.0, price=1.15539, permId=54430780, clientId=753, orderId=8780, liquidation=0, cumQty=20000.0, avgPrice=1.15539, orderRef='', evRule='', evMultiplier=0.0, modelCode='', lastLiquidity=2, pendingPriceRevision=False), commissionReport=CommissionReport(execId='', commission=0.0, currency='', realizedPNL=0.0, yield_=0.0, yieldRedemptionDate=0), time=datetime.datetime(2026, 3, 9, 10, 0, 59, 180658, tzinfo=datetime.timezone.utc))], log=[TradeLogEntry(time=datetime.datetime(2026, 3, 9, 10, 0, 58, 984251, tzinfo=datetime.timezone.utc), status='PendingSubmit', message='', errorCode=0), TradeLogEntry(time=datetime.datetime(2026, 3, 9, 10, 0, 59, 139084, tzinfo=datetime.timezone.utc), status='PreSubmitted', message='', errorCode=0), TradeLogEntry(time=datetime.datetime(2026, 3, 9, 10, 0, 59, 180658, tzinfo=datetime.timezone.utc), status='PreSubmitted', message='Fill 20000.0@1.15539', errorCode=0), TradeLogEntry(time=datetime.datetime(2026, 3, 9, 10, 0, 59, 180658, tzinfo=datetime.timezone.utc), status='Filled', message='', errorCode=0)], advancedError='')
2026-03-09 10:00:59,182 - INFO - commissionReport: CommissionReport(execId='0000e215.69ae0cf8.01.01', commission=1.72158, currency='EUR', realizedPNL=0.0, yield_=0.0, yieldRedemptionDate=0)
2026-03-09 10:00:59,182 - INFO - position: Position(account='DUM847254', contract=Forex('EURUSD', conId=12087792, localSymbol='EUR.USD', tradingClass='EUR.USD'), position=0.0, avgCost=0.0)
2026-03-09 10:00:59,489 - INFO - CLOSED: BUY 20,000 EUR @ 1.15539
2026-03-09 10:00:59,489 - INFO - P&L: EUR -34.97 (USD -40.40) | Gross: EUR -31.50 (USD -36.40), Costs: USD 4.00
2026-03-09 10:00:59,489 - INFO - Cumulative P&L: EUR -34.97
2026-03-09 10:01:00,491 - INFO - placeOrder: New order Trade(contract=Forex('EURUSD', conId=12087792, exchange='IDEALPRO', localSymbol='EUR.USD', tradingClass='EUR.USD'), order=MarketOrder(orderId=8781, clientId=753, action='BUY', totalQuantity=20000, tif='GTC'), orderStatus=OrderStatus(orderId=8781, status='PendingSubmit', filled=0.0, remaining=0.0, avgFillPrice=0.0, permId=0, parentId=0, lastFillPrice=0.0, clientId=0, whyHeld='', mktCapPrice=0.0), fills=[], log=[TradeLogEntry(time=datetime.datetime(2026, 3, 9, 10, 1, 0, 490929, tzinfo=datetime.timezone.utc), status='PendingSubmit', message='', errorCode=0)], advancedError='')
2026-03-09 10:01:00,637 - INFO - orderStatus: Trade(contract=Forex('EURUSD', conId=12087792, exchange='IDEALPRO', localSymbol='EUR.USD', tradingClass='EUR.USD'), order=MarketOrder(orderId=8781, clientId=753, permId=54430781, action='BUY', totalQuantity=20000.0, lmtPrice=0.0, auxPrice=0.0, tif='GTC'), orderStatus=OrderStatus(orderId=8781, status='PreSubmitted', filled=0.0, remaining=20000.0, avgFillPrice=0.0, permId=54430781, parentId=0, lastFillPrice=0.0, clientId=753, whyHeld='', mktCapPrice=0.0), fills=[], log=[TradeLogEntry(time=datetime.datetime(2026, 3, 9, 10, 1, 0, 490929, tzinfo=datetime.timezone.utc), status='PendingSubmit', message='', errorCode=0), TradeLogEntry(time=datetime.datetime(2026, 3, 9, 10, 1, 0, 636397, tzinfo=datetime.timezone.utc), status='PreSubmitted', message='', errorCode=0)], advancedError='')
2026-03-09 10:01:00,647 - INFO - position: Position(account='DUM847254', contract=Forex('EURUSD', conId=12087792, localSymbol='EUR.USD', tradingClass='EUR.USD'), position=20000.0, avgCost=1.15538)
2026-03-09 10:01:00,659 - INFO - execDetails Execution(execId='0000e215.69ae0cf9.01.01', time=datetime.datetime(2026, 3, 9, 10, 1, tzinfo=datetime.timezone.utc), acctNumber='DUM847254', exchange='IDEALPRO', side='BOT', shares=20000.0, price=1.15538, permId=54430781, clientId=753, orderId=8781, liquidation=0, cumQty=20000.0, avgPrice=1.15538, orderRef='', evRule='', evMultiplier=0.0, modelCode='', lastLiquidity=2, pendingPriceRevision=False)
2026-03-09 10:01:00,660 - INFO - execDetails: Fill(contract=Forex('EURUSD', conId=12087792, exchange='IDEALPRO', localSymbol='EUR.USD', tradingClass='EUR.USD'), execution=Execution(execId='0000e215.69ae0cf9.01.01', time=datetime.datetime(2026, 3, 9, 10, 1, tzinfo=datetime.timezone.utc), acctNumber='DUM847254', exchange='IDEALPRO', side='BOT', shares=20000.0, price=1.15538, permId=54430781, clientId=753, orderId=8781, liquidation=0, cumQty=20000.0, avgPrice=1.15538, orderRef='', evRule='', evMultiplier=0.0, modelCode='', lastLiquidity=2, pendingPriceRevision=False), commissionReport=CommissionReport(execId='', commission=0.0, currency='', realizedPNL=0.0, yield_=0.0, yieldRedemptionDate=0), time=datetime.datetime(2026, 3, 9, 10, 1, 0, 659646, tzinfo=datetime.timezone.utc))
2026-03-09 10:01:00,665 - INFO - orderStatus: Trade(contract=Forex('EURUSD', conId=12087792, exchange='IDEALPRO', localSymbol='EUR.USD', tradingClass='EUR.USD'), order=MarketOrder(orderId=8781, clientId=753, permId=54430781, action='BUY', totalQuantity=20000.0, lmtPrice=0.0, auxPrice=0.0, tif='GTC'), orderStatus=OrderStatus(orderId=8781, status='Filled', filled=20000.0, remaining=0.0, avgFillPrice=1.15538, permId=54430781, parentId=0, lastFillPrice=1.15538, clientId=753, whyHeld='', mktCapPrice=0.0), fills=[Fill(contract=Forex('EURUSD', conId=12087792, exchange='IDEALPRO', localSymbol='EUR.USD', tradingClass='EUR.USD'), execution=Execution(execId='0000e215.69ae0cf9.01.01', time=datetime.datetime(2026, 3, 9, 10, 1, tzinfo=datetime.timezone.utc), acctNumber='DUM847254', exchange='IDEALPRO', side='BOT', shares=20000.0, price=1.15538, permId=54430781, clientId=753, orderId=8781, liquidation=0, cumQty=20000.0, avgPrice=1.15538, orderRef='', evRule='', evMultiplier=0.0, modelCode='', lastLiquidity=2, pendingPriceRevision=False), commissionReport=CommissionReport(execId='', commission=0.0, currency='', realizedPNL=0.0, yield_=0.0, yieldRedemptionDate=0), time=datetime.datetime(2026, 3, 9, 10, 1, 0, 659646, tzinfo=datetime.timezone.utc))], log=[TradeLogEntry(time=datetime.datetime(2026, 3, 9, 10, 1, 0, 490929, tzinfo=datetime.timezone.utc), status='PendingSubmit', message='', errorCode=0), TradeLogEntry(time=datetime.datetime(2026, 3, 9, 10, 1, 0, 636397, tzinfo=datetime.timezone.utc), status='PreSubmitted', message='', errorCode=0), TradeLogEntry(time=datetime.datetime(2026, 3, 9, 10, 1, 0, 659646, tzinfo=datetime.timezone.utc), status='PreSubmitted', message='Fill 20000.0@1.15538', errorCode=0), TradeLogEntry(time=datetime.datetime(2026, 3, 9, 10, 1, 0, 664130, tzinfo=datetime.timezone.utc), status='Filled', message='', errorCode=0)], advancedError='')
2026-03-09 10:01:00,671 - INFO - commissionReport: CommissionReport(execId='0000e215.69ae0cf9.01.01', commission=1.72158, currency='EUR', realizedPNL=0.0, yield_=0.0, yieldRedemptionDate=0)
2026-03-09 10:01:00,674 - INFO - position: Position(account='DUM847254', contract=Forex('EURUSD', conId=12087792, localSymbol='EUR.USD', tradingClass='EUR.USD'), position=20000.0, avgCost=1.1554794541511961)
2026-03-09 10:01:00,992 - INFO - OPENED: BUY 20,000 EUR @ 1.15538 (slippage: 0.1 pips)
2026-03-09 10:01:00,992 - INFO - Entry price recorded: 1.15538
2026-03-09 10:05:02,074 - INFO - Waiting for new bar... (last: 2026-03-09 06:00:00-04:00, price: 1.15559)
2026-03-09 10:06:02,417 - INFO - New bar: 2026-03-09 06:05:00-04:00 | O=1.15559 H=1.15589 L=1.15534 C=1.15577
2026-03-09 10:10:03,328 - INFO - Waiting for new bar... (last: 2026-03-09 06:05:00-04:00, price: 1.15536)
2026-03-09 10:11:03,584 - INFO - New bar: 2026-03-09 06:10:00-04:00 | O=1.15536 H=1.15542 L=1.15516 C=1.15528
2026-03-09 10:15:04,573 - INFO - Waiting for new bar... (last: 2026-03-09 06:10:00-04:00, price: 1.15491)
2026-03-09 10:16:04,776 - INFO - New bar: 2026-03-09 06:15:00-04:00 | O=1.15491 H=1.15512 L=1.15487 C=1.15502
2026-03-09 10:20:05,811 - INFO - Waiting for new bar... (last: 2026-03-09 06:15:00-04:00, price: 1.15511)
2026-03-09 10:21:06,088 - INFO - New bar: 2026-03-09 06:20:00-04:00 | O=1.15511 H=1.15524 L=1.15499 C=1.15517
2026-03-09 10:25:06,987 - INFO - New bar: 2026-03-09 06:25:00-04:00 | O=1.15488 H=1.15488 L=1.15478 C=1.15480
2026-03-09 10:25:06,989 - INFO - Status: Price=1.15480, Position=LONG, Bars=120, P&L=EUR -34.97, Unrealized: EUR -10.05, Remaining=108.5h
2026-03-09 10:30:08,244 - INFO - New bar: 2026-03-09 06:30:00-04:00 | O=1.15587 H=1.15589 L=1.15585 C=1.15588
2026-03-09 10:35:09,413 - INFO - New bar: 2026-03-09 06:35:00-04:00 | O=1.15586 H=1.15586 L=1.15577 C=1.15586
2026-03-09 10:35:09,414 - INFO - Status: Price=1.15586, Position=LONG, Bars=120, P&L=EUR -34.97, Unrealized: EUR 8.22, Remaining=108.3h
2026-03-09 10:40:10,565 - INFO - New bar: 2026-03-09 06:40:00-04:00 | O=1.15579 H=1.15625 L=1.15577 C=1.15598
2026-03-09 10:45:11,743 - INFO - New bar: 2026-03-09 06:45:00-04:00 | O=1.15631 H=1.15631 L=1.15618 C=1.15623
2026-03-09 10:45:11,745 - INFO - Status: Price=1.15623, Position=LONG, Bars=120, P&L=EUR -34.97, Unrealized: EUR 14.62, Remaining=108.2h
2026-03-09 10:50:12,897 - INFO - New bar: 2026-03-09 06:50:00-04:00 | O=1.15564 H=1.15569 L=1.15551 C=1.15553
2026-03-09 10:55:14,050 - INFO - New bar: 2026-03-09 06:55:00-04:00 | O=1.15606 H=1.15606 L=1.15600 C=1.15603
2026-03-09 10:55:14,052 - INFO - Status: Price=1.15603, Position=LONG, Bars=120, P&L=EUR -34.97, Unrealized: EUR 11.25, Remaining=108.0h
2026-03-09 11:00:15,194 - INFO - New bar: 2026-03-09 07:00:00-04:00 | O=1.15604 H=1.15630 L=1.15603 C=1.15626
2026-03-09 11:05:16,348 - INFO - New bar: 2026-03-09 07:05:00-04:00 | O=1.15654 H=1.15654 L=1.15632 C=1.15633
2026-03-09 11:05:16,349 - INFO - Status: Price=1.15633, Position=LONG, Bars=120, P&L=EUR -34.97, Unrealized: EUR 16.34, Remaining=107.8h
2026-03-09 11:10:17,482 - INFO - New bar: 2026-03-09 07:10:00-04:00 | O=1.15647 H=1.15648 L=1.15642 C=1.15647
2026-03-09 11:15:18,626 - INFO - New bar: 2026-03-09 07:15:00-04:00 | O=1.15673 H=1.15674 L=1.15656 C=1.15669
2026-03-09 11:15:18,627 - INFO - Status: Price=1.15669, Position=LONG, Bars=120, P&L=EUR -34.97, Unrealized: EUR 22.65, Remaining=107.7h
2026-03-09 11:20:19,789 - INFO - New bar: 2026-03-09 07:20:00-04:00 | O=1.15643 H=1.15643 L=1.15629 C=1.15629
2026-03-09 11:25:20,963 - INFO - New bar: 2026-03-09 07:25:00-04:00 | O=1.15623 H=1.15623 L=1.15607 C=1.15618
2026-03-09 11:25:20,965 - INFO - Status: Price=1.15618, Position=LONG, Bars=120, P&L=EUR -34.97, Unrealized: EUR 13.84, Remaining=107.5h
2026-03-09 11:30:22,173 - INFO - New bar: 2026-03-09 07:30:00-04:00 | O=1.15593 H=1.15599 L=1.15582 C=1.15583
2026-03-09 11:35:23,348 - INFO - New bar: 2026-03-09 07:35:00-04:00 | O=1.15621 H=1.15637 L=1.15618 C=1.15637
2026-03-09 11:35:23,349 - INFO - Status: Price=1.15637, Position=LONG, Bars=120, P&L=EUR -34.97, Unrealized: EUR 17.21, Remaining=107.3h
2026-03-09 11:40:24,550 - INFO - New bar: 2026-03-09 07:40:00-04:00 | O=1.15624 H=1.15624 L=1.15604 C=1.15612
2026-03-09 11:45:25,848 - INFO - New bar: 2026-03-09 07:45:00-04:00 | O=1.15562 H=1.15573 L=1.15552 C=1.15573
2026-03-09 11:45:25,850 - INFO - Status: Price=1.15573, Position=LONG, Bars=120, P&L=EUR -34.97, Unrealized: EUR 6.06, Remaining=107.2h
2026-03-09 11:50:27,047 - INFO - New bar: 2026-03-09 07:50:00-04:00 | O=1.15572 H=1.15576 L=1.15563 C=1.15570
2026-03-09 11:55:28,331 - INFO - New bar: 2026-03-09 07:55:00-04:00 | O=1.15630 H=1.15634 L=1.15618 C=1.15633
2026-03-09 11:55:28,333 - INFO - Status: Price=1.15633, Position=LONG, Bars=120, P&L=EUR -34.97, Unrealized: EUR 16.52, Remaining=107.0h
2026-03-09 12:00:29,517 - INFO - New bar: 2026-03-09 08:00:00-04:00 | O=1.15612 H=1.15626 L=1.15600 C=1.15604
2026-03-09 12:05:30,745 - INFO - New bar: 2026-03-09 08:05:00-04:00 | O=1.15650 H=1.15664 L=1.15648 C=1.15661
2026-03-09 12:05:30,746 - INFO - Status: Price=1.15661, Position=LONG, Bars=120, P&L=EUR -34.97, Unrealized: EUR 21.27, Remaining=106.8h
2026-03-09 12:10:31,938 - INFO - New bar: 2026-03-09 08:10:00-04:00 | O=1.15620 H=1.15624 L=1.15617 C=1.15618
2026-03-09 12:15:33,136 - INFO - New bar: 2026-03-09 08:15:00-04:00 | O=1.15627 H=1.15628 L=1.15609 C=1.15610
2026-03-09 12:15:33,138 - INFO - Status: Price=1.15610, Position=LONG, Bars=120, P&L=EUR -34.97, Unrealized: EUR 12.37, Remaining=106.7h
2026-03-09 12:20:34,364 - INFO - New bar: 2026-03-09 08:20:00-04:00 | O=1.15609 H=1.15623 L=1.15604 C=1.15621
2026-03-09 12:25:35,564 - INFO - New bar: 2026-03-09 08:25:00-04:00 | O=1.15630 H=1.15634 L=1.15626 C=1.15629
2026-03-09 12:25:35,566 - INFO - Status: Price=1.15629, Position=LONG, Bars=120, P&L=EUR -34.97, Unrealized: EUR 15.74, Remaining=106.5h
2026-03-09 12:30:36,747 - INFO - New bar: 2026-03-09 08:30:00-04:00 | O=1.15621 H=1.15640 L=1.15614 C=1.15638
2026-03-09 12:35:37,940 - INFO - New bar: 2026-03-09 08:35:00-04:00 | O=1.15629 H=1.15633 L=1.15603 C=1.15629
2026-03-09 12:35:37,941 - INFO - Status: Price=1.15629, Position=LONG, Bars=120, P&L=EUR -34.97, Unrealized: EUR 15.65, Remaining=106.3h
2026-03-09 12:40:39,293 - INFO - New bar: 2026-03-09 08:40:00-04:00 | O=1.15606 H=1.15607 L=1.15583 C=1.15593
2026-03-09 12:45:40,594 - INFO - New bar: 2026-03-09 08:45:00-04:00 | O=1.15604 H=1.15604 L=1.15578 C=1.15588
2026-03-09 12:45:40,595 - INFO - Status: Price=1.15588, Position=LONG, Bars=120, P&L=EUR -34.97, Unrealized: EUR 8.65, Remaining=106.2h
2026-03-09 12:50:41,917 - INFO - New bar: 2026-03-09 08:50:00-04:00 | O=1.15566 H=1.15567 L=1.15532 C=1.15541
2026-03-09 12:55:43,208 - INFO - New bar: 2026-03-09 08:55:00-04:00 | O=1.15544 H=1.15544 L=1.15528 C=1.15532
2026-03-09 12:55:43,209 - INFO - Status: Price=1.15532, Position=LONG, Bars=120, P&L=EUR -34.97, Unrealized: EUR -1.04, Remaining=106.0h
2026-03-09 13:00:44,393 - INFO - New bar: 2026-03-09 09:00:00-04:00 | O=1.15533 H=1.15562 L=1.15533 C=1.15542
2026-03-09 13:05:45,641 - INFO - New bar: 2026-03-09 09:05:00-04:00 | O=1.15562 H=1.15569 L=1.15557 C=1.15564
2026-03-09 13:05:45,643 - INFO - Status: Price=1.15564, Position=LONG, Bars=120, P&L=EUR -34.97, Unrealized: EUR 4.50, Remaining=105.8h
2026-03-09 13:10:46,838 - INFO - New bar: 2026-03-09 09:10:00-04:00 | O=1.15551 H=1.15589 L=1.15548 C=1.15588
2026-03-09 13:15:48,216 - INFO - New bar: 2026-03-09 09:15:00-04:00 | O=1.15682 H=1.15700 L=1.15679 C=1.15698
2026-03-09 13:15:48,217 - INFO - Status: Price=1.15698, Position=LONG, Bars=120, P&L=EUR -34.97, Unrealized: EUR 27.74, Remaining=105.7h
2026-03-09 13:20:49,540 - INFO - New bar: 2026-03-09 09:20:00-04:00 | O=1.15701 H=1.15701 L=1.15678 C=1.15684
2026-03-09 13:25:50,794 - INFO - New bar: 2026-03-09 09:25:00-04:00 | O=1.15684 H=1.15766 L=1.15682 C=1.15744
2026-03-09 13:25:50,795 - INFO - Status: Price=1.15744, Position=LONG, Bars=120, P&L=EUR -34.97, Unrealized: EUR 35.60, Remaining=105.5h
2026-03-09 13:30:53,076 - INFO - New bar: 2026-03-09 09:30:00-04:00 | O=1.15778 H=1.15831 L=1.15775 C=1.15826
2026-03-09 13:35:55,495 - INFO - New bar: 2026-03-09 09:35:00-04:00 | O=1.15853 H=1.15856 L=1.15837 C=1.15848
2026-03-09 13:35:55,496 - INFO - Status: Price=1.15848, Position=LONG, Bars=120, P&L=EUR -34.97, Unrealized: EUR 53.60, Remaining=105.3h
2026-03-09 13:40:56,728 - INFO - New bar: 2026-03-09 09:40:00-04:00 | O=1.15813 H=1.15813 L=1.15772 C=1.15774
2026-03-09 13:45:58,014 - INFO - New bar: 2026-03-09 09:45:00-04:00 | O=1.15786 H=1.15788 L=1.15762 C=1.15762
2026-03-09 13:45:58,016 - INFO - Status: Price=1.15762, Position=LONG, Bars=120, P&L=EUR -34.97, Unrealized: EUR 38.79, Remaining=105.2h
2026-03-09 13:50:59,233 - INFO - New bar: 2026-03-09 09:50:00-04:00 | O=1.15770 H=1.15779 L=1.15752 C=1.15752
2026-03-09 13:56:00,445 - INFO - New bar: 2026-03-09 09:55:00-04:00 | O=1.15728 H=1.15755 L=1.15699 C=1.15726
2026-03-09 13:56:00,447 - INFO - Status: Price=1.15726, Position=LONG, Bars=120, P&L=EUR -34.97, Unrealized: EUR 32.58, Remaining=105.0h
2026-03-09 14:01:01,831 - INFO - New bar: 2026-03-09 10:00:00-04:00 | O=1.15759 H=1.15775 L=1.15738 C=1.15749
2026-03-09 14:06:03,184 - INFO - New bar: 2026-03-09 10:05:00-04:00 | O=1.15773 H=1.15782 L=1.15647 C=1.15648
2026-03-09 14:06:03,193 - INFO - Status: Price=1.15648, Position=LONG, Bars=120, P&L=EUR -34.97, Unrealized: EUR 19.02, Remaining=104.8h
2026-03-09 14:11:04,382 - INFO - New bar: 2026-03-09 10:10:00-04:00 | O=1.15553 H=1.15563 L=1.15524 C=1.15524
2026-03-09 14:16:05,542 - INFO - New bar: 2026-03-09 10:15:00-04:00 | O=1.15596 H=1.15630 L=1.15565 C=1.15625
2026-03-09 14:16:05,543 - INFO - Status: Price=1.15625, Position=LONG, Bars=120, P&L=EUR -34.97, Unrealized: EUR 15.05, Remaining=104.6h
2026-03-09 14:20:06,482 - INFO - New bar: 2026-03-09 10:20:00-04:00 | O=1.15609 H=1.15614 L=1.15600 C=1.15608
2026-03-09 14:21:06,746 - INFO - Waiting for new bar... (last: 2026-03-09 10:20:00-04:00, price: 1.15603)
2026-03-09 14:25:07,623 - INFO - New bar: 2026-03-09 10:25:00-04:00 | O=1.15643 H=1.15653 L=1.15638 C=1.15650
2026-03-09 14:26:07,852 - INFO - Waiting for new bar... (last: 2026-03-09 10:25:00-04:00, price: 1.15641)
2026-03-09 14:30:08,810 - INFO - New bar: 2026-03-09 10:30:00-04:00 | O=1.15644 H=1.15659 L=1.15629 C=1.15658
2026-03-09 14:31:09,022 - INFO - Waiting for new bar... (last: 2026-03-09 10:30:00-04:00, price: 1.15683)
2026-03-09 14:35:09,914 - INFO - New bar: 2026-03-09 10:35:00-04:00 | O=1.15629 H=1.15629 L=1.15617 C=1.15621
2026-03-09 14:36:10,142 - INFO - Waiting for new bar... (last: 2026-03-09 10:35:00-04:00, price: 1.15625)
2026-03-09 14:40:11,091 - INFO - New bar: 2026-03-09 10:40:00-04:00 | O=1.15645 H=1.15655 L=1.15634 C=1.15650
2026-03-09 14:41:11,424 - INFO - Waiting for new bar... (last: 2026-03-09 10:40:00-04:00, price: 1.15647)
2026-03-09 14:45:12,387 - INFO - New bar: 2026-03-09 10:45:00-04:00 | O=1.15715 H=1.15722 L=1.15704 C=1.15718
2026-03-09 14:46:12,587 - INFO - Waiting for new bar... (last: 2026-03-09 10:45:00-04:00, price: 1.15748)
2026-03-09 14:50:13,514 - INFO - New bar: 2026-03-09 10:50:00-04:00 | O=1.15709 H=1.15725 L=1.15707 C=1.15708
2026-03-09 14:51:13,774 - INFO - Waiting for new bar... (last: 2026-03-09 10:50:00-04:00, price: 1.15741)
2026-03-09 14:55:14,641 - INFO - New bar: 2026-03-09 10:55:00-04:00 | O=1.15748 H=1.15749 L=1.15742 C=1.15748
2026-03-09 14:56:14,901 - INFO - Waiting for new bar... (last: 2026-03-09 10:55:00-04:00, price: 1.15742)
2026-03-09 15:00:15,962 - INFO - New bar: 2026-03-09 11:00:00-04:00 | O=1.15730 H=1.15759 L=1.15722 C=1.15754
2026-03-09 15:01:16,178 - INFO - Waiting for new bar... (last: 2026-03-09 11:00:00-04:00, price: 1.15764)
2026-03-09 15:05:17,125 - INFO - New bar: 2026-03-09 11:05:00-04:00 | O=1.15832 H=1.15844 L=1.15826 C=1.15829
2026-03-09 15:06:17,357 - INFO - Waiting for new bar... (last: 2026-03-09 11:05:00-04:00, price: 1.15813)
2026-03-09 15:10:18,235 - INFO - New bar: 2026-03-09 11:10:00-04:00 | O=1.15840 H=1.15854 L=1.15837 C=1.15838
2026-03-09 15:11:18,494 - INFO - Waiting for new bar... (last: 2026-03-09 11:10:00-04:00, price: 1.15846)
2026-03-09 15:15:19,446 - INFO - New bar: 2026-03-09 11:15:00-04:00 | O=1.15854 H=1.15865 L=1.15853 C=1.15860
2026-03-09 15:16:19,651 - INFO - Waiting for new bar... (last: 2026-03-09 11:15:00-04:00, price: 1.15854)
2026-03-09 15:20:20,586 - INFO - New bar: 2026-03-09 11:20:00-04:00 | O=1.15814 H=1.15822 L=1.15808 C=1.15822
2026-03-09 15:21:20,822 - INFO - Waiting for new bar... (last: 2026-03-09 11:20:00-04:00, price: 1.15848)
2026-03-09 15:25:21,813 - INFO - New bar: 2026-03-09 11:25:00-04:00 | O=1.15867 H=1.15874 L=1.15844 C=1.15848
2026-03-09 15:26:22,077 - INFO - Waiting for new bar... (last: 2026-03-09 11:25:00-04:00, price: 1.15878)
2026-03-09 15:30:22,987 - INFO - New bar: 2026-03-09 11:30:00-04:00 | O=1.15864 H=1.15873 L=1.15849 C=1.15866
2026-03-09 15:31:23,205 - INFO - Waiting for new bar... (last: 2026-03-09 11:30:00-04:00, price: 1.15873)
2026-03-09 15:35:24,132 - INFO - New bar: 2026-03-09 11:35:00-04:00 | O=1.15853 H=1.15857 L=1.15831 C=1.15857
2026-03-09 15:36:24,383 - INFO - Waiting for new bar... (last: 2026-03-09 11:35:00-04:00, price: 1.15848)
2026-03-09 15:40:25,299 - INFO - New bar: 2026-03-09 11:40:00-04:00 | O=1.15861 H=1.15874 L=1.15851 C=1.15874
2026-03-09 15:41:25,542 - INFO - Waiting for new bar... (last: 2026-03-09 11:40:00-04:00, price: 1.15857)
2026-03-09 15:45:26,493 - INFO - New bar: 2026-03-09 11:45:00-04:00 | O=1.15867 H=1.15897 L=1.15858 C=1.15888
2026-03-09 15:46:26,712 - INFO - Waiting for new bar... (last: 2026-03-09 11:45:00-04:00, price: 1.15897)
2026-03-09 15:50:27,686 - INFO - New bar: 2026-03-09 11:50:00-04:00 | O=1.15867 H=1.15870 L=1.15853 C=1.15863
2026-03-09 15:51:27,967 - INFO - Waiting for new bar... (last: 2026-03-09 11:50:00-04:00, price: 1.15863)
2026-03-09 15:55:28,881 - INFO - New bar: 2026-03-09 11:55:00-04:00 | O=1.15928 H=1.15931 L=1.15919 C=1.15926
2026-03-09 15:56:29,138 - INFO - Waiting for new bar... (last: 2026-03-09 11:55:00-04:00, price: 1.15925)
2026-03-09 16:00:30,079 - INFO - New bar: 2026-03-09 12:00:00-04:00 | O=1.15917 H=1.15939 L=1.15916 C=1.15938
2026-03-09 16:01:30,303 - INFO - Waiting for new bar... (last: 2026-03-09 12:00:00-04:00, price: 1.15925)
2026-03-09 16:05:31,255 - INFO - New bar: 2026-03-09 12:05:00-04:00 | O=1.15968 H=1.15981 L=1.15937 C=1.15951
2026-03-09 16:06:31,508 - INFO - Waiting for new bar... (last: 2026-03-09 12:05:00-04:00, price: 1.15927)
2026-03-09 16:10:32,536 - INFO - New bar: 2026-03-09 12:10:00-04:00 | O=1.15954 H=1.15959 L=1.15945 C=1.15955
2026-03-09 16:11:32,799 - INFO - Waiting for new bar... (last: 2026-03-09 12:10:00-04:00, price: 1.15928)
2026-03-09 16:15:33,913 - INFO - New bar: 2026-03-09 12:15:00-04:00 | O=1.15906 H=1.15909 L=1.15901 C=1.15904
2026-03-09 16:16:34,384 - INFO - Waiting for new bar... (last: 2026-03-09 12:15:00-04:00, price: 1.15914)
2026-03-09 16:20:35,333 - INFO - New bar: 2026-03-09 12:20:00-04:00 | O=1.15928 H=1.15933 L=1.15919 C=1.15920
2026-03-09 16:21:35,588 - INFO - Waiting for new bar... (last: 2026-03-09 12:20:00-04:00, price: 1.15879)
2026-03-09 16:25:37,660 - INFO - New bar: 2026-03-09 12:25:00-04:00 | O=1.15925 H=1.15928 L=1.15902 C=1.15908
2026-03-09 16:26:37,900 - INFO - Waiting for new bar... (last: 2026-03-09 12:25:00-04:00, price: 1.15919)
2026-03-09 16:30:38,863 - INFO - New bar: 2026-03-09 12:30:00-04:00 | O=1.15908 H=1.15923 L=1.15907 C=1.15914
2026-03-09 16:31:39,084 - INFO - Waiting for new bar... (last: 2026-03-09 12:30:00-04:00, price: 1.15935)
2026-03-09 16:35:40,053 - INFO - New bar: 2026-03-09 12:35:00-04:00 | O=1.15959 H=1.15980 L=1.15955 C=1.15976
2026-03-09 16:36:40,313 - INFO - Waiting for new bar... (last: 2026-03-09 12:35:00-04:00, price: 1.15962)
2026-03-09 16:40:41,253 - INFO - New bar: 2026-03-09 12:40:00-04:00 | O=1.15959 H=1.15975 L=1.15959 C=1.15973
2026-03-09 16:41:41,488 - INFO - Waiting for new bar... (last: 2026-03-09 12:40:00-04:00, price: 1.15959)
2026-03-09 16:45:42,410 - INFO - New bar: 2026-03-09 12:45:00-04:00 | O=1.15968 H=1.15984 L=1.15968 C=1.15972
2026-03-09 16:46:42,647 - INFO - Waiting for new bar... (last: 2026-03-09 12:45:00-04:00, price: 1.15972)
2026-03-09 16:50:43,592 - INFO - New bar: 2026-03-09 12:50:00-04:00 | O=1.15963 H=1.15963 L=1.15932 C=1.15937
2026-03-09 16:51:43,935 - INFO - Waiting for new bar... (last: 2026-03-09 12:50:00-04:00, price: 1.15963)
2026-03-09 16:55:44,843 - INFO - New bar: 2026-03-09 12:55:00-04:00 | O=1.15923 H=1.15924 L=1.15912 C=1.15919
2026-03-09 16:56:45,090 - INFO - Waiting for new bar... (last: 2026-03-09 12:55:00-04:00, price: 1.15919)
2026-03-09 17:00:46,053 - INFO - New bar: 2026-03-09 13:00:00-04:00 | O=1.15877 H=1.15879 L=1.15859 C=1.15871
2026-03-09 17:01:46,277 - INFO - Waiting for new bar... (last: 2026-03-09 13:00:00-04:00, price: 1.15888)
2026-03-09 17:05:47,208 - INFO - New bar: 2026-03-09 13:05:00-04:00 | O=1.15864 H=1.15881 L=1.15859 C=1.15873
2026-03-09 17:06:47,450 - INFO - Waiting for new bar... (last: 2026-03-09 13:05:00-04:00, price: 1.15874)
2026-03-09 17:10:48,363 - INFO - New bar: 2026-03-09 13:10:00-04:00 | O=1.15853 H=1.15895 L=1.15852 C=1.15892
2026-03-09 17:11:48,728 - INFO - Waiting for new bar... (last: 2026-03-09 13:10:00-04:00, price: 1.15864)
2026-03-09 17:15:49,676 - INFO - New bar: 2026-03-09 13:15:00-04:00 | O=1.15856 H=1.15857 L=1.15831 C=1.15831
2026-03-09 17:16:49,889 - INFO - Waiting for new bar... (last: 2026-03-09 13:15:00-04:00, price: 1.15833)
2026-03-09 17:20:50,878 - INFO - New bar: 2026-03-09 13:20:00-04:00 | O=1.15829 H=1.15840 L=1.15828 C=1.15830
2026-03-09 17:21:51,124 - INFO - Waiting for new bar... (last: 2026-03-09 13:20:00-04:00, price: 1.15827)
2026-03-09 17:25:52,101 - INFO - New bar: 2026-03-09 13:25:00-04:00 | O=1.15833 H=1.15840 L=1.15827 C=1.15840
2026-03-09 17:26:52,381 - INFO - Waiting for new bar... (last: 2026-03-09 13:25:00-04:00, price: 1.15838)
2026-03-09 17:30:53,400 - INFO - New bar: 2026-03-09 13:30:00-04:00 | O=1.15836 H=1.15837 L=1.15831 C=1.15836
2026-03-09 17:31:53,685 - INFO - Waiting for new bar... (last: 2026-03-09 13:30:00-04:00, price: 1.15829)
2026-03-09 17:35:54,675 - INFO - New bar: 2026-03-09 13:35:00-04:00 | O=1.15833 H=1.15842 L=1.15826 C=1.15840
2026-03-09 17:36:54,970 - INFO - Waiting for new bar... (last: 2026-03-09 13:35:00-04:00, price: 1.15830)
2026-03-09 17:40:55,941 - INFO - New bar: 2026-03-09 13:40:00-04:00 | O=1.15840 H=1.15844 L=1.15833 C=1.15833
2026-03-09 17:41:56,202 - INFO - Waiting for new bar... (last: 2026-03-09 13:40:00-04:00, price: 1.15824)
2026-03-09 17:45:57,168 - INFO - New bar: 2026-03-09 13:45:00-04:00 | O=1.15837 H=1.15845 L=1.15832 C=1.15841
2026-03-09 17:46:57,406 - INFO - Waiting for new bar... (last: 2026-03-09 13:45:00-04:00, price: 1.15848)
2026-03-09 17:50:58,335 - INFO - New bar: 2026-03-09 13:50:00-04:00 | O=1.15860 H=1.15860 L=1.15830 C=1.15834
2026-03-09 17:51:58,596 - INFO - Waiting for new bar... (last: 2026-03-09 13:50:00-04:00, price: 1.15820)
2026-03-09 17:55:59,636 - INFO - New bar: 2026-03-09 13:55:00-04:00 | O=1.15833 H=1.15840 L=1.15816 C=1.15817
2026-03-09 17:56:59,856 - INFO - Waiting for new bar... (last: 2026-03-09 13:55:00-04:00, price: 1.15813)
2026-03-09 18:01:00,865 - INFO - New bar: 2026-03-09 14:00:00-04:00 | O=1.15787 H=1.15803 L=1.15779 C=1.15795
2026-03-09 18:02:01,121 - INFO - Waiting for new bar... (last: 2026-03-09 14:00:00-04:00, price: 1.15810)
2026-03-09 18:06:02,125 - INFO - New bar: 2026-03-09 14:05:00-04:00 | O=1.15812 H=1.15837 L=1.15810 C=1.15837
2026-03-09 18:07:02,333 - INFO - Waiting for new bar... (last: 2026-03-09 14:05:00-04:00, price: 1.15833)
2026-03-09 18:11:03,288 - INFO - New bar: 2026-03-09 14:10:00-04:00 | O=1.15787 H=1.15823 L=1.15783 C=1.15819
2026-03-09 18:12:03,545 - INFO - Waiting for new bar... (last: 2026-03-09 14:10:00-04:00, price: 1.15828)
2026-03-09 18:16:04,444 - INFO - New bar: 2026-03-09 14:15:00-04:00 | O=1.15823 H=1.15823 L=1.15806 C=1.15814
2026-03-09 18:17:04,703 - INFO - Waiting for new bar... (last: 2026-03-09 14:15:00-04:00, price: 1.15825)
2026-03-09 18:21:05,732 - INFO - New bar: 2026-03-09 14:20:00-04:00 | O=1.15800 H=1.15801 L=1.15782 C=1.15796
2026-03-09 18:22:05,939 - INFO - Waiting for new bar... (last: 2026-03-09 14:20:00-04:00, price: 1.15789)
2026-03-09 18:25:06,605 - INFO - New bar: 2026-03-09 14:25:00-04:00 | O=1.15827 H=1.15829 L=1.15823 C=1.15823
2026-03-09 18:27:07,084 - INFO - Waiting for new bar... (last: 2026-03-09 14:25:00-04:00, price: 1.15823)
2026-03-09 18:30:07,752 - INFO - New bar: 2026-03-09 14:30:00-04:00 | O=1.15811 H=1.15811 L=1.15809 C=1.15810
2026-03-09 18:32:08,167 - INFO - Waiting for new bar... (last: 2026-03-09 14:30:00-04:00, price: 1.15820)
2026-03-09 18:35:08,880 - INFO - New bar: 2026-03-09 14:35:00-04:00 | O=1.15822 H=1.15826 L=1.15821 C=1.15821
2026-03-09 18:37:09,438 - INFO - Waiting for new bar... (last: 2026-03-09 14:35:00-04:00, price: 1.15819)
2026-03-09 18:40:10,133 - INFO - New bar: 2026-03-09 14:40:00-04:00 | O=1.15800 H=1.15800 L=1.15800 C=1.15800
2026-03-09 18:42:10,608 - INFO - Waiting for new bar... (last: 2026-03-09 14:40:00-04:00, price: 1.15783)
2026-03-09 18:45:11,313 - INFO - New bar: 2026-03-09 14:45:00-04:00 | O=1.15775 H=1.15775 L=1.15759 C=1.15761
2026-03-09 18:47:11,790 - INFO - Waiting for new bar... (last: 2026-03-09 14:45:00-04:00, price: 1.15787)
2026-03-09 18:50:12,503 - INFO - New bar: 2026-03-09 14:50:00-04:00 | O=1.15776 H=1.15778 L=1.15769 C=1.15776
2026-03-09 18:52:12,985 - INFO - Waiting for new bar... (last: 2026-03-09 14:50:00-04:00, price: 1.15797)
2026-03-09 18:55:13,686 - INFO - New bar: 2026-03-09 14:55:00-04:00 | O=1.15793 H=1.15797 L=1.15793 C=1.15796
2026-03-09 18:57:14,203 - INFO - Waiting for new bar... (last: 2026-03-09 14:55:00-04:00, price: 1.15778)
2026-03-09 19:00:15,029 - INFO - New bar: 2026-03-09 15:00:00-04:00 | O=1.15765 H=1.15766 L=1.15758 C=1.15761
2026-03-09 19:00:15,037 - INFO - SELL Signal: SMA 1.15804 crossed below 1.15811, RSI 39.4, Momentum -0.000575
2026-03-09 19:00:15,042 - INFO - Checking EUR balance...
2026-03-09 19:00:15,043 - INFO - EUR balance: 973,288.59 EUR
2026-03-09 19:00:15,044 - INFO - Required minimum: 20,000.00 EUR
2026-03-09 19:00:15,044 - INFO - Status: Sufficient
2026-03-09 19:00:15,045 - INFO - placeOrder: New order Trade(contract=Forex('EURUSD', conId=12087792, exchange='IDEALPRO', localSymbol='EUR.USD', tradingClass='EUR.USD'), order=MarketOrder(orderId=9319, clientId=753, action='SELL', totalQuantity=20000, tif='GTC'), orderStatus=OrderStatus(orderId=9319, status='PendingSubmit', filled=0.0, remaining=0.0, avgFillPrice=0.0, permId=0, parentId=0, lastFillPrice=0.0, clientId=0, whyHeld='', mktCapPrice=0.0), fills=[], log=[TradeLogEntry(time=datetime.datetime(2026, 3, 9, 19, 0, 15, 45471, tzinfo=datetime.timezone.utc), status='PendingSubmit', message='', errorCode=0)], advancedError='')
2026-03-09 19:00:15,186 - INFO - orderStatus: Trade(contract=Forex('EURUSD', conId=12087792, exchange='IDEALPRO', localSymbol='EUR.USD', tradingClass='EUR.USD'), order=MarketOrder(orderId=9319, clientId=753, permId=54430782, action='SELL', totalQuantity=20000.0, lmtPrice=0.0, auxPrice=0.0, tif='GTC'), orderStatus=OrderStatus(orderId=9319, status='PreSubmitted', filled=0.0, remaining=20000.0, avgFillPrice=0.0, permId=54430782, parentId=0, lastFillPrice=0.0, clientId=753, whyHeld='', mktCapPrice=0.0), fills=[], log=[TradeLogEntry(time=datetime.datetime(2026, 3, 9, 19, 0, 15, 45471, tzinfo=datetime.timezone.utc), status='PendingSubmit', message='', errorCode=0), TradeLogEntry(time=datetime.datetime(2026, 3, 9, 19, 0, 15, 186262, tzinfo=datetime.timezone.utc), status='PreSubmitted', message='', errorCode=0)], advancedError='')
2026-03-09 19:00:15,228 - INFO - position: Position(account='DUM847254', contract=Forex('EURUSD', conId=12087792, localSymbol='EUR.USD', tradingClass='EUR.USD'), position=0.0, avgCost=0.0)
2026-03-09 19:00:15,229 - INFO - execDetails Execution(execId='0000e215.69ae2fe8.01.01', time=datetime.datetime(2026, 3, 9, 19, 0, 15, tzinfo=datetime.timezone.utc), acctNumber='DUM847254', exchange='IDEALPRO', side='SLD', shares=20000.0, price=1.15757, permId=54430782, clientId=753, orderId=9319, liquidation=0, cumQty=20000.0, avgPrice=1.15757, orderRef='', evRule='', evMultiplier=0.0, modelCode='', lastLiquidity=2, pendingPriceRevision=False)
2026-03-09 19:00:15,229 - INFO - execDetails: Fill(contract=Forex('EURUSD', conId=12087792, exchange='IDEALPRO', localSymbol='EUR.USD', tradingClass='EUR.USD'), execution=Execution(execId='0000e215.69ae2fe8.01.01', time=datetime.datetime(2026, 3, 9, 19, 0, 15, tzinfo=datetime.timezone.utc), acctNumber='DUM847254', exchange='IDEALPRO', side='SLD', shares=20000.0, price=1.15757, permId=54430782, clientId=753, orderId=9319, liquidation=0, cumQty=20000.0, avgPrice=1.15757, orderRef='', evRule='', evMultiplier=0.0, modelCode='', lastLiquidity=2, pendingPriceRevision=False), commissionReport=CommissionReport(execId='', commission=0.0, currency='', realizedPNL=0.0, yield_=0.0, yieldRedemptionDate=0), time=datetime.datetime(2026, 3, 9, 19, 0, 15, 228704, tzinfo=datetime.timezone.utc))
2026-03-09 19:00:15,230 - INFO - orderStatus: Trade(contract=Forex('EURUSD', conId=12087792, exchange='IDEALPRO', localSymbol='EUR.USD', tradingClass='EUR.USD'), order=MarketOrder(orderId=9319, clientId=753, permId=54430782, action='SELL', totalQuantity=20000.0, lmtPrice=0.0, auxPrice=0.0, tif='GTC'), orderStatus=OrderStatus(orderId=9319, status='Filled', filled=20000.0, remaining=0.0, avgFillPrice=1.15757, permId=54430782, parentId=0, lastFillPrice=1.15757, clientId=753, whyHeld='', mktCapPrice=0.0), fills=[Fill(contract=Forex('EURUSD', conId=12087792, exchange='IDEALPRO', localSymbol='EUR.USD', tradingClass='EUR.USD'), execution=Execution(execId='0000e215.69ae2fe8.01.01', time=datetime.datetime(2026, 3, 9, 19, 0, 15, tzinfo=datetime.timezone.utc), acctNumber='DUM847254', exchange='IDEALPRO', side='SLD', shares=20000.0, price=1.15757, permId=54430782, clientId=753, orderId=9319, liquidation=0, cumQty=20000.0, avgPrice=1.15757, orderRef='', evRule='', evMultiplier=0.0, modelCode='', lastLiquidity=2, pendingPriceRevision=False), commissionReport=CommissionReport(execId='', commission=0.0, currency='', realizedPNL=0.0, yield_=0.0, yieldRedemptionDate=0), time=datetime.datetime(2026, 3, 9, 19, 0, 15, 228704, tzinfo=datetime.timezone.utc))], log=[TradeLogEntry(time=datetime.datetime(2026, 3, 9, 19, 0, 15, 45471, tzinfo=datetime.timezone.utc), status='PendingSubmit', message='', errorCode=0), TradeLogEntry(time=datetime.datetime(2026, 3, 9, 19, 0, 15, 186262, tzinfo=datetime.timezone.utc), status='PreSubmitted', message='', errorCode=0), TradeLogEntry(time=datetime.datetime(2026, 3, 9, 19, 0, 15, 228704, tzinfo=datetime.timezone.utc), status='PreSubmitted', message='Fill 20000.0@1.15757', errorCode=0), TradeLogEntry(time=datetime.datetime(2026, 3, 9, 19, 0, 15, 228704, tzinfo=datetime.timezone.utc), status='Filled', message='', errorCode=0)], advancedError='')
2026-03-09 19:00:15,230 - INFO - commissionReport: CommissionReport(execId='0000e215.69ae2fe8.01.01', commission=1.72158, currency='EUR', realizedPNL=0.0, yield_=0.0, yieldRedemptionDate=0)
2026-03-09 19:00:15,233 - INFO - position: Position(account='DUM847254', contract=Forex('EURUSD', conId=12087792, localSymbol='EUR.USD', tradingClass='EUR.USD'), position=0.0, avgCost=0.0)
2026-03-09 19:00:15,547 - INFO - CLOSED: SELL 20,000 EUR @ 1.15757
2026-03-09 19:00:15,547 - INFO - P&L: EUR 34.38 (USD 39.80) | Gross: EUR 37.84 (USD 43.80), Costs: USD 4.00
2026-03-09 19:00:15,547 - INFO - Cumulative P&L: EUR -0.58
2026-03-09 19:00:16,549 - INFO - placeOrder: New order Trade(contract=Forex('EURUSD', conId=12087792, exchange='IDEALPRO', localSymbol='EUR.USD', tradingClass='EUR.USD'), order=MarketOrder(orderId=9320, clientId=753, action='SELL', totalQuantity=20000, tif='GTC'), orderStatus=OrderStatus(orderId=9320, status='PendingSubmit', filled=0.0, remaining=0.0, avgFillPrice=0.0, permId=0, parentId=0, lastFillPrice=0.0, clientId=0, whyHeld='', mktCapPrice=0.0), fills=[], log=[TradeLogEntry(time=datetime.datetime(2026, 3, 9, 19, 0, 16, 548880, tzinfo=datetime.timezone.utc), status='PendingSubmit', message='', errorCode=0)], advancedError='')
2026-03-09 19:00:16,684 - INFO - orderStatus: Trade(contract=Forex('EURUSD', conId=12087792, exchange='IDEALPRO', localSymbol='EUR.USD', tradingClass='EUR.USD'), order=MarketOrder(orderId=9320, clientId=753, permId=54430783, action='SELL', totalQuantity=20000.0, lmtPrice=0.0, auxPrice=0.0, tif='GTC'), orderStatus=OrderStatus(orderId=9320, status='PreSubmitted', filled=0.0, remaining=20000.0, avgFillPrice=0.0, permId=54430783, parentId=0, lastFillPrice=0.0, clientId=753, whyHeld='', mktCapPrice=0.0), fills=[], log=[TradeLogEntry(time=datetime.datetime(2026, 3, 9, 19, 0, 16, 548880, tzinfo=datetime.timezone.utc), status='PendingSubmit', message='', errorCode=0), TradeLogEntry(time=datetime.datetime(2026, 3, 9, 19, 0, 16, 683424, tzinfo=datetime.timezone.utc), status='PreSubmitted', message='', errorCode=0)], advancedError='')
2026-03-09 19:00:16,699 - INFO - position: Position(account='DUM847254', contract=Forex('EURUSD', conId=12087792, localSymbol='EUR.USD', tradingClass='EUR.USD'), position=-20000.0, avgCost=1.15758)
2026-03-09 19:00:16,710 - INFO - execDetails Execution(execId='0000e215.69ae2fe9.01.01', time=datetime.datetime(2026, 3, 9, 19, 0, 16, tzinfo=datetime.timezone.utc), acctNumber='DUM847254', exchange='IDEALPRO', side='SLD', shares=20000.0, price=1.15758, permId=54430783, clientId=753, orderId=9320, liquidation=0, cumQty=20000.0, avgPrice=1.15758, orderRef='', evRule='', evMultiplier=0.0, modelCode='', lastLiquidity=2, pendingPriceRevision=False)
2026-03-09 19:00:16,710 - INFO - execDetails: Fill(contract=Forex('EURUSD', conId=12087792, exchange='IDEALPRO', localSymbol='EUR.USD', tradingClass='EUR.USD'), execution=Execution(execId='0000e215.69ae2fe9.01.01', time=datetime.datetime(2026, 3, 9, 19, 0, 16, tzinfo=datetime.timezone.utc), acctNumber='DUM847254', exchange='IDEALPRO', side='SLD', shares=20000.0, price=1.15758, permId=54430783, clientId=753, orderId=9320, liquidation=0, cumQty=20000.0, avgPrice=1.15758, orderRef='', evRule='', evMultiplier=0.0, modelCode='', lastLiquidity=2, pendingPriceRevision=False), commissionReport=CommissionReport(execId='', commission=0.0, currency='', realizedPNL=0.0, yield_=0.0, yieldRedemptionDate=0), time=datetime.datetime(2026, 3, 9, 19, 0, 16, 710164, tzinfo=datetime.timezone.utc))
2026-03-09 19:00:16,714 - INFO - orderStatus: Trade(contract=Forex('EURUSD', conId=12087792, exchange='IDEALPRO', localSymbol='EUR.USD', tradingClass='EUR.USD'), order=MarketOrder(orderId=9320, clientId=753, permId=54430783, action='SELL', totalQuantity=20000.0, lmtPrice=0.0, auxPrice=0.0, tif='GTC'), orderStatus=OrderStatus(orderId=9320, status='Filled', filled=20000.0, remaining=0.0, avgFillPrice=1.15758, permId=54430783, parentId=0, lastFillPrice=1.15758, clientId=753, whyHeld='', mktCapPrice=0.0), fills=[Fill(contract=Forex('EURUSD', conId=12087792, exchange='IDEALPRO', localSymbol='EUR.USD', tradingClass='EUR.USD'), execution=Execution(execId='0000e215.69ae2fe9.01.01', time=datetime.datetime(2026, 3, 9, 19, 0, 16, tzinfo=datetime.timezone.utc), acctNumber='DUM847254', exchange='IDEALPRO', side='SLD', shares=20000.0, price=1.15758, permId=54430783, clientId=753, orderId=9320, liquidation=0, cumQty=20000.0, avgPrice=1.15758, orderRef='', evRule='', evMultiplier=0.0, modelCode='', lastLiquidity=2, pendingPriceRevision=False), commissionReport=CommissionReport(execId='', commission=0.0, currency='', realizedPNL=0.0, yield_=0.0, yieldRedemptionDate=0), time=datetime.datetime(2026, 3, 9, 19, 0, 16, 710164, tzinfo=datetime.timezone.utc))], log=[TradeLogEntry(time=datetime.datetime(2026, 3, 9, 19, 0, 16, 548880, tzinfo=datetime.timezone.utc), status='PendingSubmit', message='', errorCode=0), TradeLogEntry(time=datetime.datetime(2026, 3, 9, 19, 0, 16, 683424, tzinfo=datetime.timezone.utc), status='PreSubmitted', message='', errorCode=0), TradeLogEntry(time=datetime.datetime(2026, 3, 9, 19, 0, 16, 710164, tzinfo=datetime.timezone.utc), status='PreSubmitted', message='Fill 20000.0@1.15758', errorCode=0), TradeLogEntry(time=datetime.datetime(2026, 3, 9, 19, 0, 16, 713432, tzinfo=datetime.timezone.utc), status='Filled', message='', errorCode=0)], advancedError='')
2026-03-09 19:00:16,735 - INFO - commissionReport: CommissionReport(execId='0000e215.69ae2fe9.01.01', commission=1.72158, currency='EUR', realizedPNL=0.0, yield_=0.0, yieldRedemptionDate=0)
2026-03-09 19:00:16,738 - INFO - position: Position(account='DUM847254', contract=Forex('EURUSD', conId=12087792, localSymbol='EUR.USD', tradingClass='EUR.USD'), position=-20000.0, avgCost=1.1574803537552243)
2026-03-09 19:00:17,050 - INFO - OPENED: SELL 20,000 EUR @ 1.15758 (slippage: 0.3 pips)
2026-03-09 19:00:17,050 - INFO - Entry price recorded: 1.15758
2026-03-09 19:02:17,547 - INFO - Waiting for new bar... (last: 2026-03-09 15:00:00-04:00, price: 1.15769)
2026-03-09 19:05:18,313 - INFO - New bar: 2026-03-09 15:05:00-04:00 | O=1.15808 H=1.15809 L=1.15805 C=1.15809
2026-03-09 19:07:18,770 - INFO - Waiting for new bar... (last: 2026-03-09 15:05:00-04:00, price: 1.15803)
2026-03-09 19:10:19,465 - INFO - New bar: 2026-03-09 15:10:00-04:00 | O=1.15825 H=1.15830 L=1.15823 C=1.15828
2026-03-09 19:12:19,922 - INFO - Waiting for new bar... (last: 2026-03-09 15:10:00-04:00, price: 1.15829)
2026-03-09 19:15:20,602 - INFO - New bar: 2026-03-09 15:15:00-04:00 | O=1.15823 H=1.15827 L=1.15822 C=1.15824
2026-03-09 19:17:21,097 - INFO - Waiting for new bar... (last: 2026-03-09 15:15:00-04:00, price: 1.15850)
2026-03-09 19:20:21,792 - INFO - New bar: 2026-03-09 15:20:00-04:00 | O=1.16044 H=1.16084 L=1.16018 C=1.16078
2026-03-09 19:20:21,799 - INFO - BUY Signal: SMA 1.15821 crossed above 1.15819, RSI 74.4, Momentum 0.002685
2026-03-09 19:20:21,803 - INFO - Checking EUR balance...
2026-03-09 19:20:21,804 - INFO - EUR balance: 933,285.14 EUR
2026-03-09 19:20:21,804 - INFO - Required minimum: 20,000.00 EUR
2026-03-09 19:20:21,805 - INFO - Status: Sufficient
2026-03-09 19:20:21,806 - INFO - placeOrder: New order Trade(contract=Forex('EURUSD', conId=12087792, exchange='IDEALPRO', localSymbol='EUR.USD', tradingClass='EUR.USD'), order=MarketOrder(orderId=9341, clientId=753, action='BUY', totalQuantity=20000, tif='GTC'), orderStatus=OrderStatus(orderId=9341, status='PendingSubmit', filled=0.0, remaining=0.0, avgFillPrice=0.0, permId=0, parentId=0, lastFillPrice=0.0, clientId=0, whyHeld='', mktCapPrice=0.0), fills=[], log=[TradeLogEntry(time=datetime.datetime(2026, 3, 9, 19, 20, 21, 806085, tzinfo=datetime.timezone.utc), status='PendingSubmit', message='', errorCode=0)], advancedError='')
2026-03-09 19:20:21,951 - INFO - orderStatus: Trade(contract=Forex('EURUSD', conId=12087792, exchange='IDEALPRO', localSymbol='EUR.USD', tradingClass='EUR.USD'), order=MarketOrder(orderId=9341, clientId=753, permId=54430784, action='BUY', totalQuantity=20000.0, lmtPrice=0.0, auxPrice=0.0, tif='GTC'), orderStatus=OrderStatus(orderId=9341, status='PreSubmitted', filled=0.0, remaining=20000.0, avgFillPrice=0.0, permId=54430784, parentId=0, lastFillPrice=0.0, clientId=753, whyHeld='', mktCapPrice=0.0), fills=[], log=[TradeLogEntry(time=datetime.datetime(2026, 3, 9, 19, 20, 21, 806085, tzinfo=datetime.timezone.utc), status='PendingSubmit', message='', errorCode=0), TradeLogEntry(time=datetime.datetime(2026, 3, 9, 19, 20, 21, 950874, tzinfo=datetime.timezone.utc), status='PreSubmitted', message='', errorCode=0)], advancedError='')
2026-03-09 19:20:21,992 - INFO - position: Position(account='DUM847254', contract=Forex('EURUSD', conId=12087792, localSymbol='EUR.USD', tradingClass='EUR.USD'), position=0.0, avgCost=0.0)
2026-03-09 19:20:21,993 - INFO - execDetails Execution(execId='0000e215.69ae3168.01.01', time=datetime.datetime(2026, 3, 9, 19, 20, 21, tzinfo=datetime.timezone.utc), acctNumber='DUM847254', exchange='IDEALPRO', side='BOT', shares=20000.0, price=1.16095, permId=54430784, clientId=753, orderId=9341, liquidation=0, cumQty=20000.0, avgPrice=1.16095, orderRef='', evRule='', evMultiplier=0.0, modelCode='', lastLiquidity=2, pendingPriceRevision=False)
2026-03-09 19:20:21,993 - INFO - execDetails: Fill(contract=Forex('EURUSD', conId=12087792, exchange='IDEALPRO', localSymbol='EUR.USD', tradingClass='EUR.USD'), execution=Execution(execId='0000e215.69ae3168.01.01', time=datetime.datetime(2026, 3, 9, 19, 20, 21, tzinfo=datetime.timezone.utc), acctNumber='DUM847254', exchange='IDEALPRO', side='BOT', shares=20000.0, price=1.16095, permId=54430784, clientId=753, orderId=9341, liquidation=0, cumQty=20000.0, avgPrice=1.16095, orderRef='', evRule='', evMultiplier=0.0, modelCode='', lastLiquidity=2, pendingPriceRevision=False), commissionReport=CommissionReport(execId='', commission=0.0, currency='', realizedPNL=0.0, yield_=0.0, yieldRedemptionDate=0), time=datetime.datetime(2026, 3, 9, 19, 20, 21, 992645, tzinfo=datetime.timezone.utc))
2026-03-09 19:20:21,993 - INFO - orderStatus: Trade(contract=Forex('EURUSD', conId=12087792, exchange='IDEALPRO', localSymbol='EUR.USD', tradingClass='EUR.USD'), order=MarketOrder(orderId=9341, clientId=753, permId=54430784, action='BUY', totalQuantity=20000.0, lmtPrice=0.0, auxPrice=0.0, tif='GTC'), orderStatus=OrderStatus(orderId=9341, status='Filled', filled=20000.0, remaining=0.0, avgFillPrice=1.16095, permId=54430784, parentId=0, lastFillPrice=1.16095, clientId=753, whyHeld='', mktCapPrice=0.0), fills=[Fill(contract=Forex('EURUSD', conId=12087792, exchange='IDEALPRO', localSymbol='EUR.USD', tradingClass='EUR.USD'), execution=Execution(execId='0000e215.69ae3168.01.01', time=datetime.datetime(2026, 3, 9, 19, 20, 21, tzinfo=datetime.timezone.utc), acctNumber='DUM847254', exchange='IDEALPRO', side='BOT', shares=20000.0, price=1.16095, permId=54430784, clientId=753, orderId=9341, liquidation=0, cumQty=20000.0, avgPrice=1.16095, orderRef='', evRule='', evMultiplier=0.0, modelCode='', lastLiquidity=2, pendingPriceRevision=False), commissionReport=CommissionReport(execId='', commission=0.0, currency='', realizedPNL=0.0, yield_=0.0, yieldRedemptionDate=0), time=datetime.datetime(2026, 3, 9, 19, 20, 21, 992645, tzinfo=datetime.timezone.utc))], log=[TradeLogEntry(time=datetime.datetime(2026, 3, 9, 19, 20, 21, 806085, tzinfo=datetime.timezone.utc), status='PendingSubmit', message='', errorCode=0), TradeLogEntry(time=datetime.datetime(2026, 3, 9, 19, 20, 21, 950874, tzinfo=datetime.timezone.utc), status='PreSubmitted', message='', errorCode=0), TradeLogEntry(time=datetime.datetime(2026, 3, 9, 19, 20, 21, 992645, tzinfo=datetime.timezone.utc), status='PreSubmitted', message='Fill 20000.0@1.16095', errorCode=0), TradeLogEntry(time=datetime.datetime(2026, 3, 9, 19, 20, 21, 992645, tzinfo=datetime.timezone.utc), status='Filled', message='', errorCode=0)], advancedError='')
2026-03-09 19:20:21,994 - INFO - commissionReport: CommissionReport(execId='0000e215.69ae3168.01.01', commission=1.72158, currency='EUR', realizedPNL=0.0, yield_=0.0, yieldRedemptionDate=0)
2026-03-09 19:20:21,994 - INFO - position: Position(account='DUM847254', contract=Forex('EURUSD', conId=12087792, localSymbol='EUR.USD', tradingClass='EUR.USD'), position=0.0, avgCost=0.0)
2026-03-09 19:20:22,308 - INFO - CLOSED: BUY 20,000 EUR @ 1.16095
2026-03-09 19:20:22,308 - INFO - P&L: EUR -61.50 (USD -71.40) | Gross: EUR -58.06 (USD -67.40), Costs: USD 4.00
2026-03-09 19:20:22,308 - INFO - Cumulative P&L: EUR -62.09
2026-03-09 19:20:23,310 - INFO - placeOrder: New order Trade(contract=Forex('EURUSD', conId=12087792, exchange='IDEALPRO', localSymbol='EUR.USD', tradingClass='EUR.USD'), order=MarketOrder(orderId=9342, clientId=753, action='BUY', totalQuantity=20000, tif='GTC'), orderStatus=OrderStatus(orderId=9342, status='PendingSubmit', filled=0.0, remaining=0.0, avgFillPrice=0.0, permId=0, parentId=0, lastFillPrice=0.0, clientId=0, whyHeld='', mktCapPrice=0.0), fills=[], log=[TradeLogEntry(time=datetime.datetime(2026, 3, 9, 19, 20, 23, 310178, tzinfo=datetime.timezone.utc), status='PendingSubmit', message='', errorCode=0)], advancedError='')
2026-03-09 19:20:23,459 - INFO - orderStatus: Trade(contract=Forex('EURUSD', conId=12087792, exchange='IDEALPRO', localSymbol='EUR.USD', tradingClass='EUR.USD'), order=MarketOrder(orderId=9342, clientId=753, permId=54430785, action='BUY', totalQuantity=20000.0, lmtPrice=0.0, auxPrice=0.0, tif='GTC'), orderStatus=OrderStatus(orderId=9342, status='PreSubmitted', filled=0.0, remaining=20000.0, avgFillPrice=0.0, permId=54430785, parentId=0, lastFillPrice=0.0, clientId=753, whyHeld='', mktCapPrice=0.0), fills=[], log=[TradeLogEntry(time=datetime.datetime(2026, 3, 9, 19, 20, 23, 310178, tzinfo=datetime.timezone.utc), status='PendingSubmit', message='', errorCode=0), TradeLogEntry(time=datetime.datetime(2026, 3, 9, 19, 20, 23, 458861, tzinfo=datetime.timezone.utc), status='PreSubmitted', message='', errorCode=0)], advancedError='')
2026-03-09 19:20:23,478 - INFO - position: Position(account='DUM847254', contract=Forex('EURUSD', conId=12087792, localSymbol='EUR.USD', tradingClass='EUR.USD'), position=20000.0, avgCost=1.16061)
2026-03-09 19:20:23,483 - INFO - execDetails Execution(execId='0000e215.69ae316a.01.01', time=datetime.datetime(2026, 3, 9, 19, 20, 23, tzinfo=datetime.timezone.utc), acctNumber='DUM847254', exchange='IDEALPRO', side='BOT', shares=20000.0, price=1.16061, permId=54430785, clientId=753, orderId=9342, liquidation=0, cumQty=20000.0, avgPrice=1.16061, orderRef='', evRule='', evMultiplier=0.0, modelCode='', lastLiquidity=2, pendingPriceRevision=False)
2026-03-09 19:20:23,484 - INFO - execDetails: Fill(contract=Forex('EURUSD', conId=12087792, exchange='IDEALPRO', localSymbol='EUR.USD', tradingClass='EUR.USD'), execution=Execution(execId='0000e215.69ae316a.01.01', time=datetime.datetime(2026, 3, 9, 19, 20, 23, tzinfo=datetime.timezone.utc), acctNumber='DUM847254', exchange='IDEALPRO', side='BOT', shares=20000.0, price=1.16061, permId=54430785, clientId=753, orderId=9342, liquidation=0, cumQty=20000.0, avgPrice=1.16061, orderRef='', evRule='', evMultiplier=0.0, modelCode='', lastLiquidity=2, pendingPriceRevision=False), commissionReport=CommissionReport(execId='', commission=0.0, currency='', realizedPNL=0.0, yield_=0.0, yieldRedemptionDate=0), time=datetime.datetime(2026, 3, 9, 19, 20, 23, 483572, tzinfo=datetime.timezone.utc))
2026-03-09 19:20:23,490 - INFO - orderStatus: Trade(contract=Forex('EURUSD', conId=12087792, exchange='IDEALPRO', localSymbol='EUR.USD', tradingClass='EUR.USD'), order=MarketOrder(orderId=9342, clientId=753, permId=54430785, action='BUY', totalQuantity=20000.0, lmtPrice=0.0, auxPrice=0.0, tif='GTC'), orderStatus=OrderStatus(orderId=9342, status='Filled', filled=20000.0, remaining=0.0, avgFillPrice=1.16061, permId=54430785, parentId=0, lastFillPrice=1.16061, clientId=753, whyHeld='', mktCapPrice=0.0), fills=[Fill(contract=Forex('EURUSD', conId=12087792, exchange='IDEALPRO', localSymbol='EUR.USD', tradingClass='EUR.USD'), execution=Execution(execId='0000e215.69ae316a.01.01', time=datetime.datetime(2026, 3, 9, 19, 20, 23, tzinfo=datetime.timezone.utc), acctNumber='DUM847254', exchange='IDEALPRO', side='BOT', shares=20000.0, price=1.16061, permId=54430785, clientId=753, orderId=9342, liquidation=0, cumQty=20000.0, avgPrice=1.16061, orderRef='', evRule='', evMultiplier=0.0, modelCode='', lastLiquidity=2, pendingPriceRevision=False), commissionReport=CommissionReport(execId='', commission=0.0, currency='', realizedPNL=0.0, yield_=0.0, yieldRedemptionDate=0), time=datetime.datetime(2026, 3, 9, 19, 20, 23, 483572, tzinfo=datetime.timezone.utc))], log=[TradeLogEntry(time=datetime.datetime(2026, 3, 9, 19, 20, 23, 310178, tzinfo=datetime.timezone.utc), status='PendingSubmit', message='', errorCode=0), TradeLogEntry(time=datetime.datetime(2026, 3, 9, 19, 20, 23, 458861, tzinfo=datetime.timezone.utc), status='PreSubmitted', message='', errorCode=0), TradeLogEntry(time=datetime.datetime(2026, 3, 9, 19, 20, 23, 483572, tzinfo=datetime.timezone.utc), status='PreSubmitted', message='Fill 20000.0@1.16061', errorCode=0), TradeLogEntry(time=datetime.datetime(2026, 3, 9, 19, 20, 23, 490138, tzinfo=datetime.timezone.utc), status='Filled', message='', errorCode=0)], advancedError='')
2026-03-09 19:20:23,499 - INFO - commissionReport: CommissionReport(execId='0000e215.69ae316a.01.01', commission=1.72158, currency='EUR', realizedPNL=0.0, yield_=0.0, yieldRedemptionDate=0)
2026-03-09 19:20:23,504 - INFO - position: Position(account='DUM847254', contract=Forex('EURUSD', conId=12087792, localSymbol='EUR.USD', tradingClass='EUR.USD'), position=20000.0, avgCost=1.1607099317082825)
2026-03-09 19:20:23,811 - INFO - OPENED: BUY 20,000 EUR @ 1.16061 (slippage: 1.7 pips)
2026-03-09 19:20:23,811 - INFO - Entry price recorded: 1.16061
2026-03-09 19:22:24,312 - INFO - Waiting for new bar... (last: 2026-03-09 15:20:00-04:00, price: 1.16134)
2026-03-09 19:25:25,067 - INFO - New bar: 2026-03-09 15:25:00-04:00 | O=1.16135 H=1.16148 L=1.16108 C=1.16139
2026-03-09 19:27:25,498 - INFO - Waiting for new bar... (last: 2026-03-09 15:25:00-04:00, price: 1.16166)
2026-03-09 19:30:26,212 - INFO - New bar: 2026-03-09 15:30:00-04:00 | O=1.16179 H=1.16183 L=1.16118 C=1.16118
2026-03-09 19:32:26,669 - INFO - Waiting for new bar... (last: 2026-03-09 15:30:00-04:00, price: 1.16125)
2026-03-09 19:35:27,418 - INFO - New bar: 2026-03-09 15:35:00-04:00 | O=1.16117 H=1.16124 L=1.16077 C=1.16083
2026-03-09 19:37:27,917 - INFO - Waiting for new bar... (last: 2026-03-09 15:35:00-04:00, price: 1.16112)
2026-03-09 19:40:28,634 - INFO - New bar: 2026-03-09 15:40:00-04:00 | O=1.16202 H=1.16203 L=1.16175 C=1.16176
2026-03-09 19:42:29,078 - INFO - Waiting for new bar... (last: 2026-03-09 15:40:00-04:00, price: 1.16149)
2026-03-09 19:45:29,927 - INFO - New bar: 2026-03-09 15:45:00-04:00 | O=1.16239 H=1.16247 L=1.16220 C=1.16223
2026-03-09 19:47:30,450 - INFO - Waiting for new bar... (last: 2026-03-09 15:45:00-04:00, price: 1.16275)
2026-03-09 19:50:31,141 - INFO - New bar: 2026-03-09 15:50:00-04:00 | O=1.16318 H=1.16338 L=1.16289 C=1.16290
2026-03-09 19:52:31,655 - INFO - Waiting for new bar... (last: 2026-03-09 15:50:00-04:00, price: 1.16206)
2026-03-09 19:55:32,383 - INFO - New bar: 2026-03-09 15:55:00-04:00 | O=1.16184 H=1.16189 L=1.16147 C=1.16151
2026-03-09 19:57:32,850 - INFO - Waiting for new bar... (last: 2026-03-09 15:55:00-04:00, price: 1.16105)
2026-03-09 20:00:33,578 - INFO - New bar: 2026-03-09 16:00:00-04:00 | O=1.16090 H=1.16121 L=1.16086 C=1.16118
2026-03-09 20:02:34,044 - INFO - Waiting for new bar... (last: 2026-03-09 16:00:00-04:00, price: 1.16156)
2026-03-09 20:05:34,751 - INFO - New bar: 2026-03-09 16:05:00-04:00 | O=1.16141 H=1.16151 L=1.16126 C=1.16127
2026-03-09 20:07:35,257 - INFO - Waiting for new bar... (last: 2026-03-09 16:05:00-04:00, price: 1.16140)
2026-03-09 20:10:35,958 - INFO - New bar: 2026-03-09 16:10:00-04:00 | O=1.16134 H=1.16135 L=1.16127 C=1.16135
2026-03-09 20:12:36,401 - INFO - Waiting for new bar... (last: 2026-03-09 16:10:00-04:00, price: 1.16146)
2026-03-09 20:15:37,107 - INFO - New bar: 2026-03-09 16:15:00-04:00 | O=1.16148 H=1.16148 L=1.16145 C=1.16148
2026-03-09 20:17:37,575 - INFO - Waiting for new bar... (last: 2026-03-09 16:15:00-04:00, price: 1.16142)
2026-03-09 20:20:38,262 - INFO - New bar: 2026-03-09 16:20:00-04:00 | O=1.16125 H=1.16130 L=1.16120 C=1.16125
2026-03-09 20:22:38,773 - INFO - Waiting for new bar... (last: 2026-03-09 16:20:00-04:00, price: 1.16156)
2026-03-09 20:25:39,490 - INFO - New bar: 2026-03-09 16:25:00-04:00 | O=1.16155 H=1.16168 L=1.16148 C=1.16148
2026-03-09 20:27:39,981 - INFO - Waiting for new bar... (last: 2026-03-09 16:25:00-04:00, price: 1.16190)
2026-03-09 20:30:40,684 - INFO - New bar: 2026-03-09 16:30:00-04:00 | O=1.16179 H=1.16179 L=1.16163 C=1.16166
2026-03-09 20:32:41,123 - INFO - Waiting for new bar... (last: 2026-03-09 16:30:00-04:00, price: 1.16153)
2026-03-09 20:35:41,801 - INFO - New bar: 2026-03-09 16:35:00-04:00 | O=1.16175 H=1.16195 L=1.16175 C=1.16195
2026-03-09 20:37:42,315 - INFO - Waiting for new bar... (last: 2026-03-09 16:35:00-04:00, price: 1.16149)
2026-03-09 20:40:43,032 - INFO - New bar: 2026-03-09 16:40:00-04:00 | O=1.16197 H=1.16198 L=1.16187 C=1.16193
2026-03-09 20:42:43,484 - INFO - Waiting for new bar... (last: 2026-03-09 16:40:00-04:00, price: 1.16203)
2026-03-09 20:45:44,191 - INFO - New bar: 2026-03-09 16:45:00-04:00 | O=1.16279 H=1.16298 L=1.16277 C=1.16284
2026-03-09 20:47:44,652 - INFO - Waiting for new bar... (last: 2026-03-09 16:45:00-04:00, price: 1.16260)
2026-03-09 20:50:45,352 - INFO - New bar: 2026-03-09 16:50:00-04:00 | O=1.16286 H=1.16305 L=1.16285 C=1.16302
2026-03-09 20:52:45,856 - INFO - Waiting for new bar... (last: 2026-03-09 16:50:00-04:00, price: 1.16302)
2026-03-09 20:55:46,738 - INFO - New bar: 2026-03-09 16:55:00-04:00 | O=1.16298 H=1.16321 L=1.16287 C=1.16321
2026-03-09 20:57:47,244 - INFO - Waiting for new bar... (last: 2026-03-09 16:55:00-04:00, price: 1.16365)
2026-03-09 21:02:48,462 - INFO - Waiting for new bar... (last: 2026-03-09 16:55:00-04:00, price: 1.16356)
2026-03-09 21:07:54,347 - INFO - Waiting for new bar... (last: 2026-03-09 16:55:00-04:00, price: 1.16356)
2026-03-09 21:12:55,474 - INFO - Waiting for new bar... (last: 2026-03-09 16:55:00-04:00, price: 1.16356)
2026-03-09 21:15:56,282 - INFO - New bar: 2026-03-09 17:15:00-04:00 | O=1.16358 H=1.16358 L=1.16352 C=1.16353
2026-03-09 21:17:56,940 - INFO - Waiting for new bar... (last: 2026-03-09 17:15:00-04:00, price: 1.16352)
2026-03-09 21:20:57,912 - INFO - New bar: 2026-03-09 17:20:00-04:00 | O=1.16348 H=1.16349 L=1.16345 C=1.16345
2026-03-09 21:22:58,414 - INFO - Waiting for new bar... (last: 2026-03-09 17:20:00-04:00, price: 1.16347)
2026-03-09 21:25:59,144 - INFO - New bar: 2026-03-09 17:25:00-04:00 | O=1.16355 H=1.16356 L=1.16347 C=1.16347
2026-03-09 21:27:59,601 - INFO - Waiting for new bar... (last: 2026-03-09 17:25:00-04:00, price: 1.16349)
2026-03-09 21:31:00,327 - INFO - New bar: 2026-03-09 17:30:00-04:00 | O=1.16348 H=1.16350 L=1.16347 C=1.16349
2026-03-09 21:33:00,815 - INFO - Waiting for new bar... (last: 2026-03-09 17:30:00-04:00, price: 1.16342)
2026-03-09 21:36:01,643 - INFO - New bar: 2026-03-09 17:35:00-04:00 | O=1.16354 H=1.16355 L=1.16343 C=1.16352
2026-03-09 21:38:02,119 - INFO - Waiting for new bar... (last: 2026-03-09 17:35:00-04:00, price: 1.16343)
2026-03-09 21:41:02,836 - INFO - New bar: 2026-03-09 17:40:00-04:00 | O=1.16352 H=1.16353 L=1.16351 C=1.16352
2026-03-09 21:43:03,306 - INFO - Waiting for new bar... (last: 2026-03-09 17:40:00-04:00, price: 1.16355)
2026-03-09 21:46:04,027 - INFO - New bar: 2026-03-09 17:45:00-04:00 | O=1.16348 H=1.16353 L=1.16348 C=1.16353
2026-03-09 21:48:04,496 - INFO - Waiting for new bar... (last: 2026-03-09 17:45:00-04:00, price: 1.16354)
2026-03-09 21:51:05,152 - INFO - New bar: 2026-03-09 17:50:00-04:00 | O=1.16357 H=1.16357 L=1.16349 C=1.16349
2026-03-09 21:53:05,640 - INFO - Waiting for new bar... (last: 2026-03-09 17:50:00-04:00, price: 1.16347)
2026-03-09 21:56:06,353 - INFO - New bar: 2026-03-09 17:55:00-04:00 | O=1.16359 H=1.16373 L=1.16357 C=1.16372
2026-03-09 21:58:06,818 - INFO - Waiting for new bar... (last: 2026-03-09 17:55:00-04:00, price: 1.16365)
2026-03-09 22:00:07,324 - INFO - New bar: 2026-03-09 18:00:00-04:00 | O=1.16373 H=1.16376 L=1.16359 C=1.16366
2026-03-09 22:03:08,092 - INFO - Waiting for new bar... (last: 2026-03-09 18:00:00-04:00, price: 1.16368)
2026-03-09 22:05:08,570 - INFO - New bar: 2026-03-09 18:05:00-04:00 | O=1.16348 H=1.16349 L=1.16341 C=1.16341
2026-03-09 22:08:09,288 - INFO - Waiting for new bar... (last: 2026-03-09 18:05:00-04:00, price: 1.16397)
2026-03-09 22:10:09,779 - INFO - New bar: 2026-03-09 18:10:00-04:00 | O=1.16399 H=1.16403 L=1.16399 C=1.16403
2026-03-09 22:13:10,473 - INFO - Waiting for new bar... (last: 2026-03-09 18:10:00-04:00, price: 1.16403)
2026-03-09 22:15:10,914 - INFO - New bar: 2026-03-09 18:15:00-04:00 | O=1.16456 H=1.16456 L=1.16454 C=1.16454
2026-03-09 22:18:11,625 - INFO - Waiting for new bar... (last: 2026-03-09 18:15:00-04:00, price: 1.16393)
2026-03-09 22:20:12,099 - INFO - New bar: 2026-03-09 18:20:00-04:00 | O=1.16365 H=1.16366 L=1.16355 C=1.16360
2026-03-09 22:23:12,785 - INFO - Waiting for new bar... (last: 2026-03-09 18:20:00-04:00, price: 1.16334)
2026-03-09 22:25:13,232 - INFO - New bar: 2026-03-09 18:25:00-04:00 | O=1.16284 H=1.16292 L=1.16283 C=1.16290
2026-03-09 22:28:13,966 - INFO - Waiting for new bar... (last: 2026-03-09 18:25:00-04:00, price: 1.16280)
2026-03-09 22:29:14,020 - INFO - Daily snapshot: cumulative P&L = EUR -62.09, capital = EUR 953,231.66
2026-03-09 22:30:14,449 - INFO - New bar: 2026-03-09 18:30:00-04:00 | O=1.16294 H=1.16295 L=1.16288 C=1.16294
2026-03-09 22:33:15,187 - INFO - Waiting for new bar... (last: 2026-03-09 18:30:00-04:00, price: 1.16306)
2026-03-09 22:35:15,678 - INFO - New bar: 2026-03-09 18:35:00-04:00 | O=1.16278 H=1.16279 L=1.16274 C=1.16274
2026-03-09 22:38:16,421 - INFO - Waiting for new bar... (last: 2026-03-09 18:35:00-04:00, price: 1.16262)
2026-03-09 22:40:16,905 - INFO - New bar: 2026-03-09 18:40:00-04:00 | O=1.16236 H=1.16248 L=1.16236 C=1.16248
2026-03-09 22:43:17,622 - INFO - Waiting for new bar... (last: 2026-03-09 18:40:00-04:00, price: 1.16242)
2026-03-09 22:45:18,106 - INFO - New bar: 2026-03-09 18:45:00-04:00 | O=1.16235 H=1.16251 L=1.16235 C=1.16250
2026-03-09 22:48:18,863 - INFO - Waiting for new bar... (last: 2026-03-09 18:45:00-04:00, price: 1.16270)
2026-03-09 22:50:19,379 - INFO - New bar: 2026-03-09 18:50:00-04:00 | O=1.16280 H=1.16280 L=1.16275 C=1.16280
2026-03-09 22:53:20,082 - INFO - Waiting for new bar... (last: 2026-03-09 18:50:00-04:00, price: 1.16289)
2026-03-09 22:55:20,556 - INFO - New bar: 2026-03-09 18:55:00-04:00 | O=1.16301 H=1.16306 L=1.16300 C=1.16300
2026-03-09 22:58:21,290 - INFO - Waiting for new bar... (last: 2026-03-09 18:55:00-04:00, price: 1.16285)
2026-03-09 23:00:21,776 - INFO - New bar: 2026-03-09 19:00:00-04:00 | O=1.16298 H=1.16300 L=1.16271 C=1.16271
2026-03-09 23:03:22,523 - INFO - Waiting for new bar... (last: 2026-03-09 19:00:00-04:00, price: 1.16230)
2026-03-09 23:05:23,028 - INFO - New bar: 2026-03-09 19:05:00-04:00 | O=1.16241 H=1.16251 L=1.16236 C=1.16251
2026-03-09 23:08:23,766 - INFO - Waiting for new bar... (last: 2026-03-09 19:05:00-04:00, price: 1.16277)
2026-03-09 23:10:24,279 - INFO - New bar: 2026-03-09 19:10:00-04:00 | O=1.16285 H=1.16298 L=1.16284 C=1.16296
2026-03-09 23:13:25,034 - INFO - Waiting for new bar... (last: 2026-03-09 19:10:00-04:00, price: 1.16275)
2026-03-09 23:15:25,482 - INFO - New bar: 2026-03-09 19:15:00-04:00 | O=1.16270 H=1.16270 L=1.16264 C=1.16265
2026-03-09 23:18:26,174 - INFO - Waiting for new bar... (last: 2026-03-09 19:15:00-04:00, price: 1.16285)
2026-03-09 23:20:26,624 - INFO - New bar: 2026-03-09 19:20:00-04:00 | O=1.16291 H=1.16301 L=1.16291 C=1.16301
2026-03-09 23:23:27,392 - INFO - Waiting for new bar... (last: 2026-03-09 19:20:00-04:00, price: 1.16309)
2026-03-09 23:25:27,889 - INFO - New bar: 2026-03-09 19:25:00-04:00 | O=1.16285 H=1.16302 L=1.16285 C=1.16301
2026-03-09 23:28:28,606 - INFO - Waiting for new bar... (last: 2026-03-09 19:25:00-04:00, price: 1.16275)
2026-03-09 23:30:28,834 - INFO - Maintenance window active — resuming at 06:45 CET.
2026-03-09 23:45:00,140 - ERROR - Peer closed connection.
2026-03-09 23:45:29,339 - WARNING - Connection lost detected!
2026-03-09 23:45:29,339 - INFO - Attempting automatic reconnection...
2026-03-09 23:45:29,339 - WARNING - Open position exists but connection lost. Cannot close safely. Will retry after reconnect.
2026-03-09 23:45:29,339 - INFO - Reconnection attempt 1/10 (waiting 1s before trying)...
2026-03-09 23:45:30,340 - INFO - Connecting to localhost:4002 with clientId 753...
2026-03-09 23:45:30,342 - INFO - Connected
2026-03-09 23:45:30,495 - INFO - Logged on to server version 178
2026-03-09 23:45:30,620 - INFO - Warning 2104, reqId -1: Market data farm connection is OK:usfarm
2026-03-09 23:45:30,621 - INFO - Warning 2106, reqId -1: HMDS data farm connection is OK:ushmds
2026-03-09 23:45:30,621 - INFO - Warning 2158, reqId -1: Sec-def data farm connection is OK:secdefnj
2026-03-09 23:45:30,621 - INFO - API connection ready
2026-03-09 23:45:31,180 - INFO - position: Position(account='DUM847254', contract=Forex('EURUSD', conId=12087792, localSymbol='EUR.USD', tradingClass='EUR.USD'), position=0.0, avgCost=0.0)
2026-03-09 23:45:32,201 - INFO - execDetails Execution(execId='0000e215.69ae095b.01.01', time=datetime.datetime(2026, 3, 9, 9, 0, 43, tzinfo=datetime.timezone.utc), acctNumber='DUM847254', exchange='IDEALPRO', side='SLD', shares=20000.0, price=1.15357, permId=54430779, clientId=753, orderId=8719, liquidation=0, cumQty=20000.0, avgPrice=1.15357, orderRef='', evRule='', evMultiplier=0.0, modelCode='', lastLiquidity=2, pendingPriceRevision=False)
2026-03-09 23:45:32,244 - INFO - execDetails Execution(execId='0000e215.69ae0cf8.01.01', time=datetime.datetime(2026, 3, 9, 10, 0, 59, tzinfo=datetime.timezone.utc), acctNumber='DUM847254', exchange='IDEALPRO', side='BOT', shares=20000.0, price=1.15539, permId=54430780, clientId=753, orderId=8780, liquidation=0, cumQty=20000.0, avgPrice=1.15539, orderRef='', evRule='', evMultiplier=0.0, modelCode='', lastLiquidity=2, pendingPriceRevision=False)
2026-03-09 23:45:32,245 - INFO - execDetails Execution(execId='0000e215.69ae0cf9.01.01', time=datetime.datetime(2026, 3, 9, 10, 1, tzinfo=datetime.timezone.utc), acctNumber='DUM847254', exchange='IDEALPRO', side='BOT', shares=20000.0, price=1.15538, permId=54430781, clientId=753, orderId=8781, liquidation=0, cumQty=20000.0, avgPrice=1.15538, orderRef='', evRule='', evMultiplier=0.0, modelCode='', lastLiquidity=2, pendingPriceRevision=False)
2026-03-09 23:45:32,245 - INFO - execDetails Execution(execId='0000e215.69ae2fe8.01.01', time=datetime.datetime(2026, 3, 9, 19, 0, 15, tzinfo=datetime.timezone.utc), acctNumber='DUM847254', exchange='IDEALPRO', side='SLD', shares=20000.0, price=1.15757, permId=54430782, clientId=753, orderId=9319, liquidation=0, cumQty=20000.0, avgPrice=1.15757, orderRef='', evRule='', evMultiplier=0.0, modelCode='', lastLiquidity=2, pendingPriceRevision=False)
2026-03-09 23:45:32,245 - INFO - execDetails Execution(execId='0000e215.69ae2fe9.01.01', time=datetime.datetime(2026, 3, 9, 19, 0, 16, tzinfo=datetime.timezone.utc), acctNumber='DUM847254', exchange='IDEALPRO', side='SLD', shares=20000.0, price=1.15758, permId=54430783, clientId=753, orderId=9320, liquidation=0, cumQty=20000.0, avgPrice=1.15758, orderRef='', evRule='', evMultiplier=0.0, modelCode='', lastLiquidity=2, pendingPriceRevision=False)
2026-03-09 23:45:32,245 - INFO - execDetails Execution(execId='0000e215.69ae3168.01.01', time=datetime.datetime(2026, 3, 9, 19, 20, 21, tzinfo=datetime.timezone.utc), acctNumber='DUM847254', exchange='IDEALPRO', side='BOT', shares=20000.0, price=1.16095, permId=54430784, clientId=753, orderId=9341, liquidation=0, cumQty=20000.0, avgPrice=1.16095, orderRef='', evRule='', evMultiplier=0.0, modelCode='', lastLiquidity=2, pendingPriceRevision=False)
2026-03-09 23:45:32,245 - INFO - execDetails Execution(execId='0000e215.69ae316a.01.01', time=datetime.datetime(2026, 3, 9, 19, 20, 23, tzinfo=datetime.timezone.utc), acctNumber='DUM847254', exchange='IDEALPRO', side='BOT', shares=20000.0, price=1.16061, permId=54430785, clientId=753, orderId=9342, liquidation=0, cumQty=20000.0, avgPrice=1.16061, orderRef='', evRule='', evMultiplier=0.0, modelCode='', lastLiquidity=2, pendingPriceRevision=False)
2026-03-09 23:45:32,245 - INFO - commissionReport: CommissionReport(execId='0000e215.69ae095b.01.01', commission=1.72158, currency='EUR', realizedPNL=0.0, yield_=0.0, yieldRedemptionDate=0)
2026-03-09 23:45:32,245 - INFO - commissionReport: CommissionReport(execId='0000e215.69ae0cf8.01.01', commission=1.72158, currency='EUR', realizedPNL=0.0, yield_=0.0, yieldRedemptionDate=0)
2026-03-09 23:45:32,245 - INFO - commissionReport: CommissionReport(execId='0000e215.69ae0cf9.01.01', commission=1.72158, currency='EUR', realizedPNL=0.0, yield_=0.0, yieldRedemptionDate=0)
2026-03-09 23:45:32,245 - INFO - commissionReport: CommissionReport(execId='0000e215.69ae2fe8.01.01', commission=1.72158, currency='EUR', realizedPNL=0.0, yield_=0.0, yieldRedemptionDate=0)
2026-03-09 23:45:32,245 - INFO - commissionReport: CommissionReport(execId='0000e215.69ae2fe9.01.01', commission=1.72158, currency='EUR', realizedPNL=0.0, yield_=0.0, yieldRedemptionDate=0)
2026-03-09 23:45:32,245 - INFO - commissionReport: CommissionReport(execId='0000e215.69ae3168.01.01', commission=1.72158, currency='EUR', realizedPNL=0.0, yield_=0.0, yieldRedemptionDate=0)
2026-03-09 23:45:32,246 - INFO - commissionReport: CommissionReport(execId='0000e215.69ae316a.01.01', commission=1.72158, currency='EUR', realizedPNL=0.0, yield_=0.0, yieldRedemptionDate=0)
2026-03-09 23:45:32,246 - INFO - Synchronization complete
2026-03-09 23:45:32,246 - INFO - Reconnected successfully on attempt 1
2026-03-09 23:45:32,352 - INFO - Contract re-qualified: EUR (conId: 12087792)
2026-03-09 23:45:32,352 - INFO - Reconnected successfully.
2026-03-09 23:45:32,353 - INFO - Reconciling position state with IB...
2026-03-09 23:45:32,353 - WARNING - Position mismatch detected!
2026-03-09 23:45:32,353 - WARNING -   Bot thought: LONG @ 1.1606
2026-03-09 23:45:32,353 - WARNING -   IB shows: FLAT (no position)
2026-03-09 23:45:32,353 - INFO - Updated bot state to match IB: FLAT
2026-03-09 23:45:32,353 - WARNING - Position closed by IB (reboot/reset). Estimated exit: 1.16301, P&L: EUR 37.92 (USD 44.10)
2026-03-09 23:45:32,353 - INFO - Reconciliation complete. Current state: FLAT
2026-03-09 23:45:32,353 - INFO - Position state verified. Resuming trading.
2026-03-09 23:51:23,587 - INFO - Warning 2107, reqId -1: HMDS data farm connection is inactive but should be available upon demand.ushmds
2026-03-10 03:30:05,329 - INFO - Warning 2157, reqId -1: Sec-def data farm connection is broken:secdefnj
2026-03-10 03:30:06,068 - INFO - Warning 2158, reqId -1: Sec-def data farm connection is OK:secdefnj
2026-03-10 03:45:48,868 - INFO - Warning 2157, reqId -1: Sec-def data farm connection is broken:secdefnj
2026-03-10 03:45:49,520 - INFO - Warning 2158, reqId -1: Sec-def data farm connection is OK:secdefnj
2026-03-10 04:18:06,185 - INFO - Warning 2103, reqId -1: Market data farm connection is broken:usfarm
2026-03-10 04:18:07,907 - INFO - Warning 2104, reqId -1: Market data farm connection is OK:usfarm
2026-03-10 04:23:06,550 - INFO - Warning 2103, reqId -1: Market data farm connection is broken:usfarm
2026-03-10 04:23:07,670 - INFO - Warning 2104, reqId -1: Market data farm connection is OK:usfarm
2026-03-10 04:26:40,554 - ERROR - Error 1100, reqId -1: Connectivity between IBKR and Trader Workstation has been lost.
2026-03-10 04:26:41,217 - ERROR - Error 1100, reqId -1: Connectivity between IBKR and Trader Workstation has been lost.
2026-03-10 04:26:49,961 - ERROR - Error 1100, reqId -1: Connectivity between IBKR and Trader Workstation has been lost.
2026-03-10 04:26:55,955 - ERROR - Error 1100, reqId -1: Connectivity between IBKR and Trader Workstation has been lost.
2026-03-10 04:27:00,358 - ERROR - Error 1100, reqId -1: Connectivity between IBKR and Trader Workstation has been lost.
2026-03-10 04:27:06,034 - ERROR - Error 1100, reqId -1: Connectivity between IBKR and Trader Workstation has been lost.
2026-03-10 04:27:16,072 - ERROR - Error 1100, reqId -1: Connectivity between IBKR and Trader Workstation has been lost.
2026-03-10 04:27:25,953 - ERROR - Error 1100, reqId -1: Connectivity between IBKR and Trader Workstation has been lost.
2026-03-10 04:27:41,821 - ERROR - Error 1100, reqId -1: Connectivity between IBKR and Trader Workstation has been lost.
2026-03-10 04:28:03,419 - ERROR - Error 1100, reqId -1: Connectivity between IBKR and Trader Workstation has been lost.
2026-03-10 04:28:25,773 - ERROR - Error 1100, reqId -1: Connectivity between IBKR and Trader Workstation has been lost.
2026-03-10 04:28:54,570 - ERROR - Error 1100, reqId -1: Connectivity between IBKR and Trader Workstation has been lost.
2026-03-10 04:29:28,878 - ERROR - Error 1100, reqId -1: Connectivity between IBKR and Trader Workstation has been lost.
2026-03-10 04:30:07,888 - ERROR - Error 1100, reqId -1: Connectivity between IBKR and Trader Workstation has been lost.
2026-03-10 04:30:49,295 - INFO - position: Position(account='DUM847254', contract=Forex('EURUSD', conId=12087792, localSymbol='EUR.USD', tradingClass='EUR.USD'), position=0.0, avgCost=0.0)
2026-03-10 04:30:49,755 - INFO - Warning 2106, reqId -1: HMDS data farm connection is OK:ushmds
2026-03-10 04:30:50,563 - ERROR - Error 1102, reqId -1: Connectivity between IBKR and Trader Workstation has been restored - data maintained. All data farms are connected: usfarm; ushmds; secdefnj.
2026-03-10 04:30:50,563 - WARNING - Connectivity restored (Error 1102). Scheduling position reconciliation.
2026-03-10 04:30:50,656 - ERROR - Error handling fields: ['10', '9345', 'EUR', 'CASH', '', '0', '', 'IDEALPRO', 'USD', 'EUR.USD', 'EUR.USD', 'EUR.USD', '12087792', '0.00005', '', 'ACTIVETIM,AD,ADJUST,ALERT,ALGO,ALLOC,AVGCOST,BASKET,BENCHPX,CASHQTY,COND,CONDORDER,DAY,DEACT,DEACTDIS,DEACTEOD,GAT,GTC,GTD,GTT,HID,IOC,LIT,LMT,MIT,MKT,NONALGO,OCA,REL,RELPCTOFS,SCALE,SCALERST,STP,STPLMT,TRAIL,TRAILLIT,TRAILLMT,TRAILMIT,WHATIF', 'IDEALPRO', '1', '0', 'European Monetary Union Euro', '', '', '', '', '', 'US/Eastern', '20260309:1715-20260310:1700;20260310:1715-20260311:1700;20260311:1715-20260312:1700;20260312:1715-20260313:1700;20260314:CLOSED;20260315:1715-20260316:1700', '20260309:1715-20260310:1700;20260310:1715-20260311:1700;20260311:1715-20260312:1700;20260312:1715-20260313:1700;20260314:CLOSED;20260315:1715-20260316:1700', '', '', '0', '4', '', '', '3188', '', '', '0.01', '0.01', '0.01']
Traceback (most recent call last):
  File "/usr/local/lib/python3.11/site-packages/ib_async/decoder.py", line 181, in interpret
    handler(fields)
  File "/usr/local/lib/python3.11/site-packages/ib_async/decoder.py", line 344, in contractDetails
    self.wrapper.contractDetails(int(reqId), cd)
  File "/usr/local/lib/python3.11/site-packages/ib_async/wrapper.py", line 874, in contractDetails
    self._results[reqId].append(contractDetails)
    ~~~~~~~~~~~~~^^^^^^^
KeyError: 9345
2026-03-10 04:31:49,307 - INFO - Running scheduled reconciliation after connectivity restore...
2026-03-10 04:31:49,307 - INFO - Reconciling position state with IB...
2026-03-10 04:31:49,307 - INFO - Position confirmed: FLAT (no open positions)
2026-03-10 04:31:49,307 - INFO - Reconciliation complete. Current state: FLAT
2026-03-10 04:36:49,770 - INFO - Warning 2107, reqId -1: HMDS data farm connection is inactive but should be available upon demand.ushmds
2026-03-10 05:45:52,578 - INFO - Maintenance window ended — reloading warmup bars before resuming.
2026-03-10 05:45:52,579 - INFO - Loading 80 historical 5min bars for warmup...
2026-03-10 05:45:56,227 - INFO - Warning 2106, reqId -1: HMDS data farm connection is OK:cashhmds
2026-03-10 05:45:56,590 - INFO - Warmup complete: loaded 81 bars (need 80 for signals)
2026-03-10 05:47:57,537 - INFO - Waiting for new bar... (last: 2026-03-10 01:45:00-04:00, price: 1.16169)
2026-03-10 05:50:58,336 - INFO - New bar: 2026-03-10 01:50:00-04:00 | O=1.16175 H=1.16192 L=1.16169 C=1.16184
2026-03-10 05:52:58,836 - INFO - Waiting for new bar... (last: 2026-03-10 01:50:00-04:00, price: 1.16194)
2026-03-10 05:55:59,629 - INFO - New bar: 2026-03-10 01:55:00-04:00 | O=1.16175 H=1.16182 L=1.16169 C=1.16173
2026-03-10 05:58:00,175 - INFO - Waiting for new bar... (last: 2026-03-10 01:55:00-04:00, price: 1.16182)
2026-03-10 06:01:00,951 - INFO - New bar: 2026-03-10 02:00:00-04:00 | O=1.16203 H=1.16227 L=1.16203 C=1.16220
2026-03-10 06:03:01,606 - INFO - Waiting for new bar... (last: 2026-03-10 02:00:00-04:00, price: 1.16240)
2026-03-10 06:06:02,679 - INFO - New bar: 2026-03-10 02:05:00-04:00 | O=1.16234 H=1.16235 L=1.16224 C=1.16224
2026-03-10 06:06:02,689 - INFO - BUY Signal: SMA 1.16175 crossed above 1.16174, RSI 64.4, Momentum 0.000335
2026-03-10 06:06:02,689 - INFO - Checking EUR balance...
2026-03-10 06:06:02,690 - INFO - EUR balance: 973,281.70 EUR
2026-03-10 06:06:02,690 - INFO - Required minimum: 20,000.00 EUR
2026-03-10 06:06:02,690 - INFO - Status: Sufficient
2026-03-10 06:06:02,691 - INFO - placeOrder: New order Trade(contract=Forex('EURUSD', conId=12087792, exchange='IDEALPRO', localSymbol='EUR.USD', tradingClass='EUR.USD'), order=MarketOrder(orderId=9369, clientId=753, action='BUY', totalQuantity=20000, tif='GTC'), orderStatus=OrderStatus(orderId=9369, status='PendingSubmit', filled=0.0, remaining=0.0, avgFillPrice=0.0, permId=0, parentId=0, lastFillPrice=0.0, clientId=0, whyHeld='', mktCapPrice=0.0), fills=[], log=[TradeLogEntry(time=datetime.datetime(2026, 3, 10, 6, 6, 2, 691262, tzinfo=datetime.timezone.utc), status='PendingSubmit', message='', errorCode=0)], advancedError='')
2026-03-10 06:06:03,694 - INFO - orderStatus: Trade(contract=Forex('EURUSD', conId=12087792, exchange='IDEALPRO', localSymbol='EUR.USD', tradingClass='EUR.USD'), order=MarketOrder(orderId=9369, clientId=753, permId=777036907, action='BUY', totalQuantity=20000.0, lmtPrice=0.0, auxPrice=0.0, tif='GTC'), orderStatus=OrderStatus(orderId=9369, status='PreSubmitted', filled=0.0, remaining=20000.0, avgFillPrice=0.0, permId=777036907, parentId=0, lastFillPrice=0.0, clientId=753, whyHeld='', mktCapPrice=0.0), fills=[], log=[TradeLogEntry(time=datetime.datetime(2026, 3, 10, 6, 6, 2, 691262, tzinfo=datetime.timezone.utc), status='PendingSubmit', message='', errorCode=0), TradeLogEntry(time=datetime.datetime(2026, 3, 10, 6, 6, 3, 694475, tzinfo=datetime.timezone.utc), status='PreSubmitted', message='', errorCode=0)], advancedError='')
2026-03-10 06:06:03,736 - INFO - position: Position(account='DUM847254', contract=Forex('EURUSD', conId=12087792, localSymbol='EUR.USD', tradingClass='EUR.USD'), position=20000.0, avgCost=0.0)
2026-03-10 06:06:03,785 - INFO - execDetails Execution(execId='0000e215.69af4e87.01.01', time=datetime.datetime(2026, 3, 10, 6, 6, 3, tzinfo=datetime.timezone.utc), acctNumber='DUM847254', exchange='IDEALPRO', side='BOT', shares=20000.0, price=1.16224, permId=777036907, clientId=753, orderId=9369, liquidation=0, cumQty=20000.0, avgPrice=1.16224, orderRef='', evRule='', evMultiplier=0.0, modelCode='', lastLiquidity=2, pendingPriceRevision=False)
2026-03-10 06:06:03,786 - INFO - execDetails: Fill(contract=Forex('EURUSD', conId=12087792, exchange='IDEALPRO', localSymbol='EUR.USD', tradingClass='EUR.USD'), execution=Execution(execId='0000e215.69af4e87.01.01', time=datetime.datetime(2026, 3, 10, 6, 6, 3, tzinfo=datetime.timezone.utc), acctNumber='DUM847254', exchange='IDEALPRO', side='BOT', shares=20000.0, price=1.16224, permId=777036907, clientId=753, orderId=9369, liquidation=0, cumQty=20000.0, avgPrice=1.16224, orderRef='', evRule='', evMultiplier=0.0, modelCode='', lastLiquidity=2, pendingPriceRevision=False), commissionReport=CommissionReport(execId='', commission=0.0, currency='', realizedPNL=0.0, yield_=0.0, yieldRedemptionDate=0), time=datetime.datetime(2026, 3, 10, 6, 6, 3, 785520, tzinfo=datetime.timezone.utc))
2026-03-10 06:06:03,794 - INFO - orderStatus: Trade(contract=Forex('EURUSD', conId=12087792, exchange='IDEALPRO', localSymbol='EUR.USD', tradingClass='EUR.USD'), order=MarketOrder(orderId=9369, clientId=753, permId=777036907, action='BUY', totalQuantity=20000.0, lmtPrice=0.0, auxPrice=0.0, tif='GTC'), orderStatus=OrderStatus(orderId=9369, status='Filled', filled=20000.0, remaining=0.0, avgFillPrice=1.16224, permId=777036907, parentId=0, lastFillPrice=1.16224, clientId=753, whyHeld='', mktCapPrice=0.0), fills=[Fill(contract=Forex('EURUSD', conId=12087792, exchange='IDEALPRO', localSymbol='EUR.USD', tradingClass='EUR.USD'), execution=Execution(execId='0000e215.69af4e87.01.01', time=datetime.datetime(2026, 3, 10, 6, 6, 3, tzinfo=datetime.timezone.utc), acctNumber='DUM847254', exchange='IDEALPRO', side='BOT', shares=20000.0, price=1.16224, permId=777036907, clientId=753, orderId=9369, liquidation=0, cumQty=20000.0, avgPrice=1.16224, orderRef='', evRule='', evMultiplier=0.0, modelCode='', lastLiquidity=2, pendingPriceRevision=False), commissionReport=CommissionReport(execId='', commission=0.0, currency='', realizedPNL=0.0, yield_=0.0, yieldRedemptionDate=0), time=datetime.datetime(2026, 3, 10, 6, 6, 3, 785520, tzinfo=datetime.timezone.utc))], log=[TradeLogEntry(time=datetime.datetime(2026, 3, 10, 6, 6, 2, 691262, tzinfo=datetime.timezone.utc), status='PendingSubmit', message='', errorCode=0), TradeLogEntry(time=datetime.datetime(2026, 3, 10, 6, 6, 3, 694475, tzinfo=datetime.timezone.utc), status='PreSubmitted', message='', errorCode=0), TradeLogEntry(time=datetime.datetime(2026, 3, 10, 6, 6, 3, 785520, tzinfo=datetime.timezone.utc), status='PreSubmitted', message='Fill 20000.0@1.16224', errorCode=0), TradeLogEntry(time=datetime.datetime(2026, 3, 10, 6, 6, 3, 794031, tzinfo=datetime.timezone.utc), status='Filled', message='', errorCode=0)], advancedError='')
2026-03-10 06:06:03,807 - INFO - commissionReport: CommissionReport(execId='0000e215.69af4e87.01.01', commission=1.71874, currency='EUR', realizedPNL=0.0, yield_=0.0, yieldRedemptionDate=0)
2026-03-10 06:06:03,811 - INFO - position: Position(account='DUM847254', contract=Forex('EURUSD', conId=12087792, localSymbol='EUR.USD', tradingClass='EUR.USD'), position=20000.0, avgCost=0.0)
2026-03-10 06:06:04,199 - INFO - OPENED: BUY 20,000 EUR @ 1.16224 (slippage: 0.0 pips)
2026-03-10 06:06:04,199 - INFO - Entry price recorded: 1.16224
2026-03-10 06:08:04,732 - INFO - Waiting for new bar... (last: 2026-03-10 02:05:00-04:00, price: 1.16230)
2026-03-10 06:11:05,547 - INFO - New bar: 2026-03-10 02:10:00-04:00 | O=1.16244 H=1.16248 L=1.16238 C=1.16240
2026-03-10 06:13:06,014 - INFO - Waiting for new bar... (last: 2026-03-10 02:10:00-04:00, price: 1.16260)
2026-03-10 06:15:06,567 - INFO - New bar: 2026-03-10 02:15:00-04:00 | O=1.16285 H=1.16291 L=1.16285 C=1.16290
2026-03-10 06:18:07,299 - INFO - Waiting for new bar... (last: 2026-03-10 02:15:00-04:00, price: 1.16265)
2026-03-10 06:20:07,797 - INFO - New bar: 2026-03-10 02:20:00-04:00 | O=1.16271 H=1.16271 L=1.16270 C=1.16270
2026-03-10 06:23:08,522 - INFO - Waiting for new bar... (last: 2026-03-10 02:20:00-04:00, price: 1.16284)
2026-03-10 06:25:08,990 - INFO - New bar: 2026-03-10 02:25:00-04:00 | O=1.16299 H=1.16301 L=1.16298 C=1.16301
2026-03-10 06:28:09,748 - INFO - Waiting for new bar... (last: 2026-03-10 02:25:00-04:00, price: 1.16278)
2026-03-10 06:30:10,249 - INFO - New bar: 2026-03-10 02:30:00-04:00 | O=1.16284 H=1.16284 L=1.16281 C=1.16283
2026-03-10 06:33:10,973 - INFO - Waiting for new bar... (last: 2026-03-10 02:30:00-04:00, price: 1.16279)
2026-03-10 06:35:11,499 - INFO - New bar: 2026-03-10 02:35:00-04:00 | O=1.16297 H=1.16301 L=1.16297 C=1.16299
2026-03-10 06:38:12,264 - INFO - Waiting for new bar... (last: 2026-03-10 02:35:00-04:00, price: 1.16327)
2026-03-10 06:40:12,755 - INFO - New bar: 2026-03-10 02:40:00-04:00 | O=1.16353 H=1.16353 L=1.16338 C=1.16339
2026-03-10 06:43:13,516 - INFO - Waiting for new bar... (last: 2026-03-10 02:40:00-04:00, price: 1.16343)
2026-03-10 06:45:14,029 - INFO - New bar: 2026-03-10 02:45:00-04:00 | O=1.16355 H=1.16369 L=1.16350 C=1.16369
2026-03-10 06:48:14,786 - INFO - Waiting for new bar... (last: 2026-03-10 02:45:00-04:00, price: 1.16350)
2026-03-10 06:50:15,296 - INFO - New bar: 2026-03-10 02:50:00-04:00 | O=1.16332 H=1.16332 L=1.16328 C=1.16328
2026-03-10 06:53:16,084 - INFO - Waiting for new bar... (last: 2026-03-10 02:50:00-04:00, price: 1.16299)
2026-03-10 06:55:16,581 - INFO - New bar: 2026-03-10 02:55:00-04:00 | O=1.16305 H=1.16311 L=1.16305 C=1.16308
2026-03-10 06:58:17,447 - INFO - Waiting for new bar... (last: 2026-03-10 02:55:00-04:00, price: 1.16315)
2026-03-10 07:00:17,939 - INFO - New bar: 2026-03-10 03:00:00-04:00 | O=1.16325 H=1.16330 L=1.16312 C=1.16318
2026-03-10 07:03:18,710 - INFO - Waiting for new bar... (last: 2026-03-10 03:00:00-04:00, price: 1.16305)
2026-03-10 07:05:19,186 - INFO - New bar: 2026-03-10 03:05:00-04:00 | O=1.16349 H=1.16353 L=1.16349 C=1.16349
2026-03-10 07:08:19,893 - INFO - Waiting for new bar... (last: 2026-03-10 03:05:00-04:00, price: 1.16373)
2026-03-10 07:10:20,351 - INFO - New bar: 2026-03-10 03:10:00-04:00 | O=1.16397 H=1.16401 L=1.16395 C=1.16399
2026-03-10 07:13:21,042 - INFO - Waiting for new bar... (last: 2026-03-10 03:10:00-04:00, price: 1.16329)
2026-03-10 07:15:21,512 - INFO - New bar: 2026-03-10 03:15:00-04:00 | O=1.16294 H=1.16294 L=1.16278 C=1.16288
2026-03-10 07:18:22,194 - INFO - Waiting for new bar... (last: 2026-03-10 03:15:00-04:00, price: 1.16343)
2026-03-10 07:20:22,703 - INFO - New bar: 2026-03-10 03:20:00-04:00 | O=1.16358 H=1.16369 L=1.16355 C=1.16362
2026-03-10 07:23:23,397 - INFO - Waiting for new bar... (last: 2026-03-10 03:20:00-04:00, price: 1.16380)
2026-03-10 07:25:23,842 - INFO - New bar: 2026-03-10 03:25:00-04:00 | O=1.16410 H=1.16420 L=1.16410 C=1.16413
2026-03-10 07:28:24,527 - INFO - Waiting for new bar... (last: 2026-03-10 03:25:00-04:00, price: 1.16440)
2026-03-10 07:30:24,988 - INFO - New bar: 2026-03-10 03:30:00-04:00 | O=1.16451 H=1.16460 L=1.16448 C=1.16454
2026-03-10 07:33:25,704 - INFO - Waiting for new bar... (last: 2026-03-10 03:30:00-04:00, price: 1.16448)
2026-03-10 07:35:26,201 - INFO - New bar: 2026-03-10 03:35:00-04:00 | O=1.16439 H=1.16444 L=1.16434 C=1.16443
2026-03-10 07:38:26,923 - INFO - Waiting for new bar... (last: 2026-03-10 03:35:00-04:00, price: 1.16478)
2026-03-10 07:40:27,391 - INFO - New bar: 2026-03-10 03:40:00-04:00 | O=1.16494 H=1.16498 L=1.16484 C=1.16498
2026-03-10 07:43:28,113 - INFO - Waiting for new bar... (last: 2026-03-10 03:40:00-04:00, price: 1.16508)
2026-03-10 07:45:28,579 - INFO - New bar: 2026-03-10 03:45:00-04:00 | O=1.16524 H=1.16542 L=1.16524 C=1.16538
2026-03-10 07:48:29,303 - INFO - Waiting for new bar... (last: 2026-03-10 03:45:00-04:00, price: 1.16548)
2026-03-10 07:50:29,809 - INFO - New bar: 2026-03-10 03:50:00-04:00 | O=1.16581 H=1.16582 L=1.16572 C=1.16580
2026-03-10 07:53:30,534 - INFO - Waiting for new bar... (last: 2026-03-10 03:50:00-04:00, price: 1.16624)
2026-03-10 07:55:30,992 - INFO - New bar: 2026-03-10 03:55:00-04:00 | O=1.16568 H=1.16579 L=1.16560 C=1.16566
2026-03-10 07:58:31,694 - INFO - Waiting for new bar... (last: 2026-03-10 03:55:00-04:00, price: 1.16569)
2026-03-10 08:00:32,144 - INFO - New bar: 2026-03-10 04:00:00-04:00 | O=1.16605 H=1.16605 L=1.16564 C=1.16576
2026-03-10 08:03:32,869 - INFO - Waiting for new bar... (last: 2026-03-10 04:00:00-04:00, price: 1.16558)
2026-03-10 08:05:33,337 - INFO - New bar: 2026-03-10 04:05:00-04:00 | O=1.16563 H=1.16568 L=1.16533 C=1.16540
2026-03-10 08:08:34,060 - INFO - Waiting for new bar... (last: 2026-03-10 04:05:00-04:00, price: 1.16513)
2026-03-10 08:10:34,506 - INFO - New bar: 2026-03-10 04:10:00-04:00 | O=1.16540 H=1.16542 L=1.16518 C=1.16525
2026-03-10 08:13:35,168 - INFO - Waiting for new bar... (last: 2026-03-10 04:10:00-04:00, price: 1.16520)
2026-03-10 08:15:35,623 - INFO - New bar: 2026-03-10 04:15:00-04:00 | O=1.16518 H=1.16530 L=1.16518 C=1.16528
2026-03-10 08:18:36,326 - INFO - Waiting for new bar... (last: 2026-03-10 04:15:00-04:00, price: 1.16499)
2026-03-10 08:20:36,798 - INFO - New bar: 2026-03-10 04:20:00-04:00 | O=1.16495 H=1.16499 L=1.16493 C=1.16497
2026-03-10 08:23:37,514 - INFO - Waiting for new bar... (last: 2026-03-10 04:20:00-04:00, price: 1.16538)
2026-03-10 08:25:38,040 - INFO - New bar: 2026-03-10 04:25:00-04:00 | O=1.16529 H=1.16534 L=1.16512 C=1.16524
2026-03-10 08:28:38,819 - INFO - Waiting for new bar... (last: 2026-03-10 04:25:00-04:00, price: 1.16534)
2026-03-10 08:30:39,242 - INFO - New bar: 2026-03-10 04:30:00-04:00 | O=1.16545 H=1.16553 L=1.16528 C=1.16528
2026-03-10 08:33:39,958 - INFO - Waiting for new bar... (last: 2026-03-10 04:30:00-04:00, price: 1.16519)
2026-03-10 08:35:40,456 - INFO - New bar: 2026-03-10 04:35:00-04:00 | O=1.16523 H=1.16529 L=1.16512 C=1.16515
2026-03-10 08:38:41,129 - INFO - Waiting for new bar... (last: 2026-03-10 04:35:00-04:00, price: 1.16501)
2026-03-10 08:40:41,580 - INFO - New bar: 2026-03-10 04:40:00-04:00 | O=1.16551 H=1.16568 L=1.16551 C=1.16566
2026-03-10 08:43:42,255 - INFO - Waiting for new bar... (last: 2026-03-10 04:40:00-04:00, price: 1.16565)
2026-03-10 08:45:42,702 - INFO - New bar: 2026-03-10 04:45:00-04:00 | O=1.16553 H=1.16569 L=1.16551 C=1.16554
2026-03-10 08:48:43,395 - INFO - Waiting for new bar... (last: 2026-03-10 04:45:00-04:00, price: 1.16561)
2026-03-10 08:50:43,871 - INFO - New bar: 2026-03-10 04:50:00-04:00 | O=1.16555 H=1.16558 L=1.16526 C=1.16531
2026-03-10 08:53:44,584 - INFO - Waiting for new bar... (last: 2026-03-10 04:50:00-04:00, price: 1.16511)
2026-03-10 08:55:45,039 - INFO - New bar: 2026-03-10 04:55:00-04:00 | O=1.16505 H=1.16512 L=1.16498 C=1.16511
2026-03-10 08:58:45,723 - INFO - Waiting for new bar... (last: 2026-03-10 04:55:00-04:00, price: 1.16437)
2026-03-10 09:00:46,166 - INFO - New bar: 2026-03-10 05:00:00-04:00 | O=1.16458 H=1.16460 L=1.16443 C=1.16451
2026-03-10 09:03:46,858 - INFO - Waiting for new bar... (last: 2026-03-10 05:00:00-04:00, price: 1.16463)
2026-03-10 09:05:47,347 - INFO - New bar: 2026-03-10 05:05:00-04:00 | O=1.16495 H=1.16498 L=1.16481 C=1.16489
2026-03-10 09:08:48,062 - INFO - Waiting for new bar... (last: 2026-03-10 05:05:00-04:00, price: 1.16484)
2026-03-10 09:10:48,674 - INFO - New bar: 2026-03-10 05:10:00-04:00 | O=1.16506 H=1.16516 L=1.16505 C=1.16509
2026-03-10 09:13:49,405 - INFO - Waiting for new bar... (last: 2026-03-10 05:10:00-04:00, price: 1.16560)
2026-03-10 09:15:49,866 - INFO - New bar: 2026-03-10 05:15:00-04:00 | O=1.16551 H=1.16569 L=1.16542 C=1.16569
2026-03-10 09:18:50,585 - INFO - Waiting for new bar... (last: 2026-03-10 05:15:00-04:00, price: 1.16564)
2026-03-10 09:20:51,075 - INFO - New bar: 2026-03-10 05:20:00-04:00 | O=1.16531 H=1.16545 L=1.16515 C=1.16515
2026-03-10 09:23:51,796 - INFO - Waiting for new bar... (last: 2026-03-10 05:20:00-04:00, price: 1.16525)
2026-03-10 09:25:52,264 - INFO - New bar: 2026-03-10 05:25:00-04:00 | O=1.16536 H=1.16555 L=1.16533 C=1.16543
2026-03-10 09:28:53,011 - INFO - Waiting for new bar... (last: 2026-03-10 05:25:00-04:00, price: 1.16524)
2026-03-10 09:30:53,464 - INFO - New bar: 2026-03-10 05:30:00-04:00 | O=1.16529 H=1.16552 L=1.16525 C=1.16551
2026-03-10 09:33:54,192 - INFO - Waiting for new bar... (last: 2026-03-10 05:30:00-04:00, price: 1.16551)
2026-03-10 09:35:54,686 - INFO - New bar: 2026-03-10 05:35:00-04:00 | O=1.16535 H=1.16549 L=1.16525 C=1.16545
2026-03-10 09:38:55,470 - INFO - Waiting for new bar... (last: 2026-03-10 05:35:00-04:00, price: 1.16534)
2026-03-10 09:40:55,950 - INFO - New bar: 2026-03-10 05:40:00-04:00 | O=1.16543 H=1.16553 L=1.16523 C=1.16534
2026-03-10 09:43:56,678 - INFO - Waiting for new bar... (last: 2026-03-10 05:40:00-04:00, price: 1.16575)
2026-03-10 09:45:57,118 - INFO - New bar: 2026-03-10 05:45:00-04:00 | O=1.16582 H=1.16590 L=1.16568 C=1.16585
2026-03-10 09:48:57,815 - INFO - Waiting for new bar... (last: 2026-03-10 05:45:00-04:00, price: 1.16545)
2026-03-10 09:50:58,331 - INFO - New bar: 2026-03-10 05:50:00-04:00 | O=1.16535 H=1.16560 L=1.16535 C=1.16559
2026-03-10 09:53:59,174 - INFO - Waiting for new bar... (last: 2026-03-10 05:50:00-04:00, price: 1.16540)
2026-03-10 09:55:59,695 - INFO - New bar: 2026-03-10 05:55:00-04:00 | O=1.16553 H=1.16562 L=1.16537 C=1.16539
2026-03-10 09:59:00,411 - INFO - Waiting for new bar... (last: 2026-03-10 05:55:00-04:00, price: 1.16519)
2026-03-10 10:01:00,952 - INFO - New bar: 2026-03-10 06:00:00-04:00 | O=1.16515 H=1.16518 L=1.16498 C=1.16499
2026-03-10 10:04:01,780 - INFO - Waiting for new bar... (last: 2026-03-10 06:00:00-04:00, price: 1.16460)
2026-03-10 10:06:02,268 - INFO - New bar: 2026-03-10 06:05:00-04:00 | O=1.16492 H=1.16492 L=1.16463 C=1.16464
2026-03-10 10:09:02,946 - INFO - Waiting for new bar... (last: 2026-03-10 06:05:00-04:00, price: 1.16479)
2026-03-10 10:11:03,461 - INFO - New bar: 2026-03-10 06:10:00-04:00 | O=1.16495 H=1.16497 L=1.16481 C=1.16484
2026-03-10 10:14:04,169 - INFO - Waiting for new bar... (last: 2026-03-10 06:10:00-04:00, price: 1.16485)
2026-03-10 10:16:04,651 - INFO - New bar: 2026-03-10 06:15:00-04:00 | O=1.16470 H=1.16470 L=1.16454 C=1.16459
2026-03-10 10:19:05,377 - INFO - Waiting for new bar... (last: 2026-03-10 06:15:00-04:00, price: 1.16431)
2026-03-10 10:20:05,611 - INFO - New bar: 2026-03-10 06:20:00-04:00 | O=1.16424 H=1.16437 L=1.16421 C=1.16436
2026-03-10 10:24:06,567 - INFO - Waiting for new bar... (last: 2026-03-10 06:20:00-04:00, price: 1.16470)
2026-03-10 10:25:06,781 - INFO - New bar: 2026-03-10 06:25:00-04:00 | O=1.16454 H=1.16460 L=1.16454 C=1.16460
2026-03-10 10:29:07,727 - INFO - Waiting for new bar... (last: 2026-03-10 06:25:00-04:00, price: 1.16446)
2026-03-10 10:30:07,947 - INFO - New bar: 2026-03-10 06:30:00-04:00 | O=1.16448 H=1.16449 L=1.16444 C=1.16444
2026-03-10 10:34:08,887 - INFO - Waiting for new bar... (last: 2026-03-10 06:30:00-04:00, price: 1.16355)
2026-03-10 10:35:09,143 - INFO - New bar: 2026-03-10 06:35:00-04:00 | O=1.16342 H=1.16342 L=1.16340 C=1.16341
2026-03-10 10:39:10,108 - INFO - Waiting for new bar... (last: 2026-03-10 06:35:00-04:00, price: 1.16236)
2026-03-10 10:40:10,350 - INFO - New bar: 2026-03-10 06:40:00-04:00 | O=1.16288 H=1.16291 L=1.16284 C=1.16286
2026-03-10 10:44:11,343 - INFO - Waiting for new bar... (last: 2026-03-10 06:40:00-04:00, price: 1.16335)
2026-03-10 10:45:11,598 - INFO - New bar: 2026-03-10 06:45:00-04:00 | O=1.16359 H=1.16361 L=1.16355 C=1.16356
2026-03-10 10:49:12,552 - INFO - Waiting for new bar... (last: 2026-03-10 06:45:00-04:00, price: 1.16325)
2026-03-10 10:50:12,790 - INFO - New bar: 2026-03-10 06:50:00-04:00 | O=1.16325 H=1.16325 L=1.16315 C=1.16321
2026-03-10 10:54:13,703 - INFO - Waiting for new bar... (last: 2026-03-10 06:50:00-04:00, price: 1.16338)
2026-03-10 10:55:13,944 - INFO - New bar: 2026-03-10 06:55:00-04:00 | O=1.16344 H=1.16344 L=1.16331 C=1.16331
2026-03-10 10:59:14,917 - INFO - Waiting for new bar... (last: 2026-03-10 06:55:00-04:00, price: 1.16387)
2026-03-10 11:00:15,155 - INFO - New bar: 2026-03-10 07:00:00-04:00 | O=1.16395 H=1.16398 L=1.16393 C=1.16394
2026-03-10 11:04:16,098 - INFO - Waiting for new bar... (last: 2026-03-10 07:00:00-04:00, price: 1.16397)
2026-03-10 11:05:16,344 - INFO - New bar: 2026-03-10 07:05:00-04:00 | O=1.16494 H=1.16531 L=1.16482 C=1.16522
2026-03-10 11:09:17,303 - INFO - Waiting for new bar... (last: 2026-03-10 07:05:00-04:00, price: 1.16454)
2026-03-10 11:10:17,544 - INFO - New bar: 2026-03-10 07:10:00-04:00 | O=1.16451 H=1.16472 L=1.16446 C=1.16471
2026-03-10 11:14:18,475 - INFO - Waiting for new bar... (last: 2026-03-10 07:10:00-04:00, price: 1.16472)
2026-03-10 11:15:18,722 - INFO - New bar: 2026-03-10 07:15:00-04:00 | O=1.16451 H=1.16475 L=1.16450 C=1.16472
2026-03-10 11:19:19,561 - INFO - Waiting for new bar... (last: 2026-03-10 07:15:00-04:00, price: 1.16404)
2026-03-10 11:20:19,803 - INFO - New bar: 2026-03-10 07:20:00-04:00 | O=1.16406 H=1.16406 L=1.16399 C=1.16399
2026-03-10 11:24:20,731 - INFO - Waiting for new bar... (last: 2026-03-10 07:20:00-04:00, price: 1.16450)
2026-03-10 11:25:20,982 - INFO - New bar: 2026-03-10 07:25:00-04:00 | O=1.16454 H=1.16467 L=1.16454 C=1.16464
2026-03-10 11:29:21,911 - INFO - Waiting for new bar... (last: 2026-03-10 07:25:00-04:00, price: 1.16413)
2026-03-10 11:30:22,109 - INFO - New bar: 2026-03-10 07:30:00-04:00 | O=1.16440 H=1.16445 L=1.16429 C=1.16430
2026-03-10 11:34:23,037 - INFO - Waiting for new bar... (last: 2026-03-10 07:30:00-04:00, price: 1.16414)
2026-03-10 11:35:23,280 - INFO - New bar: 2026-03-10 07:35:00-04:00 | O=1.16410 H=1.16426 L=1.16410 C=1.16420
2026-03-10 11:39:24,167 - INFO - Waiting for new bar... (last: 2026-03-10 07:35:00-04:00, price: 1.16450)
2026-03-10 11:40:24,416 - INFO - New bar: 2026-03-10 07:40:00-04:00 | O=1.16439 H=1.16446 L=1.16434 C=1.16444
2026-03-10 11:44:25,358 - INFO - Waiting for new bar... (last: 2026-03-10 07:40:00-04:00, price: 1.16426)
2026-03-10 11:45:25,550 - INFO - New bar: 2026-03-10 07:45:00-04:00 | O=1.16433 H=1.16440 L=1.16429 C=1.16440
2026-03-10 11:49:26,472 - INFO - Waiting for new bar... (last: 2026-03-10 07:45:00-04:00, price: 1.16457)
2026-03-10 11:50:26,708 - INFO - New bar: 2026-03-10 07:50:00-04:00 | O=1.16440 H=1.16455 L=1.16439 C=1.16447
2026-03-10 11:54:27,574 - INFO - Waiting for new bar... (last: 2026-03-10 07:50:00-04:00, price: 1.16443)
2026-03-10 11:55:27,792 - INFO - New bar: 2026-03-10 07:55:00-04:00 | O=1.16443 H=1.16443 L=1.16424 C=1.16429
2026-03-10 11:59:28,694 - INFO - Waiting for new bar... (last: 2026-03-10 07:55:00-04:00, price: 1.16394)
2026-03-10 12:00:28,893 - INFO - New bar: 2026-03-10 08:00:00-04:00 | O=1.16385 H=1.16389 L=1.16370 C=1.16385
2026-03-10 12:04:29,856 - INFO - Waiting for new bar... (last: 2026-03-10 08:00:00-04:00, price: 1.16335)
2026-03-10 12:05:30,104 - INFO - New bar: 2026-03-10 08:05:00-04:00 | O=1.16332 H=1.16332 L=1.16305 C=1.16306
2026-03-10 12:09:31,018 - INFO - Waiting for new bar... (last: 2026-03-10 08:05:00-04:00, price: 1.16232)
2026-03-10 12:10:31,267 - INFO - New bar: 2026-03-10 08:10:00-04:00 | O=1.16244 H=1.16244 L=1.16226 C=1.16234
2026-03-10 12:14:32,179 - INFO - Waiting for new bar... (last: 2026-03-10 08:10:00-04:00, price: 1.16261)
2026-03-10 12:15:32,381 - INFO - New bar: 2026-03-10 08:15:00-04:00 | O=1.16261 H=1.16261 L=1.16247 C=1.16257
2026-03-10 12:19:33,311 - INFO - Waiting for new bar... (last: 2026-03-10 08:15:00-04:00, price: 1.16283)
2026-03-10 12:20:33,552 - INFO - New bar: 2026-03-10 08:20:00-04:00 | O=1.16285 H=1.16291 L=1.16270 C=1.16271
2026-03-10 12:24:34,459 - INFO - Waiting for new bar... (last: 2026-03-10 08:20:00-04:00, price: 1.16283)
2026-03-10 12:25:34,699 - INFO - New bar: 2026-03-10 08:25:00-04:00 | O=1.16296 H=1.16306 L=1.16294 C=1.16306
2026-03-10 12:29:35,606 - INFO - Waiting for new bar... (last: 2026-03-10 08:25:00-04:00, price: 1.16285)
2026-03-10 12:30:35,800 - INFO - New bar: 2026-03-10 08:30:00-04:00 | O=1.16274 H=1.16292 L=1.16268 C=1.16275
2026-03-10 12:34:36,694 - INFO - Waiting for new bar... (last: 2026-03-10 08:30:00-04:00, price: 1.16287)
2026-03-10 12:35:36,944 - INFO - New bar: 2026-03-10 08:35:00-04:00 | O=1.16272 H=1.16298 L=1.16268 C=1.16288
2026-03-10 12:39:37,864 - INFO - Waiting for new bar... (last: 2026-03-10 08:35:00-04:00, price: 1.16238)
2026-03-10 12:40:38,100 - INFO - New bar: 2026-03-10 08:40:00-04:00 | O=1.16239 H=1.16261 L=1.16236 C=1.16261
2026-03-10 12:44:39,042 - INFO - Waiting for new bar... (last: 2026-03-10 08:40:00-04:00, price: 1.16291)
2026-03-10 12:45:39,247 - INFO - New bar: 2026-03-10 08:45:00-04:00 | O=1.16301 H=1.16349 L=1.16301 C=1.16348
2026-03-10 12:49:40,186 - INFO - Waiting for new bar... (last: 2026-03-10 08:45:00-04:00, price: 1.16363)
2026-03-10 12:50:40,393 - INFO - New bar: 2026-03-10 08:50:00-04:00 | O=1.16375 H=1.16383 L=1.16375 C=1.16380
2026-03-10 12:54:41,292 - INFO - Waiting for new bar... (last: 2026-03-10 08:50:00-04:00, price: 1.16392)
2026-03-10 12:55:41,549 - INFO - New bar: 2026-03-10 08:55:00-04:00 | O=1.16387 H=1.16390 L=1.16380 C=1.16385
2026-03-10 12:59:42,464 - INFO - Waiting for new bar... (last: 2026-03-10 08:55:00-04:00, price: 1.16345)
2026-03-10 13:00:42,676 - INFO - New bar: 2026-03-10 09:00:00-04:00 | O=1.16345 H=1.16369 L=1.16335 C=1.16361
2026-03-10 13:04:43,607 - INFO - Waiting for new bar... (last: 2026-03-10 09:00:00-04:00, price: 1.16389)
2026-03-10 13:05:43,826 - INFO - New bar: 2026-03-10 09:05:00-04:00 | O=1.16385 H=1.16409 L=1.16385 C=1.16404
2026-03-10 13:09:44,763 - INFO - Waiting for new bar... (last: 2026-03-10 09:05:00-04:00, price: 1.16411)
2026-03-10 13:10:45,081 - INFO - New bar: 2026-03-10 09:10:00-04:00 | O=1.16406 H=1.16448 L=1.16405 C=1.16440
2026-03-10 13:14:46,035 - INFO - Waiting for new bar... (last: 2026-03-10 09:10:00-04:00, price: 1.16406)
2026-03-10 13:15:46,228 - INFO - New bar: 2026-03-10 09:15:00-04:00 | O=1.16414 H=1.16420 L=1.16401 C=1.16411
2026-03-10 13:19:47,188 - INFO - Waiting for new bar... (last: 2026-03-10 09:15:00-04:00, price: 1.16427)
2026-03-10 13:20:47,433 - INFO - New bar: 2026-03-10 09:20:00-04:00 | O=1.16429 H=1.16441 L=1.16420 C=1.16439
2026-03-10 13:24:48,333 - INFO - Waiting for new bar... (last: 2026-03-10 09:20:00-04:00, price: 1.16467)
2026-03-10 13:25:48,578 - INFO - New bar: 2026-03-10 09:25:00-04:00 | O=1.16469 H=1.16480 L=1.16449 C=1.16449
2026-03-10 13:29:49,533 - INFO - Waiting for new bar... (last: 2026-03-10 09:25:00-04:00, price: 1.16450)
2026-03-10 13:30:49,744 - INFO - New bar: 2026-03-10 09:30:00-04:00 | O=1.16446 H=1.16458 L=1.16445 C=1.16451
2026-03-10 13:34:50,699 - INFO - Waiting for new bar... (last: 2026-03-10 09:30:00-04:00, price: 1.16388)
2026-03-10 13:35:50,936 - INFO - New bar: 2026-03-10 09:35:00-04:00 | O=1.16385 H=1.16395 L=1.16358 C=1.16375
2026-03-10 13:39:51,890 - INFO - Waiting for new bar... (last: 2026-03-10 09:35:00-04:00, price: 1.16419)
2026-03-10 13:40:52,126 - INFO - New bar: 2026-03-10 09:40:00-04:00 | O=1.16404 H=1.16410 L=1.16381 C=1.16384
2026-03-10 13:44:53,228 - INFO - Waiting for new bar... (last: 2026-03-10 09:40:00-04:00, price: 1.16394)
2026-03-10 13:45:53,426 - INFO - New bar: 2026-03-10 09:45:00-04:00 | O=1.16389 H=1.16389 L=1.16332 C=1.16332
2026-03-10 13:49:54,387 - INFO - Waiting for new bar... (last: 2026-03-10 09:45:00-04:00, price: 1.16356)
2026-03-10 13:50:54,635 - INFO - New bar: 2026-03-10 09:50:00-04:00 | O=1.16361 H=1.16366 L=1.16344 C=1.16355
2026-03-10 13:54:55,593 - INFO - Waiting for new bar... (last: 2026-03-10 09:50:00-04:00, price: 1.16340)
2026-03-10 13:55:55,837 - INFO - New bar: 2026-03-10 09:55:00-04:00 | O=1.16318 H=1.16328 L=1.16312 C=1.16312
2026-03-10 13:59:56,836 - INFO - Waiting for new bar... (last: 2026-03-10 09:55:00-04:00, price: 1.16327)
2026-03-10 14:00:57,083 - INFO - New bar: 2026-03-10 10:00:00-04:00 | O=1.16324 H=1.16324 L=1.16284 C=1.16284
2026-03-10 14:04:58,061 - INFO - Waiting for new bar... (last: 2026-03-10 10:00:00-04:00, price: 1.16308)
2026-03-10 14:05:58,308 - INFO - New bar: 2026-03-10 10:05:00-04:00 | O=1.16314 H=1.16339 L=1.16307 C=1.16335
2026-03-10 14:09:59,220 - INFO - Waiting for new bar... (last: 2026-03-10 10:05:00-04:00, price: 1.16278)
2026-03-10 14:10:59,471 - INFO - New bar: 2026-03-10 10:10:00-04:00 | O=1.16281 H=1.16304 L=1.16270 C=1.16300
2026-03-10 14:15:00,372 - INFO - Waiting for new bar... (last: 2026-03-10 10:10:00-04:00, price: 1.16306)
2026-03-10 14:16:00,598 - INFO - New bar: 2026-03-10 10:15:00-04:00 | O=1.16308 H=1.16322 L=1.16301 C=1.16305
2026-03-10 14:20:01,615 - INFO - Waiting for new bar... (last: 2026-03-10 10:15:00-04:00, price: 1.16375)
2026-03-10 14:21:01,832 - INFO - New bar: 2026-03-10 10:20:00-04:00 | O=1.16375 H=1.16386 L=1.16361 C=1.16382
2026-03-10 14:25:02,770 - INFO - Waiting for new bar... (last: 2026-03-10 10:20:00-04:00, price: 1.16369)
2026-03-10 14:26:03,024 - INFO - New bar: 2026-03-10 10:25:00-04:00 | O=1.16369 H=1.16385 L=1.16366 C=1.16379
2026-03-10 14:30:04,052 - INFO - Waiting for new bar... (last: 2026-03-10 10:25:00-04:00, price: 1.16386)
2026-03-10 14:31:04,288 - INFO - New bar: 2026-03-10 10:30:00-04:00 | O=1.16386 H=1.16446 L=1.16386 C=1.16440
2026-03-10 14:35:05,272 - INFO - Waiting for new bar... (last: 2026-03-10 10:30:00-04:00, price: 1.16437)
2026-03-10 14:36:05,524 - INFO - New bar: 2026-03-10 10:35:00-04:00 | O=1.16437 H=1.16440 L=1.16420 C=1.16434
2026-03-10 14:40:06,476 - INFO - New bar: 2026-03-10 10:40:00-04:00 | O=1.16445 H=1.16446 L=1.16437 C=1.16442
2026-03-10 14:40:06,478 - INFO - Status: Price=1.16442, Position=LONG, Bars=120, P&L=EUR -24.17, Unrealized: EUR 37.44, Remaining=80.2h
2026-03-10 14:45:07,682 - INFO - New bar: 2026-03-10 10:45:00-04:00 | O=1.16482 H=1.16489 L=1.16481 C=1.16484
2026-03-10 14:50:08,850 - INFO - New bar: 2026-03-10 10:50:00-04:00 | O=1.16437 H=1.16440 L=1.16437 C=1.16437
2026-03-10 14:50:08,853 - INFO - Status: Price=1.16437, Position=LONG, Bars=120, P&L=EUR -24.17, Unrealized: EUR 36.67, Remaining=80.1h
2026-03-10 14:55:10,021 - INFO - New bar: 2026-03-10 10:55:00-04:00 | O=1.16475 H=1.16479 L=1.16474 C=1.16475
2026-03-10 15:00:11,214 - INFO - New bar: 2026-03-10 11:00:00-04:00 | O=1.16484 H=1.16490 L=1.16481 C=1.16489
2026-03-10 15:00:11,217 - INFO - Status: Price=1.16489, Position=LONG, Bars=120, P&L=EUR -24.17, Unrealized: EUR 45.50, Remaining=79.9h
2026-03-10 15:05:12,454 - INFO - New bar: 2026-03-10 11:05:00-04:00 | O=1.16487 H=1.16488 L=1.16474 C=1.16474
2026-03-10 15:10:13,658 - INFO - New bar: 2026-03-10 11:10:00-04:00 | O=1.16437 H=1.16441 L=1.16433 C=1.16439
2026-03-10 15:10:13,661 - INFO - Status: Price=1.16439, Position=LONG, Bars=120, P&L=EUR -24.17, Unrealized: EUR 36.93, Remaining=79.7h
2026-03-10 15:15:14,840 - INFO - New bar: 2026-03-10 11:15:00-04:00 | O=1.16454 H=1.16454 L=1.16444 C=1.16444
2026-03-10 15:15:14,848 - INFO - BUY Signal: SMA 1.16417 crossed above 1.16407, RSI 54.3, Momentum 0.000650
2026-03-10 15:15:14,851 - INFO - Checking EUR balance...
2026-03-10 15:15:14,851 - INFO - EUR balance: 993,279.98 EUR
2026-03-10 15:15:14,852 - INFO - Required minimum: 20,000.00 EUR
2026-03-10 15:15:14,852 - INFO - Status: Sufficient
2026-03-10 15:20:16,045 - INFO - New bar: 2026-03-10 11:20:00-04:00 | O=1.16492 H=1.16498 L=1.16490 C=1.16498
2026-03-10 15:20:16,047 - INFO - Status: Price=1.16498, Position=LONG, Bars=120, P&L=EUR -24.17, Unrealized: EUR 47.04, Remaining=79.6h
2026-03-10 15:25:17,256 - INFO - New bar: 2026-03-10 11:25:00-04:00 | O=1.16464 H=1.16471 L=1.16463 C=1.16464
2026-03-10 15:30:18,474 - INFO - New bar: 2026-03-10 11:30:00-04:00 | O=1.16445 H=1.16454 L=1.16439 C=1.16448
2026-03-10 15:30:18,476 - INFO - Status: Price=1.16448, Position=LONG, Bars=120, P&L=EUR -24.17, Unrealized: EUR 38.56, Remaining=79.4h
2026-03-10 15:35:19,688 - INFO - New bar: 2026-03-10 11:35:00-04:00 | O=1.16473 H=1.16476 L=1.16460 C=1.16476
2026-03-10 15:40:20,825 - INFO - New bar: 2026-03-10 11:40:00-04:00 | O=1.16488 H=1.16499 L=1.16488 C=1.16494
2026-03-10 15:40:20,827 - INFO - Status: Price=1.16494, Position=LONG, Bars=120, P&L=EUR -24.17, Unrealized: EUR 46.27, Remaining=79.2h
2026-03-10 15:45:21,987 - INFO - New bar: 2026-03-10 11:45:00-04:00 | O=1.16542 H=1.16549 L=1.16534 C=1.16548
2026-03-10 15:50:23,120 - INFO - New bar: 2026-03-10 11:50:00-04:00 | O=1.16491 H=1.16510 L=1.16491 C=1.16505
2026-03-10 15:50:23,122 - INFO - Status: Price=1.16505, Position=LONG, Bars=120, P&L=EUR -24.17, Unrealized: EUR 48.15, Remaining=79.1h
2026-03-10 15:55:24,338 - INFO - New bar: 2026-03-10 11:55:00-04:00 | O=1.16461 H=1.16469 L=1.16459 C=1.16465
2026-03-10 16:00:25,443 - INFO - New bar: 2026-03-10 12:00:00-04:00 | O=1.16477 H=1.16477 L=1.16464 C=1.16464
2026-03-10 16:00:25,444 - INFO - Status: Price=1.16464, Position=LONG, Bars=120, P&L=EUR -24.17, Unrealized: EUR 41.21, Remaining=78.9h
2026-03-10 16:05:26,561 - INFO - New bar: 2026-03-10 12:05:00-04:00 | O=1.16420 H=1.16421 L=1.16404 C=1.16419
2026-03-10 16:10:27,686 - INFO - New bar: 2026-03-10 12:10:00-04:00 | O=1.16405 H=1.16414 L=1.16405 C=1.16410
2026-03-10 16:10:27,688 - INFO - Status: Price=1.16410, Position=LONG, Bars=120, P&L=EUR -24.17, Unrealized: EUR 32.04, Remaining=78.7h
2026-03-10 16:15:28,808 - INFO - New bar: 2026-03-10 12:15:00-04:00 | O=1.16424 H=1.16424 L=1.16416 C=1.16421
2026-03-10 16:20:29,914 - INFO - New bar: 2026-03-10 12:20:00-04:00 | O=1.16450 H=1.16450 L=1.16439 C=1.16440
2026-03-10 16:20:29,916 - INFO - Status: Price=1.16440, Position=LONG, Bars=120, P&L=EUR -24.17, Unrealized: EUR 37.19, Remaining=78.6h
2026-03-10 16:25:31,077 - INFO - New bar: 2026-03-10 12:25:00-04:00 | O=1.16448 H=1.16457 L=1.16448 C=1.16454
2026-03-10 16:30:32,198 - INFO - New bar: 2026-03-10 12:30:00-04:00 | O=1.16454 H=1.16460 L=1.16450 C=1.16455
2026-03-10 16:30:32,199 - INFO - Status: Price=1.16455, Position=LONG, Bars=120, P&L=EUR -24.17, Unrealized: EUR 39.67, Remaining=78.4h
2026-03-10 16:35:33,359 - INFO - New bar: 2026-03-10 12:35:00-04:00 | O=1.16535 H=1.16545 L=1.16511 C=1.16514
2026-03-10 16:40:34,509 - INFO - New bar: 2026-03-10 12:40:00-04:00 | O=1.16510 H=1.16510 L=1.16485 C=1.16490
2026-03-10 16:40:34,510 - INFO - Status: Price=1.16490, Position=LONG, Bars=120, P&L=EUR -24.17, Unrealized: EUR 45.67, Remaining=78.2h
2026-03-10 16:45:35,611 - INFO - New bar: 2026-03-10 12:45:00-04:00 | O=1.16474 H=1.16480 L=1.16468 C=1.16470
2026-03-10 16:50:36,876 - INFO - New bar: 2026-03-10 12:50:00-04:00 | O=1.16430 H=1.16448 L=1.16429 C=1.16446
2026-03-10 16:50:36,878 - INFO - Status: Price=1.16446, Position=LONG, Bars=120, P&L=EUR -24.17, Unrealized: EUR 38.04, Remaining=78.1h
2026-03-10 16:55:38,008 - INFO - New bar: 2026-03-10 12:55:00-04:00 | O=1.16529 H=1.16542 L=1.16528 C=1.16530
2026-03-10 17:00:39,127 - INFO - New bar: 2026-03-10 13:00:00-04:00 | O=1.16518 H=1.16526 L=1.16516 C=1.16525
2026-03-10 17:00:39,129 - INFO - Status: Price=1.16525, Position=LONG, Bars=120, P&L=EUR -24.17, Unrealized: EUR 51.58, Remaining=77.9h
2026-03-10 17:05:40,259 - INFO - New bar: 2026-03-10 13:05:00-04:00 | O=1.16545 H=1.16552 L=1.16539 C=1.16549
2026-03-10 17:10:41,371 - INFO - New bar: 2026-03-10 13:10:00-04:00 | O=1.16591 H=1.16603 L=1.16584 C=1.16600
2026-03-10 17:10:41,373 - INFO - Status: Price=1.16600, Position=LONG, Bars=120, P&L=EUR -24.17, Unrealized: EUR 64.58, Remaining=77.7h
2026-03-10 17:15:42,526 - INFO - New bar: 2026-03-10 13:15:00-04:00 | O=1.16551 H=1.16569 L=1.16543 C=1.16566
2026-03-10 17:20:43,687 - INFO - New bar: 2026-03-10 13:20:00-04:00 | O=1.16665 H=1.16668 L=1.16643 C=1.16650
2026-03-10 17:20:43,689 - INFO - Status: Price=1.16650, Position=LONG, Bars=120, P&L=EUR -24.17, Unrealized: EUR 72.95, Remaining=77.6h
2026-03-10 17:25:44,822 - INFO - New bar: 2026-03-10 13:25:00-04:00 | O=1.16635 H=1.16637 L=1.16604 C=1.16613
2026-03-10 17:30:45,926 - INFO - New bar: 2026-03-10 13:30:00-04:00 | O=1.16597 H=1.16597 L=1.16578 C=1.16579
2026-03-10 17:30:45,929 - INFO - Status: Price=1.16579, Position=LONG, Bars=120, P&L=EUR -24.17, Unrealized: EUR 60.99, Remaining=77.4h
2026-03-10 17:35:47,084 - INFO - New bar: 2026-03-10 13:35:00-04:00 | O=1.16522 H=1.16543 L=1.16515 C=1.16541
2026-03-10 17:40:48,270 - INFO - New bar: 2026-03-10 13:40:00-04:00 | O=1.16483 H=1.16484 L=1.16458 C=1.16464
2026-03-10 17:40:48,272 - INFO - Status: Price=1.16464, Position=LONG, Bars=120, P&L=EUR -24.17, Unrealized: EUR 41.21, Remaining=77.2h
2026-03-10 17:45:49,407 - INFO - New bar: 2026-03-10 13:45:00-04:00 | O=1.16444 H=1.16448 L=1.16434 C=1.16447
2026-03-10 17:50:50,596 - INFO - New bar: 2026-03-10 13:50:00-04:00 | O=1.16432 H=1.16437 L=1.16424 C=1.16427
2026-03-10 17:50:50,598 - INFO - Status: Price=1.16427, Position=LONG, Bars=120, P&L=EUR -24.17, Unrealized: EUR 34.96, Remaining=77.1h
2026-03-10 17:55:51,712 - INFO - New bar: 2026-03-10 13:55:00-04:00 | O=1.16437 H=1.16443 L=1.16437 C=1.16440
2026-03-10 18:00:52,849 - INFO - New bar: 2026-03-10 14:00:00-04:00 | O=1.16453 H=1.16458 L=1.16431 C=1.16444
2026-03-10 18:00:52,851 - INFO - Status: Price=1.16444, Position=LONG, Bars=120, P&L=EUR -24.17, Unrealized: EUR 37.87, Remaining=76.9h
2026-03-10 18:05:53,999 - INFO - New bar: 2026-03-10 14:05:00-04:00 | O=1.16444 H=1.16454 L=1.16428 C=1.16434
2026-03-10 18:10:55,107 - INFO - New bar: 2026-03-10 14:10:00-04:00 | O=1.16392 H=1.16410 L=1.16389 C=1.16402
2026-03-10 18:10:55,109 - INFO - Status: Price=1.16402, Position=LONG, Bars=120, P&L=EUR -24.17, Unrealized: EUR 30.58, Remaining=76.7h
2026-03-10 18:15:56,279 - INFO - New bar: 2026-03-10 14:15:00-04:00 | O=1.16294 H=1.16309 L=1.16250 C=1.16261
2026-03-10 18:20:57,677 - INFO - New bar: 2026-03-10 14:20:00-04:00 | O=1.16148 H=1.16205 L=1.16138 C=1.16170
2026-03-10 18:20:57,679 - INFO - Status: Price=1.16170, Position=LONG, Bars=120, P&L=EUR -24.17, Unrealized: EUR -9.21, Remaining=76.6h
2026-03-10 18:25:58,840 - INFO - New bar: 2026-03-10 14:25:00-04:00 | O=1.16216 H=1.16242 L=1.16207 C=1.16219
2026-03-10 18:30:59,962 - INFO - New bar: 2026-03-10 14:30:00-04:00 | O=1.16339 H=1.16365 L=1.16316 C=1.16328
2026-03-10 18:30:59,964 - INFO - Status: Price=1.16328, Position=LONG, Bars=120, P&L=EUR -24.17, Unrealized: EUR 17.88, Remaining=76.4h
2026-03-10 18:30:59,967 - INFO - SELL Signal: SMA 1.16428 crossed below 1.16435, RSI 42.4, Momentum -0.001360
2026-03-10 18:30:59,968 - INFO - Checking EUR balance...
2026-03-10 18:30:59,968 - INFO - EUR balance: 993,279.98 EUR
2026-03-10 18:30:59,968 - INFO - Required minimum: 20,000.00 EUR
2026-03-10 18:30:59,968 - INFO - Status: Sufficient
2026-03-10 18:30:59,972 - INFO - placeOrder: New order Trade(contract=Forex('EURUSD', conId=12087792, exchange='IDEALPRO', localSymbol='EUR.USD', tradingClass='EUR.USD'), order=MarketOrder(orderId=10112, clientId=753, action='SELL', totalQuantity=20000, tif='GTC'), orderStatus=OrderStatus(orderId=10112, status='PendingSubmit', filled=0.0, remaining=0.0, avgFillPrice=0.0, permId=0, parentId=0, lastFillPrice=0.0, clientId=0, whyHeld='', mktCapPrice=0.0), fills=[], log=[TradeLogEntry(time=datetime.datetime(2026, 3, 10, 18, 30, 59, 972511, tzinfo=datetime.timezone.utc), status='PendingSubmit', message='', errorCode=0)], advancedError='')
2026-03-10 18:31:00,107 - INFO - orderStatus: Trade(contract=Forex('EURUSD', conId=12087792, exchange='IDEALPRO', localSymbol='EUR.USD', tradingClass='EUR.USD'), order=MarketOrder(orderId=10112, clientId=753, permId=777036908, action='SELL', totalQuantity=20000.0, lmtPrice=0.0, auxPrice=0.0, tif='GTC'), orderStatus=OrderStatus(orderId=10112, status='PreSubmitted', filled=0.0, remaining=20000.0, avgFillPrice=0.0, permId=777036908, parentId=0, lastFillPrice=0.0, clientId=753, whyHeld='', mktCapPrice=0.0), fills=[], log=[TradeLogEntry(time=datetime.datetime(2026, 3, 10, 18, 30, 59, 972511, tzinfo=datetime.timezone.utc), status='PendingSubmit', message='', errorCode=0), TradeLogEntry(time=datetime.datetime(2026, 3, 10, 18, 31, 0, 106921, tzinfo=datetime.timezone.utc), status='PreSubmitted', message='', errorCode=0)], advancedError='')
2026-03-10 18:31:00,148 - INFO - position: Position(account='DUM847254', contract=Forex('EURUSD', conId=12087792, localSymbol='EUR.USD', tradingClass='EUR.USD'), position=0.0, avgCost=1.16334)
2026-03-10 18:31:00,149 - INFO - execDetails Execution(execId='0000e215.69af8d04.01.01', time=datetime.datetime(2026, 3, 10, 18, 31, tzinfo=datetime.timezone.utc), acctNumber='DUM847254', exchange='IDEALPRO', side='SLD', shares=20000.0, price=1.16334, permId=777036908, clientId=753, orderId=10112, liquidation=0, cumQty=20000.0, avgPrice=1.16334, orderRef='', evRule='', evMultiplier=0.0, modelCode='', lastLiquidity=2, pendingPriceRevision=False)
2026-03-10 18:31:00,149 - INFO - execDetails: Fill(contract=Forex('EURUSD', conId=12087792, exchange='IDEALPRO', localSymbol='EUR.USD', tradingClass='EUR.USD'), execution=Execution(execId='0000e215.69af8d04.01.01', time=datetime.datetime(2026, 3, 10, 18, 31, tzinfo=datetime.timezone.utc), acctNumber='DUM847254', exchange='IDEALPRO', side='SLD', shares=20000.0, price=1.16334, permId=777036908, clientId=753, orderId=10112, liquidation=0, cumQty=20000.0, avgPrice=1.16334, orderRef='', evRule='', evMultiplier=0.0, modelCode='', lastLiquidity=2, pendingPriceRevision=False), commissionReport=CommissionReport(execId='', commission=0.0, currency='', realizedPNL=0.0, yield_=0.0, yieldRedemptionDate=0), time=datetime.datetime(2026, 3, 10, 18, 31, 0, 148648, tzinfo=datetime.timezone.utc))
2026-03-10 18:31:00,149 - INFO - orderStatus: Trade(contract=Forex('EURUSD', conId=12087792, exchange='IDEALPRO', localSymbol='EUR.USD', tradingClass='EUR.USD'), order=MarketOrder(orderId=10112, clientId=753, permId=777036908, action='SELL', totalQuantity=20000.0, lmtPrice=0.0, auxPrice=0.0, tif='GTC'), orderStatus=OrderStatus(orderId=10112, status='Filled', filled=20000.0, remaining=0.0, avgFillPrice=1.16334, permId=777036908, parentId=0, lastFillPrice=1.16334, clientId=753, whyHeld='', mktCapPrice=0.0), fills=[Fill(contract=Forex('EURUSD', conId=12087792, exchange='IDEALPRO', localSymbol='EUR.USD', tradingClass='EUR.USD'), execution=Execution(execId='0000e215.69af8d04.01.01', time=datetime.datetime(2026, 3, 10, 18, 31, tzinfo=datetime.timezone.utc), acctNumber='DUM847254', exchange='IDEALPRO', side='SLD', shares=20000.0, price=1.16334, permId=777036908, clientId=753, orderId=10112, liquidation=0, cumQty=20000.0, avgPrice=1.16334, orderRef='', evRule='', evMultiplier=0.0, modelCode='', lastLiquidity=2, pendingPriceRevision=False), commissionReport=CommissionReport(execId='', commission=0.0, currency='', realizedPNL=0.0, yield_=0.0, yieldRedemptionDate=0), time=datetime.datetime(2026, 3, 10, 18, 31, 0, 148648, tzinfo=datetime.timezone.utc))], log=[TradeLogEntry(time=datetime.datetime(2026, 3, 10, 18, 30, 59, 972511, tzinfo=datetime.timezone.utc), status='PendingSubmit', message='', errorCode=0), TradeLogEntry(time=datetime.datetime(2026, 3, 10, 18, 31, 0, 106921, tzinfo=datetime.timezone.utc), status='PreSubmitted', message='', errorCode=0), TradeLogEntry(time=datetime.datetime(2026, 3, 10, 18, 31, 0, 148648, tzinfo=datetime.timezone.utc), status='PreSubmitted', message='Fill 20000.0@1.16334', errorCode=0), TradeLogEntry(time=datetime.datetime(2026, 3, 10, 18, 31, 0, 148648, tzinfo=datetime.timezone.utc), status='Filled', message='', errorCode=0)], advancedError='')
2026-03-10 18:31:00,149 - INFO - commissionReport: CommissionReport(execId='0000e215.69af8d04.01.01', commission=1.71874, currency='EUR', realizedPNL=0.0, yield_=0.0, yieldRedemptionDate=0)
2026-03-10 18:31:00,150 - INFO - position: Position(account='DUM847254', contract=Forex('EURUSD', conId=12087792, localSymbol='EUR.USD', tradingClass='EUR.USD'), position=0.0, avgCost=1.1632400767531277)
2026-03-10 18:31:00,475 - INFO - CLOSED: SELL 20,000 EUR @ 1.16334
2026-03-10 18:31:00,476 - INFO - P&L: EUR 15.47 (USD 18.00) | Gross: EUR 18.91 (USD 22.00), Costs: USD 4.00
2026-03-10 18:31:00,476 - INFO - Cumulative P&L: EUR -8.69
2026-03-10 18:31:01,477 - INFO - placeOrder: New order Trade(contract=Forex('EURUSD', conId=12087792, exchange='IDEALPRO', localSymbol='EUR.USD', tradingClass='EUR.USD'), order=MarketOrder(orderId=10113, clientId=753, action='SELL', totalQuantity=20000, tif='GTC'), orderStatus=OrderStatus(orderId=10113, status='PendingSubmit', filled=0.0, remaining=0.0, avgFillPrice=0.0, permId=0, parentId=0, lastFillPrice=0.0, clientId=0, whyHeld='', mktCapPrice=0.0), fills=[], log=[TradeLogEntry(time=datetime.datetime(2026, 3, 10, 18, 31, 1, 477390, tzinfo=datetime.timezone.utc), status='PendingSubmit', message='', errorCode=0)], advancedError='')
2026-03-10 18:31:01,623 - INFO - orderStatus: Trade(contract=Forex('EURUSD', conId=12087792, exchange='IDEALPRO', localSymbol='EUR.USD', tradingClass='EUR.USD'), order=MarketOrder(orderId=10113, clientId=753, permId=777036909, action='SELL', totalQuantity=20000.0, lmtPrice=0.0, auxPrice=0.0, tif='GTC'), orderStatus=OrderStatus(orderId=10113, status='PreSubmitted', filled=0.0, remaining=20000.0, avgFillPrice=0.0, permId=777036909, parentId=0, lastFillPrice=0.0, clientId=753, whyHeld='', mktCapPrice=0.0), fills=[], log=[TradeLogEntry(time=datetime.datetime(2026, 3, 10, 18, 31, 1, 477390, tzinfo=datetime.timezone.utc), status='PendingSubmit', message='', errorCode=0), TradeLogEntry(time=datetime.datetime(2026, 3, 10, 18, 31, 1, 622770, tzinfo=datetime.timezone.utc), status='PreSubmitted', message='', errorCode=0)], advancedError='')
2026-03-10 18:31:01,639 - INFO - position: Position(account='DUM847254', contract=Forex('EURUSD', conId=12087792, localSymbol='EUR.USD', tradingClass='EUR.USD'), position=-20000.0, avgCost=1.163290038376564)
2026-03-10 18:31:01,656 - INFO - execDetails Execution(execId='0000e215.69af8d05.01.01', time=datetime.datetime(2026, 3, 10, 18, 31, 1, tzinfo=datetime.timezone.utc), acctNumber='DUM847254', exchange='IDEALPRO', side='SLD', shares=20000.0, price=1.16334, permId=777036909, clientId=753, orderId=10113, liquidation=0, cumQty=20000.0, avgPrice=1.16334, orderRef='', evRule='', evMultiplier=0.0, modelCode='', lastLiquidity=2, pendingPriceRevision=False)
2026-03-10 18:31:01,657 - INFO - execDetails: Fill(contract=Forex('EURUSD', conId=12087792, exchange='IDEALPRO', localSymbol='EUR.USD', tradingClass='EUR.USD'), execution=Execution(execId='0000e215.69af8d05.01.01', time=datetime.datetime(2026, 3, 10, 18, 31, 1, tzinfo=datetime.timezone.utc), acctNumber='DUM847254', exchange='IDEALPRO', side='SLD', shares=20000.0, price=1.16334, permId=777036909, clientId=753, orderId=10113, liquidation=0, cumQty=20000.0, avgPrice=1.16334, orderRef='', evRule='', evMultiplier=0.0, modelCode='', lastLiquidity=2, pendingPriceRevision=False), commissionReport=CommissionReport(execId='', commission=0.0, currency='', realizedPNL=0.0, yield_=0.0, yieldRedemptionDate=0), time=datetime.datetime(2026, 3, 10, 18, 31, 1, 656267, tzinfo=datetime.timezone.utc))
2026-03-10 18:31:01,667 - INFO - orderStatus: Trade(contract=Forex('EURUSD', conId=12087792, exchange='IDEALPRO', localSymbol='EUR.USD', tradingClass='EUR.USD'), order=MarketOrder(orderId=10113, clientId=753, permId=777036909, action='SELL', totalQuantity=20000.0, lmtPrice=0.0, auxPrice=0.0, tif='GTC'), orderStatus=OrderStatus(orderId=10113, status='Filled', filled=20000.0, remaining=0.0, avgFillPrice=1.16334, permId=777036909, parentId=0, lastFillPrice=1.16334, clientId=753, whyHeld='', mktCapPrice=0.0), fills=[Fill(contract=Forex('EURUSD', conId=12087792, exchange='IDEALPRO', localSymbol='EUR.USD', tradingClass='EUR.USD'), execution=Execution(execId='0000e215.69af8d05.01.01', time=datetime.datetime(2026, 3, 10, 18, 31, 1, tzinfo=datetime.timezone.utc), acctNumber='DUM847254', exchange='IDEALPRO', side='SLD', shares=20000.0, price=1.16334, permId=777036909, clientId=753, orderId=10113, liquidation=0, cumQty=20000.0, avgPrice=1.16334, orderRef='', evRule='', evMultiplier=0.0, modelCode='', lastLiquidity=2, pendingPriceRevision=False), commissionReport=CommissionReport(execId='', commission=0.0, currency='', realizedPNL=0.0, yield_=0.0, yieldRedemptionDate=0), time=datetime.datetime(2026, 3, 10, 18, 31, 1, 656267, tzinfo=datetime.timezone.utc))], log=[TradeLogEntry(time=datetime.datetime(2026, 3, 10, 18, 31, 1, 477390, tzinfo=datetime.timezone.utc), status='PendingSubmit', message='', errorCode=0), TradeLogEntry(time=datetime.datetime(2026, 3, 10, 18, 31, 1, 622770, tzinfo=datetime.timezone.utc), status='PreSubmitted', message='', errorCode=0), TradeLogEntry(time=datetime.datetime(2026, 3, 10, 18, 31, 1, 656267, tzinfo=datetime.timezone.utc), status='PreSubmitted', message='Fill 20000.0@1.16334', errorCode=0), TradeLogEntry(time=datetime.datetime(2026, 3, 10, 18, 31, 1, 667184, tzinfo=datetime.timezone.utc), status='Filled', message='', errorCode=0)], advancedError='')
2026-03-10 18:31:01,677 - INFO - commissionReport: CommissionReport(execId='0000e215.69af8d05.01.01', commission=1.71874, currency='EUR', realizedPNL=0.0, yield_=0.0, yieldRedemptionDate=0)
2026-03-10 18:31:01,681 - INFO - position: Position(account='DUM847254', contract=Forex('EURUSD', conId=12087792, localSymbol='EUR.USD', tradingClass='EUR.USD'), position=-20000.0, avgCost=1.1632400507924616)
2026-03-10 18:31:01,979 - INFO - OPENED: SELL 20,000 EUR @ 1.16334 (slippage: 0.6 pips)
2026-03-10 18:31:01,980 - INFO - Entry price recorded: 1.16334
2026-03-10 18:36:03,195 - INFO - New bar: 2026-03-10 14:35:00-04:00 | O=1.16371 H=1.16383 L=1.16272 C=1.16274
2026-03-10 18:41:04,300 - INFO - New bar: 2026-03-10 14:40:00-04:00 | O=1.16288 H=1.16297 L=1.16261 C=1.16265
2026-03-10 18:41:04,302 - INFO - Status: Price=1.16265, Position=SHORT, Bars=120, P&L=EUR -8.69, Unrealized: EUR 11.78, Remaining=76.2h
2026-03-10 18:46:05,417 - INFO - New bar: 2026-03-10 14:45:00-04:00 | O=1.16259 H=1.16278 L=1.16230 C=1.16235
2026-03-10 18:50:06,588 - INFO - New bar: 2026-03-10 14:50:00-04:00 | O=1.16300 H=1.16309 L=1.16300 C=1.16309
2026-03-10 18:51:06,851 - INFO - Waiting for new bar... (last: 2026-03-10 14:50:00-04:00, price: 1.16323)
2026-03-10 18:55:07,720 - INFO - New bar: 2026-03-10 14:55:00-04:00 | O=1.16279 H=1.16282 L=1.16279 C=1.16279
2026-03-10 18:56:07,972 - INFO - Waiting for new bar... (last: 2026-03-10 14:55:00-04:00, price: 1.16262)
2026-03-10 19:00:08,896 - INFO - New bar: 2026-03-10 15:00:00-04:00 | O=1.16244 H=1.16244 L=1.16240 C=1.16240
2026-03-10 19:01:09,101 - INFO - Waiting for new bar... (last: 2026-03-10 15:00:00-04:00, price: 1.16227)
2026-03-10 19:05:09,982 - INFO - New bar: 2026-03-10 15:05:00-04:00 | O=1.16240 H=1.16244 L=1.16236 C=1.16236
2026-03-10 19:06:10,229 - INFO - Waiting for new bar... (last: 2026-03-10 15:05:00-04:00, price: 1.16263)
2026-03-10 19:10:11,147 - INFO - New bar: 2026-03-10 15:10:00-04:00 | O=1.16253 H=1.16254 L=1.16250 C=1.16250
2026-03-10 19:11:11,370 - INFO - Waiting for new bar... (last: 2026-03-10 15:10:00-04:00, price: 1.16246)
2026-03-10 19:15:12,270 - INFO - New bar: 2026-03-10 15:15:00-04:00 | O=1.16258 H=1.16262 L=1.16258 C=1.16260
2026-03-10 19:16:12,475 - INFO - Waiting for new bar... (last: 2026-03-10 15:15:00-04:00, price: 1.16259)
2026-03-10 19:20:13,369 - INFO - New bar: 2026-03-10 15:20:00-04:00 | O=1.16265 H=1.16273 L=1.16265 C=1.16273
2026-03-10 19:21:13,603 - INFO - Waiting for new bar... (last: 2026-03-10 15:20:00-04:00, price: 1.16235)
2026-03-10 19:25:14,478 - INFO - New bar: 2026-03-10 15:25:00-04:00 | O=1.16217 H=1.16221 L=1.16209 C=1.16209
2026-03-10 19:26:14,710 - INFO - Waiting for new bar... (last: 2026-03-10 15:25:00-04:00, price: 1.16168)
2026-03-10 19:30:15,626 - INFO - New bar: 2026-03-10 15:30:00-04:00 | O=1.16160 H=1.16164 L=1.16156 C=1.16159
2026-03-10 19:31:15,826 - INFO - Waiting for new bar... (last: 2026-03-10 15:30:00-04:00, price: 1.16154)
2026-03-10 19:35:16,836 - INFO - New bar: 2026-03-10 15:35:00-04:00 | O=1.16148 H=1.16149 L=1.16135 C=1.16136
2026-03-10 19:36:17,084 - INFO - Waiting for new bar... (last: 2026-03-10 15:35:00-04:00, price: 1.16128)
2026-03-10 19:40:17,938 - INFO - New bar: 2026-03-10 15:40:00-04:00 | O=1.16145 H=1.16145 L=1.16129 C=1.16130
2026-03-10 19:41:18,181 - INFO - Waiting for new bar... (last: 2026-03-10 15:40:00-04:00, price: 1.16179)
2026-03-10 19:45:19,098 - INFO - New bar: 2026-03-10 15:45:00-04:00 | O=1.16144 H=1.16155 L=1.16139 C=1.16149
2026-03-10 19:46:19,296 - INFO - Waiting for new bar... (last: 2026-03-10 15:45:00-04:00, price: 1.16125)
2026-03-10 19:50:20,183 - INFO - New bar: 2026-03-10 15:50:00-04:00 | O=1.16110 H=1.16121 L=1.16108 C=1.16109
2026-03-10 19:51:20,431 - INFO - Waiting for new bar... (last: 2026-03-10 15:50:00-04:00, price: 1.16119)
2026-03-10 19:55:21,298 - INFO - New bar: 2026-03-10 15:55:00-04:00 | O=1.16135 H=1.16149 L=1.16134 C=1.16146
2026-03-10 19:56:21,539 - INFO - Waiting for new bar... (last: 2026-03-10 15:55:00-04:00, price: 1.16121)
2026-03-10 20:00:22,549 - INFO - New bar: 2026-03-10 16:00:00-04:00 | O=1.16143 H=1.16150 L=1.16131 C=1.16136
2026-03-10 20:01:22,904 - INFO - Waiting for new bar... (last: 2026-03-10 16:00:00-04:00, price: 1.16149)
2026-03-10 20:05:23,869 - INFO - New bar: 2026-03-10 16:05:00-04:00 | O=1.16094 H=1.16094 L=1.16090 C=1.16091
2026-03-10 20:06:24,109 - INFO - Waiting for new bar... (last: 2026-03-10 16:05:00-04:00, price: 1.16101)
2026-03-10 20:10:25,014 - INFO - New bar: 2026-03-10 16:10:00-04:00 | O=1.16099 H=1.16104 L=1.16099 C=1.16099
2026-03-10 20:11:25,328 - INFO - Waiting for new bar... (last: 2026-03-10 16:10:00-04:00, price: 1.16098)
2026-03-10 20:15:26,256 - INFO - New bar: 2026-03-10 16:15:00-04:00 | O=1.16133 H=1.16138 L=1.16129 C=1.16135
2026-03-10 20:16:26,462 - INFO - Waiting for new bar... (last: 2026-03-10 16:15:00-04:00, price: 1.16138)
2026-03-10 20:20:27,321 - INFO - New bar: 2026-03-10 16:20:00-04:00 | O=1.16112 H=1.16112 L=1.16109 C=1.16112
2026-03-10 20:21:27,559 - INFO - Waiting for new bar... (last: 2026-03-10 16:20:00-04:00, price: 1.16143)
2026-03-10 20:25:28,456 - INFO - New bar: 2026-03-10 16:25:00-04:00 | O=1.16142 H=1.16142 L=1.16134 C=1.16135
2026-03-10 20:26:28,671 - INFO - Waiting for new bar... (last: 2026-03-10 16:25:00-04:00, price: 1.16129)
2026-03-10 20:30:29,578 - INFO - New bar: 2026-03-10 16:30:00-04:00 | O=1.16145 H=1.16146 L=1.16143 C=1.16144
2026-03-10 20:31:29,788 - INFO - Waiting for new bar... (last: 2026-03-10 16:30:00-04:00, price: 1.16148)
2026-03-10 20:35:30,724 - INFO - New bar: 2026-03-10 16:35:00-04:00 | O=1.16138 H=1.16139 L=1.16131 C=1.16133
2026-03-10 20:36:30,946 - INFO - Waiting for new bar... (last: 2026-03-10 16:35:00-04:00, price: 1.16119)
2026-03-10 20:40:31,830 - INFO - New bar: 2026-03-10 16:40:00-04:00 | O=1.16130 H=1.16135 L=1.16122 C=1.16125
2026-03-10 20:41:32,070 - INFO - Waiting for new bar... (last: 2026-03-10 16:40:00-04:00, price: 1.16130)
2026-03-10 20:45:33,095 - INFO - New bar: 2026-03-10 16:45:00-04:00 | O=1.16108 H=1.16118 L=1.16104 C=1.16111
2026-03-10 20:46:33,319 - INFO - Waiting for new bar... (last: 2026-03-10 16:45:00-04:00, price: 1.16112)
2026-03-10 20:50:34,329 - INFO - New bar: 2026-03-10 16:50:00-04:00 | O=1.16096 H=1.16099 L=1.16094 C=1.16094
2026-03-10 20:51:34,600 - INFO - Waiting for new bar... (last: 2026-03-10 16:50:00-04:00, price: 1.16090)
2026-03-10 20:55:35,489 - INFO - New bar: 2026-03-10 16:55:00-04:00 | O=1.16098 H=1.16104 L=1.16088 C=1.16092
2026-03-10 20:56:35,735 - INFO - Waiting for new bar... (last: 2026-03-10 16:55:00-04:00, price: 1.16091)
2026-03-10 21:01:36,878 - INFO - Waiting for new bar... (last: 2026-03-10 16:55:00-04:00, price: 1.16111)
2026-03-10 21:06:38,023 - INFO - Waiting for new bar... (last: 2026-03-10 16:55:00-04:00, price: 1.16111)
2026-03-10 21:11:52,794 - INFO - Waiting for new bar... (last: 2026-03-10 16:55:00-04:00, price: 1.16111)
2026-03-10 21:15:53,875 - INFO - New bar: 2026-03-10 17:15:00-04:00 | O=1.16065 H=1.16074 L=1.16064 C=1.16073
2026-03-10 21:16:54,502 - INFO - Waiting for new bar... (last: 2026-03-10 17:15:00-04:00, price: 1.16098)
2026-03-10 21:20:55,837 - INFO - New bar: 2026-03-10 17:20:00-04:00 | O=1.16086 H=1.16086 L=1.16086 C=1.16086
2026-03-10 21:21:56,206 - INFO - Waiting for new bar... (last: 2026-03-10 17:20:00-04:00, price: 1.16086)
2026-03-10 21:25:57,143 - INFO - New bar: 2026-03-10 17:25:00-04:00 | O=1.16089 H=1.16090 L=1.16089 C=1.16090
2026-03-10 21:26:57,388 - INFO - Waiting for new bar... (last: 2026-03-10 17:25:00-04:00, price: 1.16090)
2026-03-10 21:30:58,467 - INFO - New bar: 2026-03-10 17:30:00-04:00 | O=1.16090 H=1.16093 L=1.16090 C=1.16091
2026-03-10 21:31:58,711 - INFO - Waiting for new bar... (last: 2026-03-10 17:30:00-04:00, price: 1.16091)
2026-03-10 21:35:59,671 - INFO - New bar: 2026-03-10 17:35:00-04:00 | O=1.16094 H=1.16095 L=1.16088 C=1.16088
2026-03-10 21:36:59,880 - INFO - Waiting for new bar... (last: 2026-03-10 17:35:00-04:00, price: 1.16088)
2026-03-10 21:41:00,835 - INFO - New bar: 2026-03-10 17:40:00-04:00 | O=1.16094 H=1.16098 L=1.16094 C=1.16098
2026-03-10 21:42:01,078 - INFO - Waiting for new bar... (last: 2026-03-10 17:40:00-04:00, price: 1.16107)
2026-03-10 21:46:02,006 - INFO - New bar: 2026-03-10 17:45:00-04:00 | O=1.16109 H=1.16112 L=1.16105 C=1.16111
2026-03-10 21:47:02,280 - INFO - Waiting for new bar... (last: 2026-03-10 17:45:00-04:00, price: 1.16108)
2026-03-10 21:51:03,248 - INFO - New bar: 2026-03-10 17:50:00-04:00 | O=1.16124 H=1.16124 L=1.16108 C=1.16108
2026-03-10 21:52:03,506 - INFO - Waiting for new bar... (last: 2026-03-10 17:50:00-04:00, price: 1.16125)
2026-03-10 21:56:04,459 - INFO - New bar: 2026-03-10 17:55:00-04:00 | O=1.16124 H=1.16125 L=1.16122 C=1.16122
2026-03-10 21:57:04,716 - INFO - Waiting for new bar... (last: 2026-03-10 17:55:00-04:00, price: 1.16105)
2026-03-10 22:01:05,668 - INFO - New bar: 2026-03-10 18:00:00-04:00 | O=1.16107 H=1.16119 L=1.16107 C=1.16115
2026-03-10 22:02:05,921 - INFO - Waiting for new bar... (last: 2026-03-10 18:00:00-04:00, price: 1.16115)
2026-03-10 22:05:06,647 - INFO - New bar: 2026-03-10 18:05:00-04:00 | O=1.16131 H=1.16132 L=1.16121 C=1.16122
2026-03-10 22:07:07,058 - INFO - Waiting for new bar... (last: 2026-03-10 18:05:00-04:00, price: 1.16097)
2026-03-10 22:10:07,800 - INFO - New bar: 2026-03-10 18:10:00-04:00 | O=1.16088 H=1.16088 L=1.16088 C=1.16088
2026-03-10 22:12:08,286 - INFO - Waiting for new bar... (last: 2026-03-10 18:10:00-04:00, price: 1.16094)
2026-03-10 22:15:08,974 - INFO - New bar: 2026-03-10 18:15:00-04:00 | O=1.16091 H=1.16093 L=1.16090 C=1.16093
2026-03-10 22:17:09,400 - INFO - Waiting for new bar... (last: 2026-03-10 18:15:00-04:00, price: 1.16095)
2026-03-10 22:20:10,076 - INFO - New bar: 2026-03-10 18:20:00-04:00 | O=1.16084 H=1.16084 L=1.16084 C=1.16084
2026-03-10 22:22:10,522 - INFO - Waiting for new bar... (last: 2026-03-10 18:20:00-04:00, price: 1.16077)
2026-03-10 22:25:11,197 - INFO - New bar: 2026-03-10 18:25:00-04:00 | O=1.16075 H=1.16078 L=1.16075 C=1.16077
2026-03-10 22:27:11,697 - INFO - Waiting for new bar... (last: 2026-03-10 18:25:00-04:00, price: 1.16065)
2026-03-10 22:29:11,951 - INFO - Daily snapshot: cumulative P&L = EUR -8.69, capital = EUR 953,285.06
2026-03-10 22:30:12,380 - INFO - New bar: 2026-03-10 18:30:00-04:00 | O=1.16065 H=1.16065 L=1.16064 C=1.16065
2026-03-10 22:32:12,834 - INFO - Waiting for new bar... (last: 2026-03-10 18:30:00-04:00, price: 1.16074)
2026-03-10 22:35:13,502 - INFO - New bar: 2026-03-10 18:35:00-04:00 | O=1.16064 H=1.16064 L=1.16063 C=1.16063
2026-03-10 22:37:13,916 - INFO - Waiting for new bar... (last: 2026-03-10 18:35:00-04:00, price: 1.16049)
2026-03-10 22:40:14,587 - INFO - New bar: 2026-03-10 18:40:00-04:00 | O=1.16046 H=1.16046 L=1.16044 C=1.16046
2026-03-10 22:42:15,054 - INFO - Waiting for new bar... (last: 2026-03-10 18:40:00-04:00, price: 1.16044)
2026-03-10 22:45:15,739 - INFO - New bar: 2026-03-10 18:45:00-04:00 | O=1.16044 H=1.16045 L=1.16044 C=1.16044
2026-03-10 22:47:16,160 - INFO - Waiting for new bar... (last: 2026-03-10 18:45:00-04:00, price: 1.16034)
2026-03-10 22:50:16,842 - INFO - New bar: 2026-03-10 18:50:00-04:00 | O=1.16032 H=1.16032 L=1.16032 C=1.16032
2026-03-10 22:52:17,297 - INFO - Waiting for new bar... (last: 2026-03-10 18:50:00-04:00, price: 1.16039)
2026-03-10 22:55:17,970 - INFO - New bar: 2026-03-10 18:55:00-04:00 | O=1.16042 H=1.16042 L=1.16040 C=1.16040
2026-03-10 22:57:18,472 - INFO - Waiting for new bar... (last: 2026-03-10 18:55:00-04:00, price: 1.16054)
2026-03-10 23:00:19,130 - INFO - New bar: 2026-03-10 19:00:00-04:00 | O=1.16050 H=1.16067 L=1.16050 C=1.16066
2026-03-10 23:02:19,655 - INFO - Waiting for new bar... (last: 2026-03-10 19:00:00-04:00, price: 1.16068)
2026-03-10 23:05:20,326 - INFO - New bar: 2026-03-10 19:05:00-04:00 | O=1.16054 H=1.16055 L=1.16054 C=1.16054
2026-03-10 23:07:20,759 - INFO - Waiting for new bar... (last: 2026-03-10 19:05:00-04:00, price: 1.16061)
2026-03-10 23:10:21,423 - INFO - New bar: 2026-03-10 19:10:00-04:00 | O=1.16070 H=1.16070 L=1.16068 C=1.16070
2026-03-10 23:12:21,916 - INFO - Waiting for new bar... (last: 2026-03-10 19:10:00-04:00, price: 1.16085)
2026-03-10 23:15:22,598 - INFO - New bar: 2026-03-10 19:15:00-04:00 | O=1.16101 H=1.16101 L=1.16094 C=1.16094
2026-03-10 23:17:23,047 - INFO - Waiting for new bar... (last: 2026-03-10 19:15:00-04:00, price: 1.16098)
2026-03-10 23:20:23,729 - INFO - New bar: 2026-03-10 19:20:00-04:00 | O=1.16099 H=1.16099 L=1.16098 C=1.16099
2026-03-10 23:22:24,179 - INFO - Waiting for new bar... (last: 2026-03-10 19:20:00-04:00, price: 1.16106)
2026-03-10 23:25:24,851 - INFO - New bar: 2026-03-10 19:25:00-04:00 | O=1.16109 H=1.16109 L=1.16106 C=1.16106
2026-03-10 23:27:25,309 - INFO - Waiting for new bar... (last: 2026-03-10 19:25:00-04:00, price: 1.16094)
2026-03-10 23:30:25,761 - INFO - Maintenance window active — resuming at 06:45 CET.
2026-03-10 23:45:01,211 - ERROR - Peer closed connection.
2026-03-10 23:45:26,292 - WARNING - Connection lost detected!
2026-03-10 23:45:26,292 - INFO - Attempting automatic reconnection...
2026-03-10 23:45:26,292 - WARNING - Open position exists but connection lost. Cannot close safely. Will retry after reconnect.
2026-03-10 23:45:26,292 - INFO - Reconnection attempt 1/10 (waiting 1s before trying)...
2026-03-10 23:45:27,294 - INFO - Connecting to localhost:4002 with clientId 753...
2026-03-10 23:45:27,296 - INFO - Connected
2026-03-10 23:45:27,667 - INFO - Logged on to server version 178
2026-03-10 23:45:28,284 - ERROR - Peer closed connection. clientId 753 already in use?
2026-03-10 23:45:31,301 - INFO - Disconnecting
2026-03-10 23:45:31,301 - ERROR - API connection failed: TimeoutError()
2026-03-10 23:45:31,301 - WARNING - Reconnection attempt 1 failed: 
2026-03-10 23:45:31,301 - INFO - Reconnection attempt 2/10 (waiting 2s before trying)...
2026-03-10 23:45:33,304 - INFO - Connecting to localhost:4002 with clientId 753...
2026-03-10 23:45:33,306 - INFO - Connected
2026-03-10 23:45:33,338 - INFO - Logged on to server version 178
2026-03-10 23:45:33,448 - INFO - Warning 2104, reqId -1: Market data farm connection is OK:usfarm
2026-03-10 23:45:33,448 - INFO - Warning 2106, reqId -1: HMDS data farm connection is OK:ushmds
2026-03-10 23:45:33,449 - INFO - Warning 2158, reqId -1: Sec-def data farm connection is OK:secdefnj
2026-03-10 23:45:33,449 - INFO - API connection ready
2026-03-10 23:45:33,987 - INFO - position: Position(account='DUM847254', contract=Forex('EURUSD', conId=12087792, localSymbol='EUR.USD', tradingClass='EUR.USD'), position=0.0, avgCost=0.0)
2026-03-10 23:45:34,841 - INFO - execDetails Execution(execId='0000e215.69af4e87.01.01', time=datetime.datetime(2026, 3, 10, 6, 6, 3, tzinfo=datetime.timezone.utc), acctNumber='DUM847254', exchange='IDEALPRO', side='BOT', shares=20000.0, price=1.16224, permId=777036907, clientId=753, orderId=9369, liquidation=0, cumQty=20000.0, avgPrice=1.16224, orderRef='', evRule='', evMultiplier=0.0, modelCode='', lastLiquidity=2, pendingPriceRevision=False)
2026-03-10 23:45:34,884 - INFO - execDetails Execution(execId='0000e215.69af8d04.01.01', time=datetime.datetime(2026, 3, 10, 18, 31, tzinfo=datetime.timezone.utc), acctNumber='DUM847254', exchange='IDEALPRO', side='SLD', shares=20000.0, price=1.16334, permId=777036908, clientId=753, orderId=10112, liquidation=0, cumQty=20000.0, avgPrice=1.16334, orderRef='', evRule='', evMultiplier=0.0, modelCode='', lastLiquidity=2, pendingPriceRevision=False)
2026-03-10 23:45:34,885 - INFO - execDetails Execution(execId='0000e215.69af8d05.01.01', time=datetime.datetime(2026, 3, 10, 18, 31, 1, tzinfo=datetime.timezone.utc), acctNumber='DUM847254', exchange='IDEALPRO', side='SLD', shares=20000.0, price=1.16334, permId=777036909, clientId=753, orderId=10113, liquidation=0, cumQty=20000.0, avgPrice=1.16334, orderRef='', evRule='', evMultiplier=0.0, modelCode='', lastLiquidity=2, pendingPriceRevision=False)
2026-03-10 23:45:34,885 - INFO - commissionReport: CommissionReport(execId='0000e215.69af4e87.01.01', commission=1.71874, currency='EUR', realizedPNL=0.0, yield_=0.0, yieldRedemptionDate=0)
2026-03-10 23:45:34,885 - INFO - commissionReport: CommissionReport(execId='0000e215.69af8d04.01.01', commission=1.71874, currency='EUR', realizedPNL=0.0, yield_=0.0, yieldRedemptionDate=0)
2026-03-10 23:45:34,885 - INFO - commissionReport: CommissionReport(execId='0000e215.69af8d05.01.01', commission=1.71874, currency='EUR', realizedPNL=0.0, yield_=0.0, yieldRedemptionDate=0)
2026-03-10 23:45:34,885 - INFO - Synchronization complete
2026-03-10 23:45:34,885 - INFO - Reconnected successfully on attempt 2
2026-03-10 23:45:34,972 - INFO - Contract re-qualified: EUR (conId: 12087792)
2026-03-10 23:45:34,972 - INFO - Reconnected successfully.
2026-03-10 23:45:34,972 - INFO - Reconciling position state with IB...
2026-03-10 23:45:34,973 - WARNING - Position mismatch detected!
2026-03-10 23:45:34,973 - WARNING -   Bot thought: SHORT @ 1.1633
2026-03-10 23:45:34,973 - WARNING -   IB shows: FLAT (no position)
2026-03-10 23:45:34,973 - INFO - Updated bot state to match IB: FLAT
2026-03-10 23:45:34,973 - WARNING - Position closed by IB (reboot/reset). Estimated exit: 1.16106, P&L: EUR 35.83 (USD 41.60)
2026-03-10 23:45:34,973 - INFO - Reconciliation complete. Current state: FLAT
2026-03-10 23:45:34,973 - INFO - Position state verified. Resuming trading.
2026-03-10 23:51:27,186 - INFO - Warning 2107, reqId -1: HMDS data farm connection is inactive but should be available upon demand.ushmds
2026-03-11 03:45:33,262 - INFO - Warning 2157, reqId -1: Sec-def data farm connection is broken:secdefnj
2026-03-11 03:45:34,059 - INFO - Warning 2158, reqId -1: Sec-def data farm connection is OK:secdefnj
2026-03-11 04:17:42,612 - INFO - Warning 2103, reqId -1: Market data farm connection is broken:usfarm
2026-03-11 04:17:43,619 - INFO - Warning 2104, reqId -1: Market data farm connection is OK:usfarm
2026-03-11 04:18:15,626 - INFO - Warning 2103, reqId -1: Market data farm connection is broken:usfarm
2026-03-11 04:18:16,899 - INFO - Warning 2104, reqId -1: Market data farm connection is OK:usfarm
2026-03-11 04:22:11,718 - ERROR - Error 1100, reqId -1: Connectivity between IBKR and Trader Workstation has been lost.
2026-03-11 04:22:12,347 - ERROR - Error 1100, reqId -1: Connectivity between IBKR and Trader Workstation has been lost.
2026-03-11 04:22:19,135 - ERROR - Error 1100, reqId -1: Connectivity between IBKR and Trader Workstation has been lost.
2026-03-11 04:22:23,847 - ERROR - Error 1100, reqId -1: Connectivity between IBKR and Trader Workstation has been lost.
2026-03-11 04:22:29,132 - ERROR - Error 1100, reqId -1: Connectivity between IBKR and Trader Workstation has been lost.
2026-03-11 04:22:33,980 - ERROR - Error 1100, reqId -1: Connectivity between IBKR and Trader Workstation has been lost.
2026-03-11 04:22:44,751 - ERROR - Error 1100, reqId -1: Connectivity between IBKR and Trader Workstation has been lost.
2026-03-11 04:22:58,649 - ERROR - Error 1100, reqId -1: Connectivity between IBKR and Trader Workstation has been lost.
2026-03-11 04:23:11,581 - ERROR - Error 1100, reqId -1: Connectivity between IBKR and Trader Workstation has been lost.
2026-03-11 04:23:31,461 - ERROR - Error 1100, reqId -1: Connectivity between IBKR and Trader Workstation has been lost.
2026-03-11 04:23:52,967 - INFO - position: Position(account='DUM847254', contract=Forex('EURUSD', conId=12087792, localSymbol='EUR.USD', tradingClass='EUR.USD'), position=0.0, avgCost=0.0)
2026-03-11 04:23:53,414 - INFO - Warning 2106, reqId -1: HMDS data farm connection is OK:ushmds
2026-03-11 04:23:54,225 - ERROR - Error 1102, reqId -1: Connectivity between IBKR and Trader Workstation has been restored - data maintained. All data farms are connected: usfarm; ushmds; secdefnj.
2026-03-11 04:23:54,225 - WARNING - Connectivity restored (Error 1102). Scheduling position reconciliation.
2026-03-11 04:23:54,320 - ERROR - Error handling fields: ['10', '10116', 'EUR', 'CASH', '', '0', '', 'IDEALPRO', 'USD', 'EUR.USD', 'EUR.USD', 'EUR.USD', '12087792', '0.00005', '', 'ACTIVETIM,AD,ADJUST,ALERT,ALGO,ALLOC,AVGCOST,BASKET,BENCHPX,CASHQTY,COND,CONDORDER,DAY,DEACT,DEACTDIS,DEACTEOD,GAT,GTC,GTD,GTT,HID,IOC,LIT,LMT,MIT,MKT,NONALGO,OCA,REL,RELPCTOFS,SCALE,SCALERST,STP,STPLMT,TRAIL,TRAILLIT,TRAILLMT,TRAILMIT,WHATIF', 'IDEALPRO', '1', '0', 'European Monetary Union Euro', '', '', '', '', '', 'US/Eastern', '20260310:1715-20260311:1700;20260311:1715-20260312:1700;20260312:1715-20260313:1700;20260314:CLOSED;20260315:1715-20260316:1700;20260316:1715-20260317:1700', '20260310:1715-20260311:1700;20260311:1715-20260312:1700;20260312:1715-20260313:1700;20260314:CLOSED;20260315:1715-20260316:1700;20260316:1715-20260317:1700', '', '', '0', '4', '', '', '3188', '', '', '0.01', '0.01', '0.01']
Traceback (most recent call last):
  File "/usr/local/lib/python3.11/site-packages/ib_async/decoder.py", line 181, in interpret
    handler(fields)
  File "/usr/local/lib/python3.11/site-packages/ib_async/decoder.py", line 344, in contractDetails
    self.wrapper.contractDetails(int(reqId), cd)
  File "/usr/local/lib/python3.11/site-packages/ib_async/wrapper.py", line 874, in contractDetails
    self._results[reqId].append(contractDetails)
    ~~~~~~~~~~~~~^^^^^^^
KeyError: 10116
2026-03-11 04:24:50,972 - INFO - Running scheduled reconciliation after connectivity restore...
2026-03-11 04:24:50,972 - INFO - Reconciling position state with IB...
2026-03-11 04:24:50,972 - INFO - Position confirmed: FLAT (no open positions)
2026-03-11 04:24:50,972 - INFO - Reconciliation complete. Current state: FLAT
2026-03-11 04:29:53,431 - INFO - Warning 2107, reqId -1: HMDS data farm connection is inactive but should be available upon demand.ushmds
2026-03-11 05:45:54,216 - INFO - Maintenance window ended — reloading warmup bars before resuming.
2026-03-11 05:45:54,216 - INFO - Loading 80 historical 5min bars for warmup...
2026-03-11 05:45:58,268 - INFO - Warning 2106, reqId -1: HMDS data farm connection is OK:cashhmds
2026-03-11 05:45:58,652 - INFO - Warmup complete: loaded 81 bars (need 80 for signals)
2026-03-11 05:46:59,156 - INFO - Waiting for new bar... (last: 2026-03-11 01:45:00-04:00, price: 1.16314)
2026-03-11 05:51:00,336 - INFO - New bar: 2026-03-11 01:50:00-04:00 | O=1.16322 H=1.16336 L=1.16322 C=1.16332
2026-03-11 05:52:00,572 - INFO - Waiting for new bar... (last: 2026-03-11 01:50:00-04:00, price: 1.16341)
2026-03-11 05:56:01,744 - INFO - New bar: 2026-03-11 01:55:00-04:00 | O=1.16335 H=1.16356 L=1.16335 C=1.16349
2026-03-11 05:57:02,118 - INFO - Waiting for new bar... (last: 2026-03-11 01:55:00-04:00, price: 1.16341)
2026-03-11 06:01:03,307 - INFO - New bar: 2026-03-11 02:00:00-04:00 | O=1.16329 H=1.16336 L=1.16324 C=1.16335
2026-03-11 06:02:03,604 - INFO - Waiting for new bar... (last: 2026-03-11 02:00:00-04:00, price: 1.16343)
2026-03-11 06:06:04,872 - INFO - New bar: 2026-03-11 02:05:00-04:00 | O=1.16335 H=1.16342 L=1.16329 C=1.16341
2026-03-11 06:07:05,199 - INFO - Waiting for new bar... (last: 2026-03-11 02:05:00-04:00, price: 1.16340)
2026-03-11 06:10:05,935 - INFO - New bar: 2026-03-11 02:10:00-04:00 | O=1.16359 H=1.16361 L=1.16358 C=1.16359
2026-03-11 06:12:06,466 - INFO - Waiting for new bar... (last: 2026-03-11 02:10:00-04:00, price: 1.16356)
2026-03-11 06:15:07,237 - INFO - New bar: 2026-03-11 02:15:00-04:00 | O=1.16395 H=1.16396 L=1.16394 C=1.16396
2026-03-11 06:17:07,772 - INFO - Waiting for new bar... (last: 2026-03-11 02:15:00-04:00, price: 1.16396)
2026-03-11 06:20:08,547 - INFO - New bar: 2026-03-11 02:20:00-04:00 | O=1.16381 H=1.16381 L=1.16381 C=1.16381
2026-03-11 06:22:09,121 - INFO - Waiting for new bar... (last: 2026-03-11 02:20:00-04:00, price: 1.16385)
2026-03-11 06:25:09,879 - INFO - New bar: 2026-03-11 02:25:00-04:00 | O=1.16355 H=1.16357 L=1.16355 C=1.16356
2026-03-11 06:27:10,410 - INFO - Waiting for new bar... (last: 2026-03-11 02:25:00-04:00, price: 1.16352)
2026-03-11 06:30:11,159 - INFO - New bar: 2026-03-11 02:30:00-04:00 | O=1.16358 H=1.16360 L=1.16351 C=1.16352
2026-03-11 06:32:11,669 - INFO - Waiting for new bar... (last: 2026-03-11 02:30:00-04:00, price: 1.16346)
2026-03-11 06:35:12,419 - INFO - New bar: 2026-03-11 02:35:00-04:00 | O=1.16369 H=1.16369 L=1.16368 C=1.16368
2026-03-11 06:37:13,032 - INFO - Waiting for new bar... (last: 2026-03-11 02:35:00-04:00, price: 1.16384)
2026-03-11 06:40:13,762 - INFO - New bar: 2026-03-11 02:40:00-04:00 | O=1.16390 H=1.16392 L=1.16385 C=1.16385
2026-03-11 06:42:14,258 - INFO - Waiting for new bar... (last: 2026-03-11 02:40:00-04:00, price: 1.16376)
2026-03-11 06:45:15,017 - INFO - New bar: 2026-03-11 02:45:00-04:00 | O=1.16359 H=1.16362 L=1.16359 C=1.16362
2026-03-11 06:47:15,527 - INFO - Waiting for new bar... (last: 2026-03-11 02:45:00-04:00, price: 1.16353)
2026-03-11 06:50:16,283 - INFO - New bar: 2026-03-11 02:50:00-04:00 | O=1.16305 H=1.16311 L=1.16305 C=1.16311
2026-03-11 06:52:16,771 - INFO - Waiting for new bar... (last: 2026-03-11 02:50:00-04:00, price: 1.16325)
2026-03-11 06:55:17,484 - INFO - New bar: 2026-03-11 02:55:00-04:00 | O=1.16326 H=1.16326 L=1.16325 C=1.16325
2026-03-11 06:57:18,012 - INFO - Waiting for new bar... (last: 2026-03-11 02:55:00-04:00, price: 1.16341)
2026-03-11 07:00:18,753 - INFO - New bar: 2026-03-11 03:00:00-04:00 | O=1.16336 H=1.16336 L=1.16324 C=1.16335
2026-03-11 07:02:19,281 - INFO - Waiting for new bar... (last: 2026-03-11 03:00:00-04:00, price: 1.16320)
2026-03-11 07:05:20,064 - INFO - New bar: 2026-03-11 03:05:00-04:00 | O=1.16318 H=1.16325 L=1.16318 C=1.16318
2026-03-11 07:07:20,642 - INFO - Waiting for new bar... (last: 2026-03-11 03:05:00-04:00, price: 1.16306)
2026-03-11 07:10:21,430 - INFO - New bar: 2026-03-11 03:10:00-04:00 | O=1.16309 H=1.16319 L=1.16306 C=1.16318
2026-03-11 07:12:21,908 - INFO - Waiting for new bar... (last: 2026-03-11 03:10:00-04:00, price: 1.16326)
2026-03-11 07:15:22,643 - INFO - New bar: 2026-03-11 03:15:00-04:00 | O=1.16280 H=1.16456 L=1.16280 C=1.16436
2026-03-11 07:17:23,146 - INFO - Waiting for new bar... (last: 2026-03-11 03:15:00-04:00, price: 1.16402)
2026-03-11 07:20:23,880 - INFO - New bar: 2026-03-11 03:20:00-04:00 | O=1.16321 H=1.16321 L=1.16291 C=1.16292
2026-03-11 07:22:24,357 - INFO - Waiting for new bar... (last: 2026-03-11 03:20:00-04:00, price: 1.16277)
2026-03-11 07:25:25,068 - INFO - New bar: 2026-03-11 03:25:00-04:00 | O=1.16271 H=1.16277 L=1.16268 C=1.16271
2026-03-11 07:27:25,641 - INFO - Waiting for new bar... (last: 2026-03-11 03:25:00-04:00, price: 1.16265)
2026-03-11 07:30:26,414 - INFO - New bar: 2026-03-11 03:30:00-04:00 | O=1.16301 H=1.16312 L=1.16301 C=1.16301
2026-03-11 07:32:26,900 - INFO - Waiting for new bar... (last: 2026-03-11 03:30:00-04:00, price: 1.16284)
2026-03-11 07:35:27,677 - INFO - New bar: 2026-03-11 03:35:00-04:00 | O=1.16237 H=1.16240 L=1.16235 C=1.16236
2026-03-11 07:37:28,164 - INFO - Waiting for new bar... (last: 2026-03-11 03:35:00-04:00, price: 1.16245)
2026-03-11 07:40:28,898 - INFO - New bar: 2026-03-11 03:40:00-04:00 | O=1.16207 H=1.16218 L=1.16207 C=1.16210
2026-03-11 07:42:29,511 - INFO - Waiting for new bar... (last: 2026-03-11 03:40:00-04:00, price: 1.16214)
2026-03-11 07:45:30,304 - INFO - New bar: 2026-03-11 03:45:00-04:00 | O=1.16171 H=1.16178 L=1.16162 C=1.16176
2026-03-11 07:47:30,802 - INFO - Waiting for new bar... (last: 2026-03-11 03:45:00-04:00, price: 1.16204)
2026-03-11 07:50:31,553 - INFO - New bar: 2026-03-11 03:50:00-04:00 | O=1.16216 H=1.16217 L=1.16210 C=1.16211
2026-03-11 07:50:31,560 - INFO - SELL Signal: SMA 1.16299 crossed below 1.16303, RSI 39.6, Momentum -0.001245
2026-03-11 07:50:31,563 - INFO - Checking EUR balance...
2026-03-11 07:50:31,563 - INFO - EUR balance: 953,276.53 EUR
2026-03-11 07:50:31,564 - INFO - Required minimum: 20,000.00 EUR
2026-03-11 07:50:31,564 - INFO - Status: Sufficient
2026-03-11 07:50:31,564 - INFO - placeOrder: New order Trade(contract=Forex('EURUSD', conId=12087792, exchange='IDEALPRO', localSymbol='EUR.USD', tradingClass='EUR.USD'), order=MarketOrder(orderId=10244, clientId=753, action='SELL', totalQuantity=20000, tif='GTC'), orderStatus=OrderStatus(orderId=10244, status='PendingSubmit', filled=0.0, remaining=0.0, avgFillPrice=0.0, permId=0, parentId=0, lastFillPrice=0.0, clientId=0, whyHeld='', mktCapPrice=0.0), fills=[], log=[TradeLogEntry(time=datetime.datetime(2026, 3, 11, 7, 50, 31, 564661, tzinfo=datetime.timezone.utc), status='PendingSubmit', message='', errorCode=0)], advancedError='')
2026-03-11 07:50:32,374 - INFO - orderStatus: Trade(contract=Forex('EURUSD', conId=12087792, exchange='IDEALPRO', localSymbol='EUR.USD', tradingClass='EUR.USD'), order=MarketOrder(orderId=10244, clientId=753, permId=1837149473, action='SELL', totalQuantity=20000.0, lmtPrice=0.0, auxPrice=0.0, tif='GTC'), orderStatus=OrderStatus(orderId=10244, status='PreSubmitted', filled=0.0, remaining=20000.0, avgFillPrice=0.0, permId=1837149473, parentId=0, lastFillPrice=0.0, clientId=753, whyHeld='', mktCapPrice=0.0), fills=[], log=[TradeLogEntry(time=datetime.datetime(2026, 3, 11, 7, 50, 31, 564661, tzinfo=datetime.timezone.utc), status='PendingSubmit', message='', errorCode=0), TradeLogEntry(time=datetime.datetime(2026, 3, 11, 7, 50, 32, 374099, tzinfo=datetime.timezone.utc), status='PreSubmitted', message='', errorCode=0)], advancedError='')
2026-03-11 07:50:32,416 - INFO - position: Position(account='DUM847254', contract=Forex('EURUSD', conId=12087792, localSymbol='EUR.USD', tradingClass='EUR.USD'), position=-20000.0, avgCost=0.0)
2026-03-11 07:50:32,463 - INFO - execDetails Execution(execId='0000e215.69b09d9d.01.01', time=datetime.datetime(2026, 3, 11, 7, 50, 32, tzinfo=datetime.timezone.utc), acctNumber='DUM847254', exchange='IDEALPRO', side='SLD', shares=20000.0, price=1.16209, permId=1837149473, clientId=753, orderId=10244, liquidation=0, cumQty=20000.0, avgPrice=1.16209, orderRef='', evRule='', evMultiplier=0.0, modelCode='', lastLiquidity=2, pendingPriceRevision=False)
2026-03-11 07:50:32,464 - INFO - execDetails: Fill(contract=Forex('EURUSD', conId=12087792, exchange='IDEALPRO', localSymbol='EUR.USD', tradingClass='EUR.USD'), execution=Execution(execId='0000e215.69b09d9d.01.01', time=datetime.datetime(2026, 3, 11, 7, 50, 32, tzinfo=datetime.timezone.utc), acctNumber='DUM847254', exchange='IDEALPRO', side='SLD', shares=20000.0, price=1.16209, permId=1837149473, clientId=753, orderId=10244, liquidation=0, cumQty=20000.0, avgPrice=1.16209, orderRef='', evRule='', evMultiplier=0.0, modelCode='', lastLiquidity=2, pendingPriceRevision=False), commissionReport=CommissionReport(execId='', commission=0.0, currency='', realizedPNL=0.0, yield_=0.0, yieldRedemptionDate=0), time=datetime.datetime(2026, 3, 11, 7, 50, 32, 463611, tzinfo=datetime.timezone.utc))
2026-03-11 07:50:32,468 - INFO - orderStatus: Trade(contract=Forex('EURUSD', conId=12087792, exchange='IDEALPRO', localSymbol='EUR.USD', tradingClass='EUR.USD'), order=MarketOrder(orderId=10244, clientId=753, permId=1837149473, action='SELL', totalQuantity=20000.0, lmtPrice=0.0, auxPrice=0.0, tif='GTC'), orderStatus=OrderStatus(orderId=10244, status='Filled', filled=20000.0, remaining=0.0, avgFillPrice=1.16209, permId=1837149473, parentId=0, lastFillPrice=1.16209, clientId=753, whyHeld='', mktCapPrice=0.0), fills=[Fill(contract=Forex('EURUSD', conId=12087792, exchange='IDEALPRO', localSymbol='EUR.USD', tradingClass='EUR.USD'), execution=Execution(execId='0000e215.69b09d9d.01.01', time=datetime.datetime(2026, 3, 11, 7, 50, 32, tzinfo=datetime.timezone.utc), acctNumber='DUM847254', exchange='IDEALPRO', side='SLD', shares=20000.0, price=1.16209, permId=1837149473, clientId=753, orderId=10244, liquidation=0, cumQty=20000.0, avgPrice=1.16209, orderRef='', evRule='', evMultiplier=0.0, modelCode='', lastLiquidity=2, pendingPriceRevision=False), commissionReport=CommissionReport(execId='', commission=0.0, currency='', realizedPNL=0.0, yield_=0.0, yieldRedemptionDate=0), time=datetime.datetime(2026, 3, 11, 7, 50, 32, 463611, tzinfo=datetime.timezone.utc))], log=[TradeLogEntry(time=datetime.datetime(2026, 3, 11, 7, 50, 31, 564661, tzinfo=datetime.timezone.utc), status='PendingSubmit', message='', errorCode=0), TradeLogEntry(time=datetime.datetime(2026, 3, 11, 7, 50, 32, 374099, tzinfo=datetime.timezone.utc), status='PreSubmitted', message='', errorCode=0), TradeLogEntry(time=datetime.datetime(2026, 3, 11, 7, 50, 32, 463611, tzinfo=datetime.timezone.utc), status='PreSubmitted', message='Fill 20000.0@1.16209', errorCode=0), TradeLogEntry(time=datetime.datetime(2026, 3, 11, 7, 50, 32, 467720, tzinfo=datetime.timezone.utc), status='Filled', message='', errorCode=0)], advancedError='')
2026-03-11 07:50:32,477 - INFO - commissionReport: CommissionReport(execId='0000e215.69b09d9d.01.01', commission=1.72262, currency='EUR', realizedPNL=0.0, yield_=0.0, yieldRedemptionDate=0)
2026-03-11 07:50:32,482 - INFO - position: Position(account='DUM847254', contract=Forex('EURUSD', conId=12087792, localSymbol='EUR.USD', tradingClass='EUR.USD'), position=-20000.0, avgCost=0.0)
2026-03-11 07:50:32,567 - INFO - OPENED: SELL 20,000 EUR @ 1.16209 (slippage: 0.2 pips)
2026-03-11 07:50:32,567 - INFO - Entry price recorded: 1.16209
2026-03-11 07:52:33,051 - INFO - Waiting for new bar... (last: 2026-03-11 03:50:00-04:00, price: 1.16206)
2026-03-11 07:55:33,777 - INFO - New bar: 2026-03-11 03:55:00-04:00 | O=1.16183 H=1.16183 L=1.16168 C=1.16169
2026-03-11 07:57:34,259 - INFO - Waiting for new bar... (last: 2026-03-11 03:55:00-04:00, price: 1.16149)
2026-03-11 08:00:35,009 - INFO - New bar: 2026-03-11 04:00:00-04:00 | O=1.16169 H=1.16173 L=1.16152 C=1.16165
2026-03-11 08:02:35,508 - INFO - Waiting for new bar... (last: 2026-03-11 04:00:00-04:00, price: 1.16166)
2026-03-11 08:05:36,168 - INFO - New bar: 2026-03-11 04:05:00-04:00 | O=1.16170 H=1.16179 L=1.16169 C=1.16176
2026-03-11 08:07:36,644 - INFO - Waiting for new bar... (last: 2026-03-11 04:05:00-04:00, price: 1.16139)
2026-03-11 08:10:37,476 - INFO - New bar: 2026-03-11 04:10:00-04:00 | O=1.16161 H=1.16183 L=1.16156 C=1.16182
2026-03-11 08:12:37,964 - INFO - Waiting for new bar... (last: 2026-03-11 04:10:00-04:00, price: 1.16211)
2026-03-11 08:15:38,686 - INFO - New bar: 2026-03-11 04:15:00-04:00 | O=1.16206 H=1.16206 L=1.16189 C=1.16195
2026-03-11 08:17:39,125 - INFO - Waiting for new bar... (last: 2026-03-11 04:15:00-04:00, price: 1.16171)
2026-03-11 08:20:39,906 - INFO - New bar: 2026-03-11 04:20:00-04:00 | O=1.16136 H=1.16139 L=1.16122 C=1.16125
2026-03-11 08:22:40,369 - INFO - Waiting for new bar... (last: 2026-03-11 04:20:00-04:00, price: 1.16151)
2026-03-11 08:25:41,095 - INFO - New bar: 2026-03-11 04:25:00-04:00 | O=1.16149 H=1.16150 L=1.16135 C=1.16138
2026-03-11 08:27:41,631 - INFO - Waiting for new bar... (last: 2026-03-11 04:25:00-04:00, price: 1.16111)
2026-03-11 08:30:42,310 - INFO - New bar: 2026-03-11 04:30:00-04:00 | O=1.16151 H=1.16165 L=1.16149 C=1.16151
2026-03-11 08:32:42,799 - INFO - Waiting for new bar... (last: 2026-03-11 04:30:00-04:00, price: 1.16145)
2026-03-11 08:35:43,548 - INFO - New bar: 2026-03-11 04:35:00-04:00 | O=1.16141 H=1.16142 L=1.16122 C=1.16129
2026-03-11 08:37:44,019 - INFO - Waiting for new bar... (last: 2026-03-11 04:35:00-04:00, price: 1.16134)
2026-03-11 08:40:44,698 - INFO - New bar: 2026-03-11 04:40:00-04:00 | O=1.16101 H=1.16121 L=1.16098 C=1.16118
2026-03-11 08:42:45,166 - INFO - Waiting for new bar... (last: 2026-03-11 04:40:00-04:00, price: 1.16090)
2026-03-11 08:45:45,857 - INFO - New bar: 2026-03-11 04:45:00-04:00 | O=1.16067 H=1.16074 L=1.16060 C=1.16072
2026-03-11 08:47:46,348 - INFO - Waiting for new bar... (last: 2026-03-11 04:45:00-04:00, price: 1.16060)
2026-03-11 08:50:47,046 - INFO - New bar: 2026-03-11 04:50:00-04:00 | O=1.16057 H=1.16057 L=1.16041 C=1.16054
2026-03-11 08:52:47,511 - INFO - Waiting for new bar... (last: 2026-03-11 04:50:00-04:00, price: 1.16071)
2026-03-11 08:55:48,246 - INFO - New bar: 2026-03-11 04:55:00-04:00 | O=1.16071 H=1.16074 L=1.16065 C=1.16068
2026-03-11 08:57:48,720 - INFO - Waiting for new bar... (last: 2026-03-11 04:55:00-04:00, price: 1.16056)
2026-03-11 09:00:49,411 - INFO - New bar: 2026-03-11 05:00:00-04:00 | O=1.16126 H=1.16139 L=1.16082 C=1.16082
2026-03-11 09:02:49,882 - INFO - Waiting for new bar... (last: 2026-03-11 05:00:00-04:00, price: 1.16029)
2026-03-11 09:05:50,727 - INFO - New bar: 2026-03-11 05:05:00-04:00 | O=1.15946 H=1.15986 L=1.15933 C=1.15975
2026-03-11 09:07:51,193 - INFO - Waiting for new bar... (last: 2026-03-11 05:05:00-04:00, price: 1.15955)
2026-03-11 09:10:51,920 - INFO - New bar: 2026-03-11 05:10:00-04:00 | O=1.16033 H=1.16036 L=1.16007 C=1.16016
2026-03-11 09:12:52,435 - INFO - Waiting for new bar... (last: 2026-03-11 05:10:00-04:00, price: 1.16021)
2026-03-11 09:15:53,298 - INFO - New bar: 2026-03-11 05:15:00-04:00 | O=1.16020 H=1.16020 L=1.15993 C=1.16001
2026-03-11 09:17:53,782 - INFO - Waiting for new bar... (last: 2026-03-11 05:15:00-04:00, price: 1.16014)
2026-03-11 09:20:54,522 - INFO - New bar: 2026-03-11 05:20:00-04:00 | O=1.15963 H=1.15989 L=1.15963 C=1.15989
2026-03-11 09:22:55,017 - INFO - Waiting for new bar... (last: 2026-03-11 05:20:00-04:00, price: 1.15939)
2026-03-11 09:25:55,752 - INFO - New bar: 2026-03-11 05:25:00-04:00 | O=1.15969 H=1.15976 L=1.15945 C=1.15946
2026-03-11 09:27:56,226 - INFO - Waiting for new bar... (last: 2026-03-11 05:25:00-04:00, price: 1.15928)
2026-03-11 09:30:56,968 - INFO - New bar: 2026-03-11 05:30:00-04:00 | O=1.15926 H=1.15951 L=1.15919 C=1.15951
2026-03-11 09:32:57,463 - INFO - Waiting for new bar... (last: 2026-03-11 05:30:00-04:00, price: 1.15982)
2026-03-11 09:35:58,173 - INFO - New bar: 2026-03-11 05:35:00-04:00 | O=1.15986 H=1.15997 L=1.15976 C=1.15985
2026-03-11 09:37:58,637 - INFO - Waiting for new bar... (last: 2026-03-11 05:35:00-04:00, price: 1.15945)
2026-03-11 09:40:59,399 - INFO - New bar: 2026-03-11 05:40:00-04:00 | O=1.15969 H=1.15990 L=1.15962 C=1.15977
2026-03-11 09:43:00,021 - INFO - Waiting for new bar... (last: 2026-03-11 05:40:00-04:00, price: 1.15960)
2026-03-11 09:46:00,829 - INFO - New bar: 2026-03-11 05:45:00-04:00 | O=1.15951 H=1.15966 L=1.15945 C=1.15961
2026-03-11 09:48:01,389 - INFO - Waiting for new bar... (last: 2026-03-11 05:45:00-04:00, price: 1.15963)
2026-03-11 09:51:02,184 - INFO - New bar: 2026-03-11 05:50:00-04:00 | O=1.15953 H=1.15958 L=1.15931 C=1.15932
2026-03-11 09:53:02,653 - INFO - Waiting for new bar... (last: 2026-03-11 05:50:00-04:00, price: 1.15932)
2026-03-11 09:56:03,412 - INFO - New bar: 2026-03-11 05:55:00-04:00 | O=1.15917 H=1.15931 L=1.15902 C=1.15928
2026-03-11 09:58:03,984 - INFO - Waiting for new bar... (last: 2026-03-11 05:55:00-04:00, price: 1.15915)
2026-03-11 10:01:04,775 - INFO - New bar: 2026-03-11 06:00:00-04:00 | O=1.15922 H=1.15931 L=1.15910 C=1.15926
2026-03-11 10:03:05,249 - INFO - Waiting for new bar... (last: 2026-03-11 06:00:00-04:00, price: 1.15939)
2026-03-11 10:06:05,959 - INFO - New bar: 2026-03-11 06:05:00-04:00 | O=1.15979 H=1.15983 L=1.15969 C=1.15979
2026-03-11 10:08:06,436 - INFO - Waiting for new bar... (last: 2026-03-11 06:05:00-04:00, price: 1.15976)
2026-03-11 10:10:06,938 - INFO - New bar: 2026-03-11 06:10:00-04:00 | O=1.16002 H=1.16002 L=1.15985 C=1.15986
2026-03-11 10:13:07,687 - INFO - Waiting for new bar... (last: 2026-03-11 06:10:00-04:00, price: 1.15971)
2026-03-11 10:15:08,162 - INFO - New bar: 2026-03-11 06:15:00-04:00 | O=1.16016 H=1.16016 L=1.16012 C=1.16013
2026-03-11 10:18:08,877 - INFO - Waiting for new bar... (last: 2026-03-11 06:15:00-04:00, price: 1.16042)
2026-03-11 10:20:09,363 - INFO - New bar: 2026-03-11 06:20:00-04:00 | O=1.16039 H=1.16040 L=1.16038 C=1.16040
2026-03-11 10:23:10,098 - INFO - Waiting for new bar... (last: 2026-03-11 06:20:00-04:00, price: 1.16051)
2026-03-11 10:25:10,605 - INFO - New bar: 2026-03-11 06:25:00-04:00 | O=1.16020 H=1.16021 L=1.16020 C=1.16021
2026-03-11 10:28:11,387 - INFO - Waiting for new bar... (last: 2026-03-11 06:25:00-04:00, price: 1.16037)
2026-03-11 10:30:11,883 - INFO - New bar: 2026-03-11 06:30:00-04:00 | O=1.16037 H=1.16047 L=1.16029 C=1.16033
2026-03-11 10:33:12,615 - INFO - Waiting for new bar... (last: 2026-03-11 06:30:00-04:00, price: 1.16056)
2026-03-11 10:35:13,052 - INFO - New bar: 2026-03-11 06:35:00-04:00 | O=1.16074 H=1.16074 L=1.16071 C=1.16071
2026-03-11 10:38:13,803 - INFO - Waiting for new bar... (last: 2026-03-11 06:35:00-04:00, price: 1.16074)
2026-03-11 10:40:14,322 - INFO - New bar: 2026-03-11 06:40:00-04:00 | O=1.16074 H=1.16074 L=1.16060 C=1.16060
2026-03-11 10:43:15,058 - INFO - Waiting for new bar... (last: 2026-03-11 06:40:00-04:00, price: 1.16100)
2026-03-11 10:45:15,546 - INFO - New bar: 2026-03-11 06:45:00-04:00 | O=1.16101 H=1.16101 L=1.16091 C=1.16091
2026-03-11 10:48:16,263 - INFO - Waiting for new bar... (last: 2026-03-11 06:45:00-04:00, price: 1.16090)
2026-03-11 10:50:16,736 - INFO - New bar: 2026-03-11 06:50:00-04:00 | O=1.16071 H=1.16071 L=1.16060 C=1.16069
2026-03-11 10:53:17,486 - INFO - Waiting for new bar... (last: 2026-03-11 06:50:00-04:00, price: 1.16075)
2026-03-11 10:55:17,980 - INFO - New bar: 2026-03-11 06:55:00-04:00 | O=1.16085 H=1.16086 L=1.16077 C=1.16081
2026-03-11 10:58:18,691 - INFO - Waiting for new bar... (last: 2026-03-11 06:55:00-04:00, price: 1.16070)
2026-03-11 11:00:19,194 - INFO - New bar: 2026-03-11 07:00:00-04:00 | O=1.16073 H=1.16091 L=1.16061 C=1.16091
2026-03-11 11:03:19,961 - INFO - Waiting for new bar... (last: 2026-03-11 07:00:00-04:00, price: 1.16065)
2026-03-11 11:05:20,463 - INFO - New bar: 2026-03-11 07:05:00-04:00 | O=1.16056 H=1.16065 L=1.16050 C=1.16051
2026-03-11 11:08:21,194 - INFO - Waiting for new bar... (last: 2026-03-11 07:05:00-04:00, price: 1.16060)
2026-03-11 11:10:21,690 - INFO - New bar: 2026-03-11 07:10:00-04:00 | O=1.16041 H=1.16047 L=1.16040 C=1.16046
2026-03-11 11:13:22,434 - INFO - Waiting for new bar... (last: 2026-03-11 07:10:00-04:00, price: 1.16056)
2026-03-11 11:15:22,932 - INFO - New bar: 2026-03-11 07:15:00-04:00 | O=1.16077 H=1.16077 L=1.16074 C=1.16077
2026-03-11 11:18:23,643 - INFO - Waiting for new bar... (last: 2026-03-11 07:15:00-04:00, price: 1.16057)
2026-03-11 11:20:24,154 - INFO - New bar: 2026-03-11 07:20:00-04:00 | O=1.16023 H=1.16024 L=1.16017 C=1.16018
2026-03-11 11:23:24,911 - INFO - Waiting for new bar... (last: 2026-03-11 07:20:00-04:00, price: 1.16050)
2026-03-11 11:25:25,421 - INFO - New bar: 2026-03-11 07:25:00-04:00 | O=1.16057 H=1.16067 L=1.16057 C=1.16061
2026-03-11 11:28:26,177 - INFO - Waiting for new bar... (last: 2026-03-11 07:25:00-04:00, price: 1.16042)
2026-03-11 11:30:26,681 - INFO - New bar: 2026-03-11 07:30:00-04:00 | O=1.16023 H=1.16023 L=1.16012 C=1.16016
2026-03-11 11:33:27,415 - INFO - Waiting for new bar... (last: 2026-03-11 07:30:00-04:00, price: 1.16042)
2026-03-11 11:35:27,913 - INFO - New bar: 2026-03-11 07:35:00-04:00 | O=1.16016 H=1.16037 L=1.16016 C=1.16031
2026-03-11 11:38:28,651 - INFO - Waiting for new bar... (last: 2026-03-11 07:35:00-04:00, price: 1.16037)
2026-03-11 11:40:29,092 - INFO - New bar: 2026-03-11 07:40:00-04:00 | O=1.16024 H=1.16025 L=1.16021 C=1.16024
2026-03-11 11:43:29,795 - INFO - Waiting for new bar... (last: 2026-03-11 07:40:00-04:00, price: 1.16016)
2026-03-11 11:45:30,294 - INFO - New bar: 2026-03-11 07:45:00-04:00 | O=1.16025 H=1.16030 L=1.16002 C=1.16003
2026-03-11 11:48:30,996 - INFO - Waiting for new bar... (last: 2026-03-11 07:45:00-04:00, price: 1.15992)
2026-03-11 11:50:31,452 - INFO - New bar: 2026-03-11 07:50:00-04:00 | O=1.15993 H=1.16099 L=1.15986 C=1.16047
2026-03-11 11:53:32,135 - INFO - Waiting for new bar... (last: 2026-03-11 07:50:00-04:00, price: 1.15995)
2026-03-11 11:55:32,770 - INFO - New bar: 2026-03-11 07:55:00-04:00 | O=1.16010 H=1.16012 L=1.15989 C=1.15998
2026-03-11 11:58:33,478 - INFO - Waiting for new bar... (last: 2026-03-11 07:55:00-04:00, price: 1.15968)
2026-03-11 12:00:33,951 - INFO - New bar: 2026-03-11 08:00:00-04:00 | O=1.15946 H=1.15955 L=1.15936 C=1.15945
2026-03-11 12:03:34,681 - INFO - Waiting for new bar... (last: 2026-03-11 08:00:00-04:00, price: 1.15966)
2026-03-11 12:05:35,141 - INFO - New bar: 2026-03-11 08:05:00-04:00 | O=1.15949 H=1.15966 L=1.15949 C=1.15959
2026-03-11 12:08:35,878 - INFO - Waiting for new bar... (last: 2026-03-11 08:05:00-04:00, price: 1.15941)
2026-03-11 12:10:36,349 - INFO - New bar: 2026-03-11 08:10:00-04:00 | O=1.15946 H=1.15958 L=1.15945 C=1.15956
2026-03-11 12:13:37,078 - INFO - Waiting for new bar... (last: 2026-03-11 08:10:00-04:00, price: 1.15966)
2026-03-11 12:15:37,554 - INFO - New bar: 2026-03-11 08:15:00-04:00 | O=1.15945 H=1.15959 L=1.15945 C=1.15955
2026-03-11 12:18:38,248 - INFO - Waiting for new bar... (last: 2026-03-11 08:15:00-04:00, price: 1.16002)
2026-03-11 12:20:38,668 - INFO - New bar: 2026-03-11 08:20:00-04:00 | O=1.15981 H=1.15983 L=1.15973 C=1.15976
2026-03-11 12:23:39,401 - INFO - Waiting for new bar... (last: 2026-03-11 08:20:00-04:00, price: 1.15993)
2026-03-11 12:25:39,867 - INFO - New bar: 2026-03-11 08:25:00-04:00 | O=1.15980 H=1.15993 L=1.15959 C=1.15993
2026-03-11 12:28:40,580 - INFO - Waiting for new bar... (last: 2026-03-11 08:25:00-04:00, price: 1.16001)
2026-03-11 12:30:41,091 - INFO - New bar: 2026-03-11 08:30:00-04:00 | O=1.16008 H=1.16055 L=1.15958 C=1.15993
2026-03-11 12:33:41,818 - INFO - Waiting for new bar... (last: 2026-03-11 08:30:00-04:00, price: 1.15916)
2026-03-11 12:35:42,271 - INFO - New bar: 2026-03-11 08:35:00-04:00 | O=1.15887 H=1.15928 L=1.15871 C=1.15921
2026-03-11 12:38:42,948 - INFO - Waiting for new bar... (last: 2026-03-11 08:35:00-04:00, price: 1.15937)
2026-03-11 12:40:43,497 - INFO - New bar: 2026-03-11 08:40:00-04:00 | O=1.15972 H=1.15973 L=1.15955 C=1.15969
2026-03-11 12:43:44,189 - INFO - Waiting for new bar... (last: 2026-03-11 08:40:00-04:00, price: 1.15915)
2026-03-11 12:45:44,637 - INFO - New bar: 2026-03-11 08:45:00-04:00 | O=1.15911 H=1.15911 L=1.15875 C=1.15882
2026-03-11 12:48:45,322 - INFO - Waiting for new bar... (last: 2026-03-11 08:45:00-04:00, price: 1.15870)
2026-03-11 12:50:45,795 - INFO - New bar: 2026-03-11 08:50:00-04:00 | O=1.15861 H=1.15869 L=1.15827 C=1.15830
2026-03-11 12:53:46,518 - INFO - Waiting for new bar... (last: 2026-03-11 08:50:00-04:00, price: 1.15788)
2026-03-11 12:55:46,984 - INFO - New bar: 2026-03-11 08:55:00-04:00 | O=1.15810 H=1.15839 L=1.15803 C=1.15838
2026-03-11 12:58:47,697 - INFO - Waiting for new bar... (last: 2026-03-11 08:55:00-04:00, price: 1.15811)
2026-03-11 13:00:48,208 - INFO - New bar: 2026-03-11 09:00:00-04:00 | O=1.15826 H=1.15860 L=1.15813 C=1.15850
2026-03-11 13:03:48,914 - INFO - Waiting for new bar... (last: 2026-03-11 09:00:00-04:00, price: 1.15865)
2026-03-11 13:05:49,393 - INFO - New bar: 2026-03-11 09:05:00-04:00 | O=1.15838 H=1.15866 L=1.15834 C=1.15857
2026-03-11 13:08:50,241 - INFO - Waiting for new bar... (last: 2026-03-11 09:05:00-04:00, price: 1.15799)
2026-03-11 13:10:50,730 - INFO - New bar: 2026-03-11 09:10:00-04:00 | O=1.15805 H=1.15807 L=1.15786 C=1.15800
2026-03-11 13:13:51,491 - INFO - Waiting for new bar... (last: 2026-03-11 09:10:00-04:00, price: 1.15831)
2026-03-11 13:15:51,986 - INFO - New bar: 2026-03-11 09:15:00-04:00 | O=1.15847 H=1.15863 L=1.15837 C=1.15857
2026-03-11 13:18:52,696 - INFO - Waiting for new bar... (last: 2026-03-11 09:15:00-04:00, price: 1.15867)
2026-03-11 13:20:53,144 - INFO - New bar: 2026-03-11 09:20:00-04:00 | O=1.15871 H=1.15887 L=1.15864 C=1.15887
2026-03-11 13:23:53,961 - INFO - Waiting for new bar... (last: 2026-03-11 09:20:00-04:00, price: 1.15878)
2026-03-11 13:25:54,459 - INFO - New bar: 2026-03-11 09:25:00-04:00 | O=1.15902 H=1.15918 L=1.15892 C=1.15899
2026-03-11 13:28:55,151 - INFO - Waiting for new bar... (last: 2026-03-11 09:25:00-04:00, price: 1.15871)
2026-03-11 13:30:55,652 - INFO - New bar: 2026-03-11 09:30:00-04:00 | O=1.15881 H=1.15882 L=1.15861 C=1.15867
2026-03-11 13:33:56,426 - INFO - Waiting for new bar... (last: 2026-03-11 09:30:00-04:00, price: 1.15826)
2026-03-11 13:35:56,891 - INFO - New bar: 2026-03-11 09:35:00-04:00 | O=1.15840 H=1.15867 L=1.15838 C=1.15846
2026-03-11 13:38:57,635 - INFO - Waiting for new bar... (last: 2026-03-11 09:35:00-04:00, price: 1.15861)
2026-03-11 13:40:58,112 - INFO - New bar: 2026-03-11 09:40:00-04:00 | O=1.15871 H=1.15896 L=1.15870 C=1.15888
2026-03-11 13:43:58,790 - INFO - Waiting for new bar... (last: 2026-03-11 09:40:00-04:00, price: 1.15856)
2026-03-11 13:45:59,285 - INFO - New bar: 2026-03-11 09:45:00-04:00 | O=1.15826 H=1.15831 L=1.15810 C=1.15813
2026-03-11 13:48:59,986 - INFO - Waiting for new bar... (last: 2026-03-11 09:45:00-04:00, price: 1.15812)
2026-03-11 13:51:00,468 - INFO - New bar: 2026-03-11 09:50:00-04:00 | O=1.15827 H=1.15830 L=1.15812 C=1.15813
2026-03-11 13:54:01,211 - INFO - Waiting for new bar... (last: 2026-03-11 09:50:00-04:00, price: 1.15854)
2026-03-11 13:56:01,692 - INFO - New bar: 2026-03-11 09:55:00-04:00 | O=1.15857 H=1.15873 L=1.15849 C=1.15870
2026-03-11 13:59:02,452 - INFO - Waiting for new bar... (last: 2026-03-11 09:55:00-04:00, price: 1.15924)
2026-03-11 14:01:02,972 - INFO - New bar: 2026-03-11 10:00:00-04:00 | O=1.15917 H=1.15996 L=1.15898 C=1.15992
2026-03-11 14:04:03,733 - INFO - Waiting for new bar... (last: 2026-03-11 10:00:00-04:00, price: 1.15900)
2026-03-11 14:06:04,205 - INFO - New bar: 2026-03-11 10:05:00-04:00 | O=1.15957 H=1.16027 L=1.15942 C=1.16018
2026-03-11 14:09:05,092 - INFO - Waiting for new bar... (last: 2026-03-11 10:05:00-04:00, price: 1.15952)
2026-03-11 14:10:05,348 - INFO - New bar: 2026-03-11 10:10:00-04:00 | O=1.15966 H=1.15966 L=1.15953 C=1.15965
2026-03-11 14:14:06,297 - INFO - Waiting for new bar... (last: 2026-03-11 10:10:00-04:00, price: 1.15988)
2026-03-11 14:15:06,537 - INFO - New bar: 2026-03-11 10:15:00-04:00 | O=1.15972 H=1.15987 L=1.15970 C=1.15982
2026-03-11 14:19:07,531 - INFO - Waiting for new bar... (last: 2026-03-11 10:15:00-04:00, price: 1.15993)
2026-03-11 14:20:07,773 - INFO - New bar: 2026-03-11 10:20:00-04:00 | O=1.15942 H=1.15946 L=1.15928 C=1.15928
2026-03-11 14:24:08,720 - INFO - Waiting for new bar... (last: 2026-03-11 10:20:00-04:00, price: 1.15896)
2026-03-11 14:25:08,978 - INFO - New bar: 2026-03-11 10:25:00-04:00 | O=1.15912 H=1.15918 L=1.15902 C=1.15904
2026-03-11 14:29:10,045 - INFO - Waiting for new bar... (last: 2026-03-11 10:25:00-04:00, price: 1.15919)
2026-03-11 14:30:10,365 - INFO - New bar: 2026-03-11 10:30:00-04:00 | O=1.15928 H=1.15941 L=1.15928 C=1.15939
2026-03-11 14:34:11,328 - INFO - Waiting for new bar... (last: 2026-03-11 10:30:00-04:00, price: 1.15875)
2026-03-11 14:35:11,557 - INFO - New bar: 2026-03-11 10:35:00-04:00 | O=1.15882 H=1.15910 L=1.15881 C=1.15902
2026-03-11 14:39:12,502 - INFO - Waiting for new bar... (last: 2026-03-11 10:35:00-04:00, price: 1.15877)
2026-03-11 14:40:12,756 - INFO - New bar: 2026-03-11 10:40:00-04:00 | O=1.15881 H=1.15891 L=1.15881 C=1.15891
2026-03-11 14:44:13,707 - INFO - Waiting for new bar... (last: 2026-03-11 10:40:00-04:00, price: 1.15871)
2026-03-11 14:45:13,956 - INFO - New bar: 2026-03-11 10:45:00-04:00 | O=1.15870 H=1.15871 L=1.15857 C=1.15861
2026-03-11 14:49:14,903 - INFO - Waiting for new bar... (last: 2026-03-11 10:45:00-04:00, price: 1.15922)
2026-03-11 14:50:15,123 - INFO - New bar: 2026-03-11 10:50:00-04:00 | O=1.15901 H=1.15901 L=1.15881 C=1.15891
2026-03-11 14:54:16,132 - INFO - Waiting for new bar... (last: 2026-03-11 10:50:00-04:00, price: 1.15864)
2026-03-11 14:55:16,367 - INFO - New bar: 2026-03-11 10:55:00-04:00 | O=1.15871 H=1.15871 L=1.15858 C=1.15860
2026-03-11 14:59:17,356 - INFO - Waiting for new bar... (last: 2026-03-11 10:55:00-04:00, price: 1.15842)
2026-03-11 15:00:17,579 - INFO - New bar: 2026-03-11 11:00:00-04:00 | O=1.15820 H=1.15823 L=1.15812 C=1.15812
2026-03-11 15:04:18,565 - INFO - Waiting for new bar... (last: 2026-03-11 11:00:00-04:00, price: 1.15782)
2026-03-11 15:05:18,799 - INFO - New bar: 2026-03-11 11:05:00-04:00 | O=1.15800 H=1.15806 L=1.15790 C=1.15790
2026-03-11 15:09:19,717 - INFO - Waiting for new bar... (last: 2026-03-11 11:05:00-04:00, price: 1.15780)
2026-03-11 15:10:19,945 - INFO - New bar: 2026-03-11 11:10:00-04:00 | O=1.15787 H=1.15800 L=1.15782 C=1.15796
2026-03-11 15:14:20,917 - INFO - Waiting for new bar... (last: 2026-03-11 11:10:00-04:00, price: 1.15783)
2026-03-11 15:15:21,166 - INFO - New bar: 2026-03-11 11:15:00-04:00 | O=1.15765 H=1.15766 L=1.15761 C=1.15762
2026-03-11 15:19:22,115 - INFO - Waiting for new bar... (last: 2026-03-11 11:15:00-04:00, price: 1.15762)
2026-03-11 15:20:22,359 - INFO - New bar: 2026-03-11 11:20:00-04:00 | O=1.15767 H=1.15769 L=1.15762 C=1.15766
2026-03-11 15:24:23,351 - INFO - Waiting for new bar... (last: 2026-03-11 11:20:00-04:00, price: 1.15772)
2026-03-11 15:25:23,601 - INFO - New bar: 2026-03-11 11:25:00-04:00 | O=1.15766 H=1.15778 L=1.15766 C=1.15769
2026-03-11 15:29:24,586 - INFO - Waiting for new bar... (last: 2026-03-11 11:25:00-04:00, price: 1.15756)
2026-03-11 15:30:24,826 - INFO - New bar: 2026-03-11 11:30:00-04:00 | O=1.15746 H=1.15749 L=1.15742 C=1.15745
2026-03-11 15:34:25,822 - INFO - Waiting for new bar... (last: 2026-03-11 11:30:00-04:00, price: 1.15759)
2026-03-11 15:35:26,120 - INFO - New bar: 2026-03-11 11:35:00-04:00 | O=1.15750 H=1.15752 L=1.15742 C=1.15745
2026-03-11 15:39:27,076 - INFO - Waiting for new bar... (last: 2026-03-11 11:35:00-04:00, price: 1.15736)
2026-03-11 15:40:27,322 - INFO - New bar: 2026-03-11 11:40:00-04:00 | O=1.15714 H=1.15724 L=1.15708 C=1.15724
2026-03-11 15:44:28,308 - INFO - Waiting for new bar... (last: 2026-03-11 11:40:00-04:00, price: 1.15705)
2026-03-11 15:45:28,526 - INFO - New bar: 2026-03-11 11:45:00-04:00 | O=1.15713 H=1.15713 L=1.15701 C=1.15701
2026-03-11 15:49:29,423 - INFO - Waiting for new bar... (last: 2026-03-11 11:45:00-04:00, price: 1.15684)
2026-03-11 15:50:29,671 - INFO - New bar: 2026-03-11 11:50:00-04:00 | O=1.15682 H=1.15690 L=1.15681 C=1.15684
2026-03-11 15:54:30,615 - INFO - Waiting for new bar... (last: 2026-03-11 11:50:00-04:00, price: 1.15722)
2026-03-11 15:55:30,816 - INFO - New bar: 2026-03-11 11:55:00-04:00 | O=1.15726 H=1.15728 L=1.15714 C=1.15724
2026-03-11 15:59:31,762 - INFO - Waiting for new bar... (last: 2026-03-11 11:55:00-04:00, price: 1.15661)
2026-03-11 16:00:32,007 - INFO - New bar: 2026-03-11 12:00:00-04:00 | O=1.15663 H=1.15670 L=1.15657 C=1.15658
2026-03-11 16:04:32,875 - INFO - Waiting for new bar... (last: 2026-03-11 12:00:00-04:00, price: 1.15656)
2026-03-11 16:05:33,140 - INFO - New bar: 2026-03-11 12:05:00-04:00 | O=1.15661 H=1.15670 L=1.15660 C=1.15667
2026-03-11 16:09:34,087 - INFO - Waiting for new bar... (last: 2026-03-11 12:05:00-04:00, price: 1.15636)
2026-03-11 16:10:34,284 - INFO - New bar: 2026-03-11 12:10:00-04:00 | O=1.15637 H=1.15650 L=1.15630 C=1.15647
2026-03-11 16:14:35,212 - INFO - Waiting for new bar... (last: 2026-03-11 12:10:00-04:00, price: 1.15699)
2026-03-11 16:15:35,466 - INFO - New bar: 2026-03-11 12:15:00-04:00 | O=1.15715 H=1.15725 L=1.15714 C=1.15717
2026-03-11 16:19:36,366 - INFO - Waiting for new bar... (last: 2026-03-11 12:15:00-04:00, price: 1.15717)
2026-03-11 16:20:36,608 - INFO - New bar: 2026-03-11 12:20:00-04:00 | O=1.15708 H=1.15749 L=1.15708 C=1.15746
2026-03-11 16:24:37,595 - INFO - Waiting for new bar... (last: 2026-03-11 12:20:00-04:00, price: 1.15737)
2026-03-11 16:25:37,813 - INFO - New bar: 2026-03-11 12:25:00-04:00 | O=1.15725 H=1.15729 L=1.15699 C=1.15700
2026-03-11 16:29:38,753 - INFO - Waiting for new bar... (last: 2026-03-11 12:25:00-04:00, price: 1.15699)
2026-03-11 16:30:38,976 - INFO - New bar: 2026-03-11 12:30:00-04:00 | O=1.15701 H=1.15719 L=1.15697 C=1.15716
2026-03-11 16:34:40,088 - INFO - Waiting for new bar... (last: 2026-03-11 12:30:00-04:00, price: 1.15759)
2026-03-11 16:35:40,428 - INFO - New bar: 2026-03-11 12:35:00-04:00 | O=1.15752 H=1.15756 L=1.15725 C=1.15735
2026-03-11 16:39:41,369 - INFO - Waiting for new bar... (last: 2026-03-11 12:35:00-04:00, price: 1.15694)
2026-03-11 16:40:41,569 - INFO - New bar: 2026-03-11 12:40:00-04:00 | O=1.15697 H=1.15704 L=1.15692 C=1.15693
2026-03-11 16:44:42,494 - INFO - Waiting for new bar... (last: 2026-03-11 12:40:00-04:00, price: 1.15695)
2026-03-11 16:45:42,734 - INFO - New bar: 2026-03-11 12:45:00-04:00 | O=1.15695 H=1.15704 L=1.15691 C=1.15703
2026-03-11 16:49:43,629 - INFO - Waiting for new bar... (last: 2026-03-11 12:45:00-04:00, price: 1.15685)
2026-03-11 16:50:43,874 - INFO - New bar: 2026-03-11 12:50:00-04:00 | O=1.15684 H=1.15691 L=1.15684 C=1.15688
2026-03-11 16:54:44,925 - INFO - Waiting for new bar... (last: 2026-03-11 12:50:00-04:00, price: 1.15698)
2026-03-11 16:55:45,133 - INFO - New bar: 2026-03-11 12:55:00-04:00 | O=1.15700 H=1.15717 L=1.15700 C=1.15705
2026-03-11 16:59:46,058 - INFO - Waiting for new bar... (last: 2026-03-11 12:55:00-04:00, price: 1.15704)
2026-03-11 17:00:46,288 - INFO - New bar: 2026-03-11 13:00:00-04:00 | O=1.15709 H=1.15719 L=1.15709 C=1.15718
2026-03-11 17:04:47,257 - INFO - Waiting for new bar... (last: 2026-03-11 13:00:00-04:00, price: 1.15722)
2026-03-11 17:05:47,550 - INFO - New bar: 2026-03-11 13:05:00-04:00 | O=1.15725 H=1.15736 L=1.15725 C=1.15736
2026-03-11 17:09:48,511 - INFO - Waiting for new bar... (last: 2026-03-11 13:05:00-04:00, price: 1.15743)
2026-03-11 17:10:48,720 - INFO - New bar: 2026-03-11 13:10:00-04:00 | O=1.15742 H=1.15743 L=1.15736 C=1.15742
2026-03-11 17:14:49,683 - INFO - Waiting for new bar... (last: 2026-03-11 13:10:00-04:00, price: 1.15745)
2026-03-11 17:15:49,935 - INFO - New bar: 2026-03-11 13:15:00-04:00 | O=1.15749 H=1.15756 L=1.15746 C=1.15755
2026-03-11 17:19:50,996 - INFO - Waiting for new bar... (last: 2026-03-11 13:15:00-04:00, price: 1.15719)
2026-03-11 17:20:51,241 - INFO - New bar: 2026-03-11 13:20:00-04:00 | O=1.15722 H=1.15748 L=1.15722 C=1.15743
2026-03-11 17:24:52,174 - INFO - Waiting for new bar... (last: 2026-03-11 13:20:00-04:00, price: 1.15721)
2026-03-11 17:25:52,385 - INFO - New bar: 2026-03-11 13:25:00-04:00 | O=1.15726 H=1.15742 L=1.15726 C=1.15735
2026-03-11 17:29:53,326 - INFO - Waiting for new bar... (last: 2026-03-11 13:25:00-04:00, price: 1.15744)
2026-03-11 17:30:53,550 - INFO - New bar: 2026-03-11 13:30:00-04:00 | O=1.15756 H=1.15763 L=1.15753 C=1.15756
2026-03-11 17:34:54,473 - INFO - Waiting for new bar... (last: 2026-03-11 13:30:00-04:00, price: 1.15737)
2026-03-11 17:35:54,687 - INFO - New bar: 2026-03-11 13:35:00-04:00 | O=1.15739 H=1.15751 L=1.15738 C=1.15746
2026-03-11 17:39:55,630 - INFO - Waiting for new bar... (last: 2026-03-11 13:35:00-04:00, price: 1.15664)
2026-03-11 17:40:55,850 - INFO - New bar: 2026-03-11 13:40:00-04:00 | O=1.15670 H=1.15691 L=1.15664 C=1.15678
2026-03-11 17:44:56,845 - INFO - Waiting for new bar... (last: 2026-03-11 13:40:00-04:00, price: 1.15678)
2026-03-11 17:45:57,090 - INFO - New bar: 2026-03-11 13:45:00-04:00 | O=1.15674 H=1.15687 L=1.15668 C=1.15686
2026-03-11 17:49:58,002 - INFO - Waiting for new bar... (last: 2026-03-11 13:45:00-04:00, price: 1.15666)
2026-03-11 17:50:58,257 - INFO - New bar: 2026-03-11 13:50:00-04:00 | O=1.15677 H=1.15697 L=1.15676 C=1.15694
2026-03-11 17:54:59,226 - INFO - Waiting for new bar... (last: 2026-03-11 13:50:00-04:00, price: 1.15701)
2026-03-11 17:55:59,442 - INFO - New bar: 2026-03-11 13:55:00-04:00 | O=1.15701 H=1.15702 L=1.15661 C=1.15673
2026-03-11 18:00:00,401 - INFO - Waiting for new bar... (last: 2026-03-11 13:55:00-04:00, price: 1.15711)
2026-03-11 18:01:00,654 - INFO - New bar: 2026-03-11 14:00:00-04:00 | O=1.15714 H=1.15718 L=1.15704 C=1.15715
2026-03-11 18:05:01,614 - INFO - Waiting for new bar... (last: 2026-03-11 14:00:00-04:00, price: 1.15701)
2026-03-11 18:06:01,867 - INFO - New bar: 2026-03-11 14:05:00-04:00 | O=1.15701 H=1.15707 L=1.15699 C=1.15705
2026-03-11 18:10:02,845 - INFO - Waiting for new bar... (last: 2026-03-11 14:05:00-04:00, price: 1.15661)
2026-03-11 18:11:03,056 - INFO - New bar: 2026-03-11 14:10:00-04:00 | O=1.15661 H=1.15668 L=1.15654 C=1.15654
2026-03-11 18:15:04,100 - INFO - Waiting for new bar... (last: 2026-03-11 14:10:00-04:00, price: 1.15697)
2026-03-11 18:16:04,347 - INFO - New bar: 2026-03-11 14:15:00-04:00 | O=1.15697 H=1.15708 L=1.15691 C=1.15691
2026-03-11 18:20:05,336 - INFO - Waiting for new bar... (last: 2026-03-11 14:15:00-04:00, price: 1.15719)
2026-03-11 18:21:05,585 - INFO - New bar: 2026-03-11 14:20:00-04:00 | O=1.15719 H=1.15737 L=1.15719 C=1.15729
2026-03-11 18:25:06,672 - INFO - New bar: 2026-03-11 14:25:00-04:00 | O=1.15729 H=1.15729 L=1.15725 C=1.15726
2026-03-11 18:25:06,674 - INFO - Status: Price=1.15726, Position=SHORT, Bars=120, P&L=EUR 27.14, Unrealized: EUR 83.47, Remaining=52.5h
2026-03-11 18:30:07,843 - INFO - New bar: 2026-03-11 14:30:00-04:00 | O=1.15722 H=1.15724 L=1.15719 C=1.15724
2026-03-11 18:35:09,095 - INFO - New bar: 2026-03-11 14:35:00-04:00 | O=1.15729 H=1.15731 L=1.15726 C=1.15731
2026-03-11 18:35:09,097 - INFO - Status: Price=1.15731, Position=SHORT, Bars=120, P&L=EUR 27.14, Unrealized: EUR 82.61, Remaining=52.3h
2026-03-11 18:40:10,375 - INFO - New bar: 2026-03-11 14:40:00-04:00 | O=1.15731 H=1.15731 L=1.15726 C=1.15726
2026-03-11 18:45:11,560 - INFO - New bar: 2026-03-11 14:45:00-04:00 | O=1.15722 H=1.15726 L=1.15721 C=1.15721
2026-03-11 18:45:11,562 - INFO - Status: Price=1.15721, Position=SHORT, Bars=120, P&L=EUR 27.14, Unrealized: EUR 84.34, Remaining=52.2h
2026-03-11 18:50:12,751 - INFO - New bar: 2026-03-11 14:50:00-04:00 | O=1.15708 H=1.15711 L=1.15708 C=1.15711
2026-03-11 18:55:13,988 - INFO - New bar: 2026-03-11 14:55:00-04:00 | O=1.15728 H=1.15736 L=1.15726 C=1.15735
2026-03-11 18:55:13,990 - INFO - Status: Price=1.15735, Position=SHORT, Bars=120, P&L=EUR 27.14, Unrealized: EUR 82.00, Remaining=52.0h
2026-03-11 19:00:15,135 - INFO - New bar: 2026-03-11 15:00:00-04:00 | O=1.15717 H=1.15718 L=1.15711 C=1.15715
2026-03-11 19:05:16,393 - INFO - New bar: 2026-03-11 15:05:00-04:00 | O=1.15691 H=1.15694 L=1.15691 C=1.15694
2026-03-11 19:05:16,395 - INFO - Status: Price=1.15694, Position=SHORT, Bars=120, P&L=EUR 27.14, Unrealized: EUR 88.94, Remaining=51.8h
2026-03-11 19:10:17,580 - INFO - New bar: 2026-03-11 15:10:00-04:00 | O=1.15700 H=1.15707 L=1.15700 C=1.15705
2026-03-11 19:15:18,734 - INFO - New bar: 2026-03-11 15:15:00-04:00 | O=1.15699 H=1.15699 L=1.15691 C=1.15691
2026-03-11 19:15:18,736 - INFO - Status: Price=1.15691, Position=SHORT, Bars=120, P&L=EUR 27.14, Unrealized: EUR 89.55, Remaining=51.7h
2026-03-11 19:20:19,910 - INFO - New bar: 2026-03-11 15:20:00-04:00 | O=1.15711 H=1.15712 L=1.15708 C=1.15711
2026-03-11 19:25:21,074 - INFO - New bar: 2026-03-11 15:25:00-04:00 | O=1.15709 H=1.15709 L=1.15707 C=1.15708
2026-03-11 19:25:21,076 - INFO - Status: Price=1.15708, Position=SHORT, Bars=120, P&L=EUR 27.14, Unrealized: EUR 86.60, Remaining=51.5h
2026-03-11 19:30:22,276 - INFO - New bar: 2026-03-11 15:30:00-04:00 | O=1.15700 H=1.15708 L=1.15698 C=1.15702
2026-03-11 19:35:23,510 - INFO - New bar: 2026-03-11 15:35:00-04:00 | O=1.15715 H=1.15718 L=1.15715 C=1.15717
2026-03-11 19:35:23,511 - INFO - Status: Price=1.15717, Position=SHORT, Bars=120, P&L=EUR 27.14, Unrealized: EUR 85.04, Remaining=51.3h
2026-03-11 19:40:24,718 - INFO - New bar: 2026-03-11 15:40:00-04:00 | O=1.15715 H=1.15717 L=1.15715 C=1.15716
2026-03-11 19:45:25,942 - INFO - New bar: 2026-03-11 15:45:00-04:00 | O=1.15724 H=1.15725 L=1.15717 C=1.15717
2026-03-11 19:45:25,944 - INFO - Status: Price=1.15717, Position=SHORT, Bars=120, P&L=EUR 27.14, Unrealized: EUR 85.04, Remaining=51.2h
2026-03-11 19:50:27,121 - INFO - New bar: 2026-03-11 15:50:00-04:00 | O=1.15731 H=1.15733 L=1.15726 C=1.15731
2026-03-11 19:55:28,325 - INFO - New bar: 2026-03-11 15:55:00-04:00 | O=1.15756 H=1.15763 L=1.15752 C=1.15754
2026-03-11 19:55:28,326 - INFO - Status: Price=1.15754, Position=SHORT, Bars=120, P&L=EUR 27.14, Unrealized: EUR 78.61, Remaining=51.0h
2026-03-11 20:00:29,534 - INFO - New bar: 2026-03-11 16:00:00-04:00 | O=1.15732 H=1.15738 L=1.15722 C=1.15722
2026-03-11 20:05:30,678 - INFO - New bar: 2026-03-11 16:05:00-04:00 | O=1.15709 H=1.15711 L=1.15702 C=1.15705
2026-03-11 20:05:30,679 - INFO - Status: Price=1.15705, Position=SHORT, Bars=120, P&L=EUR 27.14, Unrealized: EUR 87.20, Remaining=50.8h
2026-03-11 20:10:31,819 - INFO - New bar: 2026-03-11 16:10:00-04:00 | O=1.15718 H=1.15724 L=1.15717 C=1.15721
2026-03-11 20:15:32,961 - INFO - New bar: 2026-03-11 16:15:00-04:00 | O=1.15722 H=1.15722 L=1.15715 C=1.15717
2026-03-11 20:15:32,962 - INFO - Status: Price=1.15717, Position=SHORT, Bars=120, P&L=EUR 27.14, Unrealized: EUR 85.04, Remaining=50.7h
2026-03-11 20:20:34,095 - INFO - New bar: 2026-03-11 16:20:00-04:00 | O=1.15708 H=1.15708 L=1.15704 C=1.15704
2026-03-11 20:25:35,221 - INFO - New bar: 2026-03-11 16:25:00-04:00 | O=1.15715 H=1.15716 L=1.15711 C=1.15714
2026-03-11 20:25:35,223 - INFO - Status: Price=1.15714, Position=SHORT, Bars=120, P&L=EUR 27.14, Unrealized: EUR 85.64, Remaining=50.5h
2026-03-11 20:30:36,357 - INFO - New bar: 2026-03-11 16:30:00-04:00 | O=1.15702 H=1.15705 L=1.15701 C=1.15705
2026-03-11 20:35:37,509 - INFO - New bar: 2026-03-11 16:35:00-04:00 | O=1.15698 H=1.15698 L=1.15691 C=1.15691
2026-03-11 20:35:37,511 - INFO - Status: Price=1.15691, Position=SHORT, Bars=120, P&L=EUR 27.14, Unrealized: EUR 89.64, Remaining=50.3h
2026-03-11 20:40:38,628 - INFO - New bar: 2026-03-11 16:40:00-04:00 | O=1.15675 H=1.15675 L=1.15674 C=1.15674
2026-03-11 20:45:39,770 - INFO - New bar: 2026-03-11 16:45:00-04:00 | O=1.15663 H=1.15663 L=1.15655 C=1.15660
2026-03-11 20:45:39,772 - INFO - Status: Price=1.15660, Position=SHORT, Bars=120, P&L=EUR 27.14, Unrealized: EUR 95.02, Remaining=50.2h
2026-03-11 20:50:40,909 - INFO - New bar: 2026-03-11 16:50:00-04:00 | O=1.15650 H=1.15650 L=1.15650 C=1.15650
2026-03-11 20:55:42,020 - INFO - New bar: 2026-03-11 16:55:00-04:00 | O=1.15655 H=1.15661 L=1.15655 C=1.15660
2026-03-11 20:55:42,022 - INFO - Status: Price=1.15660, Position=SHORT, Bars=120, P&L=EUR 27.14, Unrealized: EUR 95.02, Remaining=50.0h
2026-03-11 21:00:43,154 - INFO - Waiting for new bar... (last: 2026-03-11 16:55:00-04:00, price: 1.15671)
2026-03-11 21:05:44,305 - INFO - Waiting for new bar... (last: 2026-03-11 16:55:00-04:00, price: 1.15671)
2026-03-11 21:10:51,296 - INFO - Waiting for new bar... (last: 2026-03-11 16:55:00-04:00, price: 1.15671)
2026-03-11 21:15:52,660 - INFO - New bar: 2026-03-11 17:15:00-04:00 | O=1.15720 H=1.15721 L=1.15686 C=1.15694
2026-03-11 21:15:52,662 - INFO - Status: Price=1.15694, Position=SHORT, Bars=120, P&L=EUR 27.14, Unrealized: EUR 89.03, Remaining=49.7h
2026-03-11 21:20:54,411 - INFO - New bar: 2026-03-11 17:20:00-04:00 | O=1.15687 H=1.15688 L=1.15684 C=1.15687
2026-03-11 21:25:55,597 - INFO - New bar: 2026-03-11 17:25:00-04:00 | O=1.15675 H=1.15675 L=1.15660 C=1.15674
2026-03-11 21:25:55,598 - INFO - Status: Price=1.15674, Position=SHORT, Bars=120, P&L=EUR 27.14, Unrealized: EUR 92.41, Remaining=49.5h
2026-03-11 21:30:56,921 - INFO - New bar: 2026-03-11 17:30:00-04:00 | O=1.15657 H=1.15678 L=1.15657 C=1.15678
2026-03-11 21:35:58,099 - INFO - New bar: 2026-03-11 17:35:00-04:00 | O=1.15680 H=1.15681 L=1.15680 C=1.15680
2026-03-11 21:35:58,101 - INFO - Status: Price=1.15680, Position=SHORT, Bars=120, P&L=EUR 27.14, Unrealized: EUR 91.46, Remaining=49.3h
2026-03-11 21:40:59,266 - INFO - New bar: 2026-03-11 17:40:00-04:00 | O=1.15680 H=1.15680 L=1.15680 C=1.15680
2026-03-11 21:46:00,454 - INFO - New bar: 2026-03-11 17:45:00-04:00 | O=1.15680 H=1.15681 L=1.15680 C=1.15680
2026-03-11 21:46:00,455 - INFO - Status: Price=1.15680, Position=SHORT, Bars=120, P&L=EUR 27.14, Unrealized: EUR 91.46, Remaining=49.2h
2026-03-11 21:51:01,776 - INFO - New bar: 2026-03-11 17:50:00-04:00 | O=1.15680 H=1.15681 L=1.15680 C=1.15680
2026-03-11 21:56:02,921 - INFO - New bar: 2026-03-11 17:55:00-04:00 | O=1.15678 H=1.15686 L=1.15670 C=1.15680
2026-03-11 21:56:02,923 - INFO - Status: Price=1.15680, Position=SHORT, Bars=120, P&L=EUR 27.14, Unrealized: EUR 91.46, Remaining=49.0h
2026-03-11 22:01:04,154 - INFO - New bar: 2026-03-11 18:00:00-04:00 | O=1.15755 H=1.15756 L=1.15718 C=1.15718
2026-03-11 22:06:05,318 - INFO - New bar: 2026-03-11 18:05:00-04:00 | O=1.15689 H=1.15689 L=1.15678 C=1.15681
2026-03-11 22:06:05,321 - INFO - Status: Price=1.15681, Position=SHORT, Bars=120, P&L=EUR 27.14, Unrealized: EUR 91.29, Remaining=48.8h
2026-03-11 22:10:06,265 - INFO - New bar: 2026-03-11 18:10:00-04:00 | O=1.15671 H=1.15677 L=1.15671 C=1.15677
2026-03-11 22:11:06,477 - INFO - Waiting for new bar... (last: 2026-03-11 18:10:00-04:00, price: 1.15673)
2026-03-11 22:15:07,424 - INFO - New bar: 2026-03-11 18:15:00-04:00 | O=1.15685 H=1.15685 L=1.15685 C=1.15685
2026-03-11 22:16:07,678 - INFO - Waiting for new bar... (last: 2026-03-11 18:15:00-04:00, price: 1.15681)
2026-03-11 22:20:08,623 - INFO - New bar: 2026-03-11 18:20:00-04:00 | O=1.15682 H=1.15683 L=1.15681 C=1.15683
2026-03-11 22:21:08,879 - INFO - Waiting for new bar... (last: 2026-03-11 18:20:00-04:00, price: 1.15674)
2026-03-11 22:25:09,818 - INFO - New bar: 2026-03-11 18:25:00-04:00 | O=1.15652 H=1.15655 L=1.15651 C=1.15651
2026-03-11 22:26:10,068 - INFO - Waiting for new bar... (last: 2026-03-11 18:25:00-04:00, price: 1.15654)
2026-03-11 22:29:10,550 - INFO - Daily snapshot: cumulative P&L = EUR 27.14, capital = EUR 953,320.89
2026-03-11 22:30:10,992 - INFO - New bar: 2026-03-11 18:30:00-04:00 | O=1.15610 H=1.15613 L=1.15608 C=1.15611
2026-03-11 22:31:11,288 - INFO - Waiting for new bar... (last: 2026-03-11 18:30:00-04:00, price: 1.15610)
2026-03-11 22:35:12,294 - INFO - New bar: 2026-03-11 18:35:00-04:00 | O=1.15562 H=1.15588 L=1.15562 C=1.15587
2026-03-11 22:36:12,532 - INFO - Waiting for new bar... (last: 2026-03-11 18:35:00-04:00, price: 1.15586)
2026-03-11 22:40:13,499 - INFO - New bar: 2026-03-11 18:40:00-04:00 | O=1.15559 H=1.15559 L=1.15552 C=1.15552
2026-03-11 22:41:13,711 - INFO - Waiting for new bar... (last: 2026-03-11 18:40:00-04:00, price: 1.15548)
2026-03-11 22:45:14,626 - INFO - New bar: 2026-03-11 18:45:00-04:00 | O=1.15512 H=1.15515 L=1.15511 C=1.15512
2026-03-11 22:46:14,878 - INFO - Waiting for new bar... (last: 2026-03-11 18:45:00-04:00, price: 1.15538)
2026-03-11 22:50:15,833 - INFO - New bar: 2026-03-11 18:50:00-04:00 | O=1.15522 H=1.15522 L=1.15521 C=1.15521
2026-03-11 22:51:16,088 - INFO - Waiting for new bar... (last: 2026-03-11 18:50:00-04:00, price: 1.15516)
2026-03-11 22:55:17,025 - INFO - New bar: 2026-03-11 18:55:00-04:00 | O=1.15508 H=1.15508 L=1.15508 C=1.15508
2026-03-11 22:56:17,269 - INFO - Waiting for new bar... (last: 2026-03-11 18:55:00-04:00, price: 1.15498)
2026-03-11 23:00:18,254 - INFO - New bar: 2026-03-11 19:00:00-04:00 | O=1.15501 H=1.15515 L=1.15499 C=1.15511
2026-03-11 23:01:18,517 - INFO - Waiting for new bar... (last: 2026-03-11 19:00:00-04:00, price: 1.15515)
2026-03-11 23:05:19,425 - INFO - New bar: 2026-03-11 19:05:00-04:00 | O=1.15497 H=1.15497 L=1.15490 C=1.15492
2026-03-11 23:06:19,679 - INFO - Waiting for new bar... (last: 2026-03-11 19:05:00-04:00, price: 1.15522)
2026-03-11 23:10:20,601 - INFO - New bar: 2026-03-11 19:10:00-04:00 | O=1.15482 H=1.15482 L=1.15481 C=1.15482
2026-03-11 23:11:20,833 - INFO - Waiting for new bar... (last: 2026-03-11 19:10:00-04:00, price: 1.15490)
2026-03-11 23:15:21,857 - INFO - New bar: 2026-03-11 19:15:00-04:00 | O=1.15490 H=1.15497 L=1.15490 C=1.15491
2026-03-11 23:16:22,107 - INFO - Waiting for new bar... (last: 2026-03-11 19:15:00-04:00, price: 1.15481)
2026-03-11 23:20:23,049 - INFO - New bar: 2026-03-11 19:20:00-04:00 | O=1.15458 H=1.15465 L=1.15458 C=1.15465
2026-03-11 23:21:23,302 - INFO - Waiting for new bar... (last: 2026-03-11 19:20:00-04:00, price: 1.15476)
2026-03-11 23:25:24,208 - INFO - New bar: 2026-03-11 19:25:00-04:00 | O=1.15461 H=1.15467 L=1.15461 C=1.15465
2026-03-11 23:26:24,449 - INFO - Waiting for new bar... (last: 2026-03-11 19:25:00-04:00, price: 1.15468)
2026-03-11 23:30:25,212 - INFO - Maintenance window active — resuming at 06:45 CET.
2026-03-11 23:45:00,665 - ERROR - Peer closed connection.
2026-03-11 23:45:25,868 - WARNING - Connection lost detected!
2026-03-11 23:45:25,868 - INFO - Attempting automatic reconnection...
2026-03-11 23:45:25,868 - WARNING - Open position exists but connection lost. Cannot close safely. Will retry after reconnect.
2026-03-11 23:45:25,868 - INFO - Reconnection attempt 1/10 (waiting 1s before trying)...
2026-03-11 23:45:26,869 - INFO - Connecting to localhost:4002 with clientId 753...
2026-03-11 23:45:26,870 - INFO - Connected
2026-03-11 23:45:27,310 - INFO - Logged on to server version 178
2026-03-11 23:45:27,818 - ERROR - Peer closed connection. clientId 753 already in use?
2026-03-11 23:45:30,874 - INFO - Disconnecting
2026-03-11 23:45:30,874 - ERROR - API connection failed: TimeoutError()
2026-03-11 23:45:30,874 - WARNING - Reconnection attempt 1 failed: 
2026-03-11 23:45:30,874 - INFO - Reconnection attempt 2/10 (waiting 2s before trying)...
2026-03-11 23:45:32,876 - INFO - Connecting to localhost:4002 with clientId 753...
2026-03-11 23:45:32,878 - INFO - Connected
2026-03-11 23:45:32,911 - INFO - Logged on to server version 178
2026-03-11 23:45:33,080 - INFO - Warning 2104, reqId -1: Market data farm connection is OK:usfarm
2026-03-11 23:45:33,080 - INFO - Warning 2106, reqId -1: HMDS data farm connection is OK:ushmds
2026-03-11 23:45:33,080 - INFO - Warning 2158, reqId -1: Sec-def data farm connection is OK:secdefnj
2026-03-11 23:45:33,081 - INFO - API connection ready
2026-03-11 23:45:33,481 - INFO - position: Position(account='DUM847254', contract=Forex('EURUSD', conId=12087792, localSymbol='EUR.USD', tradingClass='EUR.USD'), position=0.0, avgCost=0.0)
2026-03-11 23:45:34,492 - INFO - execDetails Execution(execId='0000e215.69b09d9d.01.01', time=datetime.datetime(2026, 3, 11, 7, 50, 32, tzinfo=datetime.timezone.utc), acctNumber='DUM847254', exchange='IDEALPRO', side='SLD', shares=20000.0, price=1.16209, permId=1837149473, clientId=753, orderId=10244, liquidation=0, cumQty=20000.0, avgPrice=1.16209, orderRef='', evRule='', evMultiplier=0.0, modelCode='', lastLiquidity=2, pendingPriceRevision=False)
2026-03-11 23:45:34,532 - INFO - commissionReport: CommissionReport(execId='0000e215.69b09d9d.01.01', commission=1.72262, currency='EUR', realizedPNL=0.0, yield_=0.0, yieldRedemptionDate=0)
2026-03-11 23:45:34,533 - INFO - Synchronization complete
2026-03-11 23:45:34,533 - INFO - Reconnected successfully on attempt 2
2026-03-11 23:45:34,636 - INFO - Contract re-qualified: EUR (conId: 12087792)
2026-03-11 23:45:34,637 - INFO - Reconnected successfully.
2026-03-11 23:45:34,637 - INFO - Reconciling position state with IB...
2026-03-11 23:45:34,637 - WARNING - Position mismatch detected!
2026-03-11 23:45:34,637 - WARNING -   Bot thought: SHORT @ 1.1621
2026-03-11 23:45:34,637 - WARNING -   IB shows: FLAT (no position)
2026-03-11 23:45:34,637 - INFO - Updated bot state to match IB: FLAT
2026-03-11 23:45:34,637 - WARNING - Position closed by IB (reboot/reset). Estimated exit: 1.15465, P&L: EUR 125.41 (USD 144.80)
2026-03-11 23:45:34,637 - INFO - Reconciliation complete. Current state: FLAT
2026-03-11 23:45:34,637 - INFO - Position state verified. Resuming trading.
2026-03-11 23:51:27,272 - INFO - Warning 2107, reqId -1: HMDS data farm connection is inactive but should be available upon demand.ushmds
2026-03-12 03:46:18,717 - INFO - Warning 2157, reqId -1: Sec-def data farm connection is broken:secdefnj
2026-03-12 03:46:19,356 - INFO - Warning 2158, reqId -1: Sec-def data farm connection is OK:secdefnj
2026-03-12 04:17:36,064 - INFO - Warning 2103, reqId -1: Market data farm connection is broken:usfarm
2026-03-12 04:17:37,435 - INFO - Warning 2104, reqId -1: Market data farm connection is OK:usfarm
2026-03-12 04:22:36,374 - INFO - Warning 2103, reqId -1: Market data farm connection is broken:usfarm
2026-03-12 04:22:37,597 - INFO - Warning 2104, reqId -1: Market data farm connection is OK:usfarm
2026-03-12 04:24:29,297 - ERROR - Error 1100, reqId -1: Connectivity between IBKR and Trader Workstation has been lost.
2026-03-12 04:24:29,927 - ERROR - Error 1100, reqId -1: Connectivity between IBKR and Trader Workstation has been lost.
2026-03-12 04:24:39,041 - ERROR - Error 1100, reqId -1: Connectivity between IBKR and Trader Workstation has been lost.
2026-03-12 04:24:44,408 - ERROR - Error 1100, reqId -1: Connectivity between IBKR and Trader Workstation has been lost.
2026-03-12 04:24:49,458 - ERROR - Error 1100, reqId -1: Connectivity between IBKR and Trader Workstation has been lost.
2026-03-12 04:24:51,063 - ERROR - Error 1100, reqId -1: Connectivity between IBKR and Trader Workstation has been lost.
2026-03-12 04:24:59,780 - ERROR - Error 1100, reqId -1: Connectivity between IBKR and Trader Workstation has been lost.
2026-03-12 04:25:08,793 - ERROR - Error 1100, reqId -1: Connectivity between IBKR and Trader Workstation has been lost.
2026-03-12 04:25:20,462 - ERROR - Error 1100, reqId -1: Connectivity between IBKR and Trader Workstation has been lost.
2026-03-12 04:25:42,752 - ERROR - Error 1100, reqId -1: Connectivity between IBKR and Trader Workstation has been lost.
2026-03-12 04:26:05,119 - INFO - position: Position(account='DUM847254', contract=Forex('EURUSD', conId=12087792, localSymbol='EUR.USD', tradingClass='EUR.USD'), position=0.0, avgCost=0.0)
2026-03-12 04:26:05,583 - INFO - Warning 2106, reqId -1: HMDS data farm connection is OK:ushmds
2026-03-12 04:26:06,458 - ERROR - Error 1102, reqId -1: Connectivity between IBKR and Trader Workstation has been restored - data maintained. All data farms are connected: usfarm; ushmds; secdefnj.
2026-03-12 04:26:06,458 - WARNING - Connectivity restored (Error 1102). Scheduling position reconciliation.
2026-03-12 04:26:06,547 - ERROR - Error handling fields: ['10', '10247', 'EUR', 'CASH', '', '0', '', 'IDEALPRO', 'USD', 'EUR.USD', 'EUR.USD', 'EUR.USD', '12087792', '0.00005', '', 'ACTIVETIM,AD,ADJUST,ALERT,ALGO,ALLOC,AVGCOST,BASKET,BENCHPX,CASHQTY,COND,CONDORDER,DAY,DEACT,DEACTDIS,DEACTEOD,GAT,GTC,GTD,GTT,HID,IOC,LIT,LMT,MIT,MKT,NONALGO,OCA,REL,RELPCTOFS,SCALE,SCALERST,STP,STPLMT,TRAIL,TRAILLIT,TRAILLMT,TRAILMIT,WHATIF', 'IDEALPRO', '1', '0', 'European Monetary Union Euro', '', '', '', '', '', 'US/Eastern', '20260311:1715-20260312:1700;20260312:1715-20260313:1700;20260314:CLOSED;20260315:1715-20260316:1700;20260316:1715-20260317:1700;20260317:1715-20260318:1700', '20260311:1715-20260312:1700;20260312:1715-20260313:1700;20260314:CLOSED;20260315:1715-20260316:1700;20260316:1715-20260317:1700;20260317:1715-20260318:1700', '', '', '0', '4', '', '', '3188', '', '', '0.01', '0.01', '0.01']
Traceback (most recent call last):
  File "/usr/local/lib/python3.11/site-packages/ib_async/decoder.py", line 181, in interpret
    handler(fields)
  File "/usr/local/lib/python3.11/site-packages/ib_async/decoder.py", line 344, in contractDetails
    self.wrapper.contractDetails(int(reqId), cd)
  File "/usr/local/lib/python3.11/site-packages/ib_async/wrapper.py", line 874, in contractDetails
    self._results[reqId].append(contractDetails)
    ~~~~~~~~~~~~~^^^^^^^
KeyError: 10247
2026-03-12 04:26:49,620 - INFO - Running scheduled reconciliation after connectivity restore...
2026-03-12 04:26:49,620 - INFO - Reconciling position state with IB...
2026-03-12 04:26:49,620 - INFO - Position confirmed: FLAT (no open positions)
2026-03-12 04:26:49,620 - INFO - Reconciliation complete. Current state: FLAT
2026-03-12 04:32:05,601 - INFO - Warning 2107, reqId -1: HMDS data farm connection is inactive but should be available upon demand.ushmds
2026-03-12 05:45:53,028 - INFO - Maintenance window ended — reloading warmup bars before resuming.
2026-03-12 05:45:53,028 - INFO - Loading 80 historical 5min bars for warmup...
2026-03-12 05:45:56,442 - INFO - Warning 2106, reqId -1: HMDS data farm connection is OK:cashhmds
2026-03-12 05:45:56,791 - INFO - Warmup complete: loaded 81 bars (need 80 for signals)
2026-03-12 05:45:57,022 - INFO - Waiting for new bar... (last: 2026-03-12 01:45:00-04:00, price: 1.15450)
2026-03-12 05:50:58,635 - INFO - New bar: 2026-03-12 01:50:00-04:00 | O=1.15393 H=1.15395 L=1.15384 C=1.15387
2026-03-12 05:55:59,943 - INFO - New bar: 2026-03-12 01:55:00-04:00 | O=1.15389 H=1.15389 L=1.15376 C=1.15381
2026-03-12 05:55:59,945 - INFO - Status: Price=1.15381, Position=FLAT, Bars=83, P&L=EUR 152.54, Remaining=41.0h
2026-03-12 06:01:01,363 - INFO - New bar: 2026-03-12 02:00:00-04:00 | O=1.15396 H=1.15414 L=1.15393 C=1.15412
2026-03-12 06:06:02,775 - INFO - New bar: 2026-03-12 02:05:00-04:00 | O=1.15442 H=1.15443 L=1.15440 C=1.15442
2026-03-12 06:06:02,777 - INFO - Status: Price=1.15442, Position=FLAT, Bars=85, P&L=EUR 152.54, Remaining=40.8h
2026-03-12 06:11:04,227 - INFO - New bar: 2026-03-12 02:10:00-04:00 | O=1.15467 H=1.15488 L=1.15459 C=1.15487
2026-03-12 06:16:05,596 - INFO - New bar: 2026-03-12 02:15:00-04:00 | O=1.15433 H=1.15444 L=1.15429 C=1.15437
2026-03-12 06:16:05,597 - INFO - Status: Price=1.15437, Position=FLAT, Bars=87, P&L=EUR 152.54, Remaining=40.6h
2026-03-12 06:20:06,749 - INFO - New bar: 2026-03-12 02:20:00-04:00 | O=1.15431 H=1.15431 L=1.15421 C=1.15422
2026-03-12 06:21:07,000 - INFO - Waiting for new bar... (last: 2026-03-12 02:20:00-04:00, price: 1.15437)
2026-03-12 06:25:08,132 - INFO - New bar: 2026-03-12 02:25:00-04:00 | O=1.15471 H=1.15471 L=1.15468 C=1.15468
2026-03-12 06:25:08,142 - INFO - BUY Signal: SMA 1.15423 crossed above 1.15422, RSI 58.6, Momentum 0.000525
2026-03-12 06:25:08,142 - INFO - Checking EUR balance...
2026-03-12 06:25:08,143 - INFO - EUR balance: 933,274.81 EUR
2026-03-12 06:25:08,143 - INFO - Required minimum: 20,000.00 EUR
2026-03-12 06:25:08,143 - INFO - Status: Sufficient
2026-03-12 06:25:08,148 - INFO - placeOrder: New order Trade(contract=Forex('EURUSD', conId=12087792, exchange='IDEALPRO', localSymbol='EUR.USD', tradingClass='EUR.USD'), order=MarketOrder(orderId=10290, clientId=753, action='BUY', totalQuantity=20000, tif='GTC'), orderStatus=OrderStatus(orderId=10290, status='PendingSubmit', filled=0.0, remaining=0.0, avgFillPrice=0.0, permId=0, parentId=0, lastFillPrice=0.0, clientId=0, whyHeld='', mktCapPrice=0.0), fills=[], log=[TradeLogEntry(time=datetime.datetime(2026, 3, 12, 6, 25, 8, 144049, tzinfo=datetime.timezone.utc), status='PendingSubmit', message='', errorCode=0)], advancedError='')
2026-03-12 06:25:08,965 - INFO - orderStatus: Trade(contract=Forex('EURUSD', conId=12087792, exchange='IDEALPRO', localSymbol='EUR.USD', tradingClass='EUR.USD'), order=MarketOrder(orderId=10290, clientId=753, permId=916586143, action='BUY', totalQuantity=20000.0, lmtPrice=0.0, auxPrice=0.0, tif='GTC'), orderStatus=OrderStatus(orderId=10290, status='PreSubmitted', filled=0.0, remaining=20000.0, avgFillPrice=0.0, permId=916586143, parentId=0, lastFillPrice=0.0, clientId=753, whyHeld='', mktCapPrice=0.0), fills=[], log=[TradeLogEntry(time=datetime.datetime(2026, 3, 12, 6, 25, 8, 144049, tzinfo=datetime.timezone.utc), status='PendingSubmit', message='', errorCode=0), TradeLogEntry(time=datetime.datetime(2026, 3, 12, 6, 25, 8, 964697, tzinfo=datetime.timezone.utc), status='PreSubmitted', message='', errorCode=0)], advancedError='')
2026-03-12 06:25:09,008 - INFO - position: Position(account='DUM847254', contract=Forex('EURUSD', conId=12087792, localSymbol='EUR.USD', tradingClass='EUR.USD'), position=20000.0, avgCost=1.15469)
2026-03-12 06:25:09,085 - INFO - execDetails Execution(execId='0000e215.69b20e92.01.01', time=datetime.datetime(2026, 3, 12, 6, 25, 8, tzinfo=datetime.timezone.utc), acctNumber='DUM847254', exchange='IDEALPRO', side='BOT', shares=20000.0, price=1.15469, permId=916586143, clientId=753, orderId=10290, liquidation=0, cumQty=20000.0, avgPrice=1.15469, orderRef='', evRule='', evMultiplier=0.0, modelCode='', lastLiquidity=2, pendingPriceRevision=False)
2026-03-12 06:25:09,086 - INFO - execDetails: Fill(contract=Forex('EURUSD', conId=12087792, exchange='IDEALPRO', localSymbol='EUR.USD', tradingClass='EUR.USD'), execution=Execution(execId='0000e215.69b20e92.01.01', time=datetime.datetime(2026, 3, 12, 6, 25, 8, tzinfo=datetime.timezone.utc), acctNumber='DUM847254', exchange='IDEALPRO', side='BOT', shares=20000.0, price=1.15469, permId=916586143, clientId=753, orderId=10290, liquidation=0, cumQty=20000.0, avgPrice=1.15469, orderRef='', evRule='', evMultiplier=0.0, modelCode='', lastLiquidity=2, pendingPriceRevision=False), commissionReport=CommissionReport(execId='', commission=0.0, currency='', realizedPNL=0.0, yield_=0.0, yieldRedemptionDate=0), time=datetime.datetime(2026, 3, 12, 6, 25, 9, 85447, tzinfo=datetime.timezone.utc))
2026-03-12 06:25:09,096 - INFO - orderStatus: Trade(contract=Forex('EURUSD', conId=12087792, exchange='IDEALPRO', localSymbol='EUR.USD', tradingClass='EUR.USD'), order=MarketOrder(orderId=10290, clientId=753, permId=916586143, action='BUY', totalQuantity=20000.0, lmtPrice=0.0, auxPrice=0.0, tif='GTC'), orderStatus=OrderStatus(orderId=10290, status='Filled', filled=20000.0, remaining=0.0, avgFillPrice=1.15469, permId=916586143, parentId=0, lastFillPrice=1.15469, clientId=753, whyHeld='', mktCapPrice=0.0), fills=[Fill(contract=Forex('EURUSD', conId=12087792, exchange='IDEALPRO', localSymbol='EUR.USD', tradingClass='EUR.USD'), execution=Execution(execId='0000e215.69b20e92.01.01', time=datetime.datetime(2026, 3, 12, 6, 25, 8, tzinfo=datetime.timezone.utc), acctNumber='DUM847254', exchange='IDEALPRO', side='BOT', shares=20000.0, price=1.15469, permId=916586143, clientId=753, orderId=10290, liquidation=0, cumQty=20000.0, avgPrice=1.15469, orderRef='', evRule='', evMultiplier=0.0, modelCode='', lastLiquidity=2, pendingPriceRevision=False), commissionReport=CommissionReport(execId='', commission=0.0, currency='', realizedPNL=0.0, yield_=0.0, yieldRedemptionDate=0), time=datetime.datetime(2026, 3, 12, 6, 25, 9, 85447, tzinfo=datetime.timezone.utc))], log=[TradeLogEntry(time=datetime.datetime(2026, 3, 12, 6, 25, 8, 144049, tzinfo=datetime.timezone.utc), status='PendingSubmit', message='', errorCode=0), TradeLogEntry(time=datetime.datetime(2026, 3, 12, 6, 25, 8, 964697, tzinfo=datetime.timezone.utc), status='PreSubmitted', message='', errorCode=0), TradeLogEntry(time=datetime.datetime(2026, 3, 12, 6, 25, 9, 85447, tzinfo=datetime.timezone.utc), status='PreSubmitted', message='Fill 20000.0@1.15469', errorCode=0), TradeLogEntry(time=datetime.datetime(2026, 3, 12, 6, 25, 9, 95489, tzinfo=datetime.timezone.utc), status='Filled', message='', errorCode=0)], advancedError='')
2026-03-12 06:25:09,111 - INFO - commissionReport: CommissionReport(execId='0000e215.69b20e92.01.01', commission=1.72908, currency='EUR', realizedPNL=0.0, yield_=0.0, yieldRedemptionDate=0)
2026-03-12 06:25:09,115 - INFO - position: Position(account='DUM847254', contract=Forex('EURUSD', conId=12087792, localSymbol='EUR.USD', tradingClass='EUR.USD'), position=20000.0, avgCost=1.1547898055354011)
2026-03-12 06:25:09,150 - INFO - OPENED: BUY 20,000 EUR @ 1.15469 (slippage: 0.1 pips)
2026-03-12 06:25:09,150 - INFO - Entry price recorded: 1.15469
2026-03-12 06:26:09,417 - INFO - Waiting for new bar... (last: 2026-03-12 02:25:00-04:00, price: 1.15448)
2026-03-12 06:30:10,624 - INFO - New bar: 2026-03-12 02:30:00-04:00 | O=1.15477 H=1.15482 L=1.15477 C=1.15481
2026-03-12 06:31:10,847 - INFO - Waiting for new bar... (last: 2026-03-12 02:30:00-04:00, price: 1.15482)
2026-03-12 06:35:11,950 - INFO - New bar: 2026-03-12 02:35:00-04:00 | O=1.15501 H=1.15502 L=1.15499 C=1.15499
2026-03-12 06:36:12,298 - INFO - Waiting for new bar... (last: 2026-03-12 02:35:00-04:00, price: 1.15498)
2026-03-12 06:40:13,284 - INFO - New bar: 2026-03-12 02:40:00-04:00 | O=1.15477 H=1.15477 L=1.15475 C=1.15475
2026-03-12 06:41:13,534 - INFO - Waiting for new bar... (last: 2026-03-12 02:40:00-04:00, price: 1.15488)
2026-03-12 06:45:14,580 - INFO - New bar: 2026-03-12 02:45:00-04:00 | O=1.15491 H=1.15502 L=1.15491 C=1.15498
2026-03-12 06:46:14,798 - INFO - Waiting for new bar... (last: 2026-03-12 02:45:00-04:00, price: 1.15497)
2026-03-12 06:50:15,761 - INFO - New bar: 2026-03-12 02:50:00-04:00 | O=1.15497 H=1.15498 L=1.15494 C=1.15498
2026-03-12 06:51:16,018 - INFO - Waiting for new bar... (last: 2026-03-12 02:50:00-04:00, price: 1.15481)
2026-03-12 06:55:17,011 - INFO - New bar: 2026-03-12 02:55:00-04:00 | O=1.15467 H=1.15467 L=1.15458 C=1.15466
2026-03-12 06:56:17,271 - INFO - Waiting for new bar... (last: 2026-03-12 02:55:00-04:00, price: 1.15476)
2026-03-12 07:00:18,299 - INFO - New bar: 2026-03-12 03:00:00-04:00 | O=1.15478 H=1.15488 L=1.15478 C=1.15480
2026-03-12 07:01:18,599 - INFO - Waiting for new bar... (last: 2026-03-12 03:00:00-04:00, price: 1.15465)
2026-03-12 07:05:19,553 - INFO - New bar: 2026-03-12 03:05:00-04:00 | O=1.15494 H=1.15501 L=1.15494 C=1.15501
2026-03-12 07:06:19,891 - INFO - Waiting for new bar... (last: 2026-03-12 03:05:00-04:00, price: 1.15505)
2026-03-12 07:10:20,820 - INFO - New bar: 2026-03-12 03:10:00-04:00 | O=1.15478 H=1.15480 L=1.15477 C=1.15480
2026-03-12 07:11:21,048 - INFO - Waiting for new bar... (last: 2026-03-12 03:10:00-04:00, price: 1.15498)
2026-03-12 07:15:22,094 - INFO - New bar: 2026-03-12 03:15:00-04:00 | O=1.15518 H=1.15518 L=1.15516 C=1.15517
2026-03-12 07:16:22,319 - INFO - Waiting for new bar... (last: 2026-03-12 03:15:00-04:00, price: 1.15507)
2026-03-12 07:20:23,236 - INFO - New bar: 2026-03-12 03:20:00-04:00 | O=1.15518 H=1.15525 L=1.15518 C=1.15524
2026-03-12 07:21:23,474 - INFO - Waiting for new bar... (last: 2026-03-12 03:20:00-04:00, price: 1.15522)
2026-03-12 07:25:24,338 - INFO - New bar: 2026-03-12 03:25:00-04:00 | O=1.15513 H=1.15516 L=1.15508 C=1.15516
2026-03-12 07:26:24,677 - INFO - Waiting for new bar... (last: 2026-03-12 03:25:00-04:00, price: 1.15507)
2026-03-12 07:30:25,623 - INFO - New bar: 2026-03-12 03:30:00-04:00 | O=1.15498 H=1.15498 L=1.15498 C=1.15498
2026-03-12 07:31:25,823 - INFO - Waiting for new bar... (last: 2026-03-12 03:30:00-04:00, price: 1.15492)
2026-03-12 07:35:26,778 - INFO - New bar: 2026-03-12 03:35:00-04:00 | O=1.15434 H=1.15440 L=1.15432 C=1.15436
2026-03-12 07:36:27,022 - INFO - Waiting for new bar... (last: 2026-03-12 03:35:00-04:00, price: 1.15446)
2026-03-12 07:40:27,961 - INFO - New bar: 2026-03-12 03:40:00-04:00 | O=1.15450 H=1.15458 L=1.15450 C=1.15457
2026-03-12 07:41:28,210 - INFO - Waiting for new bar... (last: 2026-03-12 03:40:00-04:00, price: 1.15457)
2026-03-12 07:45:29,118 - INFO - New bar: 2026-03-12 03:45:00-04:00 | O=1.15476 H=1.15493 L=1.15476 C=1.15492
2026-03-12 07:46:29,339 - INFO - Waiting for new bar... (last: 2026-03-12 03:45:00-04:00, price: 1.15488)
2026-03-12 07:50:30,269 - INFO - New bar: 2026-03-12 03:50:00-04:00 | O=1.15443 H=1.15451 L=1.15442 C=1.15447
2026-03-12 07:51:30,532 - INFO - Waiting for new bar... (last: 2026-03-12 03:50:00-04:00, price: 1.15447)
2026-03-12 07:55:31,451 - INFO - New bar: 2026-03-12 03:55:00-04:00 | O=1.15463 H=1.15475 L=1.15463 C=1.15472
2026-03-12 07:56:31,776 - INFO - Waiting for new bar... (last: 2026-03-12 03:55:00-04:00, price: 1.15465)
2026-03-12 08:00:32,740 - INFO - New bar: 2026-03-12 04:00:00-04:00 | O=1.15512 H=1.15530 L=1.15506 C=1.15521
2026-03-12 08:01:32,961 - INFO - Waiting for new bar... (last: 2026-03-12 04:00:00-04:00, price: 1.15544)
2026-03-12 08:05:33,903 - INFO - New bar: 2026-03-12 04:05:00-04:00 | O=1.15542 H=1.15542 L=1.15532 C=1.15538
2026-03-12 08:06:34,159 - INFO - Waiting for new bar... (last: 2026-03-12 04:05:00-04:00, price: 1.15524)
2026-03-12 08:10:35,079 - INFO - New bar: 2026-03-12 04:10:00-04:00 | O=1.15538 H=1.15555 L=1.15538 C=1.15550
2026-03-12 08:11:35,298 - INFO - Waiting for new bar... (last: 2026-03-12 04:10:00-04:00, price: 1.15553)
2026-03-12 08:15:36,361 - INFO - New bar: 2026-03-12 04:15:00-04:00 | O=1.15544 H=1.15545 L=1.15533 C=1.15542
2026-03-12 08:16:36,578 - INFO - Waiting for new bar... (last: 2026-03-12 04:15:00-04:00, price: 1.15550)
2026-03-12 08:20:37,523 - INFO - New bar: 2026-03-12 04:20:00-04:00 | O=1.15549 H=1.15549 L=1.15533 C=1.15538
2026-03-12 08:21:37,760 - INFO - Waiting for new bar... (last: 2026-03-12 04:20:00-04:00, price: 1.15528)
2026-03-12 08:25:38,750 - INFO - New bar: 2026-03-12 04:25:00-04:00 | O=1.15505 H=1.15506 L=1.15501 C=1.15502
2026-03-12 08:26:39,095 - INFO - Waiting for new bar... (last: 2026-03-12 04:25:00-04:00, price: 1.15506)
2026-03-12 08:30:40,046 - INFO - New bar: 2026-03-12 04:30:00-04:00 | O=1.15488 H=1.15491 L=1.15482 C=1.15485
2026-03-12 08:31:40,260 - INFO - Waiting for new bar... (last: 2026-03-12 04:30:00-04:00, price: 1.15492)
2026-03-12 08:35:41,252 - INFO - New bar: 2026-03-12 04:35:00-04:00 | O=1.15484 H=1.15488 L=1.15481 C=1.15484
2026-03-12 08:36:41,478 - INFO - Waiting for new bar... (last: 2026-03-12 04:35:00-04:00, price: 1.15481)
2026-03-12 08:40:42,398 - INFO - New bar: 2026-03-12 04:40:00-04:00 | O=1.15466 H=1.15467 L=1.15453 C=1.15453
2026-03-12 08:41:42,620 - INFO - Waiting for new bar... (last: 2026-03-12 04:40:00-04:00, price: 1.15451)
2026-03-12 08:45:43,559 - INFO - New bar: 2026-03-12 04:45:00-04:00 | O=1.15492 H=1.15502 L=1.15491 C=1.15497
2026-03-12 08:46:43,787 - INFO - Waiting for new bar... (last: 2026-03-12 04:45:00-04:00, price: 1.15491)
2026-03-12 08:50:44,827 - INFO - New bar: 2026-03-12 04:50:00-04:00 | O=1.15487 H=1.15487 L=1.15474 C=1.15478
2026-03-12 08:51:45,076 - INFO - Waiting for new bar... (last: 2026-03-12 04:50:00-04:00, price: 1.15467)
2026-03-12 08:55:45,959 - INFO - New bar: 2026-03-12 04:55:00-04:00 | O=1.15437 H=1.15448 L=1.15437 C=1.15444
2026-03-12 08:56:46,214 - INFO - Waiting for new bar... (last: 2026-03-12 04:55:00-04:00, price: 1.15437)
2026-03-12 09:00:47,249 - INFO - New bar: 2026-03-12 05:00:00-04:00 | O=1.15472 H=1.15484 L=1.15453 C=1.15454
2026-03-12 09:01:47,470 - INFO - Waiting for new bar... (last: 2026-03-12 05:00:00-04:00, price: 1.15465)
2026-03-12 09:05:48,362 - INFO - New bar: 2026-03-12 05:05:00-04:00 | O=1.15473 H=1.15486 L=1.15472 C=1.15484
2026-03-12 09:06:48,698 - INFO - Waiting for new bar... (last: 2026-03-12 05:05:00-04:00, price: 1.15471)
2026-03-12 09:10:49,627 - INFO - New bar: 2026-03-12 05:10:00-04:00 | O=1.15468 H=1.15468 L=1.15464 C=1.15467
2026-03-12 09:11:49,850 - INFO - Waiting for new bar... (last: 2026-03-12 05:10:00-04:00, price: 1.15461)
2026-03-12 09:15:50,768 - INFO - New bar: 2026-03-12 05:15:00-04:00 | O=1.15463 H=1.15463 L=1.15455 C=1.15457
2026-03-12 09:16:51,001 - INFO - Waiting for new bar... (last: 2026-03-12 05:15:00-04:00, price: 1.15474)
2026-03-12 09:20:51,911 - INFO - New bar: 2026-03-12 05:20:00-04:00 | O=1.15492 H=1.15497 L=1.15481 C=1.15482
2026-03-12 09:21:52,247 - INFO - Waiting for new bar... (last: 2026-03-12 05:20:00-04:00, price: 1.15484)
2026-03-12 09:25:53,332 - INFO - New bar: 2026-03-12 05:25:00-04:00 | O=1.15515 H=1.15533 L=1.15507 C=1.15532
2026-03-12 09:26:53,588 - INFO - Waiting for new bar... (last: 2026-03-12 05:25:00-04:00, price: 1.15548)
2026-03-12 09:30:54,625 - INFO - New bar: 2026-03-12 05:30:00-04:00 | O=1.15552 H=1.15570 L=1.15550 C=1.15556
2026-03-12 09:31:54,855 - INFO - Waiting for new bar... (last: 2026-03-12 05:30:00-04:00, price: 1.15570)
2026-03-12 09:35:55,791 - INFO - New bar: 2026-03-12 05:35:00-04:00 | O=1.15576 H=1.15579 L=1.15559 C=1.15566
2026-03-12 09:36:56,039 - INFO - Waiting for new bar... (last: 2026-03-12 05:35:00-04:00, price: 1.15570)
2026-03-12 09:40:57,085 - INFO - New bar: 2026-03-12 05:40:00-04:00 | O=1.15566 H=1.15586 L=1.15565 C=1.15577
2026-03-12 09:41:57,338 - INFO - Waiting for new bar... (last: 2026-03-12 05:40:00-04:00, price: 1.15588)
2026-03-12 09:45:58,301 - INFO - New bar: 2026-03-12 05:45:00-04:00 | O=1.15593 H=1.15598 L=1.15583 C=1.15586
2026-03-12 09:46:58,515 - INFO - Waiting for new bar... (last: 2026-03-12 05:45:00-04:00, price: 1.15579)
2026-03-12 09:50:59,489 - INFO - New bar: 2026-03-12 05:50:00-04:00 | O=1.15603 H=1.15607 L=1.15577 C=1.15577
2026-03-12 09:51:59,739 - INFO - Waiting for new bar... (last: 2026-03-12 05:50:00-04:00, price: 1.15586)
2026-03-12 09:56:00,696 - INFO - New bar: 2026-03-12 05:55:00-04:00 | O=1.15587 H=1.15597 L=1.15586 C=1.15593
2026-03-12 09:57:00,956 - INFO - Waiting for new bar... (last: 2026-03-12 05:55:00-04:00, price: 1.15596)
2026-03-12 10:01:02,072 - INFO - New bar: 2026-03-12 06:00:00-04:00 | O=1.15596 H=1.15606 L=1.15594 C=1.15598
2026-03-12 10:02:02,310 - INFO - Waiting for new bar... (last: 2026-03-12 06:00:00-04:00, price: 1.15595)
2026-03-12 10:06:03,277 - INFO - New bar: 2026-03-12 06:05:00-04:00 | O=1.15617 H=1.15630 L=1.15617 C=1.15626
2026-03-12 10:07:03,535 - INFO - Waiting for new bar... (last: 2026-03-12 06:05:00-04:00, price: 1.15617)
2026-03-12 10:11:04,429 - INFO - New bar: 2026-03-12 06:10:00-04:00 | O=1.15603 H=1.15614 L=1.15603 C=1.15612
2026-03-12 10:12:04,663 - INFO - Waiting for new bar... (last: 2026-03-12 06:10:00-04:00, price: 1.15613)
2026-03-12 10:16:05,709 - INFO - New bar: 2026-03-12 06:15:00-04:00 | O=1.15576 H=1.15576 L=1.15552 C=1.15556
2026-03-12 10:17:05,936 - INFO - Waiting for new bar... (last: 2026-03-12 06:15:00-04:00, price: 1.15533)
2026-03-12 10:20:06,632 - INFO - New bar: 2026-03-12 06:20:00-04:00 | O=1.15536 H=1.15536 L=1.15532 C=1.15532
2026-03-12 10:22:07,114 - INFO - Waiting for new bar... (last: 2026-03-12 06:20:00-04:00, price: 1.15534)
2026-03-12 10:25:07,782 - INFO - New bar: 2026-03-12 06:25:00-04:00 | O=1.15507 H=1.15507 L=1.15506 C=1.15506
2026-03-12 10:27:08,253 - INFO - Waiting for new bar... (last: 2026-03-12 06:25:00-04:00, price: 1.15504)
2026-03-12 10:30:08,971 - INFO - New bar: 2026-03-12 06:30:00-04:00 | O=1.15495 H=1.15507 L=1.15495 C=1.15507
2026-03-12 10:32:09,418 - INFO - Waiting for new bar... (last: 2026-03-12 06:30:00-04:00, price: 1.15536)
2026-03-12 10:35:10,162 - INFO - New bar: 2026-03-12 06:35:00-04:00 | O=1.15559 H=1.15559 L=1.15551 C=1.15551
2026-03-12 10:37:10,635 - INFO - Waiting for new bar... (last: 2026-03-12 06:35:00-04:00, price: 1.15552)
2026-03-12 10:40:11,326 - INFO - New bar: 2026-03-12 06:40:00-04:00 | O=1.15548 H=1.15549 L=1.15548 C=1.15549
2026-03-12 10:42:11,763 - INFO - Waiting for new bar... (last: 2026-03-12 06:40:00-04:00, price: 1.15535)
2026-03-12 10:45:12,440 - INFO - New bar: 2026-03-12 06:45:00-04:00 | O=1.15531 H=1.15532 L=1.15528 C=1.15528
2026-03-12 10:47:12,905 - INFO - Waiting for new bar... (last: 2026-03-12 06:45:00-04:00, price: 1.15547)
2026-03-12 10:50:13,581 - INFO - New bar: 2026-03-12 06:50:00-04:00 | O=1.15550 H=1.15554 L=1.15542 C=1.15552
2026-03-12 10:52:14,046 - INFO - Waiting for new bar... (last: 2026-03-12 06:50:00-04:00, price: 1.15548)
2026-03-12 10:55:14,737 - INFO - New bar: 2026-03-12 06:55:00-04:00 | O=1.15563 H=1.15563 L=1.15559 C=1.15559
2026-03-12 10:57:15,207 - INFO - Waiting for new bar... (last: 2026-03-12 06:55:00-04:00, price: 1.15569)
2026-03-12 11:00:15,908 - INFO - New bar: 2026-03-12 07:00:00-04:00 | O=1.15578 H=1.15580 L=1.15568 C=1.15573
2026-03-12 11:02:16,363 - INFO - Waiting for new bar... (last: 2026-03-12 07:00:00-04:00, price: 1.15566)
2026-03-12 11:05:17,115 - INFO - New bar: 2026-03-12 07:05:00-04:00 | O=1.15572 H=1.15576 L=1.15568 C=1.15576
2026-03-12 11:07:17,606 - INFO - Waiting for new bar... (last: 2026-03-12 07:05:00-04:00, price: 1.15576)
2026-03-12 11:10:18,362 - INFO - New bar: 2026-03-12 07:10:00-04:00 | O=1.15583 H=1.15593 L=1.15583 C=1.15592
2026-03-12 11:12:18,840 - INFO - Waiting for new bar... (last: 2026-03-12 07:10:00-04:00, price: 1.15583)
2026-03-12 11:15:19,556 - INFO - New bar: 2026-03-12 07:15:00-04:00 | O=1.15586 H=1.15590 L=1.15578 C=1.15580
2026-03-12 11:17:20,002 - INFO - Waiting for new bar... (last: 2026-03-12 07:15:00-04:00, price: 1.15588)
2026-03-12 11:20:20,772 - INFO - New bar: 2026-03-12 07:20:00-04:00 | O=1.15592 H=1.15603 L=1.15592 C=1.15597
2026-03-12 11:22:21,248 - INFO - Waiting for new bar... (last: 2026-03-12 07:20:00-04:00, price: 1.15597)
2026-03-12 11:25:21,930 - INFO - New bar: 2026-03-12 07:25:00-04:00 | O=1.15603 H=1.15603 L=1.15596 C=1.15600
2026-03-12 11:27:22,426 - INFO - Waiting for new bar... (last: 2026-03-12 07:25:00-04:00, price: 1.15592)
2026-03-12 11:30:23,127 - INFO - New bar: 2026-03-12 07:30:00-04:00 | O=1.15594 H=1.15621 L=1.15594 C=1.15617
2026-03-12 11:32:23,591 - INFO - Waiting for new bar... (last: 2026-03-12 07:30:00-04:00, price: 1.15595)
2026-03-12 11:35:24,315 - INFO - New bar: 2026-03-12 07:35:00-04:00 | O=1.15610 H=1.15611 L=1.15604 C=1.15607
2026-03-12 11:37:24,761 - INFO - Waiting for new bar... (last: 2026-03-12 07:35:00-04:00, price: 1.15640)
2026-03-12 11:40:25,484 - INFO - New bar: 2026-03-12 07:40:00-04:00 | O=1.15638 H=1.15638 L=1.15627 C=1.15630
2026-03-12 11:42:25,970 - INFO - Waiting for new bar... (last: 2026-03-12 07:40:00-04:00, price: 1.15623)
2026-03-12 11:45:26,671 - INFO - New bar: 2026-03-12 07:45:00-04:00 | O=1.15627 H=1.15630 L=1.15621 C=1.15621
2026-03-12 11:47:27,109 - INFO - Waiting for new bar... (last: 2026-03-12 07:45:00-04:00, price: 1.15633)
2026-03-12 11:50:27,736 - INFO - New bar: 2026-03-12 07:50:00-04:00 | O=1.15600 H=1.15604 L=1.15590 C=1.15593
2026-03-12 11:52:28,175 - INFO - Waiting for new bar... (last: 2026-03-12 07:50:00-04:00, price: 1.15541)
2026-03-12 11:55:28,848 - INFO - New bar: 2026-03-12 07:55:00-04:00 | O=1.15532 H=1.15536 L=1.15530 C=1.15531
2026-03-12 11:57:29,333 - INFO - Waiting for new bar... (last: 2026-03-12 07:55:00-04:00, price: 1.15556)
2026-03-12 12:00:29,983 - INFO - New bar: 2026-03-12 08:00:00-04:00 | O=1.15563 H=1.15575 L=1.15551 C=1.15555
2026-03-12 12:02:30,413 - INFO - Waiting for new bar... (last: 2026-03-12 08:00:00-04:00, price: 1.15538)
2026-03-12 12:05:31,168 - INFO - New bar: 2026-03-12 08:05:00-04:00 | O=1.15511 H=1.15511 L=1.15505 C=1.15507
2026-03-12 12:07:31,624 - INFO - Waiting for new bar... (last: 2026-03-12 08:05:00-04:00, price: 1.15464)
2026-03-12 12:10:32,305 - INFO - New bar: 2026-03-12 08:10:00-04:00 | O=1.15467 H=1.15475 L=1.15465 C=1.15467
2026-03-12 12:12:32,719 - INFO - Waiting for new bar... (last: 2026-03-12 08:10:00-04:00, price: 1.15475)
2026-03-12 12:15:33,378 - INFO - New bar: 2026-03-12 08:15:00-04:00 | O=1.15467 H=1.15475 L=1.15461 C=1.15474
2026-03-12 12:17:34,025 - INFO - Waiting for new bar... (last: 2026-03-12 08:15:00-04:00, price: 1.15450)
2026-03-12 12:20:34,791 - INFO - New bar: 2026-03-12 08:20:00-04:00 | O=1.15410 H=1.15410 L=1.15402 C=1.15404
2026-03-12 12:22:35,236 - INFO - Waiting for new bar... (last: 2026-03-12 08:20:00-04:00, price: 1.15392)
2026-03-12 12:25:35,908 - INFO - New bar: 2026-03-12 08:25:00-04:00 | O=1.15396 H=1.15397 L=1.15392 C=1.15396
2026-03-12 12:27:36,348 - INFO - Waiting for new bar... (last: 2026-03-12 08:25:00-04:00, price: 1.15410)
2026-03-12 12:30:36,942 - INFO - New bar: 2026-03-12 08:30:00-04:00 | O=1.15402 H=1.15419 L=1.15389 C=1.15403
2026-03-12 12:32:37,381 - INFO - Waiting for new bar... (last: 2026-03-12 08:30:00-04:00, price: 1.15362)
2026-03-12 12:35:38,052 - INFO - New bar: 2026-03-12 08:35:00-04:00 | O=1.15356 H=1.15362 L=1.15350 C=1.15358
2026-03-12 12:37:38,496 - INFO - Waiting for new bar... (last: 2026-03-12 08:35:00-04:00, price: 1.15332)
2026-03-12 12:40:39,189 - INFO - New bar: 2026-03-12 08:40:00-04:00 | O=1.15353 H=1.15358 L=1.15344 C=1.15348
2026-03-12 12:42:39,690 - INFO - Waiting for new bar... (last: 2026-03-12 08:40:00-04:00, price: 1.15352)
2026-03-12 12:45:40,360 - INFO - New bar: 2026-03-12 08:45:00-04:00 | O=1.15358 H=1.15358 L=1.15336 C=1.15336
2026-03-12 12:47:40,784 - INFO - Waiting for new bar... (last: 2026-03-12 08:45:00-04:00, price: 1.15334)
2026-03-12 12:50:41,565 - INFO - New bar: 2026-03-12 08:50:00-04:00 | O=1.15389 H=1.15403 L=1.15387 C=1.15396
2026-03-12 12:52:42,029 - INFO - Waiting for new bar... (last: 2026-03-12 08:50:00-04:00, price: 1.15378)
2026-03-12 12:55:42,716 - INFO - New bar: 2026-03-12 08:55:00-04:00 | O=1.15369 H=1.15387 L=1.15369 C=1.15386
2026-03-12 12:57:43,213 - INFO - Waiting for new bar... (last: 2026-03-12 08:55:00-04:00, price: 1.15379)
2026-03-12 13:00:43,885 - INFO - New bar: 2026-03-12 09:00:00-04:00 | O=1.15393 H=1.15419 L=1.15387 C=1.15417
2026-03-12 13:02:44,339 - INFO - Waiting for new bar... (last: 2026-03-12 09:00:00-04:00, price: 1.15424)
2026-03-12 13:05:45,022 - INFO - New bar: 2026-03-12 09:05:00-04:00 | O=1.15459 H=1.15479 L=1.15454 C=1.15478
2026-03-12 13:07:45,452 - INFO - Waiting for new bar... (last: 2026-03-12 09:05:00-04:00, price: 1.15487)
2026-03-12 13:10:46,142 - INFO - New bar: 2026-03-12 09:10:00-04:00 | O=1.15465 H=1.15472 L=1.15457 C=1.15461
2026-03-12 13:12:46,726 - INFO - Waiting for new bar... (last: 2026-03-12 09:10:00-04:00, price: 1.15448)
2026-03-12 13:15:47,445 - INFO - New bar: 2026-03-12 09:15:00-04:00 | O=1.15396 H=1.15404 L=1.15340 C=1.15340
2026-03-12 13:17:47,904 - INFO - Waiting for new bar... (last: 2026-03-12 09:15:00-04:00, price: 1.15345)
2026-03-12 13:20:48,589 - INFO - New bar: 2026-03-12 09:20:00-04:00 | O=1.15285 H=1.15292 L=1.15249 C=1.15250
2026-03-12 13:22:49,074 - INFO - Waiting for new bar... (last: 2026-03-12 09:20:00-04:00, price: 1.15229)
2026-03-12 13:25:49,777 - INFO - New bar: 2026-03-12 09:25:00-04:00 | O=1.15328 H=1.15341 L=1.15322 C=1.15326
2026-03-12 13:27:50,300 - INFO - Waiting for new bar... (last: 2026-03-12 09:25:00-04:00, price: 1.15390)
2026-03-12 13:30:50,983 - INFO - New bar: 2026-03-12 09:30:00-04:00 | O=1.15363 H=1.15379 L=1.15346 C=1.15365
2026-03-12 13:32:51,468 - INFO - Waiting for new bar... (last: 2026-03-12 09:30:00-04:00, price: 1.15324)
2026-03-12 13:35:52,274 - INFO - New bar: 2026-03-12 09:35:00-04:00 | O=1.15344 H=1.15344 L=1.15324 C=1.15326
2026-03-12 13:37:52,785 - INFO - Waiting for new bar... (last: 2026-03-12 09:35:00-04:00, price: 1.15360)
2026-03-12 13:40:53,483 - INFO - New bar: 2026-03-12 09:40:00-04:00 | O=1.15382 H=1.15382 L=1.15369 C=1.15377
2026-03-12 13:42:53,995 - INFO - Waiting for new bar... (last: 2026-03-12 09:40:00-04:00, price: 1.15354)
2026-03-12 13:45:54,718 - INFO - New bar: 2026-03-12 09:45:00-04:00 | O=1.15349 H=1.15349 L=1.15326 C=1.15333
2026-03-12 13:47:55,184 - INFO - Waiting for new bar... (last: 2026-03-12 09:45:00-04:00, price: 1.15275)
2026-03-12 13:50:55,854 - INFO - New bar: 2026-03-12 09:50:00-04:00 | O=1.15292 H=1.15337 L=1.15291 C=1.15332
2026-03-12 13:52:56,330 - INFO - Waiting for new bar... (last: 2026-03-12 09:50:00-04:00, price: 1.15255)
2026-03-12 13:55:57,180 - INFO - New bar: 2026-03-12 09:55:00-04:00 | O=1.15251 H=1.15261 L=1.15217 C=1.15226
2026-03-12 13:57:57,678 - INFO - Waiting for new bar... (last: 2026-03-12 09:55:00-04:00, price: 1.15259)
2026-03-12 14:00:58,386 - INFO - New bar: 2026-03-12 10:00:00-04:00 | O=1.15263 H=1.15316 L=1.15262 C=1.15307
2026-03-12 14:02:58,852 - INFO - Waiting for new bar... (last: 2026-03-12 10:00:00-04:00, price: 1.15296)
2026-03-12 14:05:59,571 - INFO - New bar: 2026-03-12 10:05:00-04:00 | O=1.15288 H=1.15288 L=1.15260 C=1.15273
2026-03-12 14:08:00,161 - INFO - Waiting for new bar... (last: 2026-03-12 10:05:00-04:00, price: 1.15255)
2026-03-12 14:11:00,849 - INFO - New bar: 2026-03-12 10:10:00-04:00 | O=1.15260 H=1.15261 L=1.15243 C=1.15257
2026-03-12 14:13:01,348 - INFO - Waiting for new bar... (last: 2026-03-12 10:10:00-04:00, price: 1.15278)
2026-03-12 14:16:02,084 - INFO - New bar: 2026-03-12 10:15:00-04:00 | O=1.15282 H=1.15332 L=1.15282 C=1.15326
2026-03-12 14:18:02,715 - INFO - Waiting for new bar... (last: 2026-03-12 10:15:00-04:00, price: 1.15263)
2026-03-12 14:21:03,537 - INFO - New bar: 2026-03-12 10:20:00-04:00 | O=1.15231 H=1.15247 L=1.15223 C=1.15223
2026-03-12 14:23:04,011 - INFO - Waiting for new bar... (last: 2026-03-12 10:20:00-04:00, price: 1.15258)
2026-03-12 14:26:04,776 - INFO - New bar: 2026-03-12 10:25:00-04:00 | O=1.15243 H=1.15264 L=1.15243 C=1.15263
2026-03-12 14:28:05,349 - INFO - Waiting for new bar... (last: 2026-03-12 10:25:00-04:00, price: 1.15252)
2026-03-12 14:30:05,804 - INFO - New bar: 2026-03-12 10:30:00-04:00 | O=1.15201 H=1.15213 L=1.15200 C=1.15213
2026-03-12 14:33:06,527 - INFO - Waiting for new bar... (last: 2026-03-12 10:30:00-04:00, price: 1.15225)
2026-03-12 14:35:06,998 - INFO - New bar: 2026-03-12 10:35:00-04:00 | O=1.15207 H=1.15207 L=1.15204 C=1.15206
2026-03-12 14:38:07,697 - INFO - Waiting for new bar... (last: 2026-03-12 10:35:00-04:00, price: 1.15200)
2026-03-12 14:40:08,176 - INFO - New bar: 2026-03-12 10:40:00-04:00 | O=1.15185 H=1.15198 L=1.15183 C=1.15196
2026-03-12 14:43:08,885 - INFO - Waiting for new bar... (last: 2026-03-12 10:40:00-04:00, price: 1.15186)
2026-03-12 14:45:09,402 - INFO - New bar: 2026-03-12 10:45:00-04:00 | O=1.15241 H=1.15242 L=1.15233 C=1.15233
2026-03-12 14:48:10,090 - INFO - Waiting for new bar... (last: 2026-03-12 10:45:00-04:00, price: 1.15194)
2026-03-12 14:50:10,566 - INFO - New bar: 2026-03-12 10:50:00-04:00 | O=1.15173 H=1.15184 L=1.15173 C=1.15181
2026-03-12 14:53:11,247 - INFO - Waiting for new bar... (last: 2026-03-12 10:50:00-04:00, price: 1.15190)
2026-03-12 14:55:11,710 - INFO - New bar: 2026-03-12 10:55:00-04:00 | O=1.15238 H=1.15257 L=1.15238 C=1.15257
2026-03-12 14:58:12,449 - INFO - Waiting for new bar... (last: 2026-03-12 10:55:00-04:00, price: 1.15217)
2026-03-12 15:00:12,900 - INFO - New bar: 2026-03-12 11:00:00-04:00 | O=1.15206 H=1.15221 L=1.15200 C=1.15217
2026-03-12 15:03:13,862 - INFO - Waiting for new bar... (last: 2026-03-12 11:00:00-04:00, price: 1.15158)
2026-03-12 15:05:14,384 - INFO - New bar: 2026-03-12 11:05:00-04:00 | O=1.15156 H=1.15163 L=1.15152 C=1.15158
2026-03-12 15:08:15,114 - INFO - Waiting for new bar... (last: 2026-03-12 11:05:00-04:00, price: 1.15156)
2026-03-12 15:10:15,600 - INFO - New bar: 2026-03-12 11:10:00-04:00 | O=1.15128 H=1.15131 L=1.15119 C=1.15125
2026-03-12 15:13:16,316 - INFO - Waiting for new bar... (last: 2026-03-12 11:10:00-04:00, price: 1.15123)
2026-03-12 15:15:16,768 - INFO - New bar: 2026-03-12 11:15:00-04:00 | O=1.15142 H=1.15156 L=1.15139 C=1.15151
2026-03-12 15:18:17,500 - INFO - Waiting for new bar... (last: 2026-03-12 11:15:00-04:00, price: 1.15168)
2026-03-12 15:20:17,929 - INFO - New bar: 2026-03-12 11:20:00-04:00 | O=1.15149 H=1.15160 L=1.15146 C=1.15151
2026-03-12 15:23:18,652 - INFO - Waiting for new bar... (last: 2026-03-12 11:20:00-04:00, price: 1.15147)
2026-03-12 15:25:19,225 - INFO - New bar: 2026-03-12 11:25:00-04:00 | O=1.15203 H=1.15203 L=1.15190 C=1.15199
2026-03-12 15:28:20,169 - INFO - Waiting for new bar... (last: 2026-03-12 11:25:00-04:00, price: 1.15168)
2026-03-12 15:30:20,629 - INFO - New bar: 2026-03-12 11:30:00-04:00 | O=1.15200 H=1.15200 L=1.15174 C=1.15182
2026-03-12 15:33:21,444 - INFO - Waiting for new bar... (last: 2026-03-12 11:30:00-04:00, price: 1.15159)
2026-03-12 15:35:21,906 - INFO - New bar: 2026-03-12 11:35:00-04:00 | O=1.15203 H=1.15206 L=1.15203 C=1.15204
2026-03-12 15:38:22,635 - INFO - Waiting for new bar... (last: 2026-03-12 11:35:00-04:00, price: 1.15179)
2026-03-12 15:40:23,118 - INFO - New bar: 2026-03-12 11:40:00-04:00 | O=1.15247 H=1.15251 L=1.15218 C=1.15221
2026-03-12 15:43:23,822 - INFO - Waiting for new bar... (last: 2026-03-12 11:40:00-04:00, price: 1.15247)
2026-03-12 15:45:24,390 - INFO - New bar: 2026-03-12 11:45:00-04:00 | O=1.15248 H=1.15251 L=1.15234 C=1.15247
2026-03-12 15:48:25,133 - INFO - Waiting for new bar... (last: 2026-03-12 11:45:00-04:00, price: 1.15251)
2026-03-12 15:50:25,613 - INFO - New bar: 2026-03-12 11:50:00-04:00 | O=1.15243 H=1.15252 L=1.15236 C=1.15239
2026-03-12 15:53:26,302 - INFO - Waiting for new bar... (last: 2026-03-12 11:50:00-04:00, price: 1.15231)
2026-03-12 15:55:26,869 - INFO - New bar: 2026-03-12 11:55:00-04:00 | O=1.15260 H=1.15261 L=1.15243 C=1.15243
2026-03-12 15:58:27,602 - INFO - Waiting for new bar... (last: 2026-03-12 11:55:00-04:00, price: 1.15223)
2026-03-12 16:00:28,088 - INFO - New bar: 2026-03-12 12:00:00-04:00 | O=1.15220 H=1.15233 L=1.15217 C=1.15231
2026-03-12 16:03:28,816 - INFO - Waiting for new bar... (last: 2026-03-12 12:00:00-04:00, price: 1.15231)
2026-03-12 16:05:29,256 - INFO - New bar: 2026-03-12 12:05:00-04:00 | O=1.15217 H=1.15244 L=1.15216 C=1.15244
2026-03-12 16:08:29,910 - INFO - Waiting for new bar... (last: 2026-03-12 12:05:00-04:00, price: 1.15163)
2026-03-12 16:10:30,320 - INFO - New bar: 2026-03-12 12:10:00-04:00 | O=1.15150 H=1.15168 L=1.15143 C=1.15165
2026-03-12 16:13:31,003 - INFO - Waiting for new bar... (last: 2026-03-12 12:10:00-04:00, price: 1.15173)
2026-03-12 16:15:31,495 - INFO - New bar: 2026-03-12 12:15:00-04:00 | O=1.15190 H=1.15193 L=1.15166 C=1.15175
2026-03-12 16:18:32,196 - INFO - Waiting for new bar... (last: 2026-03-12 12:15:00-04:00, price: 1.15182)
2026-03-12 16:20:32,631 - INFO - New bar: 2026-03-12 12:20:00-04:00 | O=1.15225 H=1.15227 L=1.15217 C=1.15220
2026-03-12 16:23:33,326 - INFO - Waiting for new bar... (last: 2026-03-12 12:20:00-04:00, price: 1.15298)
2026-03-12 16:25:33,775 - INFO - New bar: 2026-03-12 12:25:00-04:00 | O=1.15269 H=1.15278 L=1.15261 C=1.15273
2026-03-12 16:28:34,474 - INFO - Waiting for new bar... (last: 2026-03-12 12:25:00-04:00, price: 1.15201)
2026-03-12 16:30:35,044 - INFO - New bar: 2026-03-12 12:30:00-04:00 | O=1.15206 H=1.15212 L=1.15191 C=1.15195
2026-03-12 16:33:35,839 - INFO - Waiting for new bar... (last: 2026-03-12 12:30:00-04:00, price: 1.15208)
2026-03-12 16:35:36,264 - INFO - New bar: 2026-03-12 12:35:00-04:00 | O=1.15207 H=1.15229 L=1.15204 C=1.15226
2026-03-12 16:38:36,959 - INFO - Waiting for new bar... (last: 2026-03-12 12:35:00-04:00, price: 1.15207)
2026-03-12 16:40:37,399 - INFO - New bar: 2026-03-12 12:40:00-04:00 | O=1.15257 H=1.15264 L=1.15244 C=1.15264
2026-03-12 16:43:38,057 - INFO - Waiting for new bar... (last: 2026-03-12 12:40:00-04:00, price: 1.15248)
2026-03-12 16:45:38,548 - INFO - New bar: 2026-03-12 12:45:00-04:00 | O=1.15233 H=1.15248 L=1.15226 C=1.15237
2026-03-12 16:48:39,255 - INFO - Waiting for new bar... (last: 2026-03-12 12:45:00-04:00, price: 1.15196)
2026-03-12 16:50:39,690 - INFO - New bar: 2026-03-12 12:50:00-04:00 | O=1.15229 H=1.15235 L=1.15219 C=1.15234
2026-03-12 16:53:40,352 - INFO - Waiting for new bar... (last: 2026-03-12 12:50:00-04:00, price: 1.15204)
2026-03-12 16:55:40,825 - INFO - New bar: 2026-03-12 12:55:00-04:00 | O=1.15214 H=1.15233 L=1.15209 C=1.15212
2026-03-12 16:58:41,505 - INFO - Waiting for new bar... (last: 2026-03-12 12:55:00-04:00, price: 1.15216)
2026-03-12 17:00:41,927 - INFO - New bar: 2026-03-12 13:00:00-04:00 | O=1.15220 H=1.15238 L=1.15216 C=1.15235
2026-03-12 17:03:42,605 - INFO - Waiting for new bar... (last: 2026-03-12 13:00:00-04:00, price: 1.15244)
2026-03-12 17:05:43,041 - INFO - New bar: 2026-03-12 13:05:00-04:00 | O=1.15282 H=1.15295 L=1.15278 C=1.15291
2026-03-12 17:08:43,731 - INFO - Waiting for new bar... (last: 2026-03-12 13:05:00-04:00, price: 1.15269)
2026-03-12 17:10:44,171 - INFO - New bar: 2026-03-12 13:10:00-04:00 | O=1.15267 H=1.15268 L=1.15258 C=1.15261
2026-03-12 17:13:44,944 - INFO - Waiting for new bar... (last: 2026-03-12 13:10:00-04:00, price: 1.15267)
2026-03-12 17:15:45,473 - INFO - New bar: 2026-03-12 13:15:00-04:00 | O=1.15234 H=1.15237 L=1.15220 C=1.15233
2026-03-12 17:18:46,252 - INFO - Waiting for new bar... (last: 2026-03-12 13:15:00-04:00, price: 1.15258)
2026-03-12 17:20:46,696 - INFO - New bar: 2026-03-12 13:20:00-04:00 | O=1.15246 H=1.15264 L=1.15236 C=1.15244
2026-03-12 17:23:47,378 - INFO - Waiting for new bar... (last: 2026-03-12 13:20:00-04:00, price: 1.15277)
2026-03-12 17:25:47,815 - INFO - New bar: 2026-03-12 13:25:00-04:00 | O=1.15284 H=1.15294 L=1.15279 C=1.15294
2026-03-12 17:28:48,474 - INFO - Waiting for new bar... (last: 2026-03-12 13:25:00-04:00, price: 1.15257)
2026-03-12 17:30:48,952 - INFO - New bar: 2026-03-12 13:30:00-04:00 | O=1.15255 H=1.15264 L=1.15254 C=1.15255
2026-03-12 17:33:49,605 - INFO - Waiting for new bar... (last: 2026-03-12 13:30:00-04:00, price: 1.15248)
2026-03-12 17:35:50,056 - INFO - New bar: 2026-03-12 13:35:00-04:00 | O=1.15233 H=1.15263 L=1.15233 C=1.15258
2026-03-12 17:38:50,845 - INFO - Waiting for new bar... (last: 2026-03-12 13:35:00-04:00, price: 1.15237)
2026-03-12 17:40:51,297 - INFO - New bar: 2026-03-12 13:40:00-04:00 | O=1.15250 H=1.15261 L=1.15247 C=1.15260
2026-03-12 17:43:51,990 - INFO - Waiting for new bar... (last: 2026-03-12 13:40:00-04:00, price: 1.15253)
2026-03-12 17:45:52,482 - INFO - New bar: 2026-03-12 13:45:00-04:00 | O=1.15250 H=1.15252 L=1.15226 C=1.15229
2026-03-12 17:48:53,167 - INFO - Waiting for new bar... (last: 2026-03-12 13:45:00-04:00, price: 1.15226)
2026-03-12 17:50:53,598 - INFO - New bar: 2026-03-12 13:50:00-04:00 | O=1.15212 H=1.15230 L=1.15208 C=1.15226
2026-03-12 17:53:54,281 - INFO - Waiting for new bar... (last: 2026-03-12 13:50:00-04:00, price: 1.15216)
2026-03-12 17:55:54,759 - INFO - New bar: 2026-03-12 13:55:00-04:00 | O=1.15216 H=1.15217 L=1.15193 C=1.15210
2026-03-12 17:58:55,466 - INFO - Waiting for new bar... (last: 2026-03-12 13:55:00-04:00, price: 1.15208)
2026-03-12 18:00:56,009 - INFO - New bar: 2026-03-12 14:00:00-04:00 | O=1.15220 H=1.15244 L=1.15218 C=1.15226
2026-03-12 18:03:56,723 - INFO - Waiting for new bar... (last: 2026-03-12 14:00:00-04:00, price: 1.15213)
2026-03-12 18:05:57,279 - INFO - New bar: 2026-03-12 14:05:00-04:00 | O=1.15217 H=1.15220 L=1.15206 C=1.15207
2026-03-12 18:08:57,964 - INFO - Waiting for new bar... (last: 2026-03-12 14:05:00-04:00, price: 1.15210)
2026-03-12 18:10:58,402 - INFO - New bar: 2026-03-12 14:10:00-04:00 | O=1.15202 H=1.15210 L=1.15200 C=1.15209
2026-03-12 18:13:59,096 - INFO - Waiting for new bar... (last: 2026-03-12 14:10:00-04:00, price: 1.15208)
2026-03-12 18:15:59,585 - INFO - New bar: 2026-03-12 14:15:00-04:00 | O=1.15209 H=1.15215 L=1.15206 C=1.15210
2026-03-12 18:19:00,291 - INFO - Waiting for new bar... (last: 2026-03-12 14:15:00-04:00, price: 1.15203)
2026-03-12 18:21:00,720 - INFO - New bar: 2026-03-12 14:20:00-04:00 | O=1.15200 H=1.15200 L=1.15179 C=1.15179
2026-03-12 18:24:01,443 - INFO - Waiting for new bar... (last: 2026-03-12 14:20:00-04:00, price: 1.15172)
2026-03-12 18:26:01,913 - INFO - New bar: 2026-03-12 14:25:00-04:00 | O=1.15175 H=1.15187 L=1.15166 C=1.15166
2026-03-12 18:29:02,630 - INFO - Waiting for new bar... (last: 2026-03-12 14:25:00-04:00, price: 1.15152)
2026-03-12 18:31:03,120 - INFO - New bar: 2026-03-12 14:30:00-04:00 | O=1.15146 H=1.15154 L=1.15138 C=1.15153
2026-03-12 18:34:03,833 - INFO - Waiting for new bar... (last: 2026-03-12 14:30:00-04:00, price: 1.15153)
2026-03-12 18:36:04,333 - INFO - New bar: 2026-03-12 14:35:00-04:00 | O=1.15133 H=1.15149 L=1.15133 C=1.15144
2026-03-12 18:39:05,040 - INFO - Waiting for new bar... (last: 2026-03-12 14:35:00-04:00, price: 1.15125)
2026-03-12 18:41:05,484 - INFO - New bar: 2026-03-12 14:40:00-04:00 | O=1.15130 H=1.15138 L=1.15124 C=1.15125
2026-03-12 18:44:06,155 - INFO - Waiting for new bar... (last: 2026-03-12 14:40:00-04:00, price: 1.15132)
2026-03-12 18:45:06,393 - INFO - New bar: 2026-03-12 14:45:00-04:00 | O=1.15133 H=1.15133 L=1.15133 C=1.15133
2026-03-12 18:49:07,417 - INFO - Waiting for new bar... (last: 2026-03-12 14:45:00-04:00, price: 1.15131)
2026-03-12 18:50:07,620 - INFO - New bar: 2026-03-12 14:50:00-04:00 | O=1.15137 H=1.15138 L=1.15137 C=1.15138
2026-03-12 18:54:08,529 - INFO - Waiting for new bar... (last: 2026-03-12 14:50:00-04:00, price: 1.15147)
2026-03-12 18:55:08,762 - INFO - New bar: 2026-03-12 14:55:00-04:00 | O=1.15148 H=1.15149 L=1.15147 C=1.15149
2026-03-12 18:59:09,692 - INFO - Waiting for new bar... (last: 2026-03-12 14:55:00-04:00, price: 1.15135)
2026-03-12 19:00:09,945 - INFO - New bar: 2026-03-12 15:00:00-04:00 | O=1.15121 H=1.15122 L=1.15109 C=1.15110
2026-03-12 19:04:10,936 - INFO - Waiting for new bar... (last: 2026-03-12 15:00:00-04:00, price: 1.15117)
2026-03-12 19:05:11,141 - INFO - New bar: 2026-03-12 15:05:00-04:00 | O=1.15132 H=1.15138 L=1.15129 C=1.15137
2026-03-12 19:09:12,096 - INFO - Waiting for new bar... (last: 2026-03-12 15:05:00-04:00, price: 1.15173)
2026-03-12 19:10:12,323 - INFO - New bar: 2026-03-12 15:10:00-04:00 | O=1.15166 H=1.15168 L=1.15163 C=1.15163
2026-03-12 19:14:13,281 - INFO - Waiting for new bar... (last: 2026-03-12 15:10:00-04:00, price: 1.15146)
2026-03-12 19:15:13,513 - INFO - New bar: 2026-03-12 15:15:00-04:00 | O=1.15156 H=1.15158 L=1.15156 C=1.15156
2026-03-12 19:19:14,483 - INFO - Waiting for new bar... (last: 2026-03-12 15:15:00-04:00, price: 1.15158)
2026-03-12 19:20:14,719 - INFO - New bar: 2026-03-12 15:20:00-04:00 | O=1.15149 H=1.15152 L=1.15149 C=1.15152
2026-03-12 19:24:15,680 - INFO - Waiting for new bar... (last: 2026-03-12 15:20:00-04:00, price: 1.15151)
2026-03-12 19:25:15,939 - INFO - New bar: 2026-03-12 15:25:00-04:00 | O=1.15139 H=1.15141 L=1.15136 C=1.15138
2026-03-12 19:29:16,894 - INFO - Waiting for new bar... (last: 2026-03-12 15:25:00-04:00, price: 1.15152)
2026-03-12 19:30:17,127 - INFO - New bar: 2026-03-12 15:30:00-04:00 | O=1.15156 H=1.15160 L=1.15156 C=1.15159
2026-03-12 19:34:18,206 - INFO - Waiting for new bar... (last: 2026-03-12 15:30:00-04:00, price: 1.15182)
2026-03-12 19:35:18,438 - INFO - New bar: 2026-03-12 15:35:00-04:00 | O=1.15176 H=1.15177 L=1.15166 C=1.15166
2026-03-12 19:39:19,389 - INFO - Waiting for new bar... (last: 2026-03-12 15:35:00-04:00, price: 1.15176)
2026-03-12 19:40:19,628 - INFO - New bar: 2026-03-12 15:40:00-04:00 | O=1.15182 H=1.15185 L=1.15182 C=1.15182
2026-03-12 19:44:20,585 - INFO - Waiting for new bar... (last: 2026-03-12 15:40:00-04:00, price: 1.15177)
2026-03-12 19:45:20,821 - INFO - New bar: 2026-03-12 15:45:00-04:00 | O=1.15177 H=1.15177 L=1.15172 C=1.15174
2026-03-12 19:49:21,861 - INFO - Waiting for new bar... (last: 2026-03-12 15:45:00-04:00, price: 1.15172)
2026-03-12 19:50:22,090 - INFO - New bar: 2026-03-12 15:50:00-04:00 | O=1.15168 H=1.15168 L=1.15153 C=1.15155
2026-03-12 19:54:23,038 - INFO - Waiting for new bar... (last: 2026-03-12 15:50:00-04:00, price: 1.15153)
2026-03-12 19:55:23,274 - INFO - New bar: 2026-03-12 15:55:00-04:00 | O=1.15156 H=1.15164 L=1.15156 C=1.15162
2026-03-12 19:59:24,233 - INFO - Waiting for new bar... (last: 2026-03-12 15:55:00-04:00, price: 1.15155)
2026-03-12 20:00:24,452 - INFO - New bar: 2026-03-12 16:00:00-04:00 | O=1.15151 H=1.15152 L=1.15143 C=1.15145
2026-03-12 20:04:25,380 - INFO - Waiting for new bar... (last: 2026-03-12 16:00:00-04:00, price: 1.15162)
2026-03-12 20:05:25,608 - INFO - New bar: 2026-03-12 16:05:00-04:00 | O=1.15152 H=1.15152 L=1.15149 C=1.15151
2026-03-12 20:09:26,598 - INFO - Waiting for new bar... (last: 2026-03-12 16:05:00-04:00, price: 1.15131)
2026-03-12 20:10:26,833 - INFO - New bar: 2026-03-12 16:10:00-04:00 | O=1.15131 H=1.15132 L=1.15130 C=1.15132
2026-03-12 20:14:27,780 - INFO - Waiting for new bar... (last: 2026-03-12 16:10:00-04:00, price: 1.15136)
2026-03-12 20:15:28,036 - INFO - New bar: 2026-03-12 16:15:00-04:00 | O=1.15131 H=1.15133 L=1.15130 C=1.15132
2026-03-12 20:19:28,990 - INFO - Waiting for new bar... (last: 2026-03-12 16:15:00-04:00, price: 1.15121)
2026-03-12 20:20:29,225 - INFO - New bar: 2026-03-12 16:20:00-04:00 | O=1.15122 H=1.15122 L=1.15118 C=1.15118
2026-03-12 20:24:30,087 - INFO - Waiting for new bar... (last: 2026-03-12 16:20:00-04:00, price: 1.15125)
2026-03-12 20:25:30,273 - INFO - New bar: 2026-03-12 16:25:00-04:00 | O=1.15125 H=1.15129 L=1.15125 C=1.15126
2026-03-12 20:29:31,166 - INFO - Waiting for new bar... (last: 2026-03-12 16:25:00-04:00, price: 1.15105)
2026-03-12 20:30:31,414 - INFO - New bar: 2026-03-12 16:30:00-04:00 | O=1.15102 H=1.15112 L=1.15102 C=1.15109
2026-03-12 20:34:32,278 - INFO - Waiting for new bar... (last: 2026-03-12 16:30:00-04:00, price: 1.15112)
2026-03-12 20:35:32,521 - INFO - New bar: 2026-03-12 16:35:00-04:00 | O=1.15112 H=1.15114 L=1.15112 C=1.15112
2026-03-12 20:39:33,453 - INFO - Waiting for new bar... (last: 2026-03-12 16:35:00-04:00, price: 1.15124)
2026-03-12 20:40:33,644 - INFO - New bar: 2026-03-12 16:40:00-04:00 | O=1.15128 H=1.15128 L=1.15126 C=1.15126
2026-03-12 20:44:34,756 - INFO - Waiting for new bar... (last: 2026-03-12 16:40:00-04:00, price: 1.15135)
2026-03-12 20:45:34,994 - INFO - New bar: 2026-03-12 16:45:00-04:00 | O=1.15139 H=1.15141 L=1.15138 C=1.15138
2026-03-12 20:49:35,868 - INFO - Waiting for new bar... (last: 2026-03-12 16:45:00-04:00, price: 1.15148)
2026-03-12 20:50:36,118 - INFO - New bar: 2026-03-12 16:50:00-04:00 | O=1.15145 H=1.15147 L=1.15143 C=1.15143
2026-03-12 20:54:37,018 - INFO - Waiting for new bar... (last: 2026-03-12 16:50:00-04:00, price: 1.15129)
2026-03-12 20:55:37,206 - INFO - New bar: 2026-03-12 16:55:00-04:00 | O=1.15127 H=1.15133 L=1.15126 C=1.15131
2026-03-12 20:59:38,117 - INFO - Waiting for new bar... (last: 2026-03-12 16:55:00-04:00, price: 1.15109)
2026-03-12 21:04:39,276 - INFO - Waiting for new bar... (last: 2026-03-12 16:55:00-04:00, price: 1.15118)
2026-03-12 21:09:54,874 - INFO - Waiting for new bar... (last: 2026-03-12 16:55:00-04:00, price: 1.15118)
2026-03-12 21:14:56,001 - INFO - Waiting for new bar... (last: 2026-03-12 16:55:00-04:00, price: 1.15118)
2026-03-12 21:15:56,348 - INFO - New bar: 2026-03-12 17:15:00-04:00 | O=1.15125 H=1.15125 L=1.15118 C=1.15124
2026-03-12 21:19:57,795 - INFO - Waiting for new bar... (last: 2026-03-12 17:15:00-04:00, price: 1.15127)
2026-03-12 21:20:58,054 - INFO - New bar: 2026-03-12 17:20:00-04:00 | O=1.15127 H=1.15128 L=1.15122 C=1.15125
2026-03-12 21:24:59,067 - INFO - Waiting for new bar... (last: 2026-03-12 17:20:00-04:00, price: 1.15124)
2026-03-12 21:25:59,285 - INFO - New bar: 2026-03-12 17:25:00-04:00 | O=1.15122 H=1.15122 L=1.15122 C=1.15122
2026-03-12 21:30:00,212 - INFO - Waiting for new bar... (last: 2026-03-12 17:25:00-04:00, price: 1.15121)
2026-03-12 21:31:00,449 - INFO - New bar: 2026-03-12 17:30:00-04:00 | O=1.15121 H=1.15122 L=1.15118 C=1.15122
2026-03-12 21:35:01,364 - INFO - Waiting for new bar... (last: 2026-03-12 17:30:00-04:00, price: 1.15123)
2026-03-12 21:36:01,604 - INFO - New bar: 2026-03-12 17:35:00-04:00 | O=1.15123 H=1.15123 L=1.15121 C=1.15121
2026-03-12 21:40:02,740 - INFO - Waiting for new bar... (last: 2026-03-12 17:35:00-04:00, price: 1.15124)
2026-03-12 21:41:02,933 - INFO - New bar: 2026-03-12 17:40:00-04:00 | O=1.15124 H=1.15125 L=1.15122 C=1.15124
2026-03-12 21:45:03,843 - INFO - Waiting for new bar... (last: 2026-03-12 17:40:00-04:00, price: 1.15118)
2026-03-12 21:46:04,093 - INFO - New bar: 2026-03-12 17:45:00-04:00 | O=1.15118 H=1.15122 L=1.15118 C=1.15121
2026-03-12 21:50:05,024 - INFO - Waiting for new bar... (last: 2026-03-12 17:45:00-04:00, price: 1.15118)
2026-03-12 21:51:05,348 - INFO - New bar: 2026-03-12 17:50:00-04:00 | O=1.15118 H=1.15123 L=1.15118 C=1.15123
2026-03-12 21:55:06,246 - INFO - New bar: 2026-03-12 17:55:00-04:00 | O=1.15120 H=1.15120 L=1.15118 C=1.15119
2026-03-12 22:00:07,425 - INFO - New bar: 2026-03-12 18:00:00-04:00 | O=1.15120 H=1.15170 L=1.15117 C=1.15147
2026-03-12 22:00:07,430 - INFO - Status: Price=1.15147, Position=LONG, Bars=120, P&L=EUR 152.54, Unrealized: EUR -55.93, Remaining=24.9h
2026-03-12 22:05:08,586 - INFO - New bar: 2026-03-12 18:05:00-04:00 | O=1.15142 H=1.15146 L=1.15139 C=1.15145
2026-03-12 22:10:09,837 - INFO - New bar: 2026-03-12 18:10:00-04:00 | O=1.15153 H=1.15153 L=1.15132 C=1.15132
2026-03-12 22:10:09,839 - INFO - Status: Price=1.15132, Position=LONG, Bars=120, P&L=EUR 152.54, Unrealized: EUR -58.45, Remaining=24.7h
2026-03-12 22:15:10,977 - INFO - New bar: 2026-03-12 18:15:00-04:00 | O=1.15149 H=1.15149 L=1.15149 C=1.15149
2026-03-12 22:20:12,213 - INFO - New bar: 2026-03-12 18:20:00-04:00 | O=1.15153 H=1.15154 L=1.15152 C=1.15152
2026-03-12 22:20:12,215 - INFO - Status: Price=1.15152, Position=LONG, Bars=120, P&L=EUR 152.54, Unrealized: EUR -55.06, Remaining=24.6h
2026-03-12 22:25:13,323 - INFO - New bar: 2026-03-12 18:25:00-04:00 | O=1.15152 H=1.15154 L=1.15152 C=1.15153
2026-03-12 22:29:14,064 - INFO - Daily snapshot: cumulative P&L = EUR 152.54, capital = EUR 953,446.29
2026-03-12 22:30:14,465 - INFO - New bar: 2026-03-12 18:30:00-04:00 | O=1.15182 H=1.15182 L=1.15179 C=1.15182
2026-03-12 22:30:14,466 - INFO - Status: Price=1.15182, Position=LONG, Bars=120, P&L=EUR 152.54, Unrealized: EUR -49.92, Remaining=24.4h
2026-03-12 22:35:15,644 - INFO - New bar: 2026-03-12 18:35:00-04:00 | O=1.15192 H=1.15194 L=1.15192 C=1.15194
2026-03-12 22:40:16,798 - INFO - New bar: 2026-03-12 18:40:00-04:00 | O=1.15189 H=1.15190 L=1.15186 C=1.15187
2026-03-12 22:40:16,799 - INFO - Status: Price=1.15187, Position=LONG, Bars=120, P&L=EUR 152.54, Unrealized: EUR -48.96, Remaining=24.2h
2026-03-12 22:45:17,985 - INFO - New bar: 2026-03-12 18:45:00-04:00 | O=1.15196 H=1.15196 L=1.15189 C=1.15189
2026-03-12 22:50:19,183 - INFO - New bar: 2026-03-12 18:50:00-04:00 | O=1.15170 H=1.15171 L=1.15168 C=1.15169
2026-03-12 22:50:19,184 - INFO - Status: Price=1.15169, Position=LONG, Bars=120, P&L=EUR 152.54, Unrealized: EUR -52.18, Remaining=24.1h
2026-03-12 22:55:20,413 - INFO - New bar: 2026-03-12 18:55:00-04:00 | O=1.15180 H=1.15180 L=1.15180 C=1.15180
2026-03-12 23:00:21,615 - INFO - New bar: 2026-03-12 19:00:00-04:00 | O=1.15190 H=1.15200 L=1.15190 C=1.15195
2026-03-12 23:00:21,617 - INFO - Status: Price=1.15195, Position=LONG, Bars=120, P&L=EUR 152.54, Unrealized: EUR -47.57, Remaining=23.9h
2026-03-12 23:05:22,804 - INFO - New bar: 2026-03-12 19:05:00-04:00 | O=1.15199 H=1.15199 L=1.15190 C=1.15190
2026-03-12 23:10:23,982 - INFO - New bar: 2026-03-12 19:10:00-04:00 | O=1.15206 H=1.15206 L=1.15200 C=1.15202
2026-03-12 23:10:23,984 - INFO - Status: Price=1.15202, Position=LONG, Bars=120, P&L=EUR 152.54, Unrealized: EUR -46.35, Remaining=23.7h
2026-03-12 23:10:23,988 - INFO - BUY Signal: SMA 1.15171 crossed above 1.15166, RSI 64.5, Momentum 0.000500
2026-03-12 23:10:23,992 - INFO - Checking EUR balance...
2026-03-12 23:10:23,993 - INFO - EUR balance: 953,273.09 EUR
2026-03-12 23:10:23,993 - INFO - Required minimum: 20,000.00 EUR
2026-03-12 23:10:23,993 - INFO - Status: Sufficient
2026-03-12 23:15:25,133 - INFO - New bar: 2026-03-12 19:15:00-04:00 | O=1.15195 H=1.15195 L=1.15191 C=1.15191
2026-03-12 23:20:26,323 - INFO - New bar: 2026-03-12 19:20:00-04:00 | O=1.15169 H=1.15172 L=1.15169 C=1.15171
2026-03-12 23:20:26,325 - INFO - Status: Price=1.15171, Position=LONG, Bars=120, P&L=EUR 152.54, Unrealized: EUR -51.75, Remaining=23.6h
2026-03-12 23:25:27,512 - INFO - New bar: 2026-03-12 19:25:00-04:00 | O=1.15159 H=1.15159 L=1.15156 C=1.15156
2026-03-12 23:30:28,428 - INFO - Maintenance window active — resuming at 06:45 CET.
2026-03-12 23:45:00,729 - ERROR - Peer closed connection.
2026-03-12 23:45:29,084 - WARNING - Connection lost detected!
2026-03-12 23:45:29,084 - INFO - Attempting automatic reconnection...
2026-03-12 23:45:29,084 - WARNING - Open position exists but connection lost. Cannot close safely. Will retry after reconnect.
2026-03-12 23:45:29,084 - INFO - Reconnection attempt 1/10 (waiting 1s before trying)...
2026-03-12 23:45:30,085 - INFO - Connecting to localhost:4002 with clientId 753...
2026-03-12 23:45:30,086 - INFO - Connected
2026-03-12 23:45:30,263 - INFO - Logged on to server version 178
2026-03-12 23:45:30,468 - INFO - API connection ready
2026-03-12 23:45:30,517 - INFO - Warning 2104, reqId -1: Market data farm connection is OK:usfarm
2026-03-12 23:45:30,560 - INFO - position: Position(account='DUM847254', contract=Forex('EURUSD', conId=12087792, localSymbol='EUR.USD', tradingClass='EUR.USD'), position=0.0, avgCost=0.0)
2026-03-12 23:45:30,578 - INFO - Warning 2106, reqId -1: HMDS data farm connection is OK:ushmds
2026-03-12 23:45:30,579 - INFO - Warning 2158, reqId -1: Sec-def data farm connection is OK:secdefnj
2026-03-12 23:45:31,773 - INFO - execDetails Execution(execId='0000e215.69b20e92.01.01', time=datetime.datetime(2026, 3, 12, 6, 25, 8, tzinfo=datetime.timezone.utc), acctNumber='DUM847254', exchange='IDEALPRO', side='BOT', shares=20000.0, price=1.15469, permId=916586143, clientId=753, orderId=10290, liquidation=0, cumQty=20000.0, avgPrice=1.15469, orderRef='', evRule='', evMultiplier=0.0, modelCode='', lastLiquidity=2, pendingPriceRevision=False)
2026-03-12 23:45:31,816 - INFO - commissionReport: CommissionReport(execId='0000e215.69b20e92.01.01', commission=1.72908, currency='EUR', realizedPNL=0.0, yield_=0.0, yieldRedemptionDate=0)
2026-03-12 23:45:31,816 - INFO - Synchronization complete
2026-03-12 23:45:31,817 - INFO - Reconnected successfully on attempt 1
2026-03-12 23:45:31,912 - INFO - Contract re-qualified: EUR (conId: 12087792)
2026-03-12 23:45:31,912 - INFO - Reconnected successfully.
2026-03-12 23:45:31,913 - INFO - Reconciling position state with IB...
2026-03-12 23:45:31,913 - WARNING - Position mismatch detected!
2026-03-12 23:45:31,913 - WARNING -   Bot thought: LONG @ 1.1547
2026-03-12 23:45:31,913 - WARNING -   IB shows: FLAT (no position)
2026-03-12 23:45:31,913 - INFO - Updated bot state to match IB: FLAT
2026-03-12 23:45:31,913 - WARNING - Position closed by IB (reboot/reset). Estimated exit: 1.15156, P&L: EUR -57.83 (USD -66.60)
2026-03-12 23:45:31,913 - INFO - Reconciliation complete. Current state: FLAT
2026-03-12 23:45:31,913 - INFO - Position state verified. Resuming trading.
2026-03-12 23:50:35,426 - INFO - Warning 2103, reqId -1: Market data farm connection is broken:usfarm
2026-03-12 23:50:41,403 - INFO - Warning 2104, reqId -1: Market data farm connection is OK:usfarm
2026-03-12 23:51:25,370 - INFO - Warning 2107, reqId -1: HMDS data farm connection is inactive but should be available upon demand.ushmds
2026-03-13 03:30:06,164 - INFO - Warning 2157, reqId -1: Sec-def data farm connection is broken:secdefnj
2026-03-13 03:30:06,916 - INFO - Warning 2158, reqId -1: Sec-def data farm connection is OK:secdefnj
2026-03-13 03:46:18,438 - INFO - Warning 2157, reqId -1: Sec-def data farm connection is broken:secdefnj
2026-03-13 03:46:19,109 - INFO - Warning 2158, reqId -1: Sec-def data farm connection is OK:secdefnj
2026-03-13 04:13:33,022 - INFO - Warning 2103, reqId -1: Market data farm connection is broken:usfarm
2026-03-13 04:13:34,281 - INFO - Warning 2104, reqId -1: Market data farm connection is OK:usfarm
2026-03-13 04:21:41,606 - ERROR - Error 1100, reqId -1: Connectivity between IBKR and Trader Workstation has been lost.
2026-03-13 04:21:42,237 - ERROR - Error 1100, reqId -1: Connectivity between IBKR and Trader Workstation has been lost.
2026-03-13 04:21:47,419 - ERROR - Error 1100, reqId -1: Connectivity between IBKR and Trader Workstation has been lost.
2026-03-13 04:21:54,491 - ERROR - Error 1100, reqId -1: Connectivity between IBKR and Trader Workstation has been lost.
2026-03-13 04:21:56,318 - ERROR - Error 1100, reqId -1: Connectivity between IBKR and Trader Workstation has been lost.
2026-03-13 04:22:02,122 - ERROR - Error 1100, reqId -1: Connectivity between IBKR and Trader Workstation has been lost.
2026-03-13 04:22:11,320 - ERROR - Error 1100, reqId -1: Connectivity between IBKR and Trader Workstation has been lost.
2026-03-13 04:22:23,579 - ERROR - Error 1100, reqId -1: Connectivity between IBKR and Trader Workstation has been lost.
2026-03-13 04:22:37,884 - ERROR - Error 1100, reqId -1: Connectivity between IBKR and Trader Workstation has been lost.
2026-03-13 04:22:58,041 - ERROR - Error 1100, reqId -1: Connectivity between IBKR and Trader Workstation has been lost.
2026-03-13 04:23:20,168 - INFO - position: Position(account='DUM847254', contract=Forex('EURUSD', conId=12087792, localSymbol='EUR.USD', tradingClass='EUR.USD'), position=0.0, avgCost=0.0)
2026-03-13 04:23:20,569 - INFO - Warning 2106, reqId -1: HMDS data farm connection is OK:ushmds
2026-03-13 04:23:21,471 - ERROR - Error 1102, reqId -1: Connectivity between IBKR and Trader Workstation has been restored - data maintained. All data farms are connected: usfarm; ushmds; secdefnj.
2026-03-13 04:23:21,471 - WARNING - Connectivity restored (Error 1102). Scheduling position reconciliation.
2026-03-13 04:23:21,567 - ERROR - Error handling fields: ['10', '10293', 'EUR', 'CASH', '', '0', '', 'IDEALPRO', 'USD', 'EUR.USD', 'EUR.USD', 'EUR.USD', '12087792', '0.00005', '', 'ACTIVETIM,AD,ADJUST,ALERT,ALGO,ALLOC,AVGCOST,BASKET,BENCHPX,CASHQTY,COND,CONDORDER,DAY,DEACT,DEACTDIS,DEACTEOD,GAT,GTC,GTD,GTT,HID,IOC,LIT,LMT,MIT,MKT,NONALGO,OCA,REL,RELPCTOFS,SCALE,SCALERST,STP,STPLMT,TRAIL,TRAILLIT,TRAILLMT,TRAILMIT,WHATIF', 'IDEALPRO', '1', '0', 'European Monetary Union Euro', '', '', '', '', '', 'US/Eastern', '20260312:1715-20260313:1700;20260314:CLOSED;20260315:1715-20260316:1700;20260316:1715-20260317:1700;20260317:1715-20260318:1700;20260318:1715-20260319:1700', '20260312:1715-20260313:1700;20260314:CLOSED;20260315:1715-20260316:1700;20260316:1715-20260317:1700;20260317:1715-20260318:1700;20260318:1715-20260319:1700', '', '', '0', '4', '', '', '3188', '', '', '0.01', '0.01', '0.01']
Traceback (most recent call last):
  File "/usr/local/lib/python3.11/site-packages/ib_async/decoder.py", line 181, in interpret
    handler(fields)
  File "/usr/local/lib/python3.11/site-packages/ib_async/decoder.py", line 344, in contractDetails
    self.wrapper.contractDetails(int(reqId), cd)
  File "/usr/local/lib/python3.11/site-packages/ib_async/wrapper.py", line 874, in contractDetails
    self._results[reqId].append(contractDetails)
    ~~~~~~~~~~~~~^^^^^^^
KeyError: 10293
2026-03-13 04:23:46,739 - INFO - Running scheduled reconciliation after connectivity restore...
2026-03-13 04:23:46,740 - INFO - Reconciling position state with IB...
2026-03-13 04:23:46,740 - INFO - Position confirmed: FLAT (no open positions)
2026-03-13 04:23:46,740 - INFO - Reconciliation complete. Current state: FLAT
2026-03-13 04:29:20,586 - INFO - Warning 2107, reqId -1: HMDS data farm connection is inactive but should be available upon demand.ushmds
2026-03-13 05:45:50,349 - INFO - Maintenance window ended — reloading warmup bars before resuming.
2026-03-13 05:45:50,349 - INFO - Loading 80 historical 5min bars for warmup...
2026-03-13 05:45:53,856 - INFO - Warning 2106, reqId -1: HMDS data farm connection is OK:cashhmds
2026-03-13 05:45:54,303 - INFO - Warmup complete: loaded 81 bars (need 80 for signals)
2026-03-13 05:49:55,728 - INFO - Waiting for new bar... (last: 2026-03-13 01:45:00-04:00, price: 1.15036)
2026-03-13 05:50:55,994 - INFO - New bar: 2026-03-13 01:50:00-04:00 | O=1.15040 H=1.15040 L=1.15034 C=1.15035
2026-03-13 05:54:57,182 - INFO - Waiting for new bar... (last: 2026-03-13 01:50:00-04:00, price: 1.15020)
2026-03-13 05:55:57,458 - INFO - New bar: 2026-03-13 01:55:00-04:00 | O=1.15019 H=1.15019 L=1.15007 C=1.15011
2026-03-13 05:59:58,574 - INFO - Waiting for new bar... (last: 2026-03-13 01:55:00-04:00, price: 1.15009)
2026-03-13 06:00:58,782 - INFO - New bar: 2026-03-13 02:00:00-04:00 | O=1.15009 H=1.15031 L=1.15007 C=1.15030
2026-03-13 06:04:59,774 - INFO - Waiting for new bar... (last: 2026-03-13 02:00:00-04:00, price: 1.15010)
2026-03-13 06:06:00,032 - INFO - New bar: 2026-03-13 02:05:00-04:00 | O=1.15010 H=1.15019 L=1.15010 C=1.15011
2026-03-13 06:10:01,116 - INFO - Waiting for new bar... (last: 2026-03-13 02:05:00-04:00, price: 1.15024)
2026-03-13 06:11:01,383 - INFO - New bar: 2026-03-13 02:10:00-04:00 | O=1.15024 H=1.15026 L=1.15015 C=1.15016
2026-03-13 06:15:02,394 - INFO - Waiting for new bar... (last: 2026-03-13 02:10:00-04:00, price: 1.15003)
2026-03-13 06:16:02,622 - INFO - New bar: 2026-03-13 02:15:00-04:00 | O=1.15003 H=1.15003 L=1.14997 C=1.14999
2026-03-13 06:20:03,651 - INFO - Waiting for new bar... (last: 2026-03-13 02:15:00-04:00, price: 1.14980)
2026-03-13 06:21:03,925 - INFO - New bar: 2026-03-13 02:20:00-04:00 | O=1.14980 H=1.14989 L=1.14979 C=1.14984
2026-03-13 06:25:04,949 - INFO - Waiting for new bar... (last: 2026-03-13 02:20:00-04:00, price: 1.14989)
2026-03-13 06:26:05,216 - INFO - New bar: 2026-03-13 02:25:00-04:00 | O=1.14989 H=1.14991 L=1.14979 C=1.14980
2026-03-13 06:30:06,365 - INFO - New bar: 2026-03-13 02:30:00-04:00 | O=1.14973 H=1.14973 L=1.14969 C=1.14971
2026-03-13 06:30:06,366 - INFO - Status: Price=1.14971, Position=FLAT, Bars=90, P&L=EUR 94.71, Remaining=16.4h
2026-03-13 06:35:07,634 - INFO - New bar: 2026-03-13 02:35:00-04:00 | O=1.14935 H=1.14935 L=1.14935 C=1.14935
2026-03-13 06:40:08,898 - INFO - New bar: 2026-03-13 02:40:00-04:00 | O=1.14936 H=1.14936 L=1.14936 C=1.14936
2026-03-13 06:40:08,899 - INFO - Status: Price=1.14936, Position=FLAT, Bars=92, P&L=EUR 94.71, Remaining=16.2h
2026-03-13 06:45:10,089 - INFO - New bar: 2026-03-13 02:45:00-04:00 | O=1.14936 H=1.14940 L=1.14936 C=1.14939
2026-03-13 06:50:11,263 - INFO - New bar: 2026-03-13 02:50:00-04:00 | O=1.14900 H=1.14900 L=1.14887 C=1.14887
2026-03-13 06:50:11,265 - INFO - Status: Price=1.14887, Position=FLAT, Bars=94, P&L=EUR 94.71, Remaining=16.1h
2026-03-13 06:55:12,449 - INFO - New bar: 2026-03-13 02:55:00-04:00 | O=1.14886 H=1.14887 L=1.14884 C=1.14887
2026-03-13 07:00:13,724 - INFO - New bar: 2026-03-13 03:00:00-04:00 | O=1.14830 H=1.14831 L=1.14799 C=1.14802
2026-03-13 07:00:13,726 - INFO - Status: Price=1.14802, Position=FLAT, Bars=96, P&L=EUR 94.71, Remaining=15.9h
2026-03-13 07:05:14,902 - INFO - New bar: 2026-03-13 03:05:00-04:00 | O=1.14792 H=1.14797 L=1.14790 C=1.14790
2026-03-13 07:10:16,360 - INFO - New bar: 2026-03-13 03:10:00-04:00 | O=1.14768 H=1.14769 L=1.14765 C=1.14768
2026-03-13 07:10:16,361 - INFO - Status: Price=1.14768, Position=FLAT, Bars=98, P&L=EUR 94.71, Remaining=15.7h
2026-03-13 07:15:17,584 - INFO - New bar: 2026-03-13 03:15:00-04:00 | O=1.14745 H=1.14748 L=1.14738 C=1.14748
2026-03-13 07:20:18,765 - INFO - New bar: 2026-03-13 03:20:00-04:00 | O=1.14732 H=1.14733 L=1.14725 C=1.14726
2026-03-13 07:20:18,766 - INFO - Status: Price=1.14726, Position=FLAT, Bars=100, P&L=EUR 94.71, Remaining=15.6h
2026-03-13 07:25:19,993 - INFO - New bar: 2026-03-13 03:25:00-04:00 | O=1.14688 H=1.14690 L=1.14676 C=1.14678
2026-03-13 07:30:21,159 - INFO - New bar: 2026-03-13 03:30:00-04:00 | O=1.14720 H=1.14720 L=1.14715 C=1.14719
2026-03-13 07:30:21,161 - INFO - Status: Price=1.14719, Position=FLAT, Bars=102, P&L=EUR 94.71, Remaining=15.4h
2026-03-13 07:35:22,328 - INFO - New bar: 2026-03-13 03:35:00-04:00 | O=1.14721 H=1.14729 L=1.14721 C=1.14729
2026-03-13 07:40:23,537 - INFO - New bar: 2026-03-13 03:40:00-04:00 | O=1.14715 H=1.14720 L=1.14711 C=1.14717
2026-03-13 07:40:23,538 - INFO - Status: Price=1.14717, Position=FLAT, Bars=104, P&L=EUR 94.71, Remaining=15.2h
2026-03-13 07:45:24,742 - INFO - New bar: 2026-03-13 03:45:00-04:00 | O=1.14673 H=1.14677 L=1.14671 C=1.14674
2026-03-13 07:50:25,893 - INFO - New bar: 2026-03-13 03:50:00-04:00 | O=1.14559 H=1.14576 L=1.14556 C=1.14570
2026-03-13 07:50:25,894 - INFO - Status: Price=1.14570, Position=FLAT, Bars=106, P&L=EUR 94.71, Remaining=15.1h
2026-03-13 07:55:27,148 - INFO - New bar: 2026-03-13 03:55:00-04:00 | O=1.14558 H=1.14564 L=1.14552 C=1.14564
2026-03-13 08:00:28,328 - INFO - New bar: 2026-03-13 04:00:00-04:00 | O=1.14579 H=1.14593 L=1.14542 C=1.14542
2026-03-13 08:00:28,330 - INFO - Status: Price=1.14542, Position=FLAT, Bars=108, P&L=EUR 94.71, Remaining=14.9h
2026-03-13 08:05:29,543 - INFO - New bar: 2026-03-13 04:05:00-04:00 | O=1.14508 H=1.14522 L=1.14505 C=1.14519
2026-03-13 08:10:30,771 - INFO - New bar: 2026-03-13 04:10:00-04:00 | O=1.14442 H=1.14445 L=1.14433 C=1.14440
2026-03-13 08:10:30,772 - INFO - Status: Price=1.14440, Position=FLAT, Bars=110, P&L=EUR 94.71, Remaining=14.7h
2026-03-13 08:15:31,919 - INFO - New bar: 2026-03-13 04:15:00-04:00 | O=1.14399 H=1.14399 L=1.14386 C=1.14390
2026-03-13 08:20:33,073 - INFO - New bar: 2026-03-13 04:20:00-04:00 | O=1.14348 H=1.14353 L=1.14343 C=1.14346
2026-03-13 08:20:33,074 - INFO - Status: Price=1.14346, Position=FLAT, Bars=112, P&L=EUR 94.71, Remaining=14.6h
2026-03-13 08:25:34,265 - INFO - New bar: 2026-03-13 04:25:00-04:00 | O=1.14379 H=1.14382 L=1.14367 C=1.14376
2026-03-13 08:30:35,406 - INFO - New bar: 2026-03-13 04:30:00-04:00 | O=1.14376 H=1.14407 L=1.14372 C=1.14403
2026-03-13 08:30:35,408 - INFO - Status: Price=1.14403, Position=FLAT, Bars=114, P&L=EUR 94.71, Remaining=14.4h
2026-03-13 08:35:36,698 - INFO - New bar: 2026-03-13 04:35:00-04:00 | O=1.14480 H=1.14480 L=1.14464 C=1.14474
2026-03-13 08:40:37,804 - INFO - New bar: 2026-03-13 04:40:00-04:00 | O=1.14490 H=1.14492 L=1.14480 C=1.14488
2026-03-13 08:40:37,806 - INFO - Status: Price=1.14488, Position=FLAT, Bars=116, P&L=EUR 94.71, Remaining=14.2h
2026-03-13 08:45:38,983 - INFO - New bar: 2026-03-13 04:45:00-04:00 | O=1.14440 H=1.14444 L=1.14435 C=1.14440
2026-03-13 08:50:40,156 - INFO - New bar: 2026-03-13 04:50:00-04:00 | O=1.14441 H=1.14450 L=1.14436 C=1.14444
2026-03-13 08:50:40,157 - INFO - Status: Price=1.14444, Position=FLAT, Bars=118, P&L=EUR 94.71, Remaining=14.1h
2026-03-13 08:55:41,394 - INFO - New bar: 2026-03-13 04:55:00-04:00 | O=1.14418 H=1.14419 L=1.14409 C=1.14416
2026-03-13 09:00:42,555 - INFO - New bar: 2026-03-13 05:00:00-04:00 | O=1.14453 H=1.14490 L=1.14453 C=1.14487
2026-03-13 09:00:42,556 - INFO - Status: Price=1.14487, Position=FLAT, Bars=120, P&L=EUR 94.71, Remaining=13.9h
2026-03-13 09:05:43,649 - INFO - New bar: 2026-03-13 05:05:00-04:00 | O=1.14549 H=1.14572 L=1.14549 C=1.14567
2026-03-13 09:10:44,843 - INFO - New bar: 2026-03-13 05:10:00-04:00 | O=1.14562 H=1.14566 L=1.14541 C=1.14542
2026-03-13 09:10:44,845 - INFO - Status: Price=1.14542, Position=FLAT, Bars=120, P&L=EUR 94.71, Remaining=13.7h
2026-03-13 09:15:45,992 - INFO - New bar: 2026-03-13 05:15:00-04:00 | O=1.14585 H=1.14589 L=1.14569 C=1.14572
2026-03-13 09:20:47,254 - INFO - New bar: 2026-03-13 05:20:00-04:00 | O=1.14560 H=1.14579 L=1.14559 C=1.14576
2026-03-13 09:20:47,256 - INFO - Status: Price=1.14576, Position=FLAT, Bars=120, P&L=EUR 94.71, Remaining=13.6h
2026-03-13 09:25:48,433 - INFO - New bar: 2026-03-13 05:25:00-04:00 | O=1.14533 H=1.14557 L=1.14533 C=1.14540
2026-03-13 09:30:49,580 - INFO - New bar: 2026-03-13 05:30:00-04:00 | O=1.14590 H=1.14603 L=1.14588 C=1.14600
2026-03-13 09:30:49,581 - INFO - Status: Price=1.14600, Position=FLAT, Bars=120, P&L=EUR 94.71, Remaining=13.4h
2026-03-13 09:35:50,671 - INFO - New bar: 2026-03-13 05:35:00-04:00 | O=1.14611 H=1.14618 L=1.14599 C=1.14611
2026-03-13 09:40:51,914 - INFO - New bar: 2026-03-13 05:40:00-04:00 | O=1.14571 H=1.14573 L=1.14547 C=1.14547
2026-03-13 09:40:51,917 - INFO - Status: Price=1.14547, Position=FLAT, Bars=120, P&L=EUR 94.71, Remaining=13.2h
2026-03-13 09:45:53,115 - INFO - New bar: 2026-03-13 05:45:00-04:00 | O=1.14518 H=1.14522 L=1.14509 C=1.14512
2026-03-13 09:50:54,304 - INFO - New bar: 2026-03-13 05:50:00-04:00 | O=1.14524 H=1.14535 L=1.14521 C=1.14524
2026-03-13 09:50:54,306 - INFO - Status: Price=1.14524, Position=FLAT, Bars=120, P&L=EUR 94.71, Remaining=13.1h
2026-03-13 09:55:55,456 - INFO - New bar: 2026-03-13 05:55:00-04:00 | O=1.14549 H=1.14552 L=1.14532 C=1.14533
2026-03-13 10:00:56,651 - INFO - New bar: 2026-03-13 06:00:00-04:00 | O=1.14532 H=1.14562 L=1.14531 C=1.14561
2026-03-13 10:00:56,653 - INFO - Status: Price=1.14561, Position=FLAT, Bars=120, P&L=EUR 94.71, Remaining=12.9h
2026-03-13 10:05:57,994 - INFO - New bar: 2026-03-13 06:05:00-04:00 | O=1.14610 H=1.14624 L=1.14603 C=1.14623
2026-03-13 10:10:59,122 - INFO - New bar: 2026-03-13 06:10:00-04:00 | O=1.14636 H=1.14648 L=1.14634 C=1.14647
2026-03-13 10:10:59,123 - INFO - Status: Price=1.14647, Position=FLAT, Bars=120, P&L=EUR 94.71, Remaining=12.7h
2026-03-13 10:16:00,235 - INFO - New bar: 2026-03-13 06:15:00-04:00 | O=1.14620 H=1.14624 L=1.14617 C=1.14620
2026-03-13 10:21:01,336 - INFO - New bar: 2026-03-13 06:20:00-04:00 | O=1.14582 H=1.14590 L=1.14568 C=1.14568
2026-03-13 10:21:01,338 - INFO - Status: Price=1.14568, Position=FLAT, Bars=120, P&L=EUR 94.71, Remaining=12.6h
2026-03-13 10:26:02,530 - INFO - New bar: 2026-03-13 06:25:00-04:00 | O=1.14577 H=1.14577 L=1.14553 C=1.14554
2026-03-13 10:31:03,757 - INFO - New bar: 2026-03-13 06:30:00-04:00 | O=1.14553 H=1.14553 L=1.14543 C=1.14550
2026-03-13 10:31:03,759 - INFO - Status: Price=1.14550, Position=FLAT, Bars=120, P&L=EUR 94.71, Remaining=12.4h
2026-03-13 10:36:04,998 - INFO - New bar: 2026-03-13 06:35:00-04:00 | O=1.14575 H=1.14592 L=1.14573 C=1.14583
2026-03-13 10:40:05,870 - INFO - New bar: 2026-03-13 06:40:00-04:00 | O=1.14566 H=1.14566 L=1.14564 C=1.14566
2026-03-13 10:41:06,120 - INFO - Waiting for new bar... (last: 2026-03-13 06:40:00-04:00, price: 1.14563)
2026-03-13 10:45:07,065 - INFO - New bar: 2026-03-13 06:45:00-04:00 | O=1.14590 H=1.14590 L=1.14590 C=1.14590
2026-03-13 10:46:07,260 - INFO - Waiting for new bar... (last: 2026-03-13 06:45:00-04:00, price: 1.14565)
2026-03-13 10:50:08,311 - INFO - New bar: 2026-03-13 06:50:00-04:00 | O=1.14668 H=1.14672 L=1.14664 C=1.14666
2026-03-13 10:51:08,534 - INFO - Waiting for new bar... (last: 2026-03-13 06:50:00-04:00, price: 1.14703)
2026-03-13 10:55:09,408 - INFO - New bar: 2026-03-13 06:55:00-04:00 | O=1.14611 H=1.14612 L=1.14611 C=1.14611
2026-03-13 10:56:09,681 - INFO - Waiting for new bar... (last: 2026-03-13 06:55:00-04:00, price: 1.14612)
2026-03-13 11:00:10,640 - INFO - New bar: 2026-03-13 07:00:00-04:00 | O=1.14585 H=1.14593 L=1.14580 C=1.14593
2026-03-13 11:01:10,857 - INFO - Waiting for new bar... (last: 2026-03-13 07:00:00-04:00, price: 1.14636)
2026-03-13 11:05:11,872 - INFO - New bar: 2026-03-13 07:05:00-04:00 | O=1.14658 H=1.14658 L=1.14648 C=1.14651
2026-03-13 11:06:12,135 - INFO - Waiting for new bar... (last: 2026-03-13 07:05:00-04:00, price: 1.14664)
2026-03-13 11:10:13,034 - INFO - New bar: 2026-03-13 07:10:00-04:00 | O=1.14606 H=1.14606 L=1.14600 C=1.14606
2026-03-13 11:11:13,260 - INFO - Waiting for new bar... (last: 2026-03-13 07:10:00-04:00, price: 1.14586)
2026-03-13 11:15:14,169 - INFO - New bar: 2026-03-13 07:15:00-04:00 | O=1.14561 H=1.14576 L=1.14560 C=1.14571
2026-03-13 11:16:14,387 - INFO - Waiting for new bar... (last: 2026-03-13 07:15:00-04:00, price: 1.14565)
2026-03-13 11:20:15,293 - INFO - New bar: 2026-03-13 07:20:00-04:00 | O=1.14653 H=1.14657 L=1.14653 C=1.14655
2026-03-13 11:21:15,533 - INFO - Waiting for new bar... (last: 2026-03-13 07:20:00-04:00, price: 1.14647)
2026-03-13 11:25:16,448 - INFO - New bar: 2026-03-13 07:25:00-04:00 | O=1.14647 H=1.14651 L=1.14644 C=1.14646
2026-03-13 11:26:16,702 - INFO - Waiting for new bar... (last: 2026-03-13 07:25:00-04:00, price: 1.14680)
2026-03-13 11:30:17,639 - INFO - New bar: 2026-03-13 07:30:00-04:00 | O=1.14661 H=1.14662 L=1.14659 C=1.14661
2026-03-13 11:31:17,846 - INFO - Waiting for new bar... (last: 2026-03-13 07:30:00-04:00, price: 1.14656)
2026-03-13 11:35:18,822 - INFO - New bar: 2026-03-13 07:35:00-04:00 | O=1.14647 H=1.14648 L=1.14628 C=1.14641
2026-03-13 11:36:19,062 - INFO - Waiting for new bar... (last: 2026-03-13 07:35:00-04:00, price: 1.14640)
2026-03-13 11:40:19,964 - INFO - New bar: 2026-03-13 07:40:00-04:00 | O=1.14603 H=1.14603 L=1.14592 C=1.14594
2026-03-13 11:41:20,220 - INFO - Waiting for new bar... (last: 2026-03-13 07:40:00-04:00, price: 1.14600)
2026-03-13 11:45:21,233 - INFO - New bar: 2026-03-13 07:45:00-04:00 | O=1.14654 H=1.14668 L=1.14654 C=1.14664
2026-03-13 11:46:21,462 - INFO - Waiting for new bar... (last: 2026-03-13 07:45:00-04:00, price: 1.14680)
2026-03-13 11:50:22,437 - INFO - New bar: 2026-03-13 07:50:00-04:00 | O=1.14672 H=1.14672 L=1.14665 C=1.14667
2026-03-13 11:51:22,691 - INFO - Waiting for new bar... (last: 2026-03-13 07:50:00-04:00, price: 1.14663)
2026-03-13 11:55:23,612 - INFO - New bar: 2026-03-13 07:55:00-04:00 | O=1.14663 H=1.14672 L=1.14662 C=1.14668
2026-03-13 11:56:23,887 - INFO - Waiting for new bar... (last: 2026-03-13 07:55:00-04:00, price: 1.14681)
2026-03-13 12:00:24,906 - INFO - New bar: 2026-03-13 08:00:00-04:00 | O=1.14685 H=1.14688 L=1.14672 C=1.14682
2026-03-13 12:00:24,910 - INFO - BUY Signal: SMA 1.14638 crossed above 1.14633, RSI 57.4, Momentum 0.000760
2026-03-13 12:00:24,914 - INFO - Checking EUR balance...
2026-03-13 12:00:24,915 - INFO - EUR balance: 953,273.09 EUR
2026-03-13 12:00:24,915 - INFO - Required minimum: 20,000.00 EUR
2026-03-13 12:00:24,915 - INFO - Status: Sufficient
2026-03-13 12:00:24,916 - INFO - placeOrder: New order Trade(contract=Forex('EURUSD', conId=12087792, exchange='IDEALPRO', localSymbol='EUR.USD', tradingClass='EUR.USD'), order=MarketOrder(orderId=10670, clientId=753, action='BUY', totalQuantity=20000, tif='GTC'), orderStatus=OrderStatus(orderId=10670, status='PendingSubmit', filled=0.0, remaining=0.0, avgFillPrice=0.0, permId=0, parentId=0, lastFillPrice=0.0, clientId=0, whyHeld='', mktCapPrice=0.0), fills=[], log=[TradeLogEntry(time=datetime.datetime(2026, 3, 13, 12, 0, 24, 916060, tzinfo=datetime.timezone.utc), status='PendingSubmit', message='', errorCode=0)], advancedError='')
2026-03-13 12:00:25,817 - INFO - orderStatus: Trade(contract=Forex('EURUSD', conId=12087792, exchange='IDEALPRO', localSymbol='EUR.USD', tradingClass='EUR.USD'), order=MarketOrder(orderId=10670, clientId=753, permId=390901734, action='BUY', totalQuantity=20000.0, lmtPrice=0.0, auxPrice=0.0, tif='GTC'), orderStatus=OrderStatus(orderId=10670, status='Submitted', filled=0.0, remaining=20000.0, avgFillPrice=0.0, permId=390901734, parentId=0, lastFillPrice=0.0, clientId=753, whyHeld='', mktCapPrice=0.0), fills=[], log=[TradeLogEntry(time=datetime.datetime(2026, 3, 13, 12, 0, 24, 916060, tzinfo=datetime.timezone.utc), status='PendingSubmit', message='', errorCode=0), TradeLogEntry(time=datetime.datetime(2026, 3, 13, 12, 0, 25, 817117, tzinfo=datetime.timezone.utc), status='Submitted', message='', errorCode=0)], advancedError='')
2026-03-13 12:00:25,860 - INFO - position: Position(account='DUM847254', contract=Forex('EURUSD', conId=12087792, localSymbol='EUR.USD', tradingClass='EUR.USD'), position=20000.0, avgCost=1.14683)
2026-03-13 12:00:25,904 - INFO - execDetails Execution(execId='0000e215.69b34a7e.01.01', time=datetime.datetime(2026, 3, 13, 12, 0, 25, tzinfo=datetime.timezone.utc), acctNumber='DUM847254', exchange='IDEALPRO', side='BOT', shares=20000.0, price=1.14683, permId=390901734, clientId=753, orderId=10670, liquidation=0, cumQty=20000.0, avgPrice=1.14683, orderRef='', evRule='', evMultiplier=0.0, modelCode='', lastLiquidity=2, pendingPriceRevision=False)
2026-03-13 12:00:25,904 - INFO - execDetails: Fill(contract=Forex('EURUSD', conId=12087792, exchange='IDEALPRO', localSymbol='EUR.USD', tradingClass='EUR.USD'), execution=Execution(execId='0000e215.69b34a7e.01.01', time=datetime.datetime(2026, 3, 13, 12, 0, 25, tzinfo=datetime.timezone.utc), acctNumber='DUM847254', exchange='IDEALPRO', side='BOT', shares=20000.0, price=1.14683, permId=390901734, clientId=753, orderId=10670, liquidation=0, cumQty=20000.0, avgPrice=1.14683, orderRef='', evRule='', evMultiplier=0.0, modelCode='', lastLiquidity=2, pendingPriceRevision=False), commissionReport=CommissionReport(execId='', commission=0.0, currency='', realizedPNL=0.0, yield_=0.0, yieldRedemptionDate=0), time=datetime.datetime(2026, 3, 13, 12, 0, 25, 903897, tzinfo=datetime.timezone.utc))
2026-03-13 12:00:25,924 - INFO - orderStatus: Trade(contract=Forex('EURUSD', conId=12087792, exchange='IDEALPRO', localSymbol='EUR.USD', tradingClass='EUR.USD'), order=MarketOrder(orderId=10670, clientId=753, permId=390901734, action='BUY', totalQuantity=20000.0, lmtPrice=0.0, auxPrice=0.0, tif='GTC'), orderStatus=OrderStatus(orderId=10670, status='Filled', filled=20000.0, remaining=0.0, avgFillPrice=1.14683, permId=390901734, parentId=0, lastFillPrice=1.14683, clientId=753, whyHeld='', mktCapPrice=0.0), fills=[Fill(contract=Forex('EURUSD', conId=12087792, exchange='IDEALPRO', localSymbol='EUR.USD', tradingClass='EUR.USD'), execution=Execution(execId='0000e215.69b34a7e.01.01', time=datetime.datetime(2026, 3, 13, 12, 0, 25, tzinfo=datetime.timezone.utc), acctNumber='DUM847254', exchange='IDEALPRO', side='BOT', shares=20000.0, price=1.14683, permId=390901734, clientId=753, orderId=10670, liquidation=0, cumQty=20000.0, avgPrice=1.14683, orderRef='', evRule='', evMultiplier=0.0, modelCode='', lastLiquidity=2, pendingPriceRevision=False), commissionReport=CommissionReport(execId='', commission=0.0, currency='', realizedPNL=0.0, yield_=0.0, yieldRedemptionDate=0), time=datetime.datetime(2026, 3, 13, 12, 0, 25, 903897, tzinfo=datetime.timezone.utc))], log=[TradeLogEntry(time=datetime.datetime(2026, 3, 13, 12, 0, 24, 916060, tzinfo=datetime.timezone.utc), status='PendingSubmit', message='', errorCode=0), TradeLogEntry(time=datetime.datetime(2026, 3, 13, 12, 0, 25, 817117, tzinfo=datetime.timezone.utc), status='Submitted', message='', errorCode=0), TradeLogEntry(time=datetime.datetime(2026, 3, 13, 12, 0, 25, 903897, tzinfo=datetime.timezone.utc), status='Submitted', message='Fill 20000.0@1.14683', errorCode=0), TradeLogEntry(time=datetime.datetime(2026, 3, 13, 12, 0, 25, 923777, tzinfo=datetime.timezone.utc), status='Filled', message='', errorCode=0)], advancedError='')
2026-03-13 12:00:25,936 - INFO - commissionReport: CommissionReport(execId='0000e215.69b34a7e.01.01', commission=1.73744, currency='EUR', realizedPNL=0.0, yield_=0.0, yieldRedemptionDate=0)
2026-03-13 12:00:25,943 - INFO - position: Position(account='DUM847254', contract=Forex('EURUSD', conId=12087792, localSymbol='EUR.USD', tradingClass='EUR.USD'), position=20000.0, avgCost=1.1469295459630613)
2026-03-13 12:00:26,421 - INFO - OPENED: BUY 20,000 EUR @ 1.14683 (slippage: 0.1 pips)
2026-03-13 12:00:26,421 - INFO - Entry price recorded: 1.14683
2026-03-13 12:01:26,671 - INFO - Waiting for new bar... (last: 2026-03-13 08:00:00-04:00, price: 1.14672)
2026-03-13 12:05:27,759 - INFO - New bar: 2026-03-13 08:05:00-04:00 | O=1.14705 H=1.14720 L=1.14705 C=1.14716
2026-03-13 12:06:28,065 - INFO - Waiting for new bar... (last: 2026-03-13 08:05:00-04:00, price: 1.14702)
2026-03-13 12:10:29,021 - INFO - New bar: 2026-03-13 08:10:00-04:00 | O=1.14646 H=1.14654 L=1.14644 C=1.14651
2026-03-13 12:11:29,275 - INFO - Waiting for new bar... (last: 2026-03-13 08:10:00-04:00, price: 1.14640)
2026-03-13 12:15:30,239 - INFO - New bar: 2026-03-13 08:15:00-04:00 | O=1.14633 H=1.14637 L=1.14624 C=1.14637
2026-03-13 12:16:30,488 - INFO - Waiting for new bar... (last: 2026-03-13 08:15:00-04:00, price: 1.14626)
2026-03-13 12:20:31,388 - INFO - New bar: 2026-03-13 08:20:00-04:00 | O=1.14649 H=1.14649 L=1.14611 C=1.14620
2026-03-13 12:21:31,607 - INFO - Waiting for new bar... (last: 2026-03-13 08:20:00-04:00, price: 1.14620)
2026-03-13 12:25:32,506 - INFO - New bar: 2026-03-13 08:25:00-04:00 | O=1.14651 H=1.14670 L=1.14651 C=1.14661
2026-03-13 12:26:32,765 - INFO - Waiting for new bar... (last: 2026-03-13 08:25:00-04:00, price: 1.14687)
2026-03-13 12:30:33,752 - INFO - New bar: 2026-03-13 08:30:00-04:00 | O=1.14698 H=1.14718 L=1.14653 C=1.14704
2026-03-13 12:31:34,111 - INFO - Waiting for new bar... (last: 2026-03-13 08:30:00-04:00, price: 1.14735)
2026-03-13 12:35:35,073 - INFO - New bar: 2026-03-13 08:35:00-04:00 | O=1.14705 H=1.14726 L=1.14700 C=1.14718
2026-03-13 12:36:35,273 - INFO - Waiting for new bar... (last: 2026-03-13 08:35:00-04:00, price: 1.14712)
2026-03-13 12:40:36,215 - INFO - New bar: 2026-03-13 08:40:00-04:00 | O=1.14739 H=1.14745 L=1.14712 C=1.14714
2026-03-13 12:41:36,449 - INFO - Waiting for new bar... (last: 2026-03-13 08:40:00-04:00, price: 1.14718)
2026-03-13 12:45:37,333 - INFO - New bar: 2026-03-13 08:45:00-04:00 | O=1.14742 H=1.14836 L=1.14739 C=1.14836
2026-03-13 12:46:37,578 - INFO - Waiting for new bar... (last: 2026-03-13 08:45:00-04:00, price: 1.14863)
2026-03-13 12:50:38,475 - INFO - New bar: 2026-03-13 08:50:00-04:00 | O=1.14840 H=1.14843 L=1.14819 C=1.14824
2026-03-13 12:51:38,674 - INFO - Waiting for new bar... (last: 2026-03-13 08:50:00-04:00, price: 1.14815)
2026-03-13 12:55:39,643 - INFO - New bar: 2026-03-13 08:55:00-04:00 | O=1.14809 H=1.14821 L=1.14796 C=1.14821
2026-03-13 12:56:39,900 - INFO - Waiting for new bar... (last: 2026-03-13 08:55:00-04:00, price: 1.14818)
2026-03-13 13:00:40,792 - INFO - New bar: 2026-03-13 09:00:00-04:00 | O=1.14779 H=1.14806 L=1.14779 C=1.14804
2026-03-13 13:01:41,035 - INFO - Waiting for new bar... (last: 2026-03-13 09:00:00-04:00, price: 1.14831)
2026-03-13 13:05:41,937 - INFO - New bar: 2026-03-13 09:05:00-04:00 | O=1.14776 H=1.14776 L=1.14753 C=1.14764
2026-03-13 13:06:42,152 - INFO - Waiting for new bar... (last: 2026-03-13 09:05:00-04:00, price: 1.14783)
2026-03-13 13:10:43,125 - INFO - New bar: 2026-03-13 09:10:00-04:00 | O=1.14762 H=1.14762 L=1.14738 C=1.14748
2026-03-13 13:11:43,379 - INFO - Waiting for new bar... (last: 2026-03-13 09:10:00-04:00, price: 1.14765)
2026-03-13 13:15:44,226 - INFO - New bar: 2026-03-13 09:15:00-04:00 | O=1.14820 H=1.14822 L=1.14793 C=1.14796
2026-03-13 13:16:44,475 - INFO - Waiting for new bar... (last: 2026-03-13 09:15:00-04:00, price: 1.14772)
2026-03-13 13:20:45,396 - INFO - New bar: 2026-03-13 09:20:00-04:00 | O=1.14776 H=1.14781 L=1.14766 C=1.14772
2026-03-13 13:21:45,614 - INFO - Waiting for new bar... (last: 2026-03-13 09:20:00-04:00, price: 1.14746)
2026-03-13 13:25:46,533 - INFO - New bar: 2026-03-13 09:25:00-04:00 | O=1.14761 H=1.14761 L=1.14741 C=1.14742
2026-03-13 13:26:46,790 - INFO - Waiting for new bar... (last: 2026-03-13 09:25:00-04:00, price: 1.14762)
2026-03-13 13:30:47,715 - INFO - New bar: 2026-03-13 09:30:00-04:00 | O=1.14776 H=1.14831 L=1.14773 C=1.14826
2026-03-13 13:31:47,967 - INFO - Waiting for new bar... (last: 2026-03-13 09:30:00-04:00, price: 1.14804)
2026-03-13 13:35:48,900 - INFO - New bar: 2026-03-13 09:35:00-04:00 | O=1.14796 H=1.14798 L=1.14780 C=1.14786
2026-03-13 13:36:49,116 - INFO - Waiting for new bar... (last: 2026-03-13 09:35:00-04:00, price: 1.14798)
2026-03-13 13:40:50,022 - INFO - New bar: 2026-03-13 09:40:00-04:00 | O=1.14877 H=1.14885 L=1.14868 C=1.14868
2026-03-13 13:41:50,274 - INFO - Waiting for new bar... (last: 2026-03-13 09:40:00-04:00, price: 1.14867)
2026-03-13 13:45:51,168 - INFO - New bar: 2026-03-13 09:45:00-04:00 | O=1.14869 H=1.14874 L=1.14858 C=1.14871
2026-03-13 13:46:51,412 - INFO - Waiting for new bar... (last: 2026-03-13 09:45:00-04:00, price: 1.14878)
2026-03-13 13:50:52,335 - INFO - New bar: 2026-03-13 09:50:00-04:00 | O=1.14857 H=1.14857 L=1.14834 C=1.14836
2026-03-13 13:51:52,550 - INFO - Waiting for new bar... (last: 2026-03-13 09:50:00-04:00, price: 1.14814)
2026-03-13 13:55:53,504 - INFO - New bar: 2026-03-13 09:55:00-04:00 | O=1.14870 H=1.14870 L=1.14830 C=1.14840
2026-03-13 13:56:53,711 - INFO - Waiting for new bar... (last: 2026-03-13 09:55:00-04:00, price: 1.14825)
2026-03-13 14:00:54,604 - INFO - New bar: 2026-03-13 10:00:00-04:00 | O=1.14790 H=1.14793 L=1.14760 C=1.14765
2026-03-13 14:01:54,854 - INFO - Waiting for new bar... (last: 2026-03-13 10:00:00-04:00, price: 1.14756)
2026-03-13 14:05:55,864 - INFO - New bar: 2026-03-13 10:05:00-04:00 | O=1.14735 H=1.14749 L=1.14729 C=1.14734
2026-03-13 14:06:56,075 - INFO - Waiting for new bar... (last: 2026-03-13 10:05:00-04:00, price: 1.14753)
2026-03-13 14:10:57,019 - INFO - New bar: 2026-03-13 10:10:00-04:00 | O=1.14772 H=1.14780 L=1.14753 C=1.14756
2026-03-13 14:11:57,258 - INFO - Waiting for new bar... (last: 2026-03-13 10:10:00-04:00, price: 1.14760)
2026-03-13 14:15:58,147 - INFO - New bar: 2026-03-13 10:15:00-04:00 | O=1.14749 H=1.14750 L=1.14708 C=1.14741
2026-03-13 14:16:58,412 - INFO - Waiting for new bar... (last: 2026-03-13 10:15:00-04:00, price: 1.14719)
2026-03-13 14:20:59,354 - INFO - New bar: 2026-03-13 10:20:00-04:00 | O=1.14715 H=1.14768 L=1.14714 C=1.14751
2026-03-13 14:21:59,575 - INFO - Waiting for new bar... (last: 2026-03-13 10:20:00-04:00, price: 1.14751)
2026-03-13 14:26:00,490 - INFO - New bar: 2026-03-13 10:25:00-04:00 | O=1.14760 H=1.14777 L=1.14760 C=1.14770
2026-03-13 14:27:00,729 - INFO - Waiting for new bar... (last: 2026-03-13 10:25:00-04:00, price: 1.14766)
2026-03-13 14:31:01,697 - INFO - New bar: 2026-03-13 10:30:00-04:00 | O=1.14765 H=1.14796 L=1.14756 C=1.14796
2026-03-13 14:32:01,933 - INFO - Waiting for new bar... (last: 2026-03-13 10:30:00-04:00, price: 1.14820)
2026-03-13 14:36:02,884 - INFO - New bar: 2026-03-13 10:35:00-04:00 | O=1.14806 H=1.14806 L=1.14746 C=1.14747
2026-03-13 14:37:03,118 - INFO - Waiting for new bar... (last: 2026-03-13 10:35:00-04:00, price: 1.14746)
2026-03-13 14:41:04,118 - INFO - New bar: 2026-03-13 10:40:00-04:00 | O=1.14735 H=1.14736 L=1.14691 C=1.14701
2026-03-13 14:42:04,338 - INFO - Waiting for new bar... (last: 2026-03-13 10:40:00-04:00, price: 1.14707)
2026-03-13 14:46:05,268 - INFO - New bar: 2026-03-13 10:45:00-04:00 | O=1.14664 H=1.14670 L=1.14655 C=1.14663
2026-03-13 14:47:05,516 - INFO - Waiting for new bar... (last: 2026-03-13 10:45:00-04:00, price: 1.14657)
2026-03-13 14:51:06,457 - INFO - New bar: 2026-03-13 10:50:00-04:00 | O=1.14638 H=1.14650 L=1.14620 C=1.14638
2026-03-13 14:52:06,685 - INFO - Waiting for new bar... (last: 2026-03-13 10:50:00-04:00, price: 1.14624)
2026-03-13 14:55:07,364 - INFO - New bar: 2026-03-13 10:55:00-04:00 | O=1.14618 H=1.14626 L=1.14616 C=1.14624
2026-03-13 14:57:07,882 - INFO - Waiting for new bar... (last: 2026-03-13 10:55:00-04:00, price: 1.14567)
2026-03-13 15:00:08,587 - INFO - New bar: 2026-03-13 11:00:00-04:00 | O=1.14573 H=1.14585 L=1.14572 C=1.14579
2026-03-13 15:02:09,066 - INFO - Waiting for new bar... (last: 2026-03-13 11:00:00-04:00, price: 1.14553)
2026-03-13 15:05:09,740 - INFO - New bar: 2026-03-13 11:05:00-04:00 | O=1.14559 H=1.14573 L=1.14559 C=1.14573
2026-03-13 15:07:10,180 - INFO - Waiting for new bar... (last: 2026-03-13 11:05:00-04:00, price: 1.14536)
2026-03-13 15:10:10,888 - INFO - New bar: 2026-03-13 11:10:00-04:00 | O=1.14556 H=1.14567 L=1.14555 C=1.14567
2026-03-13 15:12:11,511 - INFO - Waiting for new bar... (last: 2026-03-13 11:10:00-04:00, price: 1.14573)
2026-03-13 15:15:12,237 - INFO - New bar: 2026-03-13 11:15:00-04:00 | O=1.14604 H=1.14607 L=1.14603 C=1.14603
2026-03-13 15:17:12,728 - INFO - Waiting for new bar... (last: 2026-03-13 11:15:00-04:00, price: 1.14552)
2026-03-13 15:20:13,463 - INFO - New bar: 2026-03-13 11:20:00-04:00 | O=1.14523 H=1.14545 L=1.14521 C=1.14536
2026-03-13 15:22:13,968 - INFO - Waiting for new bar... (last: 2026-03-13 11:20:00-04:00, price: 1.14547)
2026-03-13 15:25:14,693 - INFO - New bar: 2026-03-13 11:25:00-04:00 | O=1.14485 H=1.14487 L=1.14481 C=1.14484
2026-03-13 15:27:15,300 - INFO - Waiting for new bar... (last: 2026-03-13 11:25:00-04:00, price: 1.14475)
2026-03-13 15:30:16,013 - INFO - New bar: 2026-03-13 11:30:00-04:00 | O=1.14497 H=1.14505 L=1.14489 C=1.14501
2026-03-13 15:32:16,492 - INFO - Waiting for new bar... (last: 2026-03-13 11:30:00-04:00, price: 1.14474)
2026-03-13 15:35:17,217 - INFO - New bar: 2026-03-13 11:35:00-04:00 | O=1.14457 H=1.14465 L=1.14450 C=1.14450
2026-03-13 15:37:17,703 - INFO - Waiting for new bar... (last: 2026-03-13 11:35:00-04:00, price: 1.14412)
2026-03-13 15:40:18,391 - INFO - New bar: 2026-03-13 11:40:00-04:00 | O=1.14424 H=1.14435 L=1.14424 C=1.14431
2026-03-13 15:42:18,866 - INFO - Waiting for new bar... (last: 2026-03-13 11:40:00-04:00, price: 1.14421)
2026-03-13 15:45:19,565 - INFO - New bar: 2026-03-13 11:45:00-04:00 | O=1.14367 H=1.14385 L=1.14367 C=1.14385
2026-03-13 15:47:20,037 - INFO - Waiting for new bar... (last: 2026-03-13 11:45:00-04:00, price: 1.14437)
2026-03-13 15:50:20,731 - INFO - New bar: 2026-03-13 11:50:00-04:00 | O=1.14438 H=1.14448 L=1.14428 C=1.14434
2026-03-13 15:52:21,205 - INFO - Waiting for new bar... (last: 2026-03-13 11:50:00-04:00, price: 1.14392)
2026-03-13 15:55:22,051 - INFO - New bar: 2026-03-13 11:55:00-04:00 | O=1.14420 H=1.14420 L=1.14410 C=1.14416
2026-03-13 15:57:22,532 - INFO - Waiting for new bar... (last: 2026-03-13 11:55:00-04:00, price: 1.14431)
2026-03-13 16:00:23,073 - INFO - Approaching weekend. Stopping.
2026-03-13 16:00:23,073 - INFO - Closing open position before shutdown...
2026-03-13 16:00:23,264 - INFO - placeOrder: New order Trade(contract=Forex('EURUSD', conId=12087792, exchange='IDEALPRO', localSymbol='EUR.USD', tradingClass='EUR.USD'), order=MarketOrder(orderId=10910, clientId=753, action='SELL', totalQuantity=20000, tif='GTC'), orderStatus=OrderStatus(orderId=10910, status='PendingSubmit', filled=0.0, remaining=0.0, avgFillPrice=0.0, permId=0, parentId=0, lastFillPrice=0.0, clientId=0, whyHeld='', mktCapPrice=0.0), fills=[], log=[TradeLogEntry(time=datetime.datetime(2026, 3, 13, 16, 0, 23, 264501, tzinfo=datetime.timezone.utc), status='PendingSubmit', message='', errorCode=0)], advancedError='')
2026-03-13 16:00:23,413 - INFO - orderStatus: Trade(contract=Forex('EURUSD', conId=12087792, exchange='IDEALPRO', localSymbol='EUR.USD', tradingClass='EUR.USD'), order=MarketOrder(orderId=10910, clientId=753, permId=390901735, action='SELL', totalQuantity=20000.0, lmtPrice=0.0, auxPrice=0.0, tif='GTC'), orderStatus=OrderStatus(orderId=10910, status='PreSubmitted', filled=0.0, remaining=20000.0, avgFillPrice=0.0, permId=390901735, parentId=0, lastFillPrice=0.0, clientId=753, whyHeld='', mktCapPrice=0.0), fills=[], log=[TradeLogEntry(time=datetime.datetime(2026, 3, 13, 16, 0, 23, 264501, tzinfo=datetime.timezone.utc), status='PendingSubmit', message='', errorCode=0), TradeLogEntry(time=datetime.datetime(2026, 3, 13, 16, 0, 23, 413381, tzinfo=datetime.timezone.utc), status='PreSubmitted', message='', errorCode=0)], advancedError='')
2026-03-13 16:00:23,456 - INFO - position: Position(account='DUM847254', contract=Forex('EURUSD', conId=12087792, localSymbol='EUR.USD', tradingClass='EUR.USD'), position=0.0, avgCost=0.0)
2026-03-13 16:00:23,457 - INFO - execDetails Execution(execId='0000e215.69b39bbd.01.01', time=datetime.datetime(2026, 3, 13, 16, 0, 23, tzinfo=datetime.timezone.utc), acctNumber='DUM847254', exchange='IDEALPRO', side='SLD', shares=20000.0, price=1.14433, permId=390901735, clientId=753, orderId=10910, liquidation=0, cumQty=20000.0, avgPrice=1.14433, orderRef='', evRule='', evMultiplier=0.0, modelCode='', lastLiquidity=2, pendingPriceRevision=False)
2026-03-13 16:00:23,457 - INFO - execDetails: Fill(contract=Forex('EURUSD', conId=12087792, exchange='IDEALPRO', localSymbol='EUR.USD', tradingClass='EUR.USD'), execution=Execution(execId='0000e215.69b39bbd.01.01', time=datetime.datetime(2026, 3, 13, 16, 0, 23, tzinfo=datetime.timezone.utc), acctNumber='DUM847254', exchange='IDEALPRO', side='SLD', shares=20000.0, price=1.14433, permId=390901735, clientId=753, orderId=10910, liquidation=0, cumQty=20000.0, avgPrice=1.14433, orderRef='', evRule='', evMultiplier=0.0, modelCode='', lastLiquidity=2, pendingPriceRevision=False), commissionReport=CommissionReport(execId='', commission=0.0, currency='', realizedPNL=0.0, yield_=0.0, yieldRedemptionDate=0), time=datetime.datetime(2026, 3, 13, 16, 0, 23, 456716, tzinfo=datetime.timezone.utc))
2026-03-13 16:00:23,457 - INFO - orderStatus: Trade(contract=Forex('EURUSD', conId=12087792, exchange='IDEALPRO', localSymbol='EUR.USD', tradingClass='EUR.USD'), order=MarketOrder(orderId=10910, clientId=753, permId=390901735, action='SELL', totalQuantity=20000.0, lmtPrice=0.0, auxPrice=0.0, tif='GTC'), orderStatus=OrderStatus(orderId=10910, status='Filled', filled=20000.0, remaining=0.0, avgFillPrice=1.14433, permId=390901735, parentId=0, lastFillPrice=1.14433, clientId=753, whyHeld='', mktCapPrice=0.0), fills=[Fill(contract=Forex('EURUSD', conId=12087792, exchange='IDEALPRO', localSymbol='EUR.USD', tradingClass='EUR.USD'), execution=Execution(execId='0000e215.69b39bbd.01.01', time=datetime.datetime(2026, 3, 13, 16, 0, 23, tzinfo=datetime.timezone.utc), acctNumber='DUM847254', exchange='IDEALPRO', side='SLD', shares=20000.0, price=1.14433, permId=390901735, clientId=753, orderId=10910, liquidation=0, cumQty=20000.0, avgPrice=1.14433, orderRef='', evRule='', evMultiplier=0.0, modelCode='', lastLiquidity=2, pendingPriceRevision=False), commissionReport=CommissionReport(execId='', commission=0.0, currency='', realizedPNL=0.0, yield_=0.0, yieldRedemptionDate=0), time=datetime.datetime(2026, 3, 13, 16, 0, 23, 456716, tzinfo=datetime.timezone.utc))], log=[TradeLogEntry(time=datetime.datetime(2026, 3, 13, 16, 0, 23, 264501, tzinfo=datetime.timezone.utc), status='PendingSubmit', message='', errorCode=0), TradeLogEntry(time=datetime.datetime(2026, 3, 13, 16, 0, 23, 413381, tzinfo=datetime.timezone.utc), status='PreSubmitted', message='', errorCode=0), TradeLogEntry(time=datetime.datetime(2026, 3, 13, 16, 0, 23, 456716, tzinfo=datetime.timezone.utc), status='PreSubmitted', message='Fill 20000.0@1.14433', errorCode=0), TradeLogEntry(time=datetime.datetime(2026, 3, 13, 16, 0, 23, 456716, tzinfo=datetime.timezone.utc), status='Filled', message='', errorCode=0)], advancedError='')
2026-03-13 16:00:23,458 - INFO - commissionReport: CommissionReport(execId='0000e215.69b39bbd.01.01', commission=1.73744, currency='EUR', realizedPNL=0.0, yield_=0.0, yieldRedemptionDate=0)
2026-03-13 16:00:23,458 - INFO - position: Position(account='DUM847254', contract=Forex('EURUSD', conId=12087792, localSymbol='EUR.USD', tradingClass='EUR.USD'), position=0.0, avgCost=0.0)
2026-03-13 16:00:23,766 - INFO - CLOSED: SELL 20,000 EUR @ 1.14433
2026-03-13 16:00:23,766 - INFO - P&L: EUR -47.19 (USD -54.00) | Gross: EUR -43.69 (USD -50.00), Costs: USD 4.00
2026-03-13 16:00:23,766 - INFO - Cumulative P&L: EUR 47.52
2026-03-13 16:00:23,766 - INFO - 
2026-03-13 16:00:23,766 - INFO - ======================================================================
2026-03-13 16:00:23,766 - INFO - TRADING SESSION SUMMARY
2026-03-13 16:00:23,766 - INFO - ======================================================================
2026-03-13 16:00:23,766 - INFO - Timeframe: 5min
2026-03-13 16:00:23,766 - INFO - Parameters: SMA 15/70, RSI 35/75, Mom 0.0
2026-03-13 16:00:23,766 - INFO - Duration: 4 days, 17:05:19.682614
2026-03-13 16:00:23,766 - INFO - Total Bars Collected: 120
2026-03-13 16:00:23,766 - INFO - Total Trades: 9
2026-03-13 16:00:23,767 - INFO - Winning Trades: 5
2026-03-13 16:00:23,767 - INFO - Losing Trades: 4
2026-03-13 16:00:23,767 - INFO - Win Rate: 55.6%
2026-03-13 16:00:23,767 - INFO - Total P&L: EUR 47.52
2026-03-13 16:00:23,769 - INFO - Avg Trade: EUR 5.28
2026-03-13 16:00:23,769 - INFO - Best Trade: EUR 125.41
2026-03-13 16:00:23,769 - INFO - Worst Trade: EUR -61.50
2026-03-13 16:00:23,769 - INFO - Final Capital: EUR 953,341.27
2026-03-13 16:00:23,770 - INFO - Return: 0.00%
2026-03-13 16:00:23,770 - INFO - ======================================================================
2026-03-13 16:00:23,773 - INFO - Disconnecting from localhost:4002, 62.6 kB sent in 626 messages, 2.59 MB received in 52067 messages, session time 58.5 ks.
2026-03-13 16:00:23,774 - INFO - Disconnecting
2026-03-13 16:00:23,779 - INFO - Disconnected from IB Gateway
2026-03-13 16:00:23,781 - INFO - Disconnected.
