date,open,high,low,close,volume
2025-12-29 17:15:00-05:00,1.177,1.177095,1.176995,1.177015,-1.0
2025-12-29 17:20:00-05:00,1.177015,1.177015,1.177015,1.177015,-1.0
2025-12-29 17:25:00-05:00,1.177015,1.177015,1.177015,1.177015,-1.0
2025-12-29 17:30:00-05:00,1.177015,1.177255,1.177015,1.177175,-1.0
2025-12-29 17:35:00-05:00,1.177175,1.17724,1.177115,1.177125,-1.0
2025-12-29 17:40:00-05:00,1.177125,1.177285,1.17706,1.17726,-1.0
2025-12-29 17:45:00-05:00,1.17726,1.177285,1.17713,1.177215,-1.0
2025-12-29 17:50:00-05:00,1.177215,1.17724,1.17711,1.17711,-1.0
2025-12-29 17:55:00-05:00,1.17711,1.177125,1.17663,1.1768,-1.0
2025-12-29 18:00:00-05:00,1.1768,1.17734,1.176745,1.177225,-1.0
2025-12-29 18:05:00-05:00,1.177225,1.177475,1.1772,1.17747,-1.0
2025-12-29 18:10:00-05:00,1.17747,1.17747,1.17737,1.17738,-1.0
2025-12-29 18:15:00-05:00,1.17738,1.177425,1.17731,1.177355,-1.0
2025-12-29 18:20:00-05:00,1.177355,1.177355,1.177235,1.177265,-1.0
2025-12-29 18:25:00-05:00,1.177265,1.177265,1.177165,1.17718,-1.0
2025-12-29 18:30:00-05:00,1.17718,1.17726,1.17718,1.17718,-1.0
2025-12-29 18:35:00-05:00,1.17718,1.177205,1.17714,1.17718,-1.0
2025-12-29 18:40:00-05:00,1.17718,1.177235,1.17716,1.177185,-1.0
2025-12-29 18:45:00-05:00,1.177185,1.177265,1.17716,1.177265,-1.0
2025-12-29 18:50:00-05:00,1.177265,1.177265,1.17714,1.177195,-1.0
2025-12-29 18:55:00-05:00,1.177195,1.177265,1.177195,1.177245,-1.0
2025-12-29 19:00:00-05:00,1.177245,1.177405,1.177175,1.1773,-1.0
2025-12-29 19:05:00-05:00,1.1773,1.17746,1.1773,1.177455,-1.0
2025-12-29 19:10:00-05:00,1.177455,1.177455,1.17734,1.17734,-1.0
2025-12-29 19:15:00-05:00,1.17734,1.17741,1.177315,1.17739,-1.0
2025-12-29 19:20:00-05:00,1.17739,1.17747,1.177365,1.177455,-1.0
2025-12-29 19:25:00-05:00,1.177455,1.17748,1.17742,1.17745,-1.0
2025-12-29 19:30:00-05:00,1.17745,1.17749,1.177315,1.17732,-1.0
2025-12-29 19:35:00-05:00,1.17732,1.177325,1.17719,1.177265,-1.0
2025-12-29 19:40:00-05:00,1.177265,1.17727,1.177175,1.177255,-1.0
2025-12-29 19:45:00-05:00,1.177255,1.17733,1.177185,1.17724,-1.0
2025-12-29 19:50:00-05:00,1.17724,1.17752,1.17719,1.17745,-1.0
2025-12-29 19:55:00-05:00,1.17745,1.177485,1.1772,1.177305,-1.0
2025-12-29 20:00:00-05:00,1.177305,1.17736,1.177265,1.17728,-1.0
2025-12-29 20:05:00-05:00,1.17728,1.17733,1.176975,1.177005,-1.0
2025-12-29 20:10:00-05:00,1.177005,1.17719,1.177,1.177155,-1.0
2025-12-29 20:15:00-05:00,1.177155,1.177365,1.177045,1.177255,-1.0
2025-12-29 20:20:00-05:00,1.177255,1.177265,1.177105,1.177145,-1.0
2025-12-29 20:25:00-05:00,1.177145,1.177145,1.177005,1.17705,-1.0
2025-12-29 20:30:00-05:00,1.17705,1.17718,1.177005,1.177045,-1.0
2025-12-29 20:35:00-05:00,1.177045,1.17721,1.177035,1.1772,-1.0
2025-12-29 20:40:00-05:00,1.1772,1.17731,1.17718,1.17731,-1.0
2025-12-29 20:45:00-05:00,1.17731,1.17741,1.177305,1.177375,-1.0
2025-12-29 20:50:00-05:00,1.177375,1.17746,1.17733,1.17741,-1.0
2025-12-29 20:55:00-05:00,1.17741,1.17752,1.17736,1.177505,-1.0
2025-12-29 21:00:00-05:00,1.177505,1.177635,1.177445,1.17751,-1.0
2025-12-29 21:05:00-05:00,1.17751,1.17752,1.177235,1.17728,-1.0
2025-12-29 21:10:00-05:00,1.17728,1.177355,1.177185,1.177325,-1.0
2025-12-29 21:15:00-05:00,1.177325,1.1774,1.177215,1.17738,-1.0
2025-12-29 21:20:00-05:00,1.17738,1.17754,1.177325,1.17738,-1.0
2025-12-29 21:25:00-05:00,1.17738,1.17738,1.177165,1.17724,-1.0
2025-12-29 21:30:00-05:00,1.17724,1.17742,1.177235,1.17742,-1.0
2025-12-29 21:35:00-05:00,1.17742,1.17748,1.17732,1.17747,-1.0
2025-12-29 21:40:00-05:00,1.17747,1.177475,1.17737,1.177375,-1.0
2025-12-29 21:45:00-05:00,1.177375,1.17748,1.17737,1.17747,-1.0
2025-12-29 21:50:00-05:00,1.17747,1.17748,1.17737,1.177385,-1.0
2025-12-29 21:55:00-05:00,1.177385,1.177485,1.177325,1.17733,-1.0
2025-12-29 22:00:00-05:00,1.17733,1.177425,1.17723,1.17728,-1.0
2025-12-29 22:05:00-05:00,1.17728,1.177285,1.177065,1.17708,-1.0
2025-12-29 22:10:00-05:00,1.17708,1.177175,1.17707,1.17716,-1.0
2025-12-29 22:15:00-05:00,1.17716,1.17727,1.17713,1.177265,-1.0
2025-12-29 22:20:00-05:00,1.177265,1.17736,1.17725,1.177345,-1.0
2025-12-29 22:25:00-05:00,1.177345,1.177455,1.17731,1.177455,-1.0
2025-12-29 22:30:00-05:00,1.177455,1.177595,1.177455,1.17753,-1.0
2025-12-29 22:35:00-05:00,1.17753,1.17753,1.17743,1.17745,-1.0
2025-12-29 22:40:00-05:00,1.17745,1.17753,1.177365,1.177365,-1.0
2025-12-29 22:45:00-05:00,1.177365,1.17744,1.177345,1.177425,-1.0
2025-12-29 22:50:00-05:00,1.177425,1.17751,1.177375,1.177385,-1.0
2025-12-29 22:55:00-05:00,1.177385,1.17739,1.177245,1.177245,-1.0
2025-12-29 23:00:00-05:00,1.177245,1.17727,1.17718,1.177225,-1.0
2025-12-29 23:05:00-05:00,1.177225,1.177285,1.17721,1.177285,-1.0
2025-12-29 23:10:00-05:00,1.177285,1.17738,1.17727,1.17732,-1.0
2025-12-29 23:15:00-05:00,1.17732,1.17732,1.1772,1.17731,-1.0
2025-12-29 23:20:00-05:00,1.17731,1.17736,1.17731,1.17734,-1.0
2025-12-29 23:25:00-05:00,1.17734,1.177385,1.17734,1.177355,-1.0
2025-12-29 23:30:00-05:00,1.177355,1.177395,1.177355,1.17739,-1.0
2025-12-29 23:35:00-05:00,1.17739,1.177535,1.177315,1.177455,-1.0
2025-12-29 23:40:00-05:00,1.177455,1.17771,1.17745,1.177655,-1.0
2025-12-29 23:45:00-05:00,1.177655,1.177735,1.177565,1.17766,-1.0
2025-12-29 23:50:00-05:00,1.17766,1.177735,1.177625,1.177695,-1.0
2025-12-29 23:55:00-05:00,1.177695,1.177795,1.17768,1.17771,-1.0
2025-12-30 00:00:00-05:00,1.17771,1.1778,1.17771,1.17772,-1.0
2025-12-30 00:05:00-05:00,1.17772,1.177775,1.17767,1.17771,-1.0
2025-12-30 00:10:00-05:00,1.17771,1.177905,1.177705,1.17781,-1.0
2025-12-30 00:15:00-05:00,1.17781,1.17781,1.177635,1.17773,-1.0
2025-12-30 00:20:00-05:00,1.17773,1.177795,1.17772,1.17775,-1.0
2025-12-30 00:25:00-05:00,1.17775,1.17777,1.17765,1.177715,-1.0
2025-12-30 00:30:00-05:00,1.177715,1.177735,1.177585,1.177625,-1.0
2025-12-30 00:35:00-05:00,1.177625,1.17771,1.17757,1.177665,-1.0
2025-12-30 00:40:00-05:00,1.177665,1.177685,1.17744,1.17744,-1.0
2025-12-30 00:45:00-05:00,1.17744,1.177535,1.1773,1.177535,-1.0
2025-12-30 00:50:00-05:00,1.177535,1.177565,1.17736,1.177445,-1.0
2025-12-30 00:55:00-05:00,1.177445,1.177595,1.177415,1.177535,-1.0
2025-12-30 01:00:00-05:00,1.177535,1.17768,1.177525,1.177575,-1.0
2025-12-30 01:05:00-05:00,1.177575,1.177575,1.1774,1.177465,-1.0
2025-12-30 01:10:00-05:00,1.177465,1.177745,1.17745,1.17774,-1.0
2025-12-30 01:15:00-05:00,1.17774,1.17798,1.17772,1.177925,-1.0
2025-12-30 01:20:00-05:00,1.177925,1.177925,1.17769,1.177715,-1.0
2025-12-30 01:25:00-05:00,1.177715,1.1778,1.177625,1.17763,-1.0
2025-12-30 01:30:00-05:00,1.17763,1.177755,1.177455,1.1776,-1.0
2025-12-30 01:35:00-05:00,1.1776,1.177825,1.17756,1.177795,-1.0
2025-12-30 01:40:00-05:00,1.177795,1.17797,1.17776,1.17797,-1.0
2025-12-30 01:45:00-05:00,1.17797,1.177975,1.177795,1.177895,-1.0
2025-12-30 01:50:00-05:00,1.177895,1.17792,1.177795,1.17791,-1.0
2025-12-30 01:55:00-05:00,1.17791,1.17792,1.177765,1.17787,-1.0
2025-12-30 02:00:00-05:00,1.17787,1.17788,1.177505,1.17754,-1.0
2025-12-30 02:05:00-05:00,1.17754,1.17756,1.17727,1.17727,-1.0
2025-12-30 02:10:00-05:00,1.17727,1.177415,1.177215,1.177395,-1.0
2025-12-30 02:15:00-05:00,1.177395,1.177465,1.17728,1.17741,-1.0
2025-12-30 02:20:00-05:00,1.17741,1.17741,1.176715,1.176755,-1.0
2025-12-30 02:25:00-05:00,1.176755,1.1771,1.17666,1.17708,-1.0
2025-12-30 02:30:00-05:00,1.17708,1.17714,1.1767,1.17697,-1.0
2025-12-30 02:35:00-05:00,1.17697,1.17697,1.176725,1.176865,-1.0
2025-12-30 02:40:00-05:00,1.176865,1.176945,1.176625,1.17663,-1.0
2025-12-30 02:45:00-05:00,1.17663,1.17709,1.17663,1.176995,-1.0
2025-12-30 02:50:00-05:00,1.176995,1.177005,1.176745,1.176935,-1.0
2025-12-30 02:55:00-05:00,1.176935,1.17704,1.17686,1.17704,-1.0
2025-12-30 03:00:00-05:00,1.17704,1.177265,1.176695,1.17674,-1.0
2025-12-30 03:05:00-05:00,1.17674,1.17681,1.176605,1.176755,-1.0
2025-12-30 03:10:00-05:00,1.176755,1.17688,1.176655,1.176695,-1.0
2025-12-30 03:15:00-05:00,1.176695,1.17734,1.176695,1.177005,-1.0
2025-12-30 03:20:00-05:00,1.177005,1.1771,1.176785,1.176875,-1.0
2025-12-30 03:25:00-05:00,1.176875,1.177225,1.176865,1.176975,-1.0
2025-12-30 03:30:00-05:00,1.176975,1.17736,1.17684,1.17736,-1.0
2025-12-30 03:35:00-05:00,1.17736,1.177385,1.1771,1.177335,-1.0
2025-12-30 03:40:00-05:00,1.177335,1.177535,1.177125,1.177135,-1.0
2025-12-30 03:45:00-05:00,1.177135,1.177225,1.17701,1.17714,-1.0
2025-12-30 03:50:00-05:00,1.17714,1.17714,1.176735,1.17679,-1.0
2025-12-30 03:55:00-05:00,1.17679,1.176915,1.176715,1.17672,-1.0
2025-12-30 04:00:00-05:00,1.17672,1.1769,1.176435,1.17683,-1.0
2025-12-30 04:05:00-05:00,1.17683,1.17723,1.17678,1.17723,-1.0
2025-12-30 04:10:00-05:00,1.17723,1.17723,1.176835,1.17684,-1.0
2025-12-30 04:15:00-05:00,1.17684,1.177045,1.17684,1.17692,-1.0
2025-12-30 04:20:00-05:00,1.17692,1.177375,1.17689,1.177215,-1.0
2025-12-30 04:25:00-05:00,1.177215,1.17754,1.177215,1.17753,-1.0
2025-12-30 04:30:00-05:00,1.17753,1.177685,1.177365,1.177485,-1.0
2025-12-30 04:35:00-05:00,1.177485,1.177755,1.177435,1.177435,-1.0
2025-12-30 04:40:00-05:00,1.177435,1.177745,1.17737,1.177585,-1.0
2025-12-30 04:45:00-05:00,1.177585,1.177795,1.17739,1.177395,-1.0
2025-12-30 04:50:00-05:00,1.177395,1.17747,1.177055,1.177305,-1.0
2025-12-30 04:55:00-05:00,1.177305,1.17733,1.176885,1.176885,-1.0
2025-12-30 05:00:00-05:00,1.176885,1.177315,1.176875,1.177315,-1.0
2025-12-30 05:05:00-05:00,1.177315,1.17749,1.177225,1.17747,-1.0
2025-12-30 05:10:00-05:00,1.17747,1.177745,1.17747,1.17749,-1.0
2025-12-30 05:15:00-05:00,1.17749,1.17754,1.177365,1.177365,-1.0
2025-12-30 05:20:00-05:00,1.177365,1.17754,1.177365,1.177415,-1.0
2025-12-30 05:25:00-05:00,1.177415,1.17747,1.177215,1.17727,-1.0
2025-12-30 05:30:00-05:00,1.17727,1.177395,1.177245,1.177335,-1.0
2025-12-30 05:35:00-05:00,1.177335,1.177635,1.177335,1.177565,-1.0
2025-12-30 05:40:00-05:00,1.177565,1.17767,1.17742,1.17759,-1.0
2025-12-30 05:45:00-05:00,1.17759,1.177625,1.177375,1.177415,-1.0
2025-12-30 05:50:00-05:00,1.177415,1.177465,1.17728,1.17738,-1.0
2025-12-30 05:55:00-05:00,1.17738,1.177405,1.17724,1.17738,-1.0
2025-12-30 06:00:00-05:00,1.17738,1.17741,1.1771,1.17713,-1.0
2025-12-30 06:05:00-05:00,1.17713,1.177675,1.177085,1.177515,-1.0
2025-12-30 06:10:00-05:00,1.177515,1.177655,1.17739,1.177445,-1.0
2025-12-30 06:15:00-05:00,1.177445,1.17747,1.177245,1.17727,-1.0
2025-12-30 06:20:00-05:00,1.17727,1.17733,1.177105,1.177235,-1.0
2025-12-30 06:25:00-05:00,1.177235,1.17742,1.177155,1.17719,-1.0
2025-12-30 06:30:00-05:00,1.17719,1.17733,1.17718,1.17728,-1.0
2025-12-30 06:35:00-05:00,1.17728,1.17728,1.1769,1.176905,-1.0
2025-12-30 06:40:00-05:00,1.176905,1.177,1.17681,1.176885,-1.0
2025-12-30 06:45:00-05:00,1.176885,1.17704,1.17683,1.176925,-1.0
2025-12-30 06:50:00-05:00,1.176925,1.17702,1.17672,1.17672,-1.0
2025-12-30 06:55:00-05:00,1.17672,1.176835,1.176615,1.176675,-1.0
2025-12-30 07:00:00-05:00,1.176675,1.17668,1.17631,1.17637,-1.0
2025-12-30 07:05:00-05:00,1.17637,1.1764,1.17624,1.176335,-1.0
2025-12-30 07:10:00-05:00,1.176335,1.17662,1.176335,1.176555,-1.0
2025-12-30 07:15:00-05:00,1.176555,1.176585,1.176285,1.176335,-1.0
2025-12-30 07:20:00-05:00,1.176335,1.17645,1.17622,1.176235,-1.0
2025-12-30 07:25:00-05:00,1.176235,1.176445,1.17622,1.176445,-1.0
2025-12-30 07:30:00-05:00,1.176445,1.17664,1.176435,1.17663,-1.0
2025-12-30 07:35:00-05:00,1.17663,1.176795,1.176565,1.176795,-1.0
2025-12-30 07:40:00-05:00,1.176795,1.176795,1.1762,1.17621,-1.0
2025-12-30 07:45:00-05:00,1.17621,1.176395,1.17614,1.1763,-1.0
2025-12-30 07:50:00-05:00,1.1763,1.17639,1.176135,1.176185,-1.0
2025-12-30 07:55:00-05:00,1.176185,1.17626,1.176075,1.176175,-1.0
2025-12-30 08:00:00-05:00,1.176175,1.17619,1.175925,1.175935,-1.0
2025-12-30 08:05:00-05:00,1.175935,1.17598,1.175645,1.175655,-1.0
2025-12-30 08:10:00-05:00,1.175655,1.175835,1.175545,1.17582,-1.0
2025-12-30 08:15:00-05:00,1.17582,1.176225,1.17569,1.17622,-1.0
2025-12-30 08:20:00-05:00,1.17622,1.176645,1.17614,1.176385,-1.0
2025-12-30 08:25:00-05:00,1.176385,1.176405,1.17604,1.17604,-1.0
2025-12-30 08:30:00-05:00,1.17604,1.176435,1.1758,1.176335,-1.0
2025-12-30 08:35:00-05:00,1.176335,1.176415,1.176045,1.176235,-1.0
2025-12-30 08:40:00-05:00,1.176235,1.176305,1.175725,1.176155,-1.0
2025-12-30 08:45:00-05:00,1.176155,1.176245,1.175745,1.17619,-1.0
2025-12-30 08:50:00-05:00,1.17619,1.176755,1.176165,1.176375,-1.0
2025-12-30 08:55:00-05:00,1.176375,1.176795,1.17616,1.176345,-1.0
2025-12-30 09:00:00-05:00,1.176345,1.176415,1.17578,1.176215,-1.0
2025-12-30 09:05:00-05:00,1.176215,1.17638,1.17616,1.176225,-1.0
2025-12-30 09:10:00-05:00,1.176225,1.17624,1.175725,1.175755,-1.0
2025-12-30 09:15:00-05:00,1.175755,1.175965,1.175645,1.175955,-1.0
2025-12-30 09:20:00-05:00,1.175955,1.17608,1.17572,1.175835,-1.0
2025-12-30 09:25:00-05:00,1.175835,1.176045,1.17579,1.176015,-1.0
2025-12-30 09:30:00-05:00,1.176015,1.17609,1.175665,1.17583,-1.0
2025-12-30 09:35:00-05:00,1.17583,1.176315,1.17579,1.17595,-1.0
2025-12-30 09:40:00-05:00,1.17595,1.176175,1.175845,1.176035,-1.0
2025-12-30 09:45:00-05:00,1.176035,1.176175,1.17591,1.176045,-1.0
2025-12-30 09:50:00-05:00,1.176045,1.17634,1.175955,1.176155,-1.0
2025-12-30 09:55:00-05:00,1.176155,1.17642,1.176005,1.176335,-1.0
2025-12-30 10:00:00-05:00,1.176335,1.176475,1.176185,1.17642,-1.0
2025-12-30 10:05:00-05:00,1.17642,1.17663,1.17614,1.17614,-1.0
2025-12-30 10:10:00-05:00,1.17614,1.17628,1.175695,1.17578,-1.0
2025-12-30 10:15:00-05:00,1.17578,1.17581,1.175255,1.175475,-1.0
2025-12-30 10:20:00-05:00,1.175475,1.17558,1.17535,1.175425,-1.0
2025-12-30 10:25:00-05:00,1.175425,1.175425,1.174995,1.1751,-1.0
2025-12-30 10:30:00-05:00,1.1751,1.175295,1.174905,1.175095,-1.0
2025-12-30 10:35:00-05:00,1.175095,1.175285,1.17496,1.17521,-1.0
2025-12-30 10:40:00-05:00,1.17521,1.175215,1.174535,1.17475,-1.0
2025-12-30 10:45:00-05:00,1.17475,1.175035,1.17464,1.174735,-1.0
2025-12-30 10:50:00-05:00,1.174735,1.175565,1.17469,1.17549,-1.0
2025-12-30 10:55:00-05:00,1.17549,1.175985,1.17549,1.175985,-1.0
2025-12-30 11:00:00-05:00,1.175985,1.175985,1.17546,1.175485,-1.0
2025-12-30 11:05:00-05:00,1.175485,1.17587,1.17548,1.175545,-1.0
2025-12-30 11:10:00-05:00,1.175545,1.175645,1.175435,1.17561,-1.0
2025-12-30 11:15:00-05:00,1.17561,1.176145,1.175585,1.176115,-1.0
2025-12-30 11:20:00-05:00,1.176115,1.17638,1.176085,1.1763,-1.0
2025-12-30 11:25:00-05:00,1.1763,1.17634,1.176,1.176085,-1.0
2025-12-30 11:30:00-05:00,1.176085,1.176235,1.17601,1.176045,-1.0
2025-12-30 11:35:00-05:00,1.176045,1.176335,1.17588,1.176325,-1.0
2025-12-30 11:40:00-05:00,1.176325,1.17647,1.176165,1.176295,-1.0
2025-12-30 11:45:00-05:00,1.176295,1.17664,1.17629,1.176625,-1.0
2025-12-30 11:50:00-05:00,1.176625,1.17666,1.176435,1.17651,-1.0
2025-12-30 11:55:00-05:00,1.17651,1.176655,1.176395,1.17649,-1.0
2025-12-30 12:00:00-05:00,1.17649,1.176665,1.176245,1.176335,-1.0
2025-12-30 12:05:00-05:00,1.176335,1.176545,1.17618,1.176185,-1.0
2025-12-30 12:10:00-05:00,1.176185,1.17624,1.17605,1.17607,-1.0
2025-12-30 12:15:00-05:00,1.17607,1.17619,1.17599,1.176025,-1.0
2025-12-30 12:20:00-05:00,1.176025,1.17604,1.175865,1.17595,-1.0
2025-12-30 12:25:00-05:00,1.17595,1.176045,1.17578,1.17579,-1.0
2025-12-30 12:30:00-05:00,1.17579,1.1758,1.17569,1.175775,-1.0
2025-12-30 12:35:00-05:00,1.175775,1.175825,1.175545,1.17563,-1.0
2025-12-30 12:40:00-05:00,1.17563,1.1757,1.175565,1.17563,-1.0
2025-12-30 12:45:00-05:00,1.17563,1.175655,1.17552,1.17552,-1.0
2025-12-30 12:50:00-05:00,1.17552,1.175685,1.175515,1.175645,-1.0
2025-12-30 12:55:00-05:00,1.175645,1.1757,1.175575,1.1756,-1.0
2025-12-30 13:00:00-05:00,1.1756,1.175855,1.17557,1.175825,-1.0
2025-12-30 13:05:00-05:00,1.175825,1.17593,1.17575,1.175835,-1.0
2025-12-30 13:10:00-05:00,1.175835,1.175945,1.175795,1.175835,-1.0
2025-12-30 13:15:00-05:00,1.175835,1.175865,1.17578,1.175825,-1.0
2025-12-30 13:20:00-05:00,1.175825,1.17584,1.17563,1.17575,-1.0
2025-12-30 13:25:00-05:00,1.17575,1.175775,1.1756,1.17567,-1.0
2025-12-30 13:30:00-05:00,1.17567,1.17569,1.175525,1.175645,-1.0
2025-12-30 13:35:00-05:00,1.175645,1.17565,1.175415,1.175475,-1.0
2025-12-30 13:40:00-05:00,1.175475,1.175525,1.175325,1.17538,-1.0
2025-12-30 13:45:00-05:00,1.17538,1.17538,1.175165,1.175255,-1.0
2025-12-30 13:50:00-05:00,1.175255,1.17535,1.175115,1.175125,-1.0
2025-12-30 13:55:00-05:00,1.175125,1.175125,1.17483,1.175005,-1.0
2025-12-30 14:00:00-05:00,1.175005,1.175005,1.17475,1.1749,-1.0
2025-12-30 14:05:00-05:00,1.1749,1.175025,1.174775,1.17494,-1.0
2025-12-30 14:10:00-05:00,1.17494,1.175155,1.174935,1.17508,-1.0
2025-12-30 14:15:00-05:00,1.17508,1.1753,1.175075,1.175285,-1.0
2025-12-30 14:20:00-05:00,1.175285,1.175295,1.175055,1.17513,-1.0
2025-12-30 14:25:00-05:00,1.17513,1.17523,1.175035,1.17522,-1.0
2025-12-30 14:30:00-05:00,1.17522,1.17528,1.174955,1.174975,-1.0
2025-12-30 14:35:00-05:00,1.174975,1.175195,1.174905,1.175185,-1.0
2025-12-30 14:40:00-05:00,1.175185,1.175185,1.174965,1.17505,-1.0
2025-12-30 14:45:00-05:00,1.17505,1.175265,1.174855,1.17487,-1.0
2025-12-30 14:50:00-05:00,1.17487,1.174945,1.17461,1.174615,-1.0
2025-12-30 14:55:00-05:00,1.174615,1.17469,1.174515,1.174675,-1.0
2025-12-30 15:00:00-05:00,1.174675,1.174825,1.174535,1.174555,-1.0
2025-12-30 15:05:00-05:00,1.174555,1.174645,1.174505,1.174535,-1.0
2025-12-30 15:10:00-05:00,1.174535,1.17473,1.174535,1.174715,-1.0
2025-12-30 15:15:00-05:00,1.174715,1.17495,1.174705,1.174845,-1.0
2025-12-30 15:20:00-05:00,1.174845,1.175025,1.174805,1.174925,-1.0
2025-12-30 15:25:00-05:00,1.174925,1.174985,1.174855,1.1749,-1.0
2025-12-30 15:30:00-05:00,1.1749,1.174955,1.17483,1.1749,-1.0
2025-12-30 15:35:00-05:00,1.1749,1.174965,1.17474,1.17484,-1.0
2025-12-30 15:40:00-05:00,1.17484,1.174865,1.17465,1.174695,-1.0
2025-12-30 15:45:00-05:00,1.174695,1.17477,1.174575,1.174745,-1.0
2025-12-30 15:50:00-05:00,1.174745,1.174765,1.174505,1.174525,-1.0
2025-12-30 15:55:00-05:00,1.174525,1.17453,1.174335,1.174385,-1.0
2025-12-30 16:00:00-05:00,1.174385,1.174775,1.174385,1.17469,-1.0
2025-12-30 16:05:00-05:00,1.17469,1.17482,1.17459,1.17475,-1.0
2025-12-30 16:10:00-05:00,1.17475,1.17481,1.17472,1.174735,-1.0
2025-12-30 16:15:00-05:00,1.174735,1.17477,1.174615,1.17462,-1.0
2025-12-30 16:20:00-05:00,1.17462,1.17462,1.17452,1.17455,-1.0
2025-12-30 16:25:00-05:00,1.17455,1.174655,1.174495,1.174545,-1.0
2025-12-30 16:30:00-05:00,1.174545,1.17466,1.1745,1.17465,-1.0
2025-12-30 16:35:00-05:00,1.17465,1.174715,1.174645,1.17465,-1.0
2025-12-30 16:40:00-05:00,1.17465,1.174685,1.17456,1.17465,-1.0
2025-12-30 16:45:00-05:00,1.17465,1.17475,1.17465,1.17473,-1.0
2025-12-30 16:50:00-05:00,1.17473,1.17477,1.174675,1.1747,-1.0
2025-12-30 16:55:00-05:00,1.1747,1.17488,1.17464,1.174805,-1.0
2025-12-30 17:15:00-05:00,1.174825,1.174835,1.174775,1.174805,-1.0
2025-12-30 17:20:00-05:00,1.174805,1.17481,1.174805,1.17481,-1.0
2025-12-30 17:25:00-05:00,1.17481,1.17481,1.174775,1.17478,-1.0
2025-12-30 17:30:00-05:00,1.17478,1.174815,1.174775,1.174795,-1.0
2025-12-30 17:35:00-05:00,1.174795,1.174805,1.17479,1.1748,-1.0
2025-12-30 17:40:00-05:00,1.1748,1.1748,1.174755,1.174795,-1.0
2025-12-30 17:45:00-05:00,1.174795,1.17482,1.1746,1.174605,-1.0
2025-12-30 17:50:00-05:00,1.174605,1.174685,1.174565,1.174685,-1.0
2025-12-30 17:55:00-05:00,1.174685,1.17473,1.17456,1.174615,-1.0
2025-12-30 18:00:00-05:00,1.174615,1.1748,1.17453,1.17475,-1.0
2025-12-30 18:05:00-05:00,1.17475,1.1748,1.17475,1.17479,-1.0
2025-12-30 18:10:00-05:00,1.17479,1.17492,1.174735,1.174905,-1.0
2025-12-30 18:15:00-05:00,1.174905,1.174905,1.174735,1.174735,-1.0
2025-12-30 18:20:00-05:00,1.174735,1.174805,1.174695,1.174745,-1.0
2025-12-30 18:25:00-05:00,1.174745,1.174805,1.17471,1.174735,-1.0
2025-12-30 18:30:00-05:00,1.174735,1.17478,1.174645,1.17467,-1.0
2025-12-30 18:35:00-05:00,1.17467,1.17467,1.17459,1.17461,-1.0
2025-12-30 18:40:00-05:00,1.17461,1.17466,1.17461,1.174625,-1.0
2025-12-30 18:45:00-05:00,1.174625,1.17463,1.174555,1.17457,-1.0
2025-12-30 18:50:00-05:00,1.17457,1.174635,1.174565,1.174635,-1.0
2025-12-30 18:55:00-05:00,1.174635,1.1747,1.17456,1.17456,-1.0
2025-12-30 19:00:00-05:00,1.17456,1.174665,1.174475,1.17464,-1.0
2025-12-30 19:05:00-05:00,1.17464,1.174735,1.174575,1.174735,-1.0
2025-12-30 19:10:00-05:00,1.174735,1.174765,1.17471,1.17472,-1.0
2025-12-30 19:15:00-05:00,1.17472,1.17476,1.1746,1.17462,-1.0
2025-12-30 19:20:00-05:00,1.17462,1.17473,1.17461,1.17473,-1.0
2025-12-30 19:25:00-05:00,1.17473,1.17476,1.17472,1.174735,-1.0
2025-12-30 19:30:00-05:00,1.174735,1.174735,1.174635,1.174635,-1.0
2025-12-30 19:35:00-05:00,1.174635,1.174635,1.17452,1.17455,-1.0
2025-12-30 19:40:00-05:00,1.17455,1.17462,1.17451,1.174545,-1.0
2025-12-30 19:45:00-05:00,1.174545,1.17457,1.17444,1.1745,-1.0
2025-12-30 19:50:00-05:00,1.1745,1.17464,1.174465,1.17464,-1.0
2025-12-30 19:55:00-05:00,1.17464,1.17478,1.17462,1.17472,-1.0
2025-12-30 20:00:00-05:00,1.17472,1.17481,1.17456,1.174565,-1.0
2025-12-30 20:05:00-05:00,1.174565,1.174745,1.17455,1.174695,-1.0
2025-12-30 20:10:00-05:00,1.174695,1.174755,1.17459,1.17475,-1.0
2025-12-30 20:15:00-05:00,1.17475,1.174905,1.17474,1.17481,-1.0
2025-12-30 20:20:00-05:00,1.17481,1.17487,1.17471,1.17473,-1.0
2025-12-30 20:25:00-05:00,1.17473,1.17474,1.174615,1.174705,-1.0
2025-12-30 20:30:00-05:00,1.174705,1.17471,1.174475,1.17461,-1.0
2025-12-30 20:35:00-05:00,1.17461,1.174795,1.174565,1.17471,-1.0
2025-12-30 20:40:00-05:00,1.17471,1.17475,1.174515,1.17452,-1.0
2025-12-30 20:45:00-05:00,1.17452,1.174745,1.174475,1.17452,-1.0
2025-12-30 20:50:00-05:00,1.17452,1.174675,1.174485,1.17458,-1.0
2025-12-30 20:55:00-05:00,1.17458,1.17472,1.174175,1.174245,-1.0
2025-12-30 21:00:00-05:00,1.174245,1.174245,1.17411,1.17412,-1.0
2025-12-30 21:05:00-05:00,1.17412,1.17412,1.173885,1.17405,-1.0
2025-12-30 21:10:00-05:00,1.17405,1.174225,1.173995,1.17405,-1.0
2025-12-30 21:15:00-05:00,1.17405,1.174165,1.173905,1.17416,-1.0
2025-12-30 21:20:00-05:00,1.17416,1.17425,1.17413,1.17414,-1.0
2025-12-30 21:25:00-05:00,1.17414,1.174205,1.17402,1.17408,-1.0
2025-12-30 21:30:00-05:00,1.17408,1.174115,1.17401,1.17403,-1.0
2025-12-30 21:35:00-05:00,1.17403,1.174115,1.17401,1.17409,-1.0
2025-12-30 21:40:00-05:00,1.17409,1.174245,1.17401,1.17403,-1.0
2025-12-30 21:45:00-05:00,1.17403,1.174075,1.174,1.17402,-1.0
2025-12-30 21:50:00-05:00,1.17402,1.174125,1.17401,1.17411,-1.0
2025-12-30 21:55:00-05:00,1.17411,1.17412,1.174,1.17402,-1.0
2025-12-30 22:00:00-05:00,1.17402,1.174185,1.174,1.17418,-1.0
2025-12-30 22:05:00-05:00,1.17418,1.174225,1.174115,1.17418,-1.0
2025-12-30 22:10:00-05:00,1.17418,1.17431,1.174065,1.17418,-1.0
2025-12-30 22:15:00-05:00,1.17418,1.174185,1.174045,1.17406,-1.0
2025-12-30 22:20:00-05:00,1.17406,1.17412,1.17395,1.17399,-1.0
2025-12-30 22:25:00-05:00,1.17399,1.17419,1.173985,1.17419,-1.0
2025-12-30 22:30:00-05:00,1.17419,1.17433,1.174175,1.17421,-1.0
2025-12-30 22:35:00-05:00,1.17421,1.174285,1.174195,1.17426,-1.0
2025-12-30 22:40:00-05:00,1.17426,1.17426,1.17415,1.17421,-1.0
2025-12-30 22:45:00-05:00,1.17421,1.17424,1.174195,1.174235,-1.0
2025-12-30 22:50:00-05:00,1.174235,1.174365,1.17421,1.17433,-1.0
2025-12-30 22:55:00-05:00,1.17433,1.174365,1.174265,1.174265,-1.0
2025-12-30 23:00:00-05:00,1.174265,1.17428,1.17421,1.174215,-1.0
2025-12-30 23:05:00-05:00,1.174215,1.17423,1.174195,1.174205,-1.0
2025-12-30 23:10:00-05:00,1.174205,1.174255,1.173965,1.173975,-1.0
2025-12-30 23:15:00-05:00,1.173975,1.17398,1.173905,1.17391,-1.0
2025-12-30 23:20:00-05:00,1.17391,1.17402,1.17391,1.174005,-1.0
2025-12-30 23:25:00-05:00,1.174005,1.17403,1.173905,1.173915,-1.0
2025-12-30 23:30:00-05:00,1.173915,1.17402,1.17391,1.173985,-1.0
2025-12-30 23:35:00-05:00,1.173985,1.173985,1.173715,1.173725,-1.0
2025-12-30 23:40:00-05:00,1.173725,1.17373,1.173635,1.173695,-1.0
2025-12-30 23:45:00-05:00,1.173695,1.1737,1.1736,1.173625,-1.0
2025-12-30 23:50:00-05:00,1.173625,1.173625,1.173325,1.17343,-1.0
2025-12-30 23:55:00-05:00,1.17343,1.17347,1.17332,1.173445,-1.0
2025-12-31 00:00:00-05:00,1.173445,1.17361,1.173435,1.17359,-1.0
2025-12-31 00:05:00-05:00,1.17359,1.173675,1.173555,1.17364,-1.0
2025-12-31 00:10:00-05:00,1.17364,1.173665,1.1736,1.173625,-1.0
2025-12-31 00:15:00-05:00,1.173625,1.17368,1.173465,1.17353,-1.0
2025-12-31 00:20:00-05:00,1.17353,1.173685,1.17343,1.173685,-1.0
2025-12-31 00:25:00-05:00,1.173685,1.17376,1.17368,1.17372,-1.0
2025-12-31 00:30:00-05:00,1.17372,1.173725,1.173635,1.173665,-1.0
2025-12-31 00:35:00-05:00,1.173665,1.17371,1.17353,1.17358,-1.0
2025-12-31 00:40:00-05:00,1.17358,1.173685,1.173505,1.173685,-1.0
2025-12-31 00:45:00-05:00,1.173685,1.173785,1.173595,1.17364,-1.0
2025-12-31 00:50:00-05:00,1.17364,1.17379,1.17357,1.17377,-1.0
2025-12-31 00:55:00-05:00,1.17377,1.17394,1.17368,1.17385,-1.0
2025-12-31 01:00:00-05:00,1.17385,1.173855,1.173415,1.17343,-1.0
2025-12-31 01:05:00-05:00,1.17343,1.173585,1.173405,1.17351,-1.0
2025-12-31 01:10:00-05:00,1.17351,1.17352,1.17332,1.173425,-1.0
2025-12-31 01:15:00-05:00,1.173425,1.173495,1.173335,1.17347,-1.0
2025-12-31 01:20:00-05:00,1.17347,1.173575,1.17343,1.17353,-1.0
2025-12-31 01:25:00-05:00,1.17353,1.17368,1.17348,1.173635,-1.0
2025-12-31 01:30:00-05:00,1.173635,1.17368,1.17358,1.17368,-1.0
2025-12-31 01:35:00-05:00,1.17368,1.17394,1.173635,1.173885,-1.0
2025-12-31 01:40:00-05:00,1.173885,1.173935,1.1738,1.173935,-1.0
2025-12-31 01:45:00-05:00,1.173935,1.17396,1.173875,1.173955,-1.0
2025-12-31 01:50:00-05:00,1.173955,1.173955,1.17377,1.173795,-1.0
2025-12-31 01:55:00-05:00,1.173795,1.17393,1.17371,1.173745,-1.0
2025-12-31 02:00:00-05:00,1.173745,1.17388,1.17355,1.17377,-1.0
2025-12-31 02:05:00-05:00,1.17377,1.17377,1.173445,1.173485,-1.0
2025-12-31 02:10:00-05:00,1.173485,1.17353,1.17333,1.17341,-1.0
2025-12-31 02:15:00-05:00,1.17341,1.173495,1.17323,1.17327,-1.0
2025-12-31 02:20:00-05:00,1.17327,1.17344,1.17326,1.173305,-1.0
2025-12-31 02:25:00-05:00,1.173305,1.17333,1.173015,1.173155,-1.0
2025-12-31 02:30:00-05:00,1.173155,1.17336,1.17298,1.173285,-1.0
2025-12-31 02:35:00-05:00,1.173285,1.17355,1.173145,1.1735,-1.0
2025-12-31 02:40:00-05:00,1.1735,1.17384,1.17346,1.17364,-1.0
2025-12-31 02:45:00-05:00,1.17364,1.173755,1.173475,1.173585,-1.0
2025-12-31 02:50:00-05:00,1.173585,1.173605,1.173425,1.17354,-1.0
2025-12-31 02:55:00-05:00,1.17354,1.173705,1.17354,1.1737,-1.0
2025-12-31 03:00:00-05:00,1.1737,1.173985,1.173695,1.17379,-1.0
2025-12-31 03:05:00-05:00,1.17379,1.173825,1.17356,1.173605,-1.0
2025-12-31 03:10:00-05:00,1.173605,1.173705,1.17353,1.173635,-1.0
2025-12-31 03:15:00-05:00,1.173635,1.173705,1.173565,1.173595,-1.0
2025-12-31 03:20:00-05:00,1.173595,1.173645,1.17339,1.173395,-1.0
2025-12-31 03:25:00-05:00,1.173395,1.173435,1.17276,1.17293,-1.0
2025-12-31 03:30:00-05:00,1.17293,1.17304,1.172765,1.17279,-1.0
2025-12-31 03:35:00-05:00,1.17279,1.172805,1.17262,1.172635,-1.0
2025-12-31 03:40:00-05:00,1.172635,1.172935,1.172505,1.17293,-1.0
2025-12-31 03:45:00-05:00,1.17293,1.172935,1.17228,1.17232,-1.0
2025-12-31 03:50:00-05:00,1.17232,1.172425,1.17219,1.172385,-1.0
2025-12-31 03:55:00-05:00,1.172385,1.17245,1.172005,1.1723,-1.0
2025-12-31 04:00:00-05:00,1.1723,1.1724,1.17201,1.17239,-1.0
2025-12-31 04:05:00-05:00,1.17239,1.17262,1.17224,1.17251,-1.0
2025-12-31 04:10:00-05:00,1.17251,1.172685,1.172475,1.172595,-1.0
2025-12-31 04:15:00-05:00,1.172595,1.1728,1.172585,1.17271,-1.0
2025-12-31 04:20:00-05:00,1.17271,1.173235,1.17271,1.17321,-1.0
2025-12-31 04:25:00-05:00,1.17321,1.17345,1.173075,1.173145,-1.0
2025-12-31 04:30:00-05:00,1.173145,1.17345,1.173085,1.173285,-1.0
2025-12-31 04:35:00-05:00,1.173285,1.173715,1.173285,1.173705,-1.0
2025-12-31 04:40:00-05:00,1.173705,1.173815,1.173475,1.17374,-1.0
2025-12-31 04:45:00-05:00,1.17374,1.17389,1.17359,1.17363,-1.0
2025-12-31 04:50:00-05:00,1.17363,1.17388,1.173565,1.173655,-1.0
2025-12-31 04:55:00-05:00,1.173655,1.173885,1.17346,1.173505,-1.0
2025-12-31 05:00:00-05:00,1.173505,1.17352,1.17322,1.173265,-1.0
2025-12-31 05:05:00-05:00,1.173265,1.173265,1.17301,1.17301,-1.0
2025-12-31 05:10:00-05:00,1.17301,1.173075,1.172875,1.17294,-1.0
2025-12-31 05:15:00-05:00,1.17294,1.173385,1.17293,1.17324,-1.0
2025-12-31 05:20:00-05:00,1.17324,1.17349,1.17324,1.173315,-1.0
2025-12-31 05:25:00-05:00,1.173315,1.173575,1.173315,1.17353,-1.0
2025-12-31 05:30:00-05:00,1.17353,1.1738,1.17353,1.173775,-1.0
2025-12-31 05:35:00-05:00,1.173775,1.173855,1.173675,1.173705,-1.0
2025-12-31 05:40:00-05:00,1.173705,1.173775,1.173585,1.17371,-1.0
2025-12-31 05:45:00-05:00,1.17371,1.17437,1.17368,1.17421,-1.0
2025-12-31 05:50:00-05:00,1.17421,1.17436,1.173835,1.17388,-1.0
2025-12-31 05:55:00-05:00,1.17388,1.17401,1.17387,1.173915,-1.0
2025-12-31 06:00:00-05:00,1.173915,1.17397,1.173645,1.17365,-1.0
2025-12-31 06:05:00-05:00,1.17365,1.17412,1.17364,1.17409,-1.0
2025-12-31 06:10:00-05:00,1.17409,1.174155,1.17389,1.1741,-1.0
2025-12-31 06:15:00-05:00,1.1741,1.17415,1.173875,1.173895,-1.0
2025-12-31 06:20:00-05:00,1.173895,1.174195,1.17386,1.174115,-1.0
2025-12-31 06:25:00-05:00,1.174115,1.174135,1.173945,1.17411,-1.0
2025-12-31 06:30:00-05:00,1.17411,1.174265,1.173965,1.17426,-1.0
2025-12-31 06:35:00-05:00,1.17426,1.174645,1.17424,1.17453,-1.0
2025-12-31 06:40:00-05:00,1.17453,1.17462,1.17442,1.1746,-1.0
2025-12-31 06:45:00-05:00,1.1746,1.174645,1.17437,1.17449,-1.0
2025-12-31 06:50:00-05:00,1.17449,1.174545,1.17426,1.174415,-1.0
2025-12-31 06:55:00-05:00,1.174415,1.174785,1.17439,1.17473,-1.0
2025-12-31 07:00:00-05:00,1.17473,1.175115,1.17473,1.17508,-1.0
2025-12-31 07:05:00-05:00,1.17508,1.175115,1.174845,1.174885,-1.0
2025-12-31 07:10:00-05:00,1.174885,1.175055,1.174805,1.17502,-1.0
2025-12-31 07:15:00-05:00,1.17502,1.17525,1.17502,1.175175,-1.0
2025-12-31 07:20:00-05:00,1.175175,1.17551,1.17517,1.175455,-1.0
2025-12-31 07:25:00-05:00,1.175455,1.175555,1.175325,1.175395,-1.0
2025-12-31 07:30:00-05:00,1.175395,1.175415,1.175145,1.175295,-1.0
2025-12-31 07:35:00-05:00,1.175295,1.17545,1.175225,1.17544,-1.0
2025-12-31 07:40:00-05:00,1.17544,1.175595,1.17538,1.175445,-1.0
2025-12-31 07:45:00-05:00,1.175445,1.175595,1.17523,1.175295,-1.0
2025-12-31 07:50:00-05:00,1.175295,1.175665,1.175225,1.17549,-1.0
2025-12-31 07:55:00-05:00,1.17549,1.17595,1.175485,1.17552,-1.0
2025-12-31 08:00:00-05:00,1.17552,1.175945,1.17552,1.17566,-1.0
2025-12-31 08:05:00-05:00,1.17566,1.17566,1.175025,1.17503,-1.0
2025-12-31 08:10:00-05:00,1.17503,1.17516,1.174965,1.175065,-1.0
2025-12-31 08:15:00-05:00,1.175065,1.175575,1.17505,1.175575,-1.0
2025-12-31 08:20:00-05:00,1.175575,1.175785,1.175375,1.17556,-1.0
2025-12-31 08:25:00-05:00,1.17556,1.17565,1.17543,1.1755,-1.0
2025-12-31 08:30:00-05:00,1.1755,1.17551,1.174505,1.17453,-1.0
2025-12-31 08:35:00-05:00,1.17453,1.17469,1.174315,1.174535,-1.0
2025-12-31 08:40:00-05:00,1.174535,1.174735,1.17437,1.17455,-1.0
2025-12-31 08:45:00-05:00,1.17455,1.174765,1.174215,1.17428,-1.0
2025-12-31 08:50:00-05:00,1.17428,1.17442,1.174175,1.17438,-1.0
2025-12-31 08:55:00-05:00,1.17438,1.174425,1.174155,1.1742,-1.0
2025-12-31 09:00:00-05:00,1.1742,1.17426,1.17376,1.174195,-1.0
2025-12-31 09:05:00-05:00,1.174195,1.174195,1.173625,1.173915,-1.0
2025-12-31 09:10:00-05:00,1.173915,1.174135,1.173825,1.173905,-1.0
2025-12-31 09:15:00-05:00,1.173905,1.173985,1.173715,1.173915,-1.0
2025-12-31 09:20:00-05:00,1.173915,1.17402,1.17372,1.173865,-1.0
2025-12-31 09:25:00-05:00,1.173865,1.174015,1.17354,1.17359,-1.0
2025-12-31 09:30:00-05:00,1.17359,1.17405,1.17339,1.17389,-1.0
2025-12-31 09:35:00-05:00,1.17389,1.173895,1.17332,1.17332,-1.0
2025-12-31 09:40:00-05:00,1.17332,1.17355,1.173235,1.17344,-1.0
2025-12-31 09:45:00-05:00,1.17344,1.17346,1.17303,1.17304,-1.0
2025-12-31 09:50:00-05:00,1.17304,1.17307,1.172735,1.17286,-1.0
2025-12-31 09:55:00-05:00,1.17286,1.17321,1.17285,1.17303,-1.0
2025-12-31 10:00:00-05:00,1.17303,1.173035,1.172205,1.17241,-1.0
2025-12-31 10:05:00-05:00,1.17241,1.172615,1.172205,1.172225,-1.0
2025-12-31 10:10:00-05:00,1.172225,1.17233,1.17206,1.17214,-1.0
2025-12-31 10:15:00-05:00,1.17214,1.17259,1.17202,1.172355,-1.0
2025-12-31 10:20:00-05:00,1.172355,1.172615,1.172245,1.17251,-1.0
2025-12-31 10:25:00-05:00,1.17251,1.17259,1.17237,1.172525,-1.0
2025-12-31 10:30:00-05:00,1.172525,1.17351,1.172525,1.173495,-1.0
2025-12-31 10:35:00-05:00,1.173495,1.17382,1.173435,1.17345,-1.0
2025-12-31 10:40:00-05:00,1.17345,1.173645,1.173335,1.17361,-1.0
2025-12-31 10:45:00-05:00,1.17361,1.17365,1.17294,1.17304,-1.0
2025-12-31 10:50:00-05:00,1.17304,1.174145,1.1725,1.17401,-1.0
2025-12-31 10:55:00-05:00,1.17401,1.17462,1.173845,1.174415,-1.0
2025-12-31 11:00:00-05:00,1.174415,1.174895,1.17425,1.17441,-1.0
2025-12-31 11:05:00-05:00,1.17441,1.17476,1.174235,1.17455,-1.0
2025-12-31 11:10:00-05:00,1.17455,1.174725,1.17443,1.174575,-1.0
2025-12-31 11:15:00-05:00,1.174575,1.17476,1.17438,1.17472,-1.0
2025-12-31 11:20:00-05:00,1.17472,1.174755,1.1739,1.17409,-1.0
2025-12-31 11:25:00-05:00,1.17409,1.174405,1.17408,1.17418,-1.0
2025-12-31 11:30:00-05:00,1.17418,1.17419,1.173585,1.17359,-1.0
2025-12-31 11:35:00-05:00,1.17359,1.173805,1.1733,1.173685,-1.0
2025-12-31 11:40:00-05:00,1.173685,1.17375,1.17311,1.17312,-1.0
2025-12-31 11:45:00-05:00,1.17312,1.173175,1.172925,1.17294,-1.0
2025-12-31 11:50:00-05:00,1.17294,1.173295,1.17288,1.17315,-1.0
2025-12-31 11:55:00-05:00,1.17315,1.17349,1.17315,1.17349,-1.0
2025-12-31 12:00:00-05:00,1.17349,1.17362,1.17318,1.173585,-1.0
2025-12-31 12:05:00-05:00,1.173585,1.17383,1.17337,1.173405,-1.0
2025-12-31 12:10:00-05:00,1.173405,1.17346,1.173145,1.17345,-1.0
2025-12-31 12:15:00-05:00,1.17345,1.17361,1.173365,1.17347,-1.0
2025-12-31 12:20:00-05:00,1.17347,1.17378,1.173405,1.17368,-1.0
2025-12-31 12:25:00-05:00,1.17368,1.17368,1.17336,1.1735,-1.0
2025-12-31 12:30:00-05:00,1.1735,1.173665,1.173435,1.173575,-1.0
2025-12-31 12:35:00-05:00,1.173575,1.17366,1.173385,1.173595,-1.0
2025-12-31 12:40:00-05:00,1.173595,1.173595,1.1733,1.17332,-1.0
2025-12-31 12:45:00-05:00,1.17332,1.17366,1.17332,1.173635,-1.0
2025-12-31 12:50:00-05:00,1.173635,1.173915,1.17341,1.173505,-1.0
2025-12-31 12:55:00-05:00,1.173505,1.17367,1.17319,1.173605,-1.0
2025-12-31 13:00:00-05:00,1.173605,1.17386,1.173155,1.17324,-1.0
2025-12-31 13:05:00-05:00,1.17324,1.17358,1.17315,1.173335,-1.0
2025-12-31 13:10:00-05:00,1.173335,1.173455,1.173315,1.173445,-1.0
2025-12-31 13:15:00-05:00,1.173445,1.17354,1.17318,1.17323,-1.0
2025-12-31 13:20:00-05:00,1.17323,1.173375,1.173035,1.17337,-1.0
2025-12-31 13:25:00-05:00,1.17337,1.173635,1.173365,1.17352,-1.0
2025-12-31 13:30:00-05:00,1.17352,1.173825,1.173315,1.17359,-1.0
2025-12-31 13:35:00-05:00,1.17359,1.173855,1.17359,1.17378,-1.0
2025-12-31 13:40:00-05:00,1.17378,1.17389,1.173605,1.17361,-1.0
2025-12-31 13:45:00-05:00,1.17361,1.173715,1.173445,1.173575,-1.0
2025-12-31 13:50:00-05:00,1.173575,1.173665,1.17346,1.173535,-1.0
2025-12-31 13:55:00-05:00,1.173535,1.173595,1.173335,1.173595,-1.0
2025-12-31 14:00:00-05:00,1.173595,1.17394,1.173595,1.173925,-1.0
2025-12-31 14:05:00-05:00,1.173925,1.174065,1.17392,1.173935,-1.0
2025-12-31 14:10:00-05:00,1.173935,1.17416,1.173935,1.17412,-1.0
2025-12-31 14:15:00-05:00,1.17412,1.17412,1.17394,1.174025,-1.0
2025-12-31 14:20:00-05:00,1.174025,1.174055,1.173905,1.174015,-1.0
2025-12-31 14:25:00-05:00,1.174015,1.174145,1.17401,1.174145,-1.0
2025-12-31 14:30:00-05:00,1.174145,1.174175,1.17386,1.173905,-1.0
2025-12-31 14:35:00-05:00,1.173905,1.17409,1.17379,1.173985,-1.0
2025-12-31 14:40:00-05:00,1.173985,1.174225,1.173985,1.17421,-1.0
2025-12-31 14:45:00-05:00,1.17421,1.17425,1.174115,1.17422,-1.0
2025-12-31 14:50:00-05:00,1.17422,1.17432,1.174155,1.17417,-1.0
2025-12-31 14:55:00-05:00,1.17417,1.174175,1.173945,1.174075,-1.0
2025-12-31 15:00:00-05:00,1.174075,1.17408,1.17406,1.17406,-1.0
2025-12-31 15:05:00-05:00,1.17406,1.17406,1.17406,1.17406,-1.0
2025-12-31 15:10:00-05:00,1.17406,1.17406,1.17406,1.17406,-1.0
2025-12-31 15:15:00-05:00,1.17406,1.17406,1.17406,1.17406,-1.0
2025-12-31 15:20:00-05:00,1.17406,1.17406,1.17406,1.17406,-1.0
2025-12-31 15:25:00-05:00,1.17406,1.17406,1.17406,1.17406,-1.0
2025-12-31 15:30:00-05:00,1.17406,1.17406,1.17406,1.17406,-1.0
2025-12-31 15:35:00-05:00,1.17406,1.17406,1.17406,1.17406,-1.0
2025-12-31 15:40:00-05:00,1.17406,1.17406,1.17406,1.17406,-1.0
2025-12-31 15:45:00-05:00,1.17406,1.17406,1.17406,1.17406,-1.0
2025-12-31 15:50:00-05:00,1.17406,1.17406,1.17406,1.17406,-1.0
2025-12-31 15:55:00-05:00,1.17406,1.17406,1.17406,1.17406,-1.0
2025-12-31 16:00:00-05:00,1.17406,1.17406,1.17406,1.17406,-1.0
2025-12-31 16:05:00-05:00,1.17406,1.17406,1.17406,1.17406,-1.0
2025-12-31 16:10:00-05:00,1.17406,1.17406,1.17406,1.17406,-1.0
2025-12-31 16:15:00-05:00,1.17406,1.17406,1.17406,1.17406,-1.0
2025-12-31 16:20:00-05:00,1.17406,1.17406,1.17406,1.17406,-1.0
2025-12-31 16:25:00-05:00,1.17406,1.17406,1.17406,1.17406,-1.0
2025-12-31 16:30:00-05:00,1.17406,1.17406,1.17406,1.17406,-1.0
2025-12-31 16:35:00-05:00,1.17406,1.17406,1.17406,1.17406,-1.0
2025-12-31 16:40:00-05:00,1.17406,1.17406,1.17406,1.17406,-1.0
2025-12-31 16:45:00-05:00,1.17406,1.17406,1.17406,1.17406,-1.0
2025-12-31 16:50:00-05:00,1.17406,1.17406,1.17406,1.17406,-1.0
2025-12-31 16:55:00-05:00,1.17406,1.174065,1.17406,1.17406,-1.0
2026-01-01 19:00:00-05:00,1.17509,1.17512,1.17501,1.17507,-1.0
2026-01-01 19:05:00-05:00,1.17507,1.175295,1.175,1.17529,-1.0
2026-01-01 19:10:00-05:00,1.17529,1.17534,1.17525,1.175275,-1.0
2026-01-01 19:15:00-05:00,1.175275,1.175275,1.17517,1.175245,-1.0
2026-01-01 19:20:00-05:00,1.175245,1.175255,1.17516,1.1752,-1.0
2026-01-01 19:25:00-05:00,1.1752,1.1752,1.175145,1.175175,-1.0
2026-01-01 19:30:00-05:00,1.175175,1.17529,1.175175,1.175185,-1.0
2026-01-01 19:35:00-05:00,1.175185,1.175295,1.175135,1.175195,-1.0
2026-01-01 19:40:00-05:00,1.175195,1.17525,1.175125,1.175245,-1.0
2026-01-01 19:45:00-05:00,1.175245,1.17539,1.17521,1.17535,-1.0
2026-01-01 19:50:00-05:00,1.17535,1.17551,1.17535,1.175485,-1.0
2026-01-01 19:55:00-05:00,1.175485,1.17564,1.175475,1.175625,-1.0
2026-01-01 20:00:00-05:00,1.175625,1.175905,1.17562,1.175865,-1.0
2026-01-01 20:05:00-05:00,1.175865,1.17607,1.175775,1.175845,-1.0
2026-01-01 20:10:00-05:00,1.175845,1.17585,1.175655,1.17569,-1.0
2026-01-01 20:15:00-05:00,1.17569,1.175885,1.175685,1.17587,-1.0
2026-01-01 20:20:00-05:00,1.17587,1.17593,1.175825,1.175895,-1.0
2026-01-01 20:25:00-05:00,1.175895,1.17604,1.17583,1.176035,-1.0
2026-01-01 20:30:00-05:00,1.176035,1.176185,1.17584,1.17587,-1.0
2026-01-01 20:35:00-05:00,1.17587,1.175945,1.17584,1.17587,-1.0
2026-01-01 20:40:00-05:00,1.17587,1.17604,1.175865,1.176035,-1.0
2026-01-01 20:45:00-05:00,1.176035,1.17619,1.175935,1.176185,-1.0
2026-01-01 20:50:00-05:00,1.176185,1.176285,1.176105,1.176135,-1.0
2026-01-01 20:55:00-05:00,1.176135,1.176215,1.176085,1.176095,-1.0
2026-01-01 21:00:00-05:00,1.176095,1.17631,1.17602,1.1763,-1.0
2026-01-01 21:05:00-05:00,1.1763,1.176385,1.17624,1.176345,-1.0
2026-01-01 21:10:00-05:00,1.176345,1.17635,1.176245,1.17634,-1.0
2026-01-01 21:15:00-05:00,1.17634,1.176355,1.17617,1.176215,-1.0
2026-01-01 21:20:00-05:00,1.176215,1.17622,1.176125,1.17619,-1.0
2026-01-01 21:25:00-05:00,1.17619,1.17622,1.176085,1.176125,-1.0
2026-01-01 21:30:00-05:00,1.176125,1.176125,1.175965,1.17602,-1.0
2026-01-01 21:35:00-05:00,1.17602,1.176035,1.17591,1.17592,-1.0
2026-01-01 21:40:00-05:00,1.17592,1.176035,1.175845,1.17602,-1.0
2026-01-01 21:45:00-05:00,1.17602,1.17604,1.17595,1.17597,-1.0
2026-01-01 21:50:00-05:00,1.17597,1.17598,1.175825,1.175835,-1.0
2026-01-01 21:55:00-05:00,1.175835,1.175955,1.17583,1.17593,-1.0
2026-01-01 22:00:00-05:00,1.17593,1.17622,1.17593,1.17619,-1.0
2026-01-01 22:05:00-05:00,1.17619,1.17624,1.176065,1.17617,-1.0
2026-01-01 22:10:00-05:00,1.17617,1.17619,1.176075,1.17618,-1.0
2026-01-01 22:15:00-05:00,1.17618,1.17623,1.17613,1.176225,-1.0
2026-01-01 22:20:00-05:00,1.176225,1.17623,1.17613,1.17622,-1.0
2026-01-01 22:25:00-05:00,1.17622,1.176315,1.17619,1.1763,-1.0
2026-01-01 22:30:00-05:00,1.1763,1.176335,1.176225,1.176235,-1.0
2026-01-01 22:35:00-05:00,1.176235,1.176315,1.17619,1.17622,-1.0
2026-01-01 22:40:00-05:00,1.17622,1.17638,1.17622,1.17637,-1.0
2026-01-01 22:45:00-05:00,1.17637,1.176395,1.176335,1.176375,-1.0
2026-01-01 22:50:00-05:00,1.176375,1.17649,1.17637,1.176465,-1.0
2026-01-01 22:55:00-05:00,1.176465,1.176475,1.17638,1.17644,-1.0
2026-01-01 23:00:00-05:00,1.17644,1.17648,1.17638,1.176465,-1.0
2026-01-01 23:05:00-05:00,1.176465,1.17647,1.176305,1.17634,-1.0
2026-01-01 23:10:00-05:00,1.17634,1.176345,1.17606,1.176105,-1.0
2026-01-01 23:15:00-05:00,1.176105,1.17615,1.17605,1.176145,-1.0
2026-01-01 23:20:00-05:00,1.176145,1.176145,1.175935,1.17599,-1.0
2026-01-01 23:25:00-05:00,1.17599,1.17599,1.17581,1.175845,-1.0
2026-01-01 23:30:00-05:00,1.175845,1.17585,1.175685,1.17569,-1.0
2026-01-01 23:35:00-05:00,1.17569,1.175735,1.17562,1.175705,-1.0
2026-01-01 23:40:00-05:00,1.175705,1.17572,1.175525,1.175595,-1.0
2026-01-01 23:45:00-05:00,1.175595,1.17572,1.17556,1.17571,-1.0
2026-01-01 23:50:00-05:00,1.17571,1.17572,1.17559,1.175615,-1.0
2026-01-01 23:55:00-05:00,1.175615,1.17563,1.17552,1.17557,-1.0
2026-01-02 00:00:00-05:00,1.17557,1.17557,1.1755,1.175515,-1.0
2026-01-02 00:05:00-05:00,1.175515,1.17556,1.175495,1.175525,-1.0
2026-01-02 00:10:00-05:00,1.175525,1.1756,1.175525,1.17558,-1.0
2026-01-02 00:15:00-05:00,1.17558,1.17566,1.17556,1.175585,-1.0
2026-01-02 00:20:00-05:00,1.175585,1.175665,1.17554,1.175645,-1.0
2026-01-02 00:25:00-05:00,1.175645,1.1757,1.17561,1.17569,-1.0
2026-01-02 00:30:00-05:00,1.17569,1.17576,1.175655,1.175735,-1.0
2026-01-02 00:35:00-05:00,1.175735,1.175785,1.175615,1.175685,-1.0
2026-01-02 00:40:00-05:00,1.175685,1.1757,1.17556,1.17563,-1.0
2026-01-02 00:45:00-05:00,1.17563,1.175675,1.17526,1.17536,-1.0
2026-01-02 00:50:00-05:00,1.17536,1.175365,1.17521,1.175285,-1.0
2026-01-02 00:55:00-05:00,1.175285,1.175435,1.17508,1.17513,-1.0
2026-01-02 01:00:00-05:00,1.17513,1.175145,1.174875,1.17489,-1.0
2026-01-02 01:05:00-05:00,1.17489,1.174925,1.17478,1.17488,-1.0
2026-01-02 01:10:00-05:00,1.17488,1.174935,1.17472,1.17472,-1.0
2026-01-02 01:15:00-05:00,1.17472,1.174725,1.17452,1.17469,-1.0
2026-01-02 01:20:00-05:00,1.17469,1.17471,1.174365,1.174465,-1.0
2026-01-02 01:25:00-05:00,1.174465,1.174515,1.174335,1.17437,-1.0
2026-01-02 01:30:00-05:00,1.17437,1.17438,1.174165,1.17424,-1.0
2026-01-02 01:35:00-05:00,1.17424,1.17443,1.174235,1.17438,-1.0
2026-01-02 01:40:00-05:00,1.17438,1.17438,1.174295,1.17431,-1.0
2026-01-02 01:45:00-05:00,1.17431,1.174435,1.174265,1.174385,-1.0
2026-01-02 01:50:00-05:00,1.174385,1.17455,1.17428,1.17443,-1.0
2026-01-02 01:55:00-05:00,1.17443,1.17443,1.17421,1.174385,-1.0
2026-01-02 02:00:00-05:00,1.174385,1.17444,1.174205,1.174435,-1.0
2026-01-02 02:05:00-05:00,1.174435,1.1746,1.17434,1.1745,-1.0
2026-01-02 02:10:00-05:00,1.1745,1.17456,1.1744,1.174505,-1.0
2026-01-02 02:15:00-05:00,1.174505,1.174525,1.174375,1.174525,-1.0
2026-01-02 02:20:00-05:00,1.174525,1.17471,1.17433,1.174385,-1.0
2026-01-02 02:25:00-05:00,1.174385,1.174565,1.174165,1.174165,-1.0
2026-01-02 02:30:00-05:00,1.174165,1.174165,1.17323,1.173285,-1.0
2026-01-02 02:35:00-05:00,1.173285,1.173805,1.17325,1.173805,-1.0
2026-01-02 02:40:00-05:00,1.173805,1.17392,1.173555,1.17358,-1.0
2026-01-02 02:45:00-05:00,1.17358,1.17367,1.173235,1.173335,-1.0
2026-01-02 02:50:00-05:00,1.173335,1.17359,1.173325,1.17346,-1.0
2026-01-02 02:55:00-05:00,1.17346,1.17393,1.173455,1.173485,-1.0
2026-01-02 03:00:00-05:00,1.173485,1.173845,1.17313,1.1732,-1.0
2026-01-02 03:05:00-05:00,1.1732,1.1735,1.17306,1.173415,-1.0
2026-01-02 03:10:00-05:00,1.173415,1.173725,1.17341,1.17349,-1.0
2026-01-02 03:15:00-05:00,1.17349,1.17349,1.172395,1.17249,-1.0
2026-01-02 03:20:00-05:00,1.17249,1.172825,1.17244,1.172605,-1.0
2026-01-02 03:25:00-05:00,1.172605,1.172915,1.172395,1.172615,-1.0
2026-01-02 03:30:00-05:00,1.172615,1.172985,1.17243,1.17297,-1.0
2026-01-02 03:35:00-05:00,1.17297,1.173065,1.17276,1.17282,-1.0
2026-01-02 03:40:00-05:00,1.17282,1.173015,1.172745,1.172835,-1.0
2026-01-02 03:45:00-05:00,1.172835,1.17285,1.17258,1.17272,-1.0
2026-01-02 03:50:00-05:00,1.17272,1.17298,1.17258,1.17277,-1.0
2026-01-02 03:55:00-05:00,1.17277,1.173075,1.1727,1.172875,-1.0
2026-01-02 04:00:00-05:00,1.172875,1.172995,1.17271,1.17277,-1.0
2026-01-02 04:05:00-05:00,1.17277,1.17367,1.172755,1.173385,-1.0
2026-01-02 04:10:00-05:00,1.173385,1.173505,1.173135,1.173145,-1.0
2026-01-02 04:15:00-05:00,1.173145,1.173635,1.173085,1.17361,-1.0
2026-01-02 04:20:00-05:00,1.17361,1.17375,1.17319,1.173205,-1.0
2026-01-02 04:25:00-05:00,1.173205,1.173305,1.172965,1.17319,-1.0
2026-01-02 04:30:00-05:00,1.17319,1.17323,1.17288,1.173085,-1.0
2026-01-02 04:35:00-05:00,1.173085,1.173085,1.17272,1.17273,-1.0
2026-01-02 04:40:00-05:00,1.17273,1.172875,1.172405,1.172875,-1.0
2026-01-02 04:45:00-05:00,1.172875,1.17297,1.17276,1.17276,-1.0
2026-01-02 04:50:00-05:00,1.17276,1.172795,1.172205,1.17238,-1.0
2026-01-02 04:55:00-05:00,1.17238,1.172405,1.172075,1.17215,-1.0
2026-01-02 05:00:00-05:00,1.17215,1.172195,1.171985,1.17209,-1.0
2026-01-02 05:05:00-05:00,1.17209,1.172225,1.171975,1.17203,-1.0
2026-01-02 05:10:00-05:00,1.17203,1.17203,1.17153,1.17157,-1.0
2026-01-02 05:15:00-05:00,1.17157,1.171765,1.17139,1.171425,-1.0
2026-01-02 05:20:00-05:00,1.171425,1.17164,1.17135,1.171635,-1.0
2026-01-02 05:25:00-05:00,1.171635,1.171745,1.171335,1.171355,-1.0
2026-01-02 05:30:00-05:00,1.171355,1.171865,1.171335,1.17155,-1.0
2026-01-02 05:35:00-05:00,1.17155,1.171785,1.17144,1.17154,-1.0
2026-01-02 05:40:00-05:00,1.17154,1.17178,1.171425,1.171705,-1.0
2026-01-02 05:45:00-05:00,1.171705,1.17201,1.171595,1.171995,-1.0
2026-01-02 05:50:00-05:00,1.171995,1.172155,1.17191,1.172,-1.0
2026-01-02 05:55:00-05:00,1.172,1.17236,1.171985,1.172115,-1.0
2026-01-02 06:00:00-05:00,1.172115,1.172115,1.171945,1.17195,-1.0
2026-01-02 06:05:00-05:00,1.17195,1.172205,1.17191,1.172075,-1.0
2026-01-02 06:10:00-05:00,1.172075,1.172085,1.171745,1.17185,-1.0
2026-01-02 06:15:00-05:00,1.17185,1.17196,1.17177,1.17183,-1.0
2026-01-02 06:20:00-05:00,1.17183,1.1719,1.171595,1.171725,-1.0
2026-01-02 06:25:00-05:00,1.171725,1.17199,1.171705,1.171985,-1.0
2026-01-02 06:30:00-05:00,1.171985,1.17225,1.171975,1.17209,-1.0
2026-01-02 06:35:00-05:00,1.17209,1.1721,1.171535,1.17178,-1.0
2026-01-02 06:40:00-05:00,1.17178,1.17214,1.17172,1.171965,-1.0
2026-01-02 06:45:00-05:00,1.171965,1.172025,1.17175,1.17196,-1.0
2026-01-02 06:50:00-05:00,1.17196,1.17198,1.17183,1.17192,-1.0
2026-01-02 06:55:00-05:00,1.17192,1.17225,1.171835,1.172195,-1.0
2026-01-02 07:00:00-05:00,1.172195,1.172395,1.17207,1.172325,-1.0
2026-01-02 07:05:00-05:00,1.172325,1.17249,1.17231,1.172425,-1.0
2026-01-02 07:10:00-05:00,1.172425,1.172495,1.172355,1.17238,-1.0
2026-01-02 07:15:00-05:00,1.17238,1.17255,1.172325,1.17234,-1.0
2026-01-02 07:20:00-05:00,1.17234,1.17259,1.17228,1.172535,-1.0
2026-01-02 07:25:00-05:00,1.172535,1.172565,1.172395,1.17251,-1.0
2026-01-02 07:30:00-05:00,1.17251,1.17252,1.17227,1.172415,-1.0
2026-01-02 07:35:00-05:00,1.172415,1.17252,1.17223,1.17251,-1.0
2026-01-02 07:40:00-05:00,1.17251,1.172725,1.17251,1.17271,-1.0
2026-01-02 07:45:00-05:00,1.17271,1.17271,1.17246,1.17248,-1.0
2026-01-02 07:50:00-05:00,1.17248,1.17254,1.172205,1.172235,-1.0
2026-01-02 07:55:00-05:00,1.172235,1.17236,1.172125,1.17236,-1.0
2026-01-02 08:00:00-05:00,1.17236,1.17261,1.172165,1.172565,-1.0
2026-01-02 08:05:00-05:00,1.172565,1.17258,1.172135,1.172135,-1.0
2026-01-02 08:10:00-05:00,1.172135,1.17259,1.17203,1.172465,-1.0
2026-01-02 08:15:00-05:00,1.172465,1.172715,1.17245,1.172715,-1.0
2026-01-02 08:20:00-05:00,1.172715,1.172895,1.172425,1.17289,-1.0
2026-01-02 08:25:00-05:00,1.17289,1.17289,1.17216,1.172165,-1.0
2026-01-02 08:30:00-05:00,1.172165,1.17217,1.171955,1.172055,-1.0
2026-01-02 08:35:00-05:00,1.172055,1.172295,1.17197,1.172015,-1.0
2026-01-02 08:40:00-05:00,1.172015,1.172175,1.17184,1.171965,-1.0
2026-01-02 08:45:00-05:00,1.171965,1.172305,1.171855,1.172085,-1.0
2026-01-02 08:50:00-05:00,1.172085,1.17222,1.171825,1.17201,-1.0
2026-01-02 08:55:00-05:00,1.17201,1.172355,1.17193,1.172165,-1.0
2026-01-02 09:00:00-05:00,1.172165,1.17225,1.171955,1.171985,-1.0
2026-01-02 09:05:00-05:00,1.171985,1.172355,1.17192,1.172325,-1.0
2026-01-02 09:10:00-05:00,1.172325,1.17235,1.171995,1.172035,-1.0
2026-01-02 09:15:00-05:00,1.172035,1.172125,1.17158,1.171765,-1.0
2026-01-02 09:20:00-05:00,1.171765,1.172235,1.171735,1.17222,-1.0
2026-01-02 09:25:00-05:00,1.17222,1.172735,1.17219,1.172665,-1.0
2026-01-02 09:30:00-05:00,1.172665,1.172775,1.172505,1.172775,-1.0
2026-01-02 09:35:00-05:00,1.172775,1.172905,1.172515,1.172595,-1.0
2026-01-02 09:40:00-05:00,1.172595,1.17282,1.172515,1.17261,-1.0
2026-01-02 09:45:00-05:00,1.17261,1.173065,1.172515,1.17288,-1.0
2026-01-02 09:50:00-05:00,1.17288,1.17288,1.172535,1.17283,-1.0
2026-01-02 09:55:00-05:00,1.17283,1.172975,1.172705,1.172865,-1.0
2026-01-02 10:00:00-05:00,1.172865,1.1734,1.172835,1.17333,-1.0
2026-01-02 10:05:00-05:00,1.17333,1.1737,1.173275,1.17361,-1.0
2026-01-02 10:10:00-05:00,1.17361,1.1737,1.173355,1.17341,-1.0
2026-01-02 10:15:00-05:00,1.17341,1.17372,1.173305,1.17359,-1.0
2026-01-02 10:20:00-05:00,1.17359,1.173775,1.173465,1.1735,-1.0
2026-01-02 10:25:00-05:00,1.1735,1.17362,1.17319,1.17353,-1.0
2026-01-02 10:30:00-05:00,1.17353,1.17368,1.173325,1.17346,-1.0
2026-01-02 10:35:00-05:00,1.17346,1.173985,1.17346,1.17398,-1.0
2026-01-02 10:40:00-05:00,1.17398,1.174215,1.17386,1.1739,-1.0
2026-01-02 10:45:00-05:00,1.1739,1.1742,1.173805,1.17411,-1.0
2026-01-02 10:50:00-05:00,1.17411,1.174655,1.173905,1.174645,-1.0
2026-01-02 10:55:00-05:00,1.174645,1.17523,1.174645,1.17508,-1.0
2026-01-02 11:00:00-05:00,1.17508,1.17546,1.175,1.17501,-1.0
2026-01-02 11:05:00-05:00,1.17501,1.17503,1.174585,1.174735,-1.0
2026-01-02 11:10:00-05:00,1.174735,1.174745,1.174435,1.174435,-1.0
2026-01-02 11:15:00-05:00,1.174435,1.17454,1.17417,1.174315,-1.0
2026-01-02 11:20:00-05:00,1.174315,1.174605,1.174315,1.17452,-1.0
2026-01-02 11:25:00-05:00,1.17452,1.17461,1.17437,1.174465,-1.0
2026-01-02 11:30:00-05:00,1.174465,1.174645,1.174445,1.174585,-1.0
2026-01-02 11:35:00-05:00,1.174585,1.17462,1.174175,1.1742,-1.0
2026-01-02 11:40:00-05:00,1.1742,1.17422,1.173745,1.173765,-1.0
2026-01-02 11:45:00-05:00,1.173765,1.173815,1.1736,1.17376,-1.0
2026-01-02 11:50:00-05:00,1.17376,1.1738,1.17346,1.17358,-1.0
2026-01-02 11:55:00-05:00,1.17358,1.173815,1.17342,1.17374,-1.0
2026-01-02 12:00:00-05:00,1.17374,1.173765,1.173365,1.17348,-1.0
2026-01-02 12:05:00-05:00,1.17348,1.173615,1.1732,1.173205,-1.0
2026-01-02 12:10:00-05:00,1.173205,1.173515,1.1732,1.17342,-1.0
2026-01-02 12:15:00-05:00,1.17342,1.17344,1.17316,1.17337,-1.0
2026-01-02 12:20:00-05:00,1.17337,1.173635,1.173165,1.173175,-1.0
2026-01-02 12:25:00-05:00,1.173175,1.17338,1.17311,1.17336,-1.0
2026-01-02 12:30:00-05:00,1.17336,1.17363,1.173275,1.17362,-1.0
2026-01-02 12:35:00-05:00,1.17362,1.173685,1.173345,1.17348,-1.0
2026-01-02 12:40:00-05:00,1.17348,1.173525,1.173345,1.17339,-1.0
2026-01-02 12:45:00-05:00,1.17339,1.173555,1.173075,1.1731,-1.0
2026-01-02 12:50:00-05:00,1.1731,1.17311,1.17286,1.173,-1.0
2026-01-02 12:55:00-05:00,1.173,1.17314,1.172915,1.173075,-1.0
2026-01-02 13:00:00-05:00,1.173075,1.17313,1.17288,1.172925,-1.0
2026-01-02 13:05:00-05:00,1.172925,1.172925,1.17264,1.172735,-1.0
2026-01-02 13:10:00-05:00,1.172735,1.172735,1.172475,1.17253,-1.0
2026-01-02 13:15:00-05:00,1.17253,1.17267,1.17243,1.17263,-1.0
2026-01-02 13:20:00-05:00,1.17263,1.172675,1.17246,1.17249,-1.0
2026-01-02 13:25:00-05:00,1.17249,1.172495,1.17228,1.17234,-1.0
2026-01-02 13:30:00-05:00,1.17234,1.172345,1.172075,1.172155,-1.0
2026-01-02 13:35:00-05:00,1.172155,1.17217,1.17167,1.171915,-1.0
2026-01-02 13:40:00-05:00,1.171915,1.172055,1.17167,1.17171,-1.0
2026-01-02 13:45:00-05:00,1.17171,1.171745,1.171575,1.171645,-1.0
2026-01-02 13:50:00-05:00,1.171645,1.171895,1.171535,1.171895,-1.0
2026-01-02 13:55:00-05:00,1.171895,1.17199,1.17183,1.17191,-1.0
2026-01-02 14:00:00-05:00,1.17191,1.17192,1.171745,1.17181,-1.0
2026-01-02 14:05:00-05:00,1.17181,1.17189,1.1715,1.171625,-1.0
2026-01-02 14:10:00-05:00,1.171625,1.17171,1.171465,1.171705,-1.0
2026-01-02 14:15:00-05:00,1.171705,1.171845,1.17166,1.171825,-1.0
2026-01-02 14:20:00-05:00,1.171825,1.171835,1.1715,1.17151,-1.0
2026-01-02 14:25:00-05:00,1.17151,1.171815,1.171505,1.17166,-1.0
2026-01-02 14:30:00-05:00,1.17166,1.17172,1.171435,1.17153,-1.0
2026-01-02 14:35:00-05:00,1.17153,1.17166,1.171455,1.17161,-1.0
2026-01-02 14:40:00-05:00,1.17161,1.171755,1.171595,1.171715,-1.0
2026-01-02 14:45:00-05:00,1.171715,1.171855,1.171715,1.17181,-1.0
2026-01-02 14:50:00-05:00,1.17181,1.172125,1.17179,1.17209,-1.0
2026-01-02 14:55:00-05:00,1.17209,1.17244,1.17209,1.172325,-1.0
2026-01-02 15:00:00-05:00,1.172325,1.172375,1.171935,1.171945,-1.0
2026-01-02 15:05:00-05:00,1.171945,1.17198,1.17153,1.171785,-1.0
2026-01-02 15:10:00-05:00,1.171785,1.172075,1.171785,1.17187,-1.0
2026-01-02 15:15:00-05:00,1.17187,1.17213,1.171865,1.17204,-1.0
2026-01-02 15:20:00-05:00,1.17204,1.17214,1.171885,1.17197,-1.0
2026-01-02 15:25:00-05:00,1.17197,1.172145,1.17193,1.17212,-1.0
2026-01-02 15:30:00-05:00,1.17212,1.1722,1.17201,1.17201,-1.0
2026-01-02 15:35:00-05:00,1.17201,1.17222,1.17198,1.17216,-1.0
2026-01-02 15:40:00-05:00,1.17216,1.172215,1.17183,1.17184,-1.0
2026-01-02 15:45:00-05:00,1.17184,1.17191,1.171705,1.171705,-1.0
2026-01-02 15:50:00-05:00,1.171705,1.171735,1.17166,1.17169,-1.0
2026-01-02 15:55:00-05:00,1.17169,1.171785,1.171555,1.17176,-1.0
2026-01-02 16:00:00-05:00,1.17176,1.172145,1.171735,1.17211,-1.0
2026-01-02 16:05:00-05:00,1.17211,1.17223,1.17206,1.172185,-1.0
2026-01-02 16:10:00-05:00,1.172185,1.17228,1.172115,1.17212,-1.0
2026-01-02 16:15:00-05:00,1.17212,1.172195,1.172075,1.17211,-1.0
2026-01-02 16:20:00-05:00,1.17211,1.17211,1.17202,1.17203,-1.0
2026-01-02 16:25:00-05:00,1.17203,1.172175,1.172015,1.17212,-1.0
2026-01-02 16:30:00-05:00,1.17212,1.172285,1.172115,1.17222,-1.0
2026-01-02 16:35:00-05:00,1.17222,1.17233,1.172155,1.172225,-1.0
2026-01-02 16:40:00-05:00,1.172225,1.172315,1.171855,1.171895,-1.0
2026-01-02 16:45:00-05:00,1.171895,1.171905,1.17174,1.17179,-1.0
2026-01-02 16:50:00-05:00,1.17179,1.172165,1.17177,1.17208,-1.0
2026-01-02 16:55:00-05:00,1.17208,1.17208,1.17192,1.17202,-1.0
2026-01-04 17:15:00-05:00,1.172425,1.17244,1.17227,1.17239,-1.0
2026-01-04 17:20:00-05:00,1.17239,1.17248,1.172385,1.17248,-1.0
2026-01-04 17:25:00-05:00,1.17248,1.17248,1.17232,1.17233,-1.0
2026-01-04 17:30:00-05:00,1.17233,1.17233,1.172125,1.17217,-1.0
2026-01-04 17:35:00-05:00,1.17217,1.172175,1.17214,1.17214,-1.0
2026-01-04 17:40:00-05:00,1.17214,1.172145,1.172025,1.17208,-1.0
2026-01-04 17:45:00-05:00,1.17208,1.17219,1.17208,1.17219,-1.0
2026-01-04 17:50:00-05:00,1.17219,1.17219,1.172155,1.17218,-1.0
2026-01-04 17:55:00-05:00,1.17218,1.172235,1.17106,1.171155,-1.0
2026-01-04 18:00:00-05:00,1.171155,1.17116,1.17003,1.17034,-1.0
2026-01-04 18:05:00-05:00,1.17034,1.1713,1.17034,1.171255,-1.0
2026-01-04 18:10:00-05:00,1.171255,1.171285,1.17106,1.171185,-1.0
2026-01-04 18:15:00-05:00,1.171185,1.17127,1.17109,1.17113,-1.0
2026-01-04 18:20:00-05:00,1.17113,1.171265,1.17102,1.17114,-1.0
2026-01-04 18:25:00-05:00,1.17114,1.171165,1.17088,1.1709,-1.0
2026-01-04 18:30:00-05:00,1.1709,1.1709,1.17046,1.17071,-1.0
2026-01-04 18:35:00-05:00,1.17071,1.170785,1.170605,1.170645,-1.0
2026-01-04 18:40:00-05:00,1.170645,1.17065,1.170265,1.170415,-1.0
2026-01-04 18:45:00-05:00,1.170415,1.17073,1.170295,1.17066,-1.0
2026-01-04 18:50:00-05:00,1.17066,1.170805,1.170385,1.170475,-1.0
2026-01-04 18:55:00-05:00,1.170475,1.1706,1.170245,1.170525,-1.0
2026-01-04 19:00:00-05:00,1.170525,1.17096,1.170425,1.17086,-1.0
2026-01-04 19:05:00-05:00,1.17086,1.170985,1.170455,1.170815,-1.0
2026-01-04 19:10:00-05:00,1.170815,1.171015,1.17065,1.17081,-1.0
2026-01-04 19:15:00-05:00,1.17081,1.17087,1.170585,1.17083,-1.0
2026-01-04 19:20:00-05:00,1.17083,1.171025,1.17077,1.17095,-1.0
2026-01-04 19:25:00-05:00,1.17095,1.171115,1.17073,1.17077,-1.0
2026-01-04 19:30:00-05:00,1.17077,1.171025,1.170705,1.17092,-1.0
2026-01-04 19:35:00-05:00,1.17092,1.17092,1.17066,1.17068,-1.0
2026-01-04 19:40:00-05:00,1.17068,1.170715,1.170525,1.17071,-1.0
2026-01-04 19:45:00-05:00,1.17071,1.17086,1.17066,1.170755,-1.0
2026-01-04 19:50:00-05:00,1.170755,1.17078,1.170355,1.170385,-1.0
2026-01-04 19:55:00-05:00,1.170385,1.170645,1.170375,1.170505,-1.0
2026-01-04 20:00:00-05:00,1.170505,1.170565,1.170135,1.17019,-1.0
2026-01-04 20:05:00-05:00,1.17019,1.170485,1.170055,1.17048,-1.0
2026-01-04 20:10:00-05:00,1.17048,1.17068,1.170265,1.170345,-1.0
2026-01-04 20:15:00-05:00,1.170345,1.170555,1.170265,1.17039,-1.0
2026-01-04 20:20:00-05:00,1.17039,1.17074,1.170385,1.17046,-1.0
2026-01-04 20:25:00-05:00,1.17046,1.17051,1.17017,1.17021,-1.0
2026-01-04 20:30:00-05:00,1.17021,1.170335,1.170145,1.17019,-1.0
2026-01-04 20:35:00-05:00,1.17019,1.170555,1.170165,1.170495,-1.0
2026-01-04 20:40:00-05:00,1.170495,1.17056,1.170285,1.17055,-1.0
2026-01-04 20:45:00-05:00,1.17055,1.170605,1.17034,1.170365,-1.0
2026-01-04 20:50:00-05:00,1.170365,1.170375,1.17014,1.170175,-1.0
2026-01-04 20:55:00-05:00,1.170175,1.170175,1.169965,1.170035,-1.0
2026-01-04 21:00:00-05:00,1.170035,1.17016,1.169895,1.169965,-1.0
2026-01-04 21:05:00-05:00,1.169965,1.17001,1.169445,1.16963,-1.0
2026-01-04 21:10:00-05:00,1.16963,1.169795,1.169565,1.169745,-1.0
2026-01-04 21:15:00-05:00,1.169745,1.169885,1.16967,1.169715,-1.0
2026-01-04 21:20:00-05:00,1.169715,1.16976,1.169325,1.16933,-1.0
2026-01-04 21:25:00-05:00,1.16933,1.169445,1.16912,1.169285,-1.0
2026-01-04 21:30:00-05:00,1.169285,1.16942,1.16916,1.169255,-1.0
2026-01-04 21:35:00-05:00,1.169255,1.169255,1.16858,1.16872,-1.0
2026-01-04 21:40:00-05:00,1.16872,1.168725,1.168435,1.16853,-1.0
2026-01-04 21:45:00-05:00,1.16853,1.16858,1.16841,1.168505,-1.0
2026-01-04 21:50:00-05:00,1.168505,1.168805,1.168505,1.16876,-1.0
2026-01-04 21:55:00-05:00,1.16876,1.1689,1.168715,1.16887,-1.0
2026-01-04 22:00:00-05:00,1.16887,1.169095,1.16881,1.169025,-1.0
2026-01-04 22:05:00-05:00,1.169025,1.169045,1.168495,1.16861,-1.0
2026-01-04 22:10:00-05:00,1.16861,1.16861,1.16825,1.16831,-1.0
2026-01-04 22:15:00-05:00,1.16831,1.16836,1.168155,1.168155,-1.0
2026-01-04 22:20:00-05:00,1.168155,1.16816,1.16739,1.167395,-1.0
2026-01-04 22:25:00-05:00,1.167395,1.16753,1.167235,1.167365,-1.0
2026-01-04 22:30:00-05:00,1.167365,1.167365,1.16723,1.16727,-1.0
2026-01-04 22:35:00-05:00,1.16727,1.16753,1.16727,1.16747,-1.0
2026-01-04 22:40:00-05:00,1.16747,1.167625,1.16736,1.167535,-1.0
2026-01-04 22:45:00-05:00,1.167535,1.16759,1.16744,1.16759,-1.0
2026-01-04 22:50:00-05:00,1.16759,1.16784,1.16759,1.1677,-1.0
2026-01-04 22:55:00-05:00,1.1677,1.167705,1.16753,1.16753,-1.0
2026-01-04 23:00:00-05:00,1.16753,1.16775,1.16742,1.167615,-1.0
2026-01-04 23:05:00-05:00,1.167615,1.16779,1.16761,1.167675,-1.0
2026-01-04 23:10:00-05:00,1.167675,1.167675,1.167515,1.167575,-1.0
2026-01-04 23:15:00-05:00,1.167575,1.167825,1.167535,1.167695,-1.0
2026-01-04 23:20:00-05:00,1.167695,1.167715,1.167525,1.16762,-1.0
2026-01-04 23:25:00-05:00,1.16762,1.167625,1.16742,1.16743,-1.0
2026-01-04 23:30:00-05:00,1.16743,1.16772,1.16733,1.167625,-1.0
2026-01-04 23:35:00-05:00,1.167625,1.1679,1.167625,1.167765,-1.0
2026-01-04 23:40:00-05:00,1.167765,1.16799,1.167765,1.167885,-1.0
2026-01-04 23:45:00-05:00,1.167885,1.168255,1.167885,1.16824,-1.0
2026-01-04 23:50:00-05:00,1.16824,1.16824,1.168005,1.168185,-1.0
2026-01-04 23:55:00-05:00,1.168185,1.16831,1.168135,1.1682,-1.0
2026-01-05 00:00:00-05:00,1.1682,1.1682,1.16805,1.168145,-1.0
2026-01-05 00:05:00-05:00,1.168145,1.16824,1.168065,1.1682,-1.0
2026-01-05 00:10:00-05:00,1.1682,1.16824,1.168165,1.1682,-1.0
2026-01-05 00:15:00-05:00,1.1682,1.1683,1.16814,1.16829,-1.0
2026-01-05 00:20:00-05:00,1.16829,1.168315,1.168195,1.16823,-1.0
2026-01-05 00:25:00-05:00,1.16823,1.168375,1.168205,1.168365,-1.0
2026-01-05 00:30:00-05:00,1.168365,1.168425,1.168335,1.16834,-1.0
2026-01-05 00:35:00-05:00,1.16834,1.16849,1.16832,1.16838,-1.0
2026-01-05 00:40:00-05:00,1.16838,1.1685,1.16838,1.168485,-1.0
2026-01-05 00:45:00-05:00,1.168485,1.168505,1.168415,1.16846,-1.0
2026-01-05 00:50:00-05:00,1.16846,1.16853,1.16842,1.168425,-1.0
2026-01-05 00:55:00-05:00,1.168425,1.16861,1.16838,1.168545,-1.0
2026-01-05 01:00:00-05:00,1.168545,1.16864,1.16826,1.16826,-1.0
2026-01-05 01:05:00-05:00,1.16826,1.16827,1.16797,1.168135,-1.0
2026-01-05 01:10:00-05:00,1.168135,1.168435,1.16783,1.16843,-1.0
2026-01-05 01:15:00-05:00,1.16843,1.16859,1.168355,1.16856,-1.0
2026-01-05 01:20:00-05:00,1.16856,1.168705,1.168525,1.168685,-1.0
2026-01-05 01:25:00-05:00,1.168685,1.16879,1.168565,1.168745,-1.0
2026-01-05 01:30:00-05:00,1.168745,1.168995,1.168725,1.168935,-1.0
2026-01-05 01:35:00-05:00,1.168935,1.169005,1.168755,1.16896,-1.0
2026-01-05 01:40:00-05:00,1.16896,1.16902,1.168855,1.16901,-1.0
2026-01-05 01:45:00-05:00,1.16901,1.169145,1.168905,1.169145,-1.0
2026-01-05 01:50:00-05:00,1.169145,1.16919,1.16902,1.169085,-1.0
2026-01-05 01:55:00-05:00,1.169085,1.16919,1.16903,1.16911,-1.0
2026-01-05 02:00:00-05:00,1.16911,1.169155,1.16885,1.168935,-1.0
2026-01-05 02:05:00-05:00,1.168935,1.169055,1.168635,1.168785,-1.0
2026-01-05 02:10:00-05:00,1.168785,1.16889,1.16853,1.16858,-1.0
2026-01-05 02:15:00-05:00,1.16858,1.16893,1.168435,1.16893,-1.0
2026-01-05 02:20:00-05:00,1.16893,1.169215,1.16889,1.169175,-1.0
2026-01-05 02:25:00-05:00,1.169175,1.16919,1.16893,1.16902,-1.0
2026-01-05 02:30:00-05:00,1.16902,1.16902,1.168445,1.16858,-1.0
2026-01-05 02:35:00-05:00,1.16858,1.168905,1.168545,1.168845,-1.0
2026-01-05 02:40:00-05:00,1.168845,1.16902,1.16856,1.16879,-1.0
2026-01-05 02:45:00-05:00,1.16879,1.16879,1.168555,1.168635,-1.0
2026-01-05 02:50:00-05:00,1.168635,1.1691,1.16859,1.16898,-1.0
2026-01-05 02:55:00-05:00,1.16898,1.16898,1.16835,1.16863,-1.0
2026-01-05 03:00:00-05:00,1.16863,1.16875,1.168285,1.168685,-1.0
2026-01-05 03:05:00-05:00,1.168685,1.16893,1.168315,1.16849,-1.0
2026-01-05 03:10:00-05:00,1.16849,1.16893,1.168315,1.168715,-1.0
2026-01-05 03:15:00-05:00,1.168715,1.169065,1.16862,1.16902,-1.0
2026-01-05 03:20:00-05:00,1.16902,1.169335,1.168815,1.169275,-1.0
2026-01-05 03:25:00-05:00,1.169275,1.16946,1.16921,1.169435,-1.0
2026-01-05 03:30:00-05:00,1.169435,1.169505,1.168905,1.168905,-1.0
2026-01-05 03:35:00-05:00,1.168905,1.16896,1.16856,1.16867,-1.0
2026-01-05 03:40:00-05:00,1.16867,1.16887,1.168235,1.168325,-1.0
2026-01-05 03:45:00-05:00,1.168325,1.168435,1.168125,1.16835,-1.0
2026-01-05 03:50:00-05:00,1.16835,1.168375,1.168095,1.168235,-1.0
2026-01-05 03:55:00-05:00,1.168235,1.168425,1.16816,1.16834,-1.0
2026-01-05 04:00:00-05:00,1.16834,1.16859,1.168285,1.168365,-1.0
2026-01-05 04:05:00-05:00,1.168365,1.168445,1.16793,1.16795,-1.0
2026-01-05 04:10:00-05:00,1.16795,1.168065,1.16765,1.16794,-1.0
2026-01-05 04:15:00-05:00,1.16794,1.168355,1.16794,1.16826,-1.0
2026-01-05 04:20:00-05:00,1.16826,1.168635,1.16818,1.168575,-1.0
2026-01-05 04:25:00-05:00,1.168575,1.16875,1.16821,1.168225,-1.0
2026-01-05 04:30:00-05:00,1.168225,1.16823,1.167985,1.168095,-1.0
2026-01-05 04:35:00-05:00,1.168095,1.168105,1.167695,1.16795,-1.0
2026-01-05 04:40:00-05:00,1.16795,1.167975,1.1675,1.167565,-1.0
2026-01-05 04:45:00-05:00,1.167565,1.16767,1.167385,1.167555,-1.0
2026-01-05 04:50:00-05:00,1.167555,1.167985,1.16752,1.167975,-1.0
2026-01-05 04:55:00-05:00,1.167975,1.16831,1.167845,1.168245,-1.0
2026-01-05 05:00:00-05:00,1.168245,1.168335,1.16798,1.168015,-1.0
2026-01-05 05:05:00-05:00,1.168015,1.16846,1.168005,1.1684,-1.0
2026-01-05 05:10:00-05:00,1.1684,1.168725,1.168265,1.16855,-1.0
2026-01-05 05:15:00-05:00,1.16855,1.168855,1.16842,1.168855,-1.0
2026-01-05 05:20:00-05:00,1.168855,1.168855,1.168455,1.168475,-1.0
2026-01-05 05:25:00-05:00,1.168475,1.168555,1.168235,1.16824,-1.0
2026-01-05 05:30:00-05:00,1.16824,1.168315,1.168075,1.168295,-1.0
2026-01-05 05:35:00-05:00,1.168295,1.16865,1.16826,1.168605,-1.0
2026-01-05 05:40:00-05:00,1.168605,1.168605,1.16834,1.168535,-1.0
2026-01-05 05:45:00-05:00,1.168535,1.16884,1.16841,1.16881,-1.0
2026-01-05 05:50:00-05:00,1.16881,1.16901,1.1687,1.168955,-1.0
2026-01-05 05:55:00-05:00,1.168955,1.16902,1.168675,1.169,-1.0
2026-01-05 06:00:00-05:00,1.169,1.1691,1.168735,1.16874,-1.0
2026-01-05 06:05:00-05:00,1.16874,1.16876,1.16851,1.168535,-1.0
2026-01-05 06:10:00-05:00,1.168535,1.16865,1.168085,1.168085,-1.0
2026-01-05 06:15:00-05:00,1.168085,1.168515,1.168085,1.16841,-1.0
2026-01-05 06:20:00-05:00,1.16841,1.1688,1.16832,1.168635,-1.0
2026-01-05 06:25:00-05:00,1.168635,1.16865,1.168085,1.16818,-1.0
2026-01-05 06:30:00-05:00,1.16818,1.16854,1.16816,1.16849,-1.0
2026-01-05 06:35:00-05:00,1.16849,1.16867,1.168385,1.168465,-1.0
2026-01-05 06:40:00-05:00,1.168465,1.168545,1.16823,1.168505,-1.0
2026-01-05 06:45:00-05:00,1.168505,1.168505,1.16805,1.168065,-1.0
2026-01-05 06:50:00-05:00,1.168065,1.168535,1.168025,1.168345,-1.0
2026-01-05 06:55:00-05:00,1.168345,1.16841,1.16814,1.168155,-1.0
2026-01-05 07:00:00-05:00,1.168155,1.168195,1.16797,1.168125,-1.0
2026-01-05 07:05:00-05:00,1.168125,1.16818,1.167805,1.16792,-1.0
2026-01-05 07:10:00-05:00,1.16792,1.168085,1.167775,1.168025,-1.0
2026-01-05 07:15:00-05:00,1.168025,1.168285,1.167975,1.16817,-1.0
2026-01-05 07:20:00-05:00,1.16817,1.168215,1.167925,1.16815,-1.0
2026-01-05 07:25:00-05:00,1.16815,1.168175,1.167915,1.16814,-1.0
2026-01-05 07:30:00-05:00,1.16814,1.16841,1.168135,1.1684,-1.0
2026-01-05 07:35:00-05:00,1.1684,1.168515,1.168155,1.168315,-1.0
2026-01-05 07:40:00-05:00,1.168315,1.168335,1.1677,1.167935,-1.0
2026-01-05 07:45:00-05:00,1.167935,1.16799,1.16775,1.16794,-1.0
2026-01-05 07:50:00-05:00,1.16794,1.16795,1.167405,1.167425,-1.0
2026-01-05 07:55:00-05:00,1.167425,1.16744,1.167005,1.16709,-1.0
2026-01-05 08:00:00-05:00,1.16709,1.16717,1.166615,1.16665,-1.0
2026-01-05 08:05:00-05:00,1.16665,1.16676,1.166065,1.166355,-1.0
2026-01-05 08:10:00-05:00,1.166355,1.16665,1.16628,1.166535,-1.0
2026-01-05 08:15:00-05:00,1.166535,1.16665,1.166225,1.166625,-1.0
2026-01-05 08:20:00-05:00,1.166625,1.166775,1.166335,1.166605,-1.0
2026-01-05 08:25:00-05:00,1.166605,1.166615,1.166165,1.16628,-1.0
2026-01-05 08:30:00-05:00,1.16628,1.166525,1.166105,1.166475,-1.0
2026-01-05 08:35:00-05:00,1.166475,1.166575,1.165925,1.165965,-1.0
2026-01-05 08:40:00-05:00,1.165965,1.1663,1.16592,1.166035,-1.0
2026-01-05 08:45:00-05:00,1.166035,1.166405,1.165985,1.166315,-1.0
2026-01-05 08:50:00-05:00,1.166315,1.166775,1.166305,1.166775,-1.0
2026-01-05 08:55:00-05:00,1.166775,1.16753,1.166775,1.167455,-1.0
2026-01-05 09:00:00-05:00,1.167455,1.16779,1.16733,1.16771,-1.0
2026-01-05 09:05:00-05:00,1.16771,1.168105,1.167675,1.168075,-1.0
2026-01-05 09:10:00-05:00,1.168075,1.1683,1.168055,1.16808,-1.0
2026-01-05 09:15:00-05:00,1.16808,1.16826,1.16779,1.16806,-1.0
2026-01-05 09:20:00-05:00,1.16806,1.168205,1.167835,1.16799,-1.0
2026-01-05 09:25:00-05:00,1.16799,1.168125,1.16776,1.167865,-1.0
2026-01-05 09:30:00-05:00,1.167865,1.167965,1.167575,1.1679,-1.0
2026-01-05 09:35:00-05:00,1.1679,1.167955,1.167445,1.16793,-1.0
2026-01-05 09:40:00-05:00,1.16793,1.16799,1.167635,1.167815,-1.0
2026-01-05 09:45:00-05:00,1.167815,1.16825,1.167575,1.16814,-1.0
2026-01-05 09:50:00-05:00,1.16814,1.168675,1.16806,1.16847,-1.0
2026-01-05 09:55:00-05:00,1.16847,1.16875,1.1684,1.16856,-1.0
2026-01-05 10:00:00-05:00,1.16856,1.16953,1.168535,1.16941,-1.0
2026-01-05 10:05:00-05:00,1.16941,1.169475,1.168985,1.168995,-1.0
2026-01-05 10:10:00-05:00,1.168995,1.169565,1.168835,1.16947,-1.0
2026-01-05 10:15:00-05:00,1.16947,1.169775,1.169325,1.16977,-1.0
2026-01-05 10:20:00-05:00,1.16977,1.169855,1.169205,1.169585,-1.0
2026-01-05 10:25:00-05:00,1.169585,1.169785,1.16956,1.16963,-1.0
2026-01-05 10:30:00-05:00,1.16963,1.170025,1.16941,1.169985,-1.0
2026-01-05 10:35:00-05:00,1.169985,1.170005,1.169435,1.169705,-1.0
2026-01-05 10:40:00-05:00,1.169705,1.169825,1.169595,1.169665,-1.0
2026-01-05 10:45:00-05:00,1.169665,1.1698,1.169315,1.16953,-1.0
2026-01-05 10:50:00-05:00,1.16953,1.170105,1.169215,1.169875,-1.0
2026-01-05 10:55:00-05:00,1.169875,1.170465,1.169865,1.170465,-1.0
2026-01-05 11:00:00-05:00,1.170465,1.17087,1.17042,1.17086,-1.0
2026-01-05 11:05:00-05:00,1.17086,1.170865,1.170495,1.170725,-1.0
2026-01-05 11:10:00-05:00,1.170725,1.17122,1.17068,1.171,-1.0
2026-01-05 11:15:00-05:00,1.171,1.17115,1.1707,1.170865,-1.0
2026-01-05 11:20:00-05:00,1.170865,1.171065,1.170755,1.170835,-1.0
2026-01-05 11:25:00-05:00,1.170835,1.17113,1.170735,1.171035,-1.0
2026-01-05 11:30:00-05:00,1.171035,1.171735,1.17095,1.17166,-1.0
2026-01-05 11:35:00-05:00,1.17166,1.17187,1.171395,1.17157,-1.0
2026-01-05 11:40:00-05:00,1.17157,1.171685,1.171375,1.171425,-1.0
2026-01-05 11:45:00-05:00,1.171425,1.171585,1.171295,1.171565,-1.0
2026-01-05 11:50:00-05:00,1.171565,1.171595,1.17122,1.171275,-1.0
2026-01-05 11:55:00-05:00,1.171275,1.171575,1.171275,1.17148,-1.0
2026-01-05 12:00:00-05:00,1.17148,1.17159,1.171175,1.171175,-1.0
2026-01-05 12:05:00-05:00,1.171175,1.17165,1.171175,1.171245,-1.0
2026-01-05 12:10:00-05:00,1.171245,1.17131,1.17101,1.171135,-1.0
2026-01-05 12:15:00-05:00,1.171135,1.171675,1.17112,1.17165,-1.0
2026-01-05 12:20:00-05:00,1.17165,1.17199,1.171645,1.171795,-1.0
2026-01-05 12:25:00-05:00,1.171795,1.171945,1.171525,1.171755,-1.0
2026-01-05 12:30:00-05:00,1.171755,1.17183,1.171385,1.171705,-1.0
2026-01-05 12:35:00-05:00,1.171705,1.17177,1.171475,1.171485,-1.0
2026-01-05 12:40:00-05:00,1.171485,1.171515,1.17113,1.17115,-1.0
2026-01-05 12:45:00-05:00,1.17115,1.17139,1.171145,1.17134,-1.0
2026-01-05 12:50:00-05:00,1.17134,1.17154,1.17134,1.17145,-1.0
2026-01-05 12:55:00-05:00,1.17145,1.171495,1.171335,1.17145,-1.0
2026-01-05 13:00:00-05:00,1.17145,1.17171,1.17134,1.17169,-1.0
2026-01-05 13:05:00-05:00,1.17169,1.171845,1.17169,1.171825,-1.0
2026-01-05 13:10:00-05:00,1.171825,1.171995,1.171815,1.171865,-1.0
2026-01-05 13:15:00-05:00,1.171865,1.172045,1.17183,1.172035,-1.0
2026-01-05 13:20:00-05:00,1.172035,1.172065,1.17183,1.17193,-1.0
2026-01-05 13:25:00-05:00,1.17193,1.17204,1.17183,1.171945,-1.0
2026-01-05 13:30:00-05:00,1.171945,1.172165,1.171935,1.17214,-1.0
2026-01-05 13:35:00-05:00,1.17214,1.172275,1.172105,1.172235,-1.0
2026-01-05 13:40:00-05:00,1.172235,1.17245,1.172235,1.17228,-1.0
2026-01-05 13:45:00-05:00,1.17228,1.172365,1.17227,1.172325,-1.0
2026-01-05 13:50:00-05:00,1.172325,1.17239,1.172175,1.17238,-1.0
2026-01-05 13:55:00-05:00,1.17238,1.172555,1.172,1.172515,-1.0
2026-01-05 14:00:00-05:00,1.172515,1.172705,1.17233,1.172625,-1.0
2026-01-05 14:05:00-05:00,1.172625,1.172645,1.172355,1.172425,-1.0
2026-01-05 14:10:00-05:00,1.172425,1.17249,1.172325,1.172385,-1.0
2026-01-05 14:15:00-05:00,1.172385,1.17244,1.17222,1.172365,-1.0
2026-01-05 14:20:00-05:00,1.172365,1.172485,1.172305,1.17244,-1.0
2026-01-05 14:25:00-05:00,1.17244,1.172675,1.17242,1.17257,-1.0
2026-01-05 14:30:00-05:00,1.17257,1.17271,1.172495,1.17267,-1.0
2026-01-05 14:35:00-05:00,1.17267,1.17289,1.172615,1.17286,-1.0
2026-01-05 14:40:00-05:00,1.17286,1.172865,1.172565,1.172565,-1.0
2026-01-05 14:45:00-05:00,1.172565,1.17282,1.17255,1.17279,-1.0
2026-01-05 14:50:00-05:00,1.17279,1.172805,1.17258,1.17271,-1.0
2026-01-05 14:55:00-05:00,1.17271,1.17288,1.17262,1.172725,-1.0
2026-01-05 15:00:00-05:00,1.172725,1.172835,1.17262,1.172725,-1.0
2026-01-05 15:05:00-05:00,1.172725,1.172835,1.17271,1.172775,-1.0
2026-01-05 15:10:00-05:00,1.172775,1.17288,1.172745,1.17277,-1.0
2026-01-05 15:15:00-05:00,1.17277,1.172795,1.172485,1.17259,-1.0
2026-01-05 15:20:00-05:00,1.17259,1.172615,1.17249,1.172565,-1.0
2026-01-05 15:25:00-05:00,1.172565,1.17257,1.17246,1.172505,-1.0
2026-01-05 15:30:00-05:00,1.172505,1.172795,1.172505,1.17263,-1.0
2026-01-05 15:35:00-05:00,1.17263,1.172645,1.17251,1.17264,-1.0
2026-01-05 15:40:00-05:00,1.17264,1.17273,1.17262,1.17268,-1.0
2026-01-05 15:45:00-05:00,1.17268,1.172695,1.172375,1.172535,-1.0
2026-01-05 15:50:00-05:00,1.172535,1.172645,1.172535,1.17263,-1.0
2026-01-05 15:55:00-05:00,1.17263,1.17263,1.17242,1.17249,-1.0
2026-01-05 16:00:00-05:00,1.17249,1.172505,1.17236,1.17244,-1.0
2026-01-05 16:05:00-05:00,1.17244,1.172465,1.1723,1.172465,-1.0
2026-01-05 16:10:00-05:00,1.172465,1.172535,1.17246,1.17247,-1.0
2026-01-05 16:15:00-05:00,1.17247,1.172585,1.172445,1.17256,-1.0
2026-01-05 16:20:00-05:00,1.17256,1.172645,1.17256,1.172565,-1.0
2026-01-05 16:25:00-05:00,1.172565,1.172565,1.17214,1.17228,-1.0
2026-01-05 16:30:00-05:00,1.17228,1.17236,1.172245,1.17227,-1.0
2026-01-05 16:35:00-05:00,1.17227,1.172325,1.17213,1.17218,-1.0
2026-01-05 16:40:00-05:00,1.17218,1.17218,1.172065,1.172065,-1.0
2026-01-05 16:45:00-05:00,1.172065,1.172085,1.171955,1.172085,-1.0
2026-01-05 16:50:00-05:00,1.172085,1.172145,1.17206,1.17209,-1.0
2026-01-05 16:55:00-05:00,1.17209,1.17222,1.171995,1.172175,-1.0
2026-01-05 17:15:00-05:00,1.17223,1.17224,1.172125,1.17224,-1.0
2026-01-05 17:20:00-05:00,1.17224,1.17224,1.172235,1.17224,-1.0
2026-01-05 17:25:00-05:00,1.17224,1.17224,1.17204,1.172215,-1.0
2026-01-05 17:30:00-05:00,1.172215,1.17224,1.17203,1.172075,-1.0
2026-01-05 17:35:00-05:00,1.172075,1.1721,1.17207,1.172095,-1.0
2026-01-05 17:40:00-05:00,1.172095,1.1721,1.17197,1.17209,-1.0
2026-01-05 17:45:00-05:00,1.17209,1.17209,1.172085,1.17209,-1.0
2026-01-05 17:50:00-05:00,1.17209,1.17209,1.17209,1.17209,-1.0
2026-01-05 17:55:00-05:00,1.17209,1.17211,1.17191,1.171925,-1.0
2026-01-05 18:00:00-05:00,1.171925,1.17219,1.17181,1.171825,-1.0
2026-01-05 18:05:00-05:00,1.171825,1.17193,1.171825,1.171865,-1.0
2026-01-05 18:10:00-05:00,1.171865,1.171925,1.171825,1.17192,-1.0
2026-01-05 18:15:00-05:00,1.17192,1.171925,1.17179,1.171915,-1.0
2026-01-05 18:20:00-05:00,1.171915,1.171965,1.17187,1.17187,-1.0
2026-01-05 18:25:00-05:00,1.17187,1.17187,1.171785,1.17179,-1.0
2026-01-05 18:30:00-05:00,1.17179,1.17183,1.17172,1.17172,-1.0
2026-01-05 18:35:00-05:00,1.17172,1.1718,1.171715,1.171735,-1.0
2026-01-05 18:40:00-05:00,1.171735,1.17174,1.17163,1.17169,-1.0
2026-01-05 18:45:00-05:00,1.17169,1.17169,1.17152,1.17152,-1.0
2026-01-05 18:50:00-05:00,1.17152,1.17152,1.17129,1.1713,-1.0
2026-01-05 18:55:00-05:00,1.1713,1.17148,1.1713,1.17146,-1.0
2026-01-05 19:00:00-05:00,1.17146,1.171695,1.1714,1.17146,-1.0
2026-01-05 19:05:00-05:00,1.17146,1.171495,1.171405,1.171475,-1.0
2026-01-05 19:10:00-05:00,1.171475,1.171555,1.17141,1.171495,-1.0
2026-01-05 19:15:00-05:00,1.171495,1.171665,1.171455,1.171455,-1.0
2026-01-05 19:20:00-05:00,1.171455,1.171485,1.17134,1.171385,-1.0
2026-01-05 19:25:00-05:00,1.171385,1.171385,1.171235,1.17127,-1.0
2026-01-05 19:30:00-05:00,1.17127,1.171375,1.171215,1.171225,-1.0
2026-01-05 19:35:00-05:00,1.171225,1.171225,1.17111,1.171125,-1.0
2026-01-05 19:40:00-05:00,1.171125,1.171285,1.17107,1.171275,-1.0
2026-01-05 19:45:00-05:00,1.171275,1.17138,1.171265,1.171325,-1.0
2026-01-05 19:50:00-05:00,1.171325,1.171415,1.17116,1.171285,-1.0
2026-01-05 19:55:00-05:00,1.171285,1.171705,1.17127,1.171685,-1.0
2026-01-05 20:00:00-05:00,1.171685,1.17204,1.171685,1.171915,-1.0
2026-01-05 20:05:00-05:00,1.171915,1.172,1.171425,1.171425,-1.0
2026-01-05 20:10:00-05:00,1.171425,1.17143,1.17126,1.17136,-1.0
2026-01-05 20:15:00-05:00,1.17136,1.171415,1.17122,1.171335,-1.0
2026-01-05 20:20:00-05:00,1.171335,1.171565,1.17127,1.171545,-1.0
2026-01-05 20:25:00-05:00,1.171545,1.171655,1.171465,1.171515,-1.0
2026-01-05 20:30:00-05:00,1.171515,1.17166,1.17148,1.17166,-1.0
2026-01-05 20:35:00-05:00,1.17166,1.17195,1.17166,1.171945,-1.0
2026-01-05 20:40:00-05:00,1.171945,1.17213,1.17188,1.172025,-1.0
2026-01-05 20:45:00-05:00,1.172025,1.17233,1.17202,1.17216,-1.0
2026-01-05 20:50:00-05:00,1.17216,1.17233,1.172105,1.17233,-1.0
2026-01-05 20:55:00-05:00,1.17233,1.172535,1.17227,1.172535,-1.0
2026-01-05 21:00:00-05:00,1.172535,1.17279,1.172475,1.172545,-1.0
2026-01-05 21:05:00-05:00,1.172545,1.172545,1.1723,1.17248,-1.0
2026-01-05 21:10:00-05:00,1.17248,1.17249,1.172335,1.172345,-1.0
2026-01-05 21:15:00-05:00,1.172345,1.17252,1.17228,1.172425,-1.0
2026-01-05 21:20:00-05:00,1.172425,1.17243,1.172225,1.172275,-1.0
2026-01-05 21:25:00-05:00,1.172275,1.17245,1.172225,1.17236,-1.0
2026-01-05 21:30:00-05:00,1.17236,1.17258,1.17236,1.17248,-1.0
2026-01-05 21:35:00-05:00,1.17248,1.172565,1.172415,1.17244,-1.0
2026-01-05 21:40:00-05:00,1.17244,1.17283,1.172395,1.172795,-1.0
2026-01-05 21:45:00-05:00,1.172795,1.173365,1.172775,1.173335,-1.0
2026-01-05 21:50:00-05:00,1.173335,1.17356,1.173155,1.173545,-1.0
2026-01-05 21:55:00-05:00,1.173545,1.17379,1.17347,1.17374,-1.0
2026-01-05 22:00:00-05:00,1.17374,1.17383,1.17342,1.173425,-1.0
2026-01-05 22:05:00-05:00,1.173425,1.173425,1.17325,1.17327,-1.0
2026-01-05 22:10:00-05:00,1.17327,1.17346,1.173255,1.173305,-1.0
2026-01-05 22:15:00-05:00,1.173305,1.17357,1.17329,1.17348,-1.0
2026-01-05 22:20:00-05:00,1.17348,1.173685,1.17346,1.173665,-1.0
2026-01-05 22:25:00-05:00,1.173665,1.173675,1.17343,1.173485,-1.0
2026-01-05 22:30:00-05:00,1.173485,1.17353,1.173385,1.17348,-1.0
2026-01-05 22:35:00-05:00,1.17348,1.173765,1.17345,1.173735,-1.0
2026-01-05 22:40:00-05:00,1.173735,1.17383,1.173685,1.17371,-1.0
2026-01-05 22:45:00-05:00,1.17371,1.17376,1.173545,1.173545,-1.0
2026-01-05 22:50:00-05:00,1.173545,1.17356,1.173425,1.17353,-1.0
2026-01-05 22:55:00-05:00,1.17353,1.17358,1.173425,1.17347,-1.0
2026-01-05 23:00:00-05:00,1.17347,1.173495,1.17327,1.17333,-1.0
2026-01-05 23:05:00-05:00,1.17333,1.173385,1.17328,1.173355,-1.0
2026-01-05 23:10:00-05:00,1.173355,1.173435,1.173285,1.173365,-1.0
2026-01-05 23:15:00-05:00,1.173365,1.17349,1.17333,1.17341,-1.0
2026-01-05 23:20:00-05:00,1.17341,1.17341,1.173285,1.173305,-1.0
2026-01-05 23:25:00-05:00,1.173305,1.173335,1.17321,1.173285,-1.0
2026-01-05 23:30:00-05:00,1.173285,1.17357,1.17328,1.17355,-1.0
2026-01-05 23:35:00-05:00,1.17355,1.17355,1.173305,1.173305,-1.0
2026-01-05 23:40:00-05:00,1.173305,1.17341,1.173235,1.173335,-1.0
2026-01-05 23:45:00-05:00,1.173335,1.173355,1.17324,1.17324,-1.0
2026-01-05 23:50:00-05:00,1.17324,1.17327,1.17316,1.173265,-1.0
2026-01-05 23:55:00-05:00,1.173265,1.17341,1.173265,1.173375,-1.0
2026-01-06 00:00:00-05:00,1.173375,1.17346,1.173315,1.173455,-1.0
2026-01-06 00:05:00-05:00,1.173455,1.17355,1.17345,1.173515,-1.0
2026-01-06 00:10:00-05:00,1.173515,1.173675,1.173495,1.173675,-1.0
2026-01-06 00:15:00-05:00,1.173675,1.173675,1.173525,1.17363,-1.0
2026-01-06 00:20:00-05:00,1.17363,1.17363,1.17354,1.17356,-1.0
2026-01-06 00:25:00-05:00,1.17356,1.173705,1.173555,1.17364,-1.0
2026-01-06 00:30:00-05:00,1.17364,1.173655,1.17354,1.17359,-1.0
2026-01-06 00:35:00-05:00,1.17359,1.173695,1.17351,1.173515,-1.0
2026-01-06 00:40:00-05:00,1.173515,1.17352,1.173315,1.173315,-1.0
2026-01-06 00:45:00-05:00,1.173315,1.173365,1.17322,1.17323,-1.0
2026-01-06 00:50:00-05:00,1.17323,1.17324,1.172885,1.173,-1.0
2026-01-06 00:55:00-05:00,1.173,1.173,1.17273,1.172885,-1.0
2026-01-06 01:00:00-05:00,1.172885,1.173255,1.17288,1.17324,-1.0
2026-01-06 01:05:00-05:00,1.17324,1.173255,1.173015,1.1732,-1.0
2026-01-06 01:10:00-05:00,1.1732,1.173245,1.17315,1.17319,-1.0
2026-01-06 01:15:00-05:00,1.17319,1.17336,1.17313,1.17336,-1.0
2026-01-06 01:20:00-05:00,1.17336,1.173385,1.173235,1.173385,-1.0
2026-01-06 01:25:00-05:00,1.173385,1.173535,1.173145,1.1735,-1.0
2026-01-06 01:30:00-05:00,1.1735,1.17366,1.173425,1.17355,-1.0
2026-01-06 01:35:00-05:00,1.17355,1.17355,1.17341,1.173465,-1.0
2026-01-06 01:40:00-05:00,1.173465,1.173645,1.173435,1.17344,-1.0
2026-01-06 01:45:00-05:00,1.17344,1.17361,1.173425,1.17355,-1.0
2026-01-06 01:50:00-05:00,1.17355,1.173665,1.173485,1.17364,-1.0
2026-01-06 01:55:00-05:00,1.17364,1.173725,1.173605,1.17362,-1.0
2026-01-06 02:00:00-05:00,1.17362,1.174075,1.17362,1.17407,-1.0
2026-01-06 02:05:00-05:00,1.17407,1.17429,1.173965,1.174185,-1.0
2026-01-06 02:10:00-05:00,1.174185,1.174245,1.173735,1.1738,-1.0
2026-01-06 02:15:00-05:00,1.1738,1.17384,1.173595,1.173595,-1.0
2026-01-06 02:20:00-05:00,1.173595,1.17366,1.173305,1.173405,-1.0
2026-01-06 02:25:00-05:00,1.173405,1.173495,1.173315,1.173465,-1.0
2026-01-06 02:30:00-05:00,1.173465,1.173625,1.173405,1.173585,-1.0
2026-01-06 02:35:00-05:00,1.173585,1.173935,1.17349,1.173845,-1.0
2026-01-06 02:40:00-05:00,1.173845,1.173855,1.1736,1.1736,-1.0
2026-01-06 02:45:00-05:00,1.1736,1.173705,1.173315,1.17333,-1.0
2026-01-06 02:50:00-05:00,1.17333,1.17356,1.173115,1.173315,-1.0
2026-01-06 02:55:00-05:00,1.173315,1.17332,1.1726,1.17291,-1.0
2026-01-06 03:00:00-05:00,1.17291,1.173185,1.17274,1.17294,-1.0
2026-01-06 03:05:00-05:00,1.17294,1.173465,1.17294,1.17329,-1.0
2026-01-06 03:10:00-05:00,1.17329,1.17352,1.173235,1.17338,-1.0
2026-01-06 03:15:00-05:00,1.17338,1.1739,1.17338,1.173765,-1.0
2026-01-06 03:20:00-05:00,1.173765,1.173805,1.17299,1.17302,-1.0
2026-01-06 03:25:00-05:00,1.17302,1.17314,1.172765,1.172795,-1.0
2026-01-06 03:30:00-05:00,1.172795,1.172865,1.1726,1.172845,-1.0
2026-01-06 03:35:00-05:00,1.172845,1.173025,1.17268,1.17293,-1.0
2026-01-06 03:40:00-05:00,1.17293,1.17293,1.17268,1.17273,-1.0
2026-01-06 03:45:00-05:00,1.17273,1.17327,1.17262,1.17317,-1.0
2026-01-06 03:50:00-05:00,1.17317,1.17324,1.17294,1.172975,-1.0
2026-01-06 03:55:00-05:00,1.172975,1.172995,1.172745,1.172855,-1.0
2026-01-06 04:00:00-05:00,1.172855,1.172895,1.17213,1.17213,-1.0
2026-01-06 04:05:00-05:00,1.17213,1.172345,1.171985,1.172175,-1.0
2026-01-06 04:10:00-05:00,1.172175,1.172185,1.171725,1.17181,-1.0
2026-01-06 04:15:00-05:00,1.17181,1.171885,1.171525,1.171615,-1.0
2026-01-06 04:20:00-05:00,1.171615,1.17175,1.171215,1.171215,-1.0
2026-01-06 04:25:00-05:00,1.171215,1.171275,1.17095,1.17117,-1.0
2026-01-06 04:30:00-05:00,1.17117,1.171185,1.17093,1.170965,-1.0
2026-01-06 04:35:00-05:00,1.170965,1.17104,1.170805,1.17104,-1.0
2026-01-06 04:40:00-05:00,1.17104,1.17146,1.17104,1.171375,-1.0
2026-01-06 04:45:00-05:00,1.171375,1.17184,1.17131,1.17181,-1.0
2026-01-06 04:50:00-05:00,1.17181,1.171845,1.17148,1.171525,-1.0
2026-01-06 04:55:00-05:00,1.171525,1.17171,1.17132,1.171325,-1.0
2026-01-06 05:00:00-05:00,1.171325,1.171345,1.170985,1.171095,-1.0
2026-01-06 05:05:00-05:00,1.171095,1.171575,1.17105,1.17143,-1.0
2026-01-06 05:10:00-05:00,1.17143,1.171535,1.171085,1.171085,-1.0
2026-01-06 05:15:00-05:00,1.171085,1.171355,1.17083,1.17134,-1.0
2026-01-06 05:20:00-05:00,1.17134,1.171625,1.17128,1.17152,-1.0
2026-01-06 05:25:00-05:00,1.17152,1.171585,1.17132,1.17146,-1.0
2026-01-06 05:30:00-05:00,1.17146,1.171495,1.171245,1.171375,-1.0
2026-01-06 05:35:00-05:00,1.171375,1.171705,1.171375,1.171695,-1.0
2026-01-06 05:40:00-05:00,1.171695,1.17173,1.171215,1.171255,-1.0
2026-01-06 05:45:00-05:00,1.171255,1.17146,1.171175,1.171385,-1.0
2026-01-06 05:50:00-05:00,1.171385,1.17144,1.171105,1.171225,-1.0
2026-01-06 05:55:00-05:00,1.171225,1.171295,1.17114,1.171285,-1.0
2026-01-06 06:00:00-05:00,1.171285,1.17131,1.170995,1.171025,-1.0
2026-01-06 06:05:00-05:00,1.171025,1.17103,1.170705,1.17082,-1.0
2026-01-06 06:10:00-05:00,1.17082,1.17082,1.170515,1.170735,-1.0
2026-01-06 06:15:00-05:00,1.170735,1.170795,1.170575,1.170585,-1.0
2026-01-06 06:20:00-05:00,1.170585,1.17102,1.17049,1.170925,-1.0
2026-01-06 06:25:00-05:00,1.170925,1.17096,1.17072,1.170875,-1.0
2026-01-06 06:30:00-05:00,1.170875,1.171,1.170815,1.17089,-1.0
2026-01-06 06:35:00-05:00,1.17089,1.171095,1.170845,1.170945,-1.0
2026-01-06 06:40:00-05:00,1.170945,1.170945,1.17073,1.17087,-1.0
2026-01-06 06:45:00-05:00,1.17087,1.170975,1.170675,1.17068,-1.0
2026-01-06 06:50:00-05:00,1.17068,1.17082,1.17061,1.170685,-1.0
2026-01-06 06:55:00-05:00,1.170685,1.17069,1.17052,1.17062,-1.0
2026-01-06 07:00:00-05:00,1.17062,1.17099,1.170615,1.170885,-1.0
2026-01-06 07:05:00-05:00,1.170885,1.171165,1.17088,1.171085,-1.0
2026-01-06 07:10:00-05:00,1.171085,1.171185,1.170925,1.17118,-1.0
2026-01-06 07:15:00-05:00,1.17118,1.17123,1.171035,1.171035,-1.0
2026-01-06 07:20:00-05:00,1.171035,1.17113,1.170965,1.17102,-1.0
2026-01-06 07:25:00-05:00,1.17102,1.17103,1.17062,1.170635,-1.0
2026-01-06 07:30:00-05:00,1.170635,1.17073,1.17048,1.170575,-1.0
2026-01-06 07:35:00-05:00,1.170575,1.17076,1.17048,1.1706,-1.0
2026-01-06 07:40:00-05:00,1.1706,1.1706,1.16992,1.170245,-1.0
2026-01-06 07:45:00-05:00,1.170245,1.17037,1.17008,1.170125,-1.0
2026-01-06 07:50:00-05:00,1.170125,1.17046,1.170115,1.170165,-1.0
2026-01-06 07:55:00-05:00,1.170165,1.170165,1.169725,1.170145,-1.0
2026-01-06 08:00:00-05:00,1.170145,1.170165,1.16973,1.16994,-1.0
2026-01-06 08:05:00-05:00,1.16994,1.17077,1.16989,1.17067,-1.0
2026-01-06 08:10:00-05:00,1.17067,1.170935,1.170475,1.170725,-1.0
2026-01-06 08:15:00-05:00,1.170725,1.170845,1.170355,1.17083,-1.0
2026-01-06 08:20:00-05:00,1.17083,1.17089,1.170585,1.170605,-1.0
2026-01-06 08:25:00-05:00,1.170605,1.170895,1.1706,1.17069,-1.0
2026-01-06 08:30:00-05:00,1.17069,1.170865,1.1706,1.170835,-1.0
2026-01-06 08:35:00-05:00,1.170835,1.171365,1.17083,1.17113,-1.0
2026-01-06 08:40:00-05:00,1.17113,1.171245,1.171015,1.17104,-1.0
2026-01-06 08:45:00-05:00,1.17104,1.171045,1.17059,1.17073,-1.0
2026-01-06 08:50:00-05:00,1.17073,1.171075,1.17049,1.17106,-1.0
2026-01-06 08:55:00-05:00,1.17106,1.171215,1.17097,1.17111,-1.0
2026-01-06 09:00:00-05:00,1.17111,1.171445,1.171105,1.171435,-1.0
2026-01-06 09:05:00-05:00,1.171435,1.17177,1.171305,1.17155,-1.0
2026-01-06 09:10:00-05:00,1.17155,1.171645,1.171275,1.171375,-1.0
2026-01-06 09:15:00-05:00,1.171375,1.171395,1.17061,1.170825,-1.0
2026-01-06 09:20:00-05:00,1.170825,1.170905,1.17026,1.170295,-1.0
2026-01-06 09:25:00-05:00,1.170295,1.170525,1.170255,1.170525,-1.0
2026-01-06 09:30:00-05:00,1.170525,1.17085,1.17026,1.170785,-1.0
2026-01-06 09:35:00-05:00,1.170785,1.170815,1.17025,1.17025,-1.0
2026-01-06 09:40:00-05:00,1.17025,1.17098,1.16992,1.170875,-1.0
2026-01-06 09:45:00-05:00,1.170875,1.171125,1.17071,1.170745,-1.0
2026-01-06 09:50:00-05:00,1.170745,1.17143,1.170655,1.1713,-1.0
2026-01-06 09:55:00-05:00,1.1713,1.17131,1.170865,1.170915,-1.0
2026-01-06 10:00:00-05:00,1.170915,1.170915,1.169975,1.17014,-1.0
2026-01-06 10:05:00-05:00,1.17014,1.17078,1.17004,1.170465,-1.0
2026-01-06 10:10:00-05:00,1.170465,1.170465,1.16951,1.169595,-1.0
2026-01-06 10:15:00-05:00,1.169595,1.169775,1.16937,1.16948,-1.0
2026-01-06 10:20:00-05:00,1.16948,1.169485,1.16893,1.169055,-1.0
2026-01-06 10:25:00-05:00,1.169055,1.16918,1.16879,1.168945,-1.0
2026-01-06 10:30:00-05:00,1.168945,1.16914,1.16864,1.168785,-1.0
2026-01-06 10:35:00-05:00,1.168785,1.168785,1.16841,1.16858,-1.0
2026-01-06 10:40:00-05:00,1.16858,1.169165,1.1684,1.169135,-1.0
2026-01-06 10:45:00-05:00,1.169135,1.1695,1.16903,1.16938,-1.0
2026-01-06 10:50:00-05:00,1.16938,1.16938,1.168925,1.16913,-1.0
2026-01-06 10:55:00-05:00,1.16913,1.169635,1.16872,1.169535,-1.0
2026-01-06 11:00:00-05:00,1.169535,1.169835,1.16911,1.169145,-1.0
2026-01-06 11:05:00-05:00,1.169145,1.169145,1.16859,1.16876,-1.0
2026-01-06 11:10:00-05:00,1.16876,1.169285,1.168735,1.169195,-1.0
2026-01-06 11:15:00-05:00,1.169195,1.169305,1.168985,1.169215,-1.0
2026-01-06 11:20:00-05:00,1.169215,1.169245,1.16891,1.168925,-1.0
2026-01-06 11:25:00-05:00,1.168925,1.1691,1.16868,1.168735,-1.0
2026-01-06 11:30:00-05:00,1.168735,1.1691,1.168645,1.168675,-1.0
2026-01-06 11:35:00-05:00,1.168675,1.169145,1.168675,1.168965,-1.0
2026-01-06 11:40:00-05:00,1.168965,1.16911,1.168635,1.16885,-1.0
2026-01-06 11:45:00-05:00,1.16885,1.168865,1.168585,1.16878,-1.0
2026-01-06 11:50:00-05:00,1.16878,1.168895,1.168625,1.168755,-1.0
2026-01-06 11:55:00-05:00,1.168755,1.169195,1.168665,1.168825,-1.0
2026-01-06 12:00:00-05:00,1.168825,1.16901,1.168705,1.168925,-1.0
2026-01-06 12:05:00-05:00,1.168925,1.169255,1.168905,1.169155,-1.0
2026-01-06 12:10:00-05:00,1.169155,1.16932,1.16903,1.169235,-1.0
2026-01-06 12:15:00-05:00,1.169235,1.169605,1.169165,1.16954,-1.0
2026-01-06 12:20:00-05:00,1.16954,1.169625,1.169305,1.16949,-1.0
2026-01-06 12:25:00-05:00,1.16949,1.16955,1.169345,1.16941,-1.0
2026-01-06 12:30:00-05:00,1.16941,1.16948,1.169305,1.16931,-1.0
2026-01-06 12:35:00-05:00,1.16931,1.16943,1.16926,1.169415,-1.0
2026-01-06 12:40:00-05:00,1.169415,1.16961,1.169315,1.169585,-1.0
2026-01-06 12:45:00-05:00,1.169585,1.16982,1.169535,1.16967,-1.0
2026-01-06 12:50:00-05:00,1.16967,1.169925,1.169665,1.169885,-1.0
2026-01-06 12:55:00-05:00,1.169885,1.170075,1.16985,1.17007,-1.0
2026-01-06 13:00:00-05:00,1.17007,1.17023,1.16999,1.170115,-1.0
2026-01-06 13:05:00-05:00,1.170115,1.170195,1.169725,1.169845,-1.0
2026-01-06 13:10:00-05:00,1.169845,1.169955,1.16956,1.16992,-1.0
2026-01-06 13:15:00-05:00,1.16992,1.170105,1.16964,1.169645,-1.0
2026-01-06 13:20:00-05:00,1.169645,1.16967,1.169365,1.169415,-1.0
2026-01-06 13:25:00-05:00,1.169415,1.16954,1.169375,1.169475,-1.0
2026-01-06 13:30:00-05:00,1.169475,1.169485,1.169255,1.169375,-1.0
2026-01-06 13:35:00-05:00,1.169375,1.169485,1.169305,1.169315,-1.0
2026-01-06 13:40:00-05:00,1.169315,1.16944,1.169085,1.169365,-1.0
2026-01-06 13:45:00-05:00,1.169365,1.16941,1.169105,1.169105,-1.0
2026-01-06 13:50:00-05:00,1.169105,1.169165,1.168735,1.168735,-1.0
2026-01-06 13:55:00-05:00,1.168735,1.16902,1.16869,1.168835,-1.0
2026-01-06 14:00:00-05:00,1.168835,1.169025,1.168655,1.16867,-1.0
2026-01-06 14:05:00-05:00,1.16867,1.16867,1.16842,1.168435,-1.0
2026-01-06 14:10:00-05:00,1.168435,1.168655,1.168435,1.168645,-1.0
2026-01-06 14:15:00-05:00,1.168645,1.16872,1.16851,1.168585,-1.0
2026-01-06 14:20:00-05:00,1.168585,1.16884,1.168565,1.16876,-1.0
2026-01-06 14:25:00-05:00,1.16876,1.16878,1.1685,1.168525,-1.0
2026-01-06 14:30:00-05:00,1.168525,1.16857,1.16842,1.168445,-1.0
2026-01-06 14:35:00-05:00,1.168445,1.16858,1.16839,1.16853,-1.0
2026-01-06 14:40:00-05:00,1.16853,1.16872,1.16853,1.168605,-1.0
2026-01-06 14:45:00-05:00,1.168605,1.16885,1.168535,1.16856,-1.0
2026-01-06 14:50:00-05:00,1.16856,1.168675,1.16841,1.168675,-1.0
2026-01-06 14:55:00-05:00,1.168675,1.169105,1.168675,1.168975,-1.0
2026-01-06 15:00:00-05:00,1.168975,1.16923,1.16897,1.169095,-1.0
2026-01-06 15:05:00-05:00,1.169095,1.16914,1.16902,1.169065,-1.0
2026-01-06 15:10:00-05:00,1.169065,1.16913,1.16895,1.168975,-1.0
2026-01-06 15:15:00-05:00,1.168975,1.169165,1.16891,1.168935,-1.0
2026-01-06 15:20:00-05:00,1.168935,1.16898,1.16886,1.168965,-1.0
2026-01-06 15:25:00-05:00,1.168965,1.16901,1.16891,1.16898,-1.0
2026-01-06 15:30:00-05:00,1.16898,1.1691,1.1689,1.168925,-1.0
2026-01-06 15:35:00-05:00,1.168925,1.16929,1.168925,1.16928,-1.0
2026-01-06 15:40:00-05:00,1.16928,1.169315,1.16917,1.16929,-1.0
2026-01-06 15:45:00-05:00,1.16929,1.16932,1.169085,1.16909,-1.0
2026-01-06 15:50:00-05:00,1.16909,1.16917,1.169005,1.169035,-1.0
2026-01-06 15:55:00-05:00,1.169035,1.169095,1.168665,1.168695,-1.0
2026-01-06 16:00:00-05:00,1.168695,1.168715,1.168545,1.16868,-1.0
2026-01-06 16:05:00-05:00,1.16868,1.16883,1.168665,1.168745,-1.0
2026-01-06 16:10:00-05:00,1.168745,1.16882,1.168705,1.168705,-1.0
2026-01-06 16:15:00-05:00,1.168705,1.168895,1.16868,1.168835,-1.0
2026-01-06 16:20:00-05:00,1.168835,1.168845,1.16873,1.168735,-1.0
2026-01-06 16:25:00-05:00,1.168735,1.16874,1.16846,1.16852,-1.0
2026-01-06 16:30:00-05:00,1.16852,1.168675,1.16851,1.168555,-1.0
2026-01-06 16:35:00-05:00,1.168555,1.16868,1.168495,1.16864,-1.0
2026-01-06 16:40:00-05:00,1.16864,1.168765,1.16863,1.16873,-1.0
2026-01-06 16:45:00-05:00,1.16873,1.168835,1.1687,1.168765,-1.0
2026-01-06 16:50:00-05:00,1.168765,1.168845,1.16868,1.16881,-1.0
2026-01-06 16:55:00-05:00,1.16881,1.168875,1.16871,1.16887,-1.0
2026-01-06 17:15:00-05:00,1.16865,1.16882,1.168635,1.168785,-1.0
2026-01-06 17:20:00-05:00,1.168785,1.1688,1.16878,1.16879,-1.0
2026-01-06 17:25:00-05:00,1.16879,1.1688,1.168785,1.168795,-1.0
2026-01-06 17:30:00-05:00,1.168795,1.168795,1.16875,1.168765,-1.0
2026-01-06 17:35:00-05:00,1.168765,1.168765,1.168765,1.168765,-1.0
2026-01-06 17:40:00-05:00,1.168765,1.16879,1.168765,1.16878,-1.0
2026-01-06 17:45:00-05:00,1.16878,1.16879,1.16878,1.16878,-1.0
2026-01-06 17:50:00-05:00,1.16878,1.168845,1.16878,1.16884,-1.0
2026-01-06 17:55:00-05:00,1.16884,1.168845,1.16882,1.168845,-1.0
2026-01-06 18:00:00-05:00,1.168845,1.16897,1.168825,1.168835,-1.0
2026-01-06 18:05:00-05:00,1.168835,1.168935,1.16883,1.16893,-1.0
2026-01-06 18:10:00-05:00,1.16893,1.16893,1.168765,1.16883,-1.0
2026-01-06 18:15:00-05:00,1.16883,1.16884,1.16879,1.168835,-1.0
2026-01-06 18:20:00-05:00,1.168835,1.16898,1.16883,1.168955,-1.0
2026-01-06 18:25:00-05:00,1.168955,1.16906,1.168945,1.168985,-1.0
2026-01-06 18:30:00-05:00,1.168985,1.16902,1.16894,1.16896,-1.0
2026-01-06 18:35:00-05:00,1.16896,1.16896,1.168865,1.16887,-1.0
2026-01-06 18:40:00-05:00,1.16887,1.168905,1.16886,1.16887,-1.0
2026-01-06 18:45:00-05:00,1.16887,1.168875,1.168825,1.16887,-1.0
2026-01-06 18:50:00-05:00,1.16887,1.16888,1.16868,1.168685,-1.0
2026-01-06 18:55:00-05:00,1.168685,1.16879,1.16868,1.16872,-1.0
2026-01-06 19:00:00-05:00,1.16872,1.16897,1.168675,1.168685,-1.0
2026-01-06 19:05:00-05:00,1.168685,1.16875,1.168605,1.168645,-1.0
2026-01-06 19:10:00-05:00,1.168645,1.168695,1.168545,1.16867,-1.0
2026-01-06 19:15:00-05:00,1.16867,1.16884,1.168645,1.168775,-1.0
2026-01-06 19:20:00-05:00,1.168775,1.16887,1.16873,1.1688,-1.0
2026-01-06 19:25:00-05:00,1.1688,1.168835,1.168635,1.16869,-1.0
2026-01-06 19:30:00-05:00,1.16869,1.16911,1.168615,1.16911,-1.0
2026-01-06 19:35:00-05:00,1.16911,1.169425,1.169095,1.169405,-1.0
2026-01-06 19:40:00-05:00,1.169405,1.169405,1.16905,1.1691,-1.0
2026-01-06 19:45:00-05:00,1.1691,1.169145,1.169015,1.169095,-1.0
2026-01-06 19:50:00-05:00,1.169095,1.1692,1.168945,1.16911,-1.0
2026-01-06 19:55:00-05:00,1.16911,1.16919,1.168955,1.16917,-1.0
2026-01-06 20:00:00-05:00,1.16917,1.169305,1.16909,1.169255,-1.0
2026-01-06 20:05:00-05:00,1.169255,1.169365,1.16919,1.16936,-1.0
2026-01-06 20:10:00-05:00,1.16936,1.169435,1.1692,1.1692,-1.0
2026-01-06 20:15:00-05:00,1.1692,1.16925,1.16907,1.16907,-1.0
2026-01-06 20:20:00-05:00,1.16907,1.169175,1.169065,1.16909,-1.0
2026-01-06 20:25:00-05:00,1.16909,1.16914,1.168985,1.169105,-1.0
2026-01-06 20:30:00-05:00,1.169105,1.169315,1.16908,1.169315,-1.0
2026-01-06 20:35:00-05:00,1.169315,1.16981,1.169275,1.169805,-1.0
2026-01-06 20:40:00-05:00,1.169805,1.169855,1.16973,1.16981,-1.0
2026-01-06 20:45:00-05:00,1.16981,1.16989,1.169715,1.169835,-1.0
2026-01-06 20:50:00-05:00,1.169835,1.170065,1.169815,1.170005,-1.0
2026-01-06 20:55:00-05:00,1.170005,1.17001,1.169465,1.169575,-1.0
2026-01-06 21:00:00-05:00,1.169575,1.170055,1.16953,1.17005,-1.0
2026-01-06 21:05:00-05:00,1.17005,1.170155,1.17004,1.17007,-1.0
2026-01-06 21:10:00-05:00,1.17007,1.170265,1.170045,1.17005,-1.0
2026-01-06 21:15:00-05:00,1.17005,1.17016,1.17003,1.17011,-1.0
2026-01-06 21:20:00-05:00,1.17011,1.17011,1.16981,1.16983,-1.0
2026-01-06 21:25:00-05:00,1.16983,1.16983,1.169645,1.169735,-1.0
2026-01-06 21:30:00-05:00,1.169735,1.16988,1.16963,1.169645,-1.0
2026-01-06 21:35:00-05:00,1.169645,1.169645,1.169555,1.169585,-1.0
2026-01-06 21:40:00-05:00,1.169585,1.16982,1.169585,1.16979,-1.0
2026-01-06 21:45:00-05:00,1.16979,1.16981,1.16957,1.169685,-1.0
2026-01-06 21:50:00-05:00,1.169685,1.169685,1.169535,1.169545,-1.0
2026-01-06 21:55:00-05:00,1.169545,1.169635,1.169535,1.169625,-1.0
2026-01-06 22:00:00-05:00,1.169625,1.16987,1.1696,1.169785,-1.0
2026-01-06 22:05:00-05:00,1.169785,1.16998,1.16978,1.169875,-1.0
2026-01-06 22:10:00-05:00,1.169875,1.1699,1.16978,1.169805,-1.0
2026-01-06 22:15:00-05:00,1.169805,1.170025,1.169735,1.16989,-1.0
2026-01-06 22:20:00-05:00,1.16989,1.16999,1.169825,1.16998,-1.0
2026-01-06 22:25:00-05:00,1.16998,1.16999,1.16982,1.169865,-1.0
2026-01-06 22:30:00-05:00,1.169865,1.169965,1.169835,1.16994,-1.0
2026-01-06 22:35:00-05:00,1.16994,1.16998,1.16988,1.169975,-1.0
2026-01-06 22:40:00-05:00,1.169975,1.16998,1.169815,1.16983,-1.0
2026-01-06 22:45:00-05:00,1.16983,1.16993,1.169785,1.169875,-1.0
2026-01-06 22:50:00-05:00,1.169875,1.16996,1.169815,1.16993,-1.0
2026-01-06 22:55:00-05:00,1.16993,1.169975,1.169825,1.169865,-1.0
2026-01-06 23:00:00-05:00,1.169865,1.1701,1.16985,1.170095,-1.0
2026-01-06 23:05:00-05:00,1.170095,1.170205,1.170035,1.17019,-1.0
2026-01-06 23:10:00-05:00,1.17019,1.17021,1.169965,1.16999,-1.0
2026-01-06 23:15:00-05:00,1.16999,1.17001,1.169675,1.16972,-1.0
2026-01-06 23:20:00-05:00,1.16972,1.169785,1.169585,1.169635,-1.0
2026-01-06 23:25:00-05:00,1.169635,1.169655,1.169485,1.169495,-1.0
2026-01-06 23:30:00-05:00,1.169495,1.169635,1.169365,1.16941,-1.0
2026-01-06 23:35:00-05:00,1.16941,1.16959,1.16939,1.169535,-1.0
2026-01-06 23:40:00-05:00,1.169535,1.169705,1.169535,1.16967,-1.0
2026-01-06 23:45:00-05:00,1.16967,1.169705,1.169605,1.169615,-1.0
2026-01-06 23:50:00-05:00,1.169615,1.169655,1.16931,1.16934,-1.0
2026-01-06 23:55:00-05:00,1.16934,1.16935,1.16911,1.169115,-1.0
2026-01-07 00:00:00-05:00,1.169115,1.169395,1.169095,1.169375,-1.0
2026-01-07 00:05:00-05:00,1.169375,1.16938,1.16913,1.169225,-1.0
2026-01-07 00:10:00-05:00,1.169225,1.169235,1.169115,1.16921,-1.0
2026-01-07 00:15:00-05:00,1.16921,1.16933,1.16921,1.16925,-1.0
2026-01-07 00:20:00-05:00,1.16925,1.1694,1.169235,1.16924,-1.0
2026-01-07 00:25:00-05:00,1.16924,1.169275,1.16921,1.169275,-1.0
2026-01-07 00:30:00-05:00,1.169275,1.169275,1.169135,1.16926,-1.0
2026-01-07 00:35:00-05:00,1.16926,1.16935,1.16919,1.16926,-1.0
2026-01-07 00:40:00-05:00,1.16926,1.169315,1.169135,1.16916,-1.0
2026-01-07 00:45:00-05:00,1.16916,1.169205,1.169115,1.1692,-1.0
2026-01-07 00:50:00-05:00,1.1692,1.169325,1.16917,1.169325,-1.0
2026-01-07 00:55:00-05:00,1.169325,1.169435,1.169275,1.16931,-1.0
2026-01-07 01:00:00-05:00,1.16931,1.1694,1.16926,1.169315,-1.0
2026-01-07 01:05:00-05:00,1.169315,1.16937,1.16926,1.169285,-1.0
2026-01-07 01:10:00-05:00,1.169285,1.169315,1.16921,1.16929,-1.0
2026-01-07 01:15:00-05:00,1.16929,1.16935,1.169265,1.16928,-1.0
2026-01-07 01:20:00-05:00,1.16928,1.169405,1.16928,1.169395,-1.0
2026-01-07 01:25:00-05:00,1.169395,1.16954,1.16932,1.16953,-1.0
2026-01-07 01:30:00-05:00,1.16953,1.16959,1.16931,1.16937,-1.0
2026-01-07 01:35:00-05:00,1.16937,1.169525,1.169325,1.16948,-1.0
2026-01-07 01:40:00-05:00,1.16948,1.16959,1.169395,1.16941,-1.0
2026-01-07 01:45:00-05:00,1.16941,1.16954,1.16937,1.16954,-1.0
2026-01-07 01:50:00-05:00,1.16954,1.169965,1.169515,1.1699,-1.0
2026-01-07 01:55:00-05:00,1.1699,1.1699,1.169645,1.169765,-1.0
2026-01-07 02:00:00-05:00,1.169765,1.16981,1.16955,1.16979,-1.0
2026-01-07 02:05:00-05:00,1.16979,1.16979,1.16957,1.169785,-1.0
2026-01-07 02:10:00-05:00,1.169785,1.16989,1.16947,1.16948,-1.0
2026-01-07 02:15:00-05:00,1.16948,1.16948,1.169115,1.16926,-1.0
2026-01-07 02:20:00-05:00,1.16926,1.16938,1.169095,1.16914,-1.0
2026-01-07 02:25:00-05:00,1.16914,1.16918,1.16907,1.169105,-1.0
2026-01-07 02:30:00-05:00,1.169105,1.169105,1.168555,1.168635,-1.0
2026-01-07 02:35:00-05:00,1.168635,1.168725,1.16819,1.168295,-1.0
2026-01-07 02:40:00-05:00,1.168295,1.168715,1.168175,1.16871,-1.0
2026-01-07 02:45:00-05:00,1.16871,1.16875,1.16805,1.16817,-1.0
2026-01-07 02:50:00-05:00,1.16817,1.16828,1.167875,1.16828,-1.0
2026-01-07 02:55:00-05:00,1.16828,1.16859,1.168235,1.168275,-1.0
2026-01-07 03:00:00-05:00,1.168275,1.168435,1.167845,1.167915,-1.0
2026-01-07 03:05:00-05:00,1.167915,1.16796,1.1677,1.167735,-1.0
2026-01-07 03:10:00-05:00,1.167735,1.16782,1.167615,1.167665,-1.0
2026-01-07 03:15:00-05:00,1.167665,1.168025,1.167565,1.16788,-1.0
2026-01-07 03:20:00-05:00,1.16788,1.16791,1.1676,1.1676,-1.0
2026-01-07 03:25:00-05:00,1.1676,1.16762,1.167275,1.167515,-1.0
2026-01-07 03:30:00-05:00,1.167515,1.167945,1.167515,1.16788,-1.0
2026-01-07 03:35:00-05:00,1.16788,1.168355,1.16788,1.168285,-1.0
2026-01-07 03:40:00-05:00,1.168285,1.16843,1.16811,1.168145,-1.0
2026-01-07 03:45:00-05:00,1.168145,1.16859,1.168095,1.168535,-1.0
2026-01-07 03:50:00-05:00,1.168535,1.16875,1.16837,1.168405,-1.0
2026-01-07 03:55:00-05:00,1.168405,1.16859,1.16832,1.16858,-1.0
2026-01-07 04:00:00-05:00,1.16858,1.168695,1.16842,1.168665,-1.0
2026-01-07 04:05:00-05:00,1.168665,1.168665,1.16823,1.16859,-1.0
2026-01-07 04:10:00-05:00,1.16859,1.168635,1.168235,1.168375,-1.0
2026-01-07 04:15:00-05:00,1.168375,1.168415,1.16816,1.168215,-1.0
2026-01-07 04:20:00-05:00,1.168215,1.168375,1.168145,1.16834,-1.0
2026-01-07 04:25:00-05:00,1.16834,1.16843,1.168145,1.16843,-1.0
2026-01-07 04:30:00-05:00,1.16843,1.168535,1.168125,1.168275,-1.0
2026-01-07 04:35:00-05:00,1.168275,1.168445,1.168215,1.16844,-1.0
2026-01-07 04:40:00-05:00,1.16844,1.16869,1.16839,1.16856,-1.0
2026-01-07 04:45:00-05:00,1.16856,1.168685,1.168325,1.16862,-1.0
2026-01-07 04:50:00-05:00,1.16862,1.16863,1.168305,1.168485,-1.0
2026-01-07 04:55:00-05:00,1.168485,1.168515,1.168295,1.168435,-1.0
2026-01-07 05:00:00-05:00,1.168435,1.16893,1.168345,1.16859,-1.0
2026-01-07 05:05:00-05:00,1.16859,1.16893,1.16851,1.16882,-1.0
2026-01-07 05:10:00-05:00,1.16882,1.168925,1.16867,1.168845,-1.0
2026-01-07 05:15:00-05:00,1.168845,1.16901,1.16871,1.168985,-1.0
2026-01-07 05:20:00-05:00,1.168985,1.169225,1.16897,1.16904,-1.0
2026-01-07 05:25:00-05:00,1.16904,1.16929,1.16904,1.16919,-1.0
2026-01-07 05:30:00-05:00,1.16919,1.16928,1.16907,1.169215,-1.0
2026-01-07 05:35:00-05:00,1.169215,1.169385,1.169165,1.16928,-1.0
2026-01-07 05:40:00-05:00,1.16928,1.16938,1.169085,1.169145,-1.0
2026-01-07 05:45:00-05:00,1.169145,1.16934,1.16907,1.16909,-1.0
2026-01-07 05:50:00-05:00,1.16909,1.169225,1.16886,1.168875,-1.0
2026-01-07 05:55:00-05:00,1.168875,1.168925,1.16873,1.168845,-1.0
2026-01-07 06:00:00-05:00,1.168845,1.16919,1.168725,1.168885,-1.0
2026-01-07 06:05:00-05:00,1.168885,1.168905,1.16851,1.168545,-1.0
2026-01-07 06:10:00-05:00,1.168545,1.16887,1.168525,1.16884,-1.0
2026-01-07 06:15:00-05:00,1.16884,1.169245,1.1688,1.169245,-1.0
2026-01-07 06:20:00-05:00,1.169245,1.16925,1.16909,1.169175,-1.0
2026-01-07 06:25:00-05:00,1.169175,1.16919,1.16884,1.168985,-1.0
2026-01-07 06:30:00-05:00,1.168985,1.169135,1.168875,1.168875,-1.0
2026-01-07 06:35:00-05:00,1.168875,1.168935,1.16858,1.16859,-1.0
2026-01-07 06:40:00-05:00,1.16859,1.16867,1.16851,1.168615,-1.0
2026-01-07 06:45:00-05:00,1.168615,1.168885,1.168555,1.168865,-1.0
2026-01-07 06:50:00-05:00,1.168865,1.168975,1.16869,1.168735,-1.0
2026-01-07 06:55:00-05:00,1.168735,1.168945,1.168715,1.16893,-1.0
2026-01-07 07:00:00-05:00,1.16893,1.16913,1.16876,1.16876,-1.0
2026-01-07 07:05:00-05:00,1.16876,1.16878,1.16823,1.16827,-1.0
2026-01-07 07:10:00-05:00,1.16827,1.168445,1.168115,1.16832,-1.0
2026-01-07 07:15:00-05:00,1.16832,1.168405,1.168185,1.168315,-1.0
2026-01-07 07:20:00-05:00,1.168315,1.168635,1.168295,1.168435,-1.0
2026-01-07 07:25:00-05:00,1.168435,1.16862,1.16831,1.168525,-1.0
2026-01-07 07:30:00-05:00,1.168525,1.168685,1.168495,1.168565,-1.0
2026-01-07 07:35:00-05:00,1.168565,1.168775,1.16849,1.168565,-1.0
2026-01-07 07:40:00-05:00,1.168565,1.16857,1.168305,1.168395,-1.0
2026-01-07 07:45:00-05:00,1.168395,1.168595,1.168385,1.168525,-1.0
2026-01-07 07:50:00-05:00,1.168525,1.16872,1.168475,1.168585,-1.0
2026-01-07 07:55:00-05:00,1.168585,1.16881,1.168465,1.168785,-1.0
2026-01-07 08:00:00-05:00,1.168785,1.168825,1.168535,1.168765,-1.0
2026-01-07 08:05:00-05:00,1.168765,1.168805,1.16838,1.168465,-1.0
2026-01-07 08:10:00-05:00,1.168465,1.16849,1.16826,1.168345,-1.0
2026-01-07 08:15:00-05:00,1.168345,1.168855,1.168245,1.168645,-1.0
2026-01-07 08:20:00-05:00,1.168645,1.16877,1.16843,1.16872,-1.0
2026-01-07 08:25:00-05:00,1.16872,1.168785,1.16852,1.168725,-1.0
2026-01-07 08:30:00-05:00,1.168725,1.169,1.168605,1.16872,-1.0
2026-01-07 08:35:00-05:00,1.16872,1.16874,1.168365,1.168635,-1.0
2026-01-07 08:40:00-05:00,1.168635,1.16936,1.168585,1.169185,-1.0
2026-01-07 08:45:00-05:00,1.169185,1.16938,1.169065,1.16933,-1.0
2026-01-07 08:50:00-05:00,1.16933,1.169475,1.169135,1.16916,-1.0
2026-01-07 08:55:00-05:00,1.16916,1.16931,1.16904,1.16916,-1.0
2026-01-07 09:00:00-05:00,1.16916,1.169405,1.168935,1.169335,-1.0
2026-01-07 09:05:00-05:00,1.169335,1.1694,1.168975,1.168985,-1.0
2026-01-07 09:10:00-05:00,1.168985,1.169315,1.168955,1.169145,-1.0
2026-01-07 09:15:00-05:00,1.169145,1.169215,1.16886,1.16893,-1.0
2026-01-07 09:20:00-05:00,1.16893,1.169125,1.168735,1.16874,-1.0
2026-01-07 09:25:00-05:00,1.16874,1.169,1.16871,1.168955,-1.0
2026-01-07 09:30:00-05:00,1.168955,1.16926,1.16893,1.1691,-1.0
2026-01-07 09:35:00-05:00,1.1691,1.169145,1.168915,1.169085,-1.0
2026-01-07 09:40:00-05:00,1.169085,1.169385,1.16903,1.1692,-1.0
2026-01-07 09:45:00-05:00,1.1692,1.16955,1.16906,1.169465,-1.0
2026-01-07 09:50:00-05:00,1.169465,1.169745,1.16926,1.16964,-1.0
2026-01-07 09:55:00-05:00,1.16964,1.16984,1.169495,1.169725,-1.0
2026-01-07 10:00:00-05:00,1.169725,1.16977,1.168495,1.16932,-1.0
2026-01-07 10:05:00-05:00,1.16932,1.16987,1.169025,1.169485,-1.0
2026-01-07 10:10:00-05:00,1.169485,1.169485,1.16884,1.168915,-1.0
2026-01-07 10:15:00-05:00,1.168915,1.168945,1.16817,1.168425,-1.0
2026-01-07 10:20:00-05:00,1.168425,1.16849,1.167995,1.168155,-1.0
2026-01-07 10:25:00-05:00,1.168155,1.16875,1.16805,1.168685,-1.0
2026-01-07 10:30:00-05:00,1.168685,1.169315,1.16868,1.16929,-1.0
2026-01-07 10:35:00-05:00,1.16929,1.169605,1.169155,1.169395,-1.0
2026-01-07 10:40:00-05:00,1.169395,1.169645,1.169115,1.16953,-1.0
2026-01-07 10:45:00-05:00,1.16953,1.169575,1.16905,1.169355,-1.0
2026-01-07 10:50:00-05:00,1.169355,1.169395,1.16849,1.168635,-1.0
2026-01-07 10:55:00-05:00,1.168635,1.169035,1.168315,1.169025,-1.0
2026-01-07 11:00:00-05:00,1.169025,1.16932,1.16902,1.169235,-1.0
2026-01-07 11:05:00-05:00,1.169235,1.16926,1.16891,1.168985,-1.0
2026-01-07 11:10:00-05:00,1.168985,1.16902,1.16824,1.168285,-1.0
2026-01-07 11:15:00-05:00,1.168285,1.16865,1.168225,1.168605,-1.0
2026-01-07 11:20:00-05:00,1.168605,1.16879,1.16851,1.168615,-1.0
2026-01-07 11:25:00-05:00,1.168615,1.16867,1.16841,1.16856,-1.0
2026-01-07 11:30:00-05:00,1.16856,1.16879,1.16843,1.168685,-1.0
2026-01-07 11:35:00-05:00,1.168685,1.168695,1.168515,1.168655,-1.0
2026-01-07 11:40:00-05:00,1.168655,1.169075,1.16854,1.168935,-1.0
2026-01-07 11:45:00-05:00,1.168935,1.16894,1.16843,1.168675,-1.0
2026-01-07 11:50:00-05:00,1.168675,1.16876,1.16859,1.16876,-1.0
2026-01-07 11:55:00-05:00,1.16876,1.168935,1.168735,1.16893,-1.0
2026-01-07 12:00:00-05:00,1.16893,1.16938,1.16893,1.169375,-1.0
2026-01-07 12:05:00-05:00,1.169375,1.16948,1.169165,1.169165,-1.0
2026-01-07 12:10:00-05:00,1.169165,1.169175,1.16872,1.168825,-1.0
2026-01-07 12:15:00-05:00,1.168825,1.168885,1.16862,1.16874,-1.0
2026-01-07 12:20:00-05:00,1.16874,1.16887,1.168705,1.16873,-1.0
2026-01-07 12:25:00-05:00,1.16873,1.169025,1.16873,1.168975,-1.0
2026-01-07 12:30:00-05:00,1.168975,1.16911,1.168755,1.169085,-1.0
2026-01-07 12:35:00-05:00,1.169085,1.169115,1.168795,1.168895,-1.0
2026-01-07 12:40:00-05:00,1.168895,1.169045,1.168885,1.169045,-1.0
2026-01-07 12:45:00-05:00,1.169045,1.169175,1.16894,1.168985,-1.0
2026-01-07 12:50:00-05:00,1.168985,1.16903,1.16876,1.168975,-1.0
2026-01-07 12:55:00-05:00,1.168975,1.16899,1.168635,1.1688,-1.0
2026-01-07 13:00:00-05:00,1.1688,1.16894,1.168565,1.16893,-1.0
2026-01-07 13:05:00-05:00,1.16893,1.169045,1.16884,1.168855,-1.0
2026-01-07 13:10:00-05:00,1.168855,1.168985,1.16873,1.168885,-1.0
2026-01-07 13:15:00-05:00,1.168885,1.16894,1.16869,1.168785,-1.0
2026-01-07 13:20:00-05:00,1.168785,1.16885,1.168685,1.168845,-1.0
2026-01-07 13:25:00-05:00,1.168845,1.168895,1.168735,1.168735,-1.0
2026-01-07 13:30:00-05:00,1.168735,1.16894,1.16873,1.16888,-1.0
2026-01-07 13:35:00-05:00,1.16888,1.16896,1.168805,1.16887,-1.0
2026-01-07 13:40:00-05:00,1.16887,1.16893,1.168805,1.16887,-1.0
2026-01-07 13:45:00-05:00,1.16887,1.16887,1.168685,1.16869,-1.0
2026-01-07 13:50:00-05:00,1.16869,1.16884,1.16863,1.16879,-1.0
2026-01-07 13:55:00-05:00,1.16879,1.168835,1.16824,1.168315,-1.0
2026-01-07 14:00:00-05:00,1.168315,1.168525,1.168265,1.168515,-1.0
2026-01-07 14:05:00-05:00,1.168515,1.16853,1.168135,1.168155,-1.0
2026-01-07 14:10:00-05:00,1.168155,1.168185,1.16798,1.168165,-1.0
2026-01-07 14:15:00-05:00,1.168165,1.16818,1.16788,1.167945,-1.0
2026-01-07 14:20:00-05:00,1.167945,1.16813,1.167945,1.16802,-1.0
2026-01-07 14:25:00-05:00,1.16802,1.16809,1.16788,1.167985,-1.0
2026-01-07 14:30:00-05:00,1.167985,1.168055,1.16792,1.168055,-1.0
2026-01-07 14:35:00-05:00,1.168055,1.168275,1.168035,1.168275,-1.0
2026-01-07 14:40:00-05:00,1.168275,1.168275,1.16814,1.16814,-1.0
2026-01-07 14:45:00-05:00,1.16814,1.16839,1.168065,1.168305,-1.0
2026-01-07 14:50:00-05:00,1.168305,1.16835,1.168185,1.168275,-1.0
2026-01-07 14:55:00-05:00,1.168275,1.168345,1.168225,1.168235,-1.0
2026-01-07 15:00:00-05:00,1.168235,1.16839,1.16805,1.168365,-1.0
2026-01-07 15:05:00-05:00,1.168365,1.16839,1.168125,1.168195,-1.0
2026-01-07 15:10:00-05:00,1.168195,1.168265,1.168135,1.16814,-1.0
2026-01-07 15:15:00-05:00,1.16814,1.168335,1.167965,1.168295,-1.0
2026-01-07 15:20:00-05:00,1.168295,1.16831,1.16825,1.16829,-1.0
2026-01-07 15:25:00-05:00,1.16829,1.16831,1.16805,1.168075,-1.0
2026-01-07 15:30:00-05:00,1.168075,1.168285,1.168015,1.168185,-1.0
2026-01-07 15:35:00-05:00,1.168185,1.168245,1.168135,1.168175,-1.0
2026-01-07 15:40:00-05:00,1.168175,1.1682,1.168115,1.168115,-1.0
2026-01-07 15:45:00-05:00,1.168115,1.16814,1.16801,1.16806,-1.0
2026-01-07 15:50:00-05:00,1.16806,1.16817,1.168035,1.168055,-1.0
2026-01-07 15:55:00-05:00,1.168055,1.168055,1.16789,1.167895,-1.0
2026-01-07 16:00:00-05:00,1.167895,1.167925,1.16779,1.1678,-1.0
2026-01-07 16:05:00-05:00,1.1678,1.1678,1.167665,1.16779,-1.0
2026-01-07 16:10:00-05:00,1.16779,1.1678,1.16777,1.167775,-1.0
2026-01-07 16:15:00-05:00,1.167775,1.16779,1.167735,1.16774,-1.0
2026-01-07 16:20:00-05:00,1.16774,1.167745,1.16771,1.167725,-1.0
2026-01-07 16:25:00-05:00,1.167725,1.167725,1.167515,1.16757,-1.0
2026-01-07 16:30:00-05:00,1.16757,1.167625,1.167505,1.16751,-1.0
2026-01-07 16:35:00-05:00,1.16751,1.167605,1.167355,1.1676,-1.0
2026-01-07 16:40:00-05:00,1.1676,1.167635,1.16758,1.167625,-1.0
2026-01-07 16:45:00-05:00,1.167625,1.167695,1.16761,1.16768,-1.0
2026-01-07 16:50:00-05:00,1.16768,1.16769,1.16762,1.16765,-1.0
2026-01-07 16:55:00-05:00,1.16765,1.16765,1.16742,1.16742,-1.0
2026-01-07 17:15:00-05:00,1.1676,1.16764,1.16748,1.167595,-1.0
2026-01-07 17:20:00-05:00,1.167595,1.167645,1.167585,1.16762,-1.0
2026-01-07 17:25:00-05:00,1.16762,1.16777,1.167595,1.16777,-1.0
2026-01-07 17:30:00-05:00,1.16777,1.167775,1.16775,1.16775,-1.0
2026-01-07 17:35:00-05:00,1.16775,1.16779,1.16773,1.167745,-1.0
2026-01-07 17:40:00-05:00,1.167745,1.16778,1.167735,1.16778,-1.0
2026-01-07 17:45:00-05:00,1.16778,1.16778,1.167725,1.167725,-1.0
2026-01-07 17:50:00-05:00,1.167725,1.16775,1.167725,1.167745,-1.0
2026-01-07 17:55:00-05:00,1.167745,1.16776,1.167725,1.16775,-1.0
2026-01-07 18:00:00-05:00,1.16775,1.16778,1.16758,1.167605,-1.0
2026-01-07 18:05:00-05:00,1.167605,1.167705,1.16757,1.167705,-1.0
2026-01-07 18:10:00-05:00,1.167705,1.167735,1.167645,1.16768,-1.0
2026-01-07 18:15:00-05:00,1.16768,1.167725,1.16768,1.167705,-1.0
2026-01-07 18:20:00-05:00,1.167705,1.16773,1.1677,1.167705,-1.0
2026-01-07 18:25:00-05:00,1.167705,1.167705,1.167635,1.167645,-1.0
2026-01-07 18:30:00-05:00,1.167645,1.16765,1.167595,1.167615,-1.0
2026-01-07 18:35:00-05:00,1.167615,1.167615,1.167515,1.167595,-1.0
2026-01-07 18:40:00-05:00,1.167595,1.16764,1.167565,1.16761,-1.0
2026-01-07 18:45:00-05:00,1.16761,1.16763,1.16758,1.16759,-1.0
2026-01-07 18:50:00-05:00,1.16759,1.16769,1.16759,1.16768,-1.0
2026-01-07 18:55:00-05:00,1.16768,1.167695,1.167655,1.16767,-1.0
2026-01-07 19:00:00-05:00,1.16767,1.167795,1.16766,1.16774,-1.0
2026-01-07 19:05:00-05:00,1.16774,1.16778,1.16767,1.1677,-1.0
2026-01-07 19:10:00-05:00,1.1677,1.167745,1.167655,1.167715,-1.0
2026-01-07 19:15:00-05:00,1.167715,1.167785,1.16767,1.167675,-1.0
2026-01-07 19:20:00-05:00,1.167675,1.16777,1.16766,1.16775,-1.0
2026-01-07 19:25:00-05:00,1.16775,1.16775,1.167615,1.167705,-1.0
2026-01-07 19:30:00-05:00,1.167705,1.1678,1.167685,1.16779,-1.0
2026-01-07 19:35:00-05:00,1.16779,1.1678,1.167725,1.16776,-1.0
2026-01-07 19:40:00-05:00,1.16776,1.16777,1.16766,1.167665,-1.0
2026-01-07 19:45:00-05:00,1.167665,1.167715,1.167635,1.16766,-1.0
2026-01-07 19:50:00-05:00,1.16766,1.16779,1.167645,1.167685,-1.0
2026-01-07 19:55:00-05:00,1.167685,1.16772,1.16757,1.16757,-1.0
2026-01-07 20:00:00-05:00,1.16757,1.16765,1.167485,1.16764,-1.0
2026-01-07 20:05:00-05:00,1.16764,1.167735,1.167635,1.167705,-1.0
2026-01-07 20:10:00-05:00,1.167705,1.167795,1.16768,1.167695,-1.0
2026-01-07 20:15:00-05:00,1.167695,1.16779,1.16768,1.167715,-1.0
2026-01-07 20:20:00-05:00,1.167715,1.1678,1.167715,1.16774,-1.0
2026-01-07 20:25:00-05:00,1.16774,1.16777,1.16757,1.1676,-1.0
2026-01-07 20:30:00-05:00,1.1676,1.16762,1.16745,1.167505,-1.0
2026-01-07 20:35:00-05:00,1.167505,1.167525,1.16729,1.16738,-1.0
2026-01-07 20:40:00-05:00,1.16738,1.16738,1.16729,1.16734,-1.0
2026-01-07 20:45:00-05:00,1.16734,1.16752,1.167315,1.167505,-1.0
2026-01-07 20:50:00-05:00,1.167505,1.16756,1.16744,1.16746,-1.0
2026-01-07 20:55:00-05:00,1.16746,1.16751,1.167395,1.16748,-1.0
2026-01-07 21:00:00-05:00,1.16748,1.16758,1.16736,1.167405,-1.0
2026-01-07 21:05:00-05:00,1.167405,1.167535,1.167395,1.167535,-1.0
2026-01-07 21:10:00-05:00,1.167535,1.16759,1.167485,1.16749,-1.0
2026-01-07 21:15:00-05:00,1.16749,1.167555,1.16731,1.167345,-1.0
2026-01-07 21:20:00-05:00,1.167345,1.167355,1.16726,1.167345,-1.0
2026-01-07 21:25:00-05:00,1.167345,1.167465,1.16733,1.16745,-1.0
2026-01-07 21:30:00-05:00,1.16745,1.1677,1.167435,1.16767,-1.0
2026-01-07 21:35:00-05:00,1.16767,1.16784,1.16767,1.167705,-1.0
2026-01-07 21:40:00-05:00,1.167705,1.168025,1.167685,1.16797,-1.0
2026-01-07 21:45:00-05:00,1.16797,1.168055,1.167835,1.167855,-1.0
2026-01-07 21:50:00-05:00,1.167855,1.16803,1.167855,1.167965,-1.0
2026-01-07 21:55:00-05:00,1.167965,1.168075,1.16793,1.16803,-1.0
2026-01-07 22:00:00-05:00,1.16803,1.168195,1.168005,1.168195,-1.0
2026-01-07 22:05:00-05:00,1.168195,1.168195,1.168025,1.16808,-1.0
2026-01-07 22:10:00-05:00,1.16808,1.168195,1.16804,1.16805,-1.0
2026-01-07 22:15:00-05:00,1.16805,1.16814,1.16802,1.16814,-1.0
2026-01-07 22:20:00-05:00,1.16814,1.1682,1.16814,1.168155,-1.0
2026-01-07 22:25:00-05:00,1.168155,1.16817,1.168025,1.16816,-1.0
2026-01-07 22:30:00-05:00,1.16816,1.168275,1.16812,1.16817,-1.0
2026-01-07 22:35:00-05:00,1.16817,1.16817,1.16802,1.168065,-1.0
2026-01-07 22:40:00-05:00,1.168065,1.16815,1.16804,1.16806,-1.0
2026-01-07 22:45:00-05:00,1.16806,1.168065,1.16796,1.16799,-1.0
2026-01-07 22:50:00-05:00,1.16799,1.16799,1.16789,1.16789,-1.0
2026-01-07 22:55:00-05:00,1.16789,1.16803,1.16789,1.168005,-1.0
2026-01-07 23:00:00-05:00,1.168005,1.168005,1.167805,1.16782,-1.0
2026-01-07 23:05:00-05:00,1.16782,1.167995,1.16781,1.167955,-1.0
2026-01-07 23:10:00-05:00,1.167955,1.167995,1.16789,1.167985,-1.0
2026-01-07 23:15:00-05:00,1.167985,1.16811,1.16798,1.1681,-1.0
2026-01-07 23:20:00-05:00,1.1681,1.1681,1.16795,1.167975,-1.0
2026-01-07 23:25:00-05:00,1.167975,1.16799,1.167885,1.167885,-1.0
2026-01-07 23:30:00-05:00,1.167885,1.16791,1.167805,1.167835,-1.0
2026-01-07 23:35:00-05:00,1.167835,1.167905,1.167795,1.167905,-1.0
2026-01-07 23:40:00-05:00,1.167905,1.16799,1.1679,1.167985,-1.0
2026-01-07 23:45:00-05:00,1.167985,1.16802,1.16794,1.167985,-1.0
2026-01-07 23:50:00-05:00,1.167985,1.1681,1.16789,1.16794,-1.0
2026-01-07 23:55:00-05:00,1.16794,1.168045,1.16789,1.168045,-1.0
2026-01-08 00:00:00-05:00,1.168045,1.168095,1.167885,1.16791,-1.0
2026-01-08 00:05:00-05:00,1.16791,1.16802,1.16786,1.16795,-1.0
2026-01-08 00:10:00-05:00,1.16795,1.168045,1.16789,1.16791,-1.0
2026-01-08 00:15:00-05:00,1.16791,1.167945,1.167805,1.167875,-1.0
2026-01-08 00:20:00-05:00,1.167875,1.16797,1.16786,1.16794,-1.0
2026-01-08 00:25:00-05:00,1.16794,1.167945,1.16775,1.167805,-1.0
2026-01-08 00:30:00-05:00,1.167805,1.167945,1.1678,1.16792,-1.0
2026-01-08 00:35:00-05:00,1.16792,1.168275,1.167905,1.16827,-1.0
2026-01-08 00:40:00-05:00,1.16827,1.16827,1.168125,1.168165,-1.0
2026-01-08 00:45:00-05:00,1.168165,1.16819,1.16805,1.16809,-1.0
2026-01-08 00:50:00-05:00,1.16809,1.16819,1.16803,1.168135,-1.0
2026-01-08 00:55:00-05:00,1.168135,1.168295,1.168135,1.16824,-1.0
2026-01-08 01:00:00-05:00,1.16824,1.1683,1.16814,1.16814,-1.0
2026-01-08 01:05:00-05:00,1.16814,1.16817,1.16796,1.168025,-1.0
2026-01-08 01:10:00-05:00,1.168025,1.16822,1.16798,1.16814,-1.0
2026-01-08 01:15:00-05:00,1.16814,1.168175,1.167835,1.167945,-1.0
2026-01-08 01:20:00-05:00,1.167945,1.16799,1.167855,1.167895,-1.0
2026-01-08 01:25:00-05:00,1.167895,1.16797,1.167485,1.16758,-1.0
2026-01-08 01:30:00-05:00,1.16758,1.168045,1.16758,1.167975,-1.0
2026-01-08 01:35:00-05:00,1.167975,1.16814,1.16795,1.16796,-1.0
2026-01-08 01:40:00-05:00,1.16796,1.16803,1.167915,1.16799,-1.0
2026-01-08 01:45:00-05:00,1.16799,1.168145,1.16784,1.168145,-1.0
2026-01-08 01:50:00-05:00,1.168145,1.1682,1.16802,1.16819,-1.0
2026-01-08 01:55:00-05:00,1.16819,1.16828,1.168145,1.168155,-1.0
2026-01-08 02:00:00-05:00,1.168155,1.16827,1.16801,1.1682,-1.0
2026-01-08 02:05:00-05:00,1.1682,1.168245,1.16802,1.16805,-1.0
2026-01-08 02:10:00-05:00,1.16805,1.16806,1.167755,1.16783,-1.0
2026-01-08 02:15:00-05:00,1.16783,1.167945,1.16776,1.16793,-1.0
2026-01-08 02:20:00-05:00,1.16793,1.16814,1.16782,1.167865,-1.0
2026-01-08 02:25:00-05:00,1.167865,1.168015,1.16781,1.167955,-1.0
2026-01-08 02:30:00-05:00,1.167955,1.168295,1.16789,1.16825,-1.0
2026-01-08 02:35:00-05:00,1.16825,1.168265,1.168015,1.16806,-1.0
2026-01-08 02:40:00-05:00,1.16806,1.168225,1.167975,1.16819,-1.0
2026-01-08 02:45:00-05:00,1.16819,1.1682,1.167995,1.168095,-1.0
2026-01-08 02:50:00-05:00,1.168095,1.16819,1.16789,1.167905,-1.0
2026-01-08 02:55:00-05:00,1.167905,1.16815,1.167705,1.16779,-1.0
2026-01-08 03:00:00-05:00,1.16779,1.16787,1.1675,1.167595,-1.0
2026-01-08 03:05:00-05:00,1.167595,1.167705,1.167455,1.167705,-1.0
2026-01-08 03:10:00-05:00,1.167705,1.167885,1.16762,1.167655,-1.0
2026-01-08 03:15:00-05:00,1.167655,1.167685,1.16735,1.167405,-1.0
2026-01-08 03:20:00-05:00,1.167405,1.167565,1.167215,1.16727,-1.0
2026-01-08 03:25:00-05:00,1.16727,1.16762,1.16721,1.167505,-1.0
2026-01-08 03:30:00-05:00,1.167505,1.16761,1.16721,1.16722,-1.0
2026-01-08 03:35:00-05:00,1.16722,1.16725,1.167,1.16701,-1.0
2026-01-08 03:40:00-05:00,1.16701,1.16723,1.16695,1.167165,-1.0
2026-01-08 03:45:00-05:00,1.167165,1.167285,1.16694,1.167035,-1.0
2026-01-08 03:50:00-05:00,1.167035,1.167105,1.16691,1.167095,-1.0
2026-01-08 03:55:00-05:00,1.167095,1.167275,1.167075,1.167115,-1.0
2026-01-08 04:00:00-05:00,1.167115,1.16747,1.16694,1.16736,-1.0
2026-01-08 04:05:00-05:00,1.16736,1.16736,1.16715,1.16727,-1.0
2026-01-08 04:10:00-05:00,1.16727,1.16734,1.167035,1.16704,-1.0
2026-01-08 04:15:00-05:00,1.16704,1.167465,1.16704,1.167415,-1.0
2026-01-08 04:20:00-05:00,1.167415,1.167545,1.167265,1.167305,-1.0
2026-01-08 04:25:00-05:00,1.167305,1.16736,1.1672,1.167295,-1.0
2026-01-08 04:30:00-05:00,1.167295,1.167455,1.167235,1.16735,-1.0
2026-01-08 04:35:00-05:00,1.16735,1.16736,1.16701,1.167315,-1.0
2026-01-08 04:40:00-05:00,1.167315,1.16736,1.1671,1.167105,-1.0
2026-01-08 04:45:00-05:00,1.167105,1.167125,1.167,1.167075,-1.0
2026-01-08 04:50:00-05:00,1.167075,1.16761,1.167055,1.16757,-1.0
2026-01-08 04:55:00-05:00,1.16757,1.167705,1.167535,1.16768,-1.0
2026-01-08 05:00:00-05:00,1.16768,1.16789,1.167675,1.16776,-1.0
2026-01-08 05:05:00-05:00,1.16776,1.167965,1.16776,1.167915,-1.0
2026-01-08 05:10:00-05:00,1.167915,1.168205,1.16781,1.167995,-1.0
2026-01-08 05:15:00-05:00,1.167995,1.16808,1.167715,1.167725,-1.0
2026-01-08 05:20:00-05:00,1.167725,1.16786,1.16757,1.167635,-1.0
2026-01-08 05:25:00-05:00,1.167635,1.1678,1.167625,1.167775,-1.0
2026-01-08 05:30:00-05:00,1.167775,1.168005,1.167705,1.167895,-1.0
2026-01-08 05:35:00-05:00,1.167895,1.167995,1.167865,1.167905,-1.0
2026-01-08 05:40:00-05:00,1.167905,1.16796,1.167855,1.167865,-1.0
2026-01-08 05:45:00-05:00,1.167865,1.16793,1.16768,1.167755,-1.0
2026-01-08 05:50:00-05:00,1.167755,1.167965,1.16772,1.16786,-1.0
2026-01-08 05:55:00-05:00,1.16786,1.16805,1.16761,1.167985,-1.0
2026-01-08 06:00:00-05:00,1.167985,1.168045,1.16789,1.167945,-1.0
2026-01-08 06:05:00-05:00,1.167945,1.16799,1.167805,1.167895,-1.0
2026-01-08 06:10:00-05:00,1.167895,1.167895,1.16764,1.167655,-1.0
2026-01-08 06:15:00-05:00,1.167655,1.167715,1.167595,1.167675,-1.0
2026-01-08 06:20:00-05:00,1.167675,1.16779,1.16762,1.16765,-1.0
2026-01-08 06:25:00-05:00,1.16765,1.16777,1.16762,1.16762,-1.0
2026-01-08 06:30:00-05:00,1.16762,1.167725,1.167525,1.167545,-1.0
2026-01-08 06:35:00-05:00,1.167545,1.16766,1.167525,1.167645,-1.0
2026-01-08 06:40:00-05:00,1.167645,1.167825,1.167605,1.167805,-1.0
2026-01-08 06:45:00-05:00,1.167805,1.167935,1.16779,1.16779,-1.0
2026-01-08 06:50:00-05:00,1.16779,1.167885,1.167615,1.167815,-1.0
2026-01-08 06:55:00-05:00,1.167815,1.16788,1.16771,1.167755,-1.0
2026-01-08 07:00:00-05:00,1.167755,1.16779,1.16753,1.16759,-1.0
2026-01-08 07:05:00-05:00,1.16759,1.167665,1.167495,1.167665,-1.0
2026-01-08 07:10:00-05:00,1.167665,1.167665,1.167225,1.167245,-1.0
2026-01-08 07:15:00-05:00,1.167245,1.167405,1.167195,1.167285,-1.0
2026-01-08 07:20:00-05:00,1.167285,1.16734,1.167165,1.16718,-1.0
2026-01-08 07:25:00-05:00,1.16718,1.16727,1.167085,1.167245,-1.0
2026-01-08 07:30:00-05:00,1.167245,1.167295,1.16707,1.16713,-1.0
2026-01-08 07:35:00-05:00,1.16713,1.16735,1.167055,1.167265,-1.0
2026-01-08 07:40:00-05:00,1.167265,1.16736,1.1672,1.167245,-1.0
2026-01-08 07:45:00-05:00,1.167245,1.167445,1.16722,1.167415,-1.0
2026-01-08 07:50:00-05:00,1.167415,1.167435,1.16709,1.16709,-1.0
2026-01-08 07:55:00-05:00,1.16709,1.167355,1.166995,1.167335,-1.0
2026-01-08 08:00:00-05:00,1.167335,1.16762,1.16732,1.16762,-1.0
2026-01-08 08:05:00-05:00,1.16762,1.167645,1.167415,1.167465,-1.0
2026-01-08 08:10:00-05:00,1.167465,1.167565,1.167305,1.167395,-1.0
2026-01-08 08:15:00-05:00,1.167395,1.167585,1.167135,1.167585,-1.0
2026-01-08 08:20:00-05:00,1.167585,1.16779,1.167505,1.16771,-1.0
2026-01-08 08:25:00-05:00,1.16771,1.16771,1.16742,1.16746,-1.0
2026-01-08 08:30:00-05:00,1.16746,1.16751,1.166695,1.166715,-1.0
2026-01-08 08:35:00-05:00,1.166715,1.16716,1.166695,1.166915,-1.0
2026-01-08 08:40:00-05:00,1.166915,1.16699,1.166715,1.16672,-1.0
2026-01-08 08:45:00-05:00,1.16672,1.166725,1.16606,1.166145,-1.0
2026-01-08 08:50:00-05:00,1.166145,1.1662,1.16583,1.16591,-1.0
2026-01-08 08:55:00-05:00,1.16591,1.16639,1.16587,1.166285,-1.0
2026-01-08 09:00:00-05:00,1.166285,1.16664,1.16614,1.166615,-1.0
2026-01-08 09:05:00-05:00,1.166615,1.166665,1.166285,1.16635,-1.0
2026-01-08 09:10:00-05:00,1.16635,1.16641,1.166,1.16601,-1.0
2026-01-08 09:15:00-05:00,1.16601,1.166065,1.165655,1.16569,-1.0
2026-01-08 09:20:00-05:00,1.16569,1.16611,1.165615,1.166085,-1.0
2026-01-08 09:25:00-05:00,1.166085,1.166085,1.16571,1.165895,-1.0
2026-01-08 09:30:00-05:00,1.165895,1.166155,1.165765,1.165915,-1.0
2026-01-08 09:35:00-05:00,1.165915,1.166235,1.165865,1.166025,-1.0
2026-01-08 09:40:00-05:00,1.166025,1.166295,1.165995,1.166195,-1.0
2026-01-08 09:45:00-05:00,1.166195,1.166245,1.165805,1.16586,-1.0
2026-01-08 09:50:00-05:00,1.16586,1.16613,1.16586,1.166065,-1.0
2026-01-08 09:55:00-05:00,1.166065,1.16648,1.16604,1.16647,-1.0
2026-01-08 10:00:00-05:00,1.16647,1.166565,1.16607,1.16656,-1.0
2026-01-08 10:05:00-05:00,1.16656,1.16659,1.166345,1.16642,-1.0
2026-01-08 10:10:00-05:00,1.16642,1.16682,1.16641,1.166605,-1.0
2026-01-08 10:15:00-05:00,1.166605,1.167105,1.16656,1.167065,-1.0
2026-01-08 10:20:00-05:00,1.167065,1.16731,1.166955,1.167065,-1.0
2026-01-08 10:25:00-05:00,1.167065,1.16738,1.167025,1.16703,-1.0
2026-01-08 10:30:00-05:00,1.16703,1.16705,1.16668,1.167035,-1.0
2026-01-08 10:35:00-05:00,1.167035,1.167175,1.16696,1.167045,-1.0
2026-01-08 10:40:00-05:00,1.167045,1.167065,1.16635,1.16678,-1.0
2026-01-08 10:45:00-05:00,1.16678,1.16682,1.166455,1.16662,-1.0
2026-01-08 10:50:00-05:00,1.16662,1.16701,1.166435,1.166865,-1.0
2026-01-08 10:55:00-05:00,1.166865,1.1669,1.16639,1.16665,-1.0
2026-01-08 11:00:00-05:00,1.16665,1.166755,1.166385,1.166525,-1.0
2026-01-08 11:05:00-05:00,1.166525,1.16656,1.166015,1.16604,-1.0
2026-01-08 11:10:00-05:00,1.16604,1.166095,1.16578,1.165805,-1.0
2026-01-08 11:15:00-05:00,1.165805,1.16594,1.16564,1.165695,-1.0
2026-01-08 11:20:00-05:00,1.165695,1.165895,1.165315,1.165315,-1.0
2026-01-08 11:25:00-05:00,1.165315,1.165775,1.165245,1.16572,-1.0
2026-01-08 11:30:00-05:00,1.16572,1.165725,1.16526,1.165285,-1.0
2026-01-08 11:35:00-05:00,1.165285,1.165575,1.16525,1.16554,-1.0
2026-01-08 11:40:00-05:00,1.16554,1.16568,1.16552,1.16568,-1.0
2026-01-08 11:45:00-05:00,1.16568,1.16569,1.16543,1.165595,-1.0
2026-01-08 11:50:00-05:00,1.165595,1.165775,1.165425,1.165485,-1.0
2026-01-08 11:55:00-05:00,1.165485,1.16583,1.16544,1.165445,-1.0
2026-01-08 12:00:00-05:00,1.165445,1.165565,1.165225,1.165485,-1.0
2026-01-08 12:05:00-05:00,1.165485,1.16553,1.165215,1.165215,-1.0
2026-01-08 12:10:00-05:00,1.165215,1.16524,1.165015,1.16517,-1.0
2026-01-08 12:15:00-05:00,1.16517,1.165255,1.16493,1.16525,-1.0
2026-01-08 12:20:00-05:00,1.16525,1.16529,1.16498,1.16503,-1.0
2026-01-08 12:25:00-05:00,1.16503,1.16503,1.16473,1.16473,-1.0
2026-01-08 12:30:00-05:00,1.16473,1.1648,1.164595,1.164675,-1.0
2026-01-08 12:35:00-05:00,1.164675,1.164705,1.164365,1.164605,-1.0
2026-01-08 12:40:00-05:00,1.164605,1.16472,1.16456,1.16464,-1.0
2026-01-08 12:45:00-05:00,1.16464,1.164895,1.16457,1.16483,-1.0
2026-01-08 12:50:00-05:00,1.16483,1.16508,1.164825,1.164975,-1.0
2026-01-08 12:55:00-05:00,1.164975,1.165125,1.16488,1.16507,-1.0
2026-01-08 13:00:00-05:00,1.16507,1.16533,1.16494,1.16494,-1.0
2026-01-08 13:05:00-05:00,1.16494,1.164955,1.164755,1.16479,-1.0
2026-01-08 13:10:00-05:00,1.16479,1.164985,1.16479,1.164985,-1.0
2026-01-08 13:15:00-05:00,1.164985,1.16514,1.16489,1.16494,-1.0
2026-01-08 13:20:00-05:00,1.16494,1.16503,1.16479,1.16498,-1.0
2026-01-08 13:25:00-05:00,1.16498,1.16506,1.164945,1.164965,-1.0
2026-01-08 13:30:00-05:00,1.164965,1.165205,1.16489,1.165195,-1.0
2026-01-08 13:35:00-05:00,1.165195,1.165195,1.164905,1.164965,-1.0
2026-01-08 13:40:00-05:00,1.164965,1.165045,1.164825,1.16503,-1.0
2026-01-08 13:45:00-05:00,1.16503,1.165035,1.1649,1.164925,-1.0
2026-01-08 13:50:00-05:00,1.164925,1.16497,1.164655,1.164675,-1.0
2026-01-08 13:55:00-05:00,1.164675,1.164675,1.16447,1.164515,-1.0
2026-01-08 14:00:00-05:00,1.164515,1.164545,1.164265,1.164385,-1.0
2026-01-08 14:05:00-05:00,1.164385,1.164495,1.16434,1.164455,-1.0
2026-01-08 14:10:00-05:00,1.164455,1.164725,1.164445,1.16464,-1.0
2026-01-08 14:15:00-05:00,1.16464,1.164685,1.164595,1.164675,-1.0
2026-01-08 14:20:00-05:00,1.164675,1.16472,1.16458,1.16461,-1.0
2026-01-08 14:25:00-05:00,1.16461,1.16467,1.164535,1.164585,-1.0
2026-01-08 14:30:00-05:00,1.164585,1.164805,1.164545,1.164805,-1.0
2026-01-08 14:35:00-05:00,1.164805,1.16489,1.16473,1.164745,-1.0
2026-01-08 14:40:00-05:00,1.164745,1.164765,1.16459,1.164665,-1.0
2026-01-08 14:45:00-05:00,1.164665,1.164865,1.16465,1.164865,-1.0
2026-01-08 14:50:00-05:00,1.164865,1.165075,1.16481,1.165075,-1.0
2026-01-08 14:55:00-05:00,1.165075,1.165075,1.16488,1.16501,-1.0
2026-01-08 15:00:00-05:00,1.16501,1.165305,1.16498,1.165195,-1.0
2026-01-08 15:05:00-05:00,1.165195,1.1652,1.165105,1.165165,-1.0
2026-01-08 15:10:00-05:00,1.165165,1.16524,1.16508,1.165085,-1.0
2026-01-08 15:15:00-05:00,1.165085,1.165125,1.165025,1.165095,-1.0
2026-01-08 15:20:00-05:00,1.165095,1.1652,1.165045,1.16519,-1.0
2026-01-08 15:25:00-05:00,1.16519,1.16536,1.16519,1.165325,-1.0
2026-01-08 15:30:00-05:00,1.165325,1.165465,1.165325,1.165415,-1.0
2026-01-08 15:35:00-05:00,1.165415,1.16542,1.165215,1.165255,-1.0
2026-01-08 15:40:00-05:00,1.165255,1.165285,1.16519,1.16525,-1.0
2026-01-08 15:45:00-05:00,1.16525,1.16533,1.165165,1.165315,-1.0
2026-01-08 15:50:00-05:00,1.165315,1.165445,1.165295,1.165395,-1.0
2026-01-08 15:55:00-05:00,1.165395,1.1654,1.165055,1.165125,-1.0
2026-01-08 16:00:00-05:00,1.165125,1.165165,1.16507,1.165135,-1.0
2026-01-08 16:05:00-05:00,1.165135,1.165235,1.16507,1.165225,-1.0
2026-01-08 16:10:00-05:00,1.165225,1.16524,1.16517,1.16523,-1.0
2026-01-08 16:15:00-05:00,1.16523,1.16524,1.165165,1.165185,-1.0
2026-01-08 16:20:00-05:00,1.165185,1.16532,1.16518,1.16531,-1.0
2026-01-08 16:25:00-05:00,1.16531,1.165425,1.165195,1.16542,-1.0
2026-01-08 16:30:00-05:00,1.16542,1.165685,1.16539,1.16568,-1.0
2026-01-08 16:35:00-05:00,1.16568,1.165835,1.16565,1.165665,-1.0
2026-01-08 16:40:00-05:00,1.165665,1.166075,1.165665,1.165975,-1.0
2026-01-08 16:45:00-05:00,1.165975,1.16627,1.165975,1.166255,-1.0
2026-01-08 16:50:00-05:00,1.166255,1.166255,1.165855,1.16603,-1.0
2026-01-08 16:55:00-05:00,1.16603,1.166165,1.165815,1.165975,-1.0
2026-01-08 17:15:00-05:00,1.166,1.166,1.16583,1.16586,-1.0
2026-01-08 17:20:00-05:00,1.16586,1.165955,1.165815,1.165955,-1.0
2026-01-08 17:25:00-05:00,1.165955,1.165955,1.165765,1.16577,-1.0
2026-01-08 17:30:00-05:00,1.16577,1.165845,1.16577,1.165845,-1.0
2026-01-08 17:35:00-05:00,1.165845,1.16589,1.165835,1.165875,-1.0
2026-01-08 17:40:00-05:00,1.165875,1.16593,1.165855,1.165885,-1.0
2026-01-08 17:45:00-05:00,1.165885,1.165925,1.165885,1.165925,-1.0
2026-01-08 17:50:00-05:00,1.165925,1.165955,1.16591,1.165945,-1.0
2026-01-08 17:55:00-05:00,1.165945,1.16598,1.16586,1.16586,-1.0
2026-01-08 18:00:00-05:00,1.16586,1.16623,1.16586,1.16621,-1.0
2026-01-08 18:05:00-05:00,1.16621,1.16621,1.16597,1.16598,-1.0
2026-01-08 18:10:00-05:00,1.16598,1.16602,1.16594,1.16597,-1.0
2026-01-08 18:15:00-05:00,1.16597,1.16599,1.165805,1.16592,-1.0
2026-01-08 18:20:00-05:00,1.16592,1.165925,1.16586,1.16586,-1.0
2026-01-08 18:25:00-05:00,1.16586,1.16586,1.1658,1.16582,-1.0
2026-01-08 18:30:00-05:00,1.16582,1.165895,1.16574,1.16574,-1.0
2026-01-08 18:35:00-05:00,1.16574,1.165765,1.16573,1.165765,-1.0
2026-01-08 18:40:00-05:00,1.165765,1.16581,1.165715,1.165715,-1.0
2026-01-08 18:45:00-05:00,1.165715,1.16572,1.16566,1.16567,-1.0
2026-01-08 18:50:00-05:00,1.16567,1.165765,1.16566,1.16573,-1.0
2026-01-08 18:55:00-05:00,1.16573,1.165815,1.16572,1.165815,-1.0
2026-01-08 19:00:00-05:00,1.165815,1.165815,1.165655,1.165665,-1.0
2026-01-08 19:05:00-05:00,1.165665,1.165695,1.165555,1.16556,-1.0
2026-01-08 19:10:00-05:00,1.16556,1.165665,1.165505,1.165505,-1.0
2026-01-08 19:15:00-05:00,1.165505,1.165605,1.16543,1.165595,-1.0
2026-01-08 19:20:00-05:00,1.165595,1.165765,1.16559,1.165705,-1.0
2026-01-08 19:25:00-05:00,1.165705,1.165705,1.16553,1.165605,-1.0
2026-01-08 19:30:00-05:00,1.165605,1.16562,1.16547,1.165475,-1.0
2026-01-08 19:35:00-05:00,1.165475,1.165515,1.165395,1.165455,-1.0
2026-01-08 19:40:00-05:00,1.165455,1.16551,1.16539,1.16551,-1.0
2026-01-08 19:45:00-05:00,1.16551,1.16556,1.165425,1.165535,-1.0
2026-01-08 19:50:00-05:00,1.165535,1.165605,1.16541,1.16543,-1.0
2026-01-08 19:55:00-05:00,1.16543,1.16554,1.165355,1.165365,-1.0
2026-01-08 20:00:00-05:00,1.165365,1.16547,1.165315,1.165325,-1.0
2026-01-08 20:05:00-05:00,1.165325,1.16533,1.165165,1.16533,-1.0
2026-01-08 20:10:00-05:00,1.16533,1.165375,1.1652,1.16536,-1.0
2026-01-08 20:15:00-05:00,1.16536,1.165725,1.165325,1.16564,-1.0
2026-01-08 20:20:00-05:00,1.16564,1.16564,1.16516,1.16516,-1.0
2026-01-08 20:25:00-05:00,1.16516,1.165235,1.16508,1.165205,-1.0
2026-01-08 20:30:00-05:00,1.165205,1.165295,1.1651,1.165235,-1.0
2026-01-08 20:35:00-05:00,1.165235,1.165285,1.165075,1.16511,-1.0
2026-01-08 20:40:00-05:00,1.16511,1.165135,1.16487,1.16488,-1.0
2026-01-08 20:45:00-05:00,1.16488,1.16513,1.164875,1.16505,-1.0
2026-01-08 20:50:00-05:00,1.16505,1.16522,1.16486,1.16498,-1.0
2026-01-08 20:55:00-05:00,1.16498,1.165015,1.164835,1.16492,-1.0
2026-01-08 21:00:00-05:00,1.16492,1.16508,1.164905,1.16495,-1.0
2026-01-08 21:05:00-05:00,1.16495,1.165015,1.16481,1.16481,-1.0
2026-01-08 21:10:00-05:00,1.16481,1.16487,1.164615,1.16463,-1.0
2026-01-08 21:15:00-05:00,1.16463,1.164815,1.16461,1.164765,-1.0
2026-01-08 21:20:00-05:00,1.164765,1.16507,1.164755,1.165005,-1.0
2026-01-08 21:25:00-05:00,1.165005,1.165015,1.16485,1.16499,-1.0
2026-01-08 21:30:00-05:00,1.16499,1.165165,1.16499,1.16516,-1.0
2026-01-08 21:35:00-05:00,1.16516,1.165285,1.164985,1.165015,-1.0
2026-01-08 21:40:00-05:00,1.165015,1.165215,1.164965,1.16521,-1.0
2026-01-08 21:45:00-05:00,1.16521,1.16533,1.16518,1.16531,-1.0
2026-01-08 21:50:00-05:00,1.16531,1.16546,1.16531,1.165415,-1.0
2026-01-08 21:55:00-05:00,1.165415,1.16547,1.16536,1.16543,-1.0
2026-01-08 22:00:00-05:00,1.16543,1.165525,1.165375,1.16547,-1.0
2026-01-08 22:05:00-05:00,1.16547,1.165705,1.16546,1.1657,-1.0
2026-01-08 22:10:00-05:00,1.1657,1.16588,1.165685,1.16578,-1.0
2026-01-08 22:15:00-05:00,1.16578,1.16592,1.165745,1.165875,-1.0
2026-01-08 22:20:00-05:00,1.165875,1.165875,1.1656,1.165665,-1.0
2026-01-08 22:25:00-05:00,1.165665,1.165725,1.1656,1.165675,-1.0
2026-01-08 22:30:00-05:00,1.165675,1.165815,1.165525,1.165765,-1.0
2026-01-08 22:35:00-05:00,1.165765,1.165825,1.165685,1.165825,-1.0
2026-01-08 22:40:00-05:00,1.165825,1.16583,1.16571,1.16573,-1.0
2026-01-08 22:45:00-05:00,1.16573,1.16573,1.16556,1.165565,-1.0
2026-01-08 22:50:00-05:00,1.165565,1.165695,1.16551,1.165605,-1.0
2026-01-08 22:55:00-05:00,1.165605,1.1657,1.16557,1.16562,-1.0
2026-01-08 23:00:00-05:00,1.16562,1.1657,1.165415,1.16546,-1.0
2026-01-08 23:05:00-05:00,1.16546,1.16554,1.16534,1.16536,-1.0
2026-01-08 23:10:00-05:00,1.16536,1.16544,1.165345,1.165345,-1.0
2026-01-08 23:15:00-05:00,1.165345,1.16536,1.1652,1.16527,-1.0
2026-01-08 23:20:00-05:00,1.16527,1.1654,1.16525,1.16539,-1.0
2026-01-08 23:25:00-05:00,1.16539,1.1655,1.16537,1.16547,-1.0
2026-01-08 23:30:00-05:00,1.16547,1.165505,1.16543,1.16546,-1.0
2026-01-08 23:35:00-05:00,1.16546,1.16554,1.165445,1.16551,-1.0
2026-01-08 23:40:00-05:00,1.16551,1.1656,1.165425,1.16547,-1.0
2026-01-08 23:45:00-05:00,1.16547,1.16552,1.165355,1.165505,-1.0
2026-01-08 23:50:00-05:00,1.165505,1.165535,1.165435,1.165435,-1.0
2026-01-08 23:55:00-05:00,1.165435,1.16548,1.1654,1.165435,-1.0
2026-01-09 00:00:00-05:00,1.165435,1.16551,1.165325,1.16546,-1.0
2026-01-09 00:05:00-05:00,1.16546,1.16563,1.16541,1.165415,-1.0
2026-01-09 00:10:00-05:00,1.165415,1.165445,1.16539,1.165405,-1.0
2026-01-09 00:15:00-05:00,1.165405,1.16557,1.165385,1.16543,-1.0
2026-01-09 00:20:00-05:00,1.16543,1.165435,1.16532,1.16535,-1.0
2026-01-09 00:25:00-05:00,1.16535,1.165435,1.16527,1.165305,-1.0
2026-01-09 00:30:00-05:00,1.165305,1.165375,1.16508,1.165135,-1.0
2026-01-09 00:35:00-05:00,1.165135,1.16515,1.165015,1.16507,-1.0
2026-01-09 00:40:00-05:00,1.16507,1.16516,1.16507,1.165115,-1.0
2026-01-09 00:45:00-05:00,1.165115,1.165215,1.165035,1.165165,-1.0
2026-01-09 00:50:00-05:00,1.165165,1.16518,1.16502,1.16502,-1.0
2026-01-09 00:55:00-05:00,1.16502,1.16516,1.165005,1.16512,-1.0
2026-01-09 01:00:00-05:00,1.16512,1.165245,1.164945,1.16522,-1.0
2026-01-09 01:05:00-05:00,1.16522,1.165265,1.16496,1.16499,-1.0
2026-01-09 01:10:00-05:00,1.16499,1.16501,1.164845,1.164935,-1.0
2026-01-09 01:15:00-05:00,1.164935,1.16507,1.164895,1.165025,-1.0
2026-01-09 01:20:00-05:00,1.165025,1.165035,1.16484,1.16499,-1.0
2026-01-09 01:25:00-05:00,1.16499,1.165165,1.164985,1.165075,-1.0
2026-01-09 01:30:00-05:00,1.165075,1.165215,1.165075,1.165175,-1.0
2026-01-09 01:35:00-05:00,1.165175,1.165235,1.165085,1.165105,-1.0
2026-01-09 01:40:00-05:00,1.165105,1.16527,1.165085,1.165155,-1.0
2026-01-09 01:45:00-05:00,1.165155,1.16528,1.16486,1.164885,-1.0
2026-01-09 01:50:00-05:00,1.164885,1.16498,1.164875,1.164905,-1.0
2026-01-09 01:55:00-05:00,1.164905,1.164985,1.164855,1.164895,-1.0
2026-01-09 02:00:00-05:00,1.164895,1.164925,1.16456,1.164765,-1.0
2026-01-09 02:05:00-05:00,1.164765,1.164975,1.164765,1.164895,-1.0
2026-01-09 02:10:00-05:00,1.164895,1.164935,1.164515,1.164515,-1.0
2026-01-09 02:15:00-05:00,1.164515,1.164735,1.16446,1.164465,-1.0
2026-01-09 02:20:00-05:00,1.164465,1.16456,1.164315,1.164415,-1.0
2026-01-09 02:25:00-05:00,1.164415,1.164605,1.164355,1.164505,-1.0
2026-01-09 02:30:00-05:00,1.164505,1.164575,1.164095,1.164115,-1.0
2026-01-09 02:35:00-05:00,1.164115,1.164165,1.164005,1.16416,-1.0
2026-01-09 02:40:00-05:00,1.16416,1.16423,1.164025,1.16422,-1.0
2026-01-09 02:45:00-05:00,1.16422,1.16442,1.16422,1.16429,-1.0
2026-01-09 02:50:00-05:00,1.16429,1.164605,1.164095,1.164545,-1.0
2026-01-09 02:55:00-05:00,1.164545,1.165085,1.16437,1.16508,-1.0
2026-01-09 03:00:00-05:00,1.16508,1.16531,1.164685,1.16472,-1.0
2026-01-09 03:05:00-05:00,1.16472,1.164785,1.164545,1.16457,-1.0
2026-01-09 03:10:00-05:00,1.16457,1.16457,1.16435,1.164375,-1.0
2026-01-09 03:15:00-05:00,1.164375,1.164515,1.164275,1.164515,-1.0
2026-01-09 03:20:00-05:00,1.164515,1.164755,1.16441,1.164665,-1.0
2026-01-09 03:25:00-05:00,1.164665,1.164735,1.16452,1.164555,-1.0
2026-01-09 03:30:00-05:00,1.164555,1.16461,1.164245,1.164265,-1.0
2026-01-09 03:35:00-05:00,1.164265,1.164405,1.164125,1.16428,-1.0
2026-01-09 03:40:00-05:00,1.16428,1.16449,1.16428,1.16428,-1.0
2026-01-09 03:45:00-05:00,1.16428,1.164615,1.164235,1.164615,-1.0
2026-01-09 03:50:00-05:00,1.164615,1.16478,1.16433,1.164745,-1.0
2026-01-09 03:55:00-05:00,1.164745,1.164985,1.164625,1.164915,-1.0
2026-01-09 04:00:00-05:00,1.164915,1.16503,1.1648,1.16496,-1.0
2026-01-09 04:05:00-05:00,1.16496,1.165005,1.164655,1.164765,-1.0
2026-01-09 04:10:00-05:00,1.164765,1.16503,1.16475,1.164785,-1.0
2026-01-09 04:15:00-05:00,1.164785,1.164885,1.164575,1.164575,-1.0
2026-01-09 04:20:00-05:00,1.164575,1.164615,1.164425,1.164535,-1.0
2026-01-09 04:25:00-05:00,1.164535,1.164635,1.164255,1.16428,-1.0
2026-01-09 04:30:00-05:00,1.16428,1.164475,1.16426,1.164335,-1.0
2026-01-09 04:35:00-05:00,1.164335,1.164475,1.164285,1.164475,-1.0
2026-01-09 04:40:00-05:00,1.164475,1.16457,1.16428,1.164345,-1.0
2026-01-09 04:45:00-05:00,1.164345,1.164485,1.164305,1.16443,-1.0
2026-01-09 04:50:00-05:00,1.16443,1.164435,1.164235,1.16437,-1.0
2026-01-09 04:55:00-05:00,1.16437,1.164445,1.164235,1.164245,-1.0
2026-01-09 05:00:00-05:00,1.164245,1.16443,1.164225,1.164275,-1.0
2026-01-09 05:05:00-05:00,1.164275,1.16434,1.164035,1.164335,-1.0
2026-01-09 05:10:00-05:00,1.164335,1.16446,1.164315,1.164355,-1.0
2026-01-09 05:15:00-05:00,1.164355,1.164415,1.16423,1.16428,-1.0
2026-01-09 05:20:00-05:00,1.16428,1.16428,1.16369,1.16402,-1.0
2026-01-09 05:25:00-05:00,1.16402,1.16428,1.16391,1.164275,-1.0
2026-01-09 05:30:00-05:00,1.164275,1.164305,1.164065,1.164245,-1.0
2026-01-09 05:35:00-05:00,1.164245,1.164475,1.164225,1.164475,-1.0
2026-01-09 05:40:00-05:00,1.164475,1.16448,1.16418,1.16428,-1.0
2026-01-09 05:45:00-05:00,1.16428,1.164395,1.164265,1.164365,-1.0
2026-01-09 05:50:00-05:00,1.164365,1.164635,1.164275,1.164625,-1.0
2026-01-09 05:55:00-05:00,1.164625,1.164685,1.164475,1.16468,-1.0
2026-01-09 06:00:00-05:00,1.16468,1.164705,1.16426,1.164365,-1.0
2026-01-09 06:05:00-05:00,1.164365,1.16452,1.16417,1.16431,-1.0
2026-01-09 06:10:00-05:00,1.16431,1.164545,1.1643,1.16442,-1.0
2026-01-09 06:15:00-05:00,1.16442,1.16449,1.164335,1.164485,-1.0
2026-01-09 06:20:00-05:00,1.164485,1.16454,1.164405,1.164515,-1.0
2026-01-09 06:25:00-05:00,1.164515,1.164595,1.164445,1.164495,-1.0
2026-01-09 06:30:00-05:00,1.164495,1.164615,1.16436,1.164455,-1.0
2026-01-09 06:35:00-05:00,1.164455,1.164515,1.164225,1.164415,-1.0
2026-01-09 06:40:00-05:00,1.164415,1.164595,1.164415,1.164575,-1.0
2026-01-09 06:45:00-05:00,1.164575,1.16463,1.164435,1.16451,-1.0
2026-01-09 06:50:00-05:00,1.16451,1.16465,1.16446,1.164535,-1.0
2026-01-09 06:55:00-05:00,1.164535,1.164665,1.164525,1.164605,-1.0
2026-01-09 07:00:00-05:00,1.164605,1.164625,1.16436,1.164585,-1.0
2026-01-09 07:05:00-05:00,1.164585,1.164615,1.16445,1.164525,-1.0
2026-01-09 07:10:00-05:00,1.164525,1.164525,1.164255,1.164395,-1.0
2026-01-09 07:15:00-05:00,1.164395,1.164495,1.164315,1.164335,-1.0
2026-01-09 07:20:00-05:00,1.164335,1.164425,1.16416,1.1642,-1.0
2026-01-09 07:25:00-05:00,1.1642,1.16442,1.163985,1.164345,-1.0
2026-01-09 07:30:00-05:00,1.164345,1.164415,1.16398,1.164075,-1.0
2026-01-09 07:35:00-05:00,1.164075,1.164295,1.16401,1.16405,-1.0
2026-01-09 07:40:00-05:00,1.16405,1.16428,1.164,1.164145,-1.0
2026-01-09 07:45:00-05:00,1.164145,1.16443,1.16414,1.164335,-1.0
2026-01-09 07:50:00-05:00,1.164335,1.164445,1.16411,1.16411,-1.0
2026-01-09 07:55:00-05:00,1.16411,1.16419,1.163995,1.164145,-1.0
2026-01-09 08:00:00-05:00,1.164145,1.1644,1.164095,1.16419,-1.0
2026-01-09 08:05:00-05:00,1.16419,1.164365,1.164135,1.164225,-1.0
2026-01-09 08:10:00-05:00,1.164225,1.164365,1.16414,1.164365,-1.0
2026-01-09 08:15:00-05:00,1.164365,1.164565,1.164265,1.164415,-1.0
2026-01-09 08:20:00-05:00,1.164415,1.164605,1.164335,1.164525,-1.0
2026-01-09 08:25:00-05:00,1.164525,1.16454,1.164105,1.164325,-1.0
2026-01-09 08:30:00-05:00,1.164325,1.165595,1.162575,1.16516,-1.0
2026-01-09 08:35:00-05:00,1.16516,1.166075,1.164625,1.16473,-1.0
2026-01-09 08:40:00-05:00,1.16473,1.165925,1.164725,1.16568,-1.0
2026-01-09 08:45:00-05:00,1.16568,1.16582,1.16472,1.164885,-1.0
2026-01-09 08:50:00-05:00,1.164885,1.16489,1.164195,1.164615,-1.0
2026-01-09 08:55:00-05:00,1.164615,1.16474,1.164215,1.164525,-1.0
2026-01-09 09:00:00-05:00,1.164525,1.165215,1.16445,1.16479,-1.0
2026-01-09 09:05:00-05:00,1.16479,1.165265,1.16432,1.164385,-1.0
2026-01-09 09:10:00-05:00,1.164385,1.164635,1.16401,1.164275,-1.0
2026-01-09 09:15:00-05:00,1.164275,1.16466,1.16411,1.16443,-1.0
2026-01-09 09:20:00-05:00,1.16443,1.16467,1.16397,1.1644,-1.0
2026-01-09 09:25:00-05:00,1.1644,1.164495,1.163475,1.16381,-1.0
2026-01-09 09:30:00-05:00,1.16381,1.164075,1.163555,1.163665,-1.0
2026-01-09 09:35:00-05:00,1.163665,1.164455,1.16357,1.16389,-1.0
2026-01-09 09:40:00-05:00,1.16389,1.16399,1.163305,1.1634,-1.0
2026-01-09 09:45:00-05:00,1.1634,1.163505,1.163005,1.16335,-1.0
2026-01-09 09:50:00-05:00,1.16335,1.163725,1.163055,1.16353,-1.0
2026-01-09 09:55:00-05:00,1.16353,1.16379,1.163335,1.16367,-1.0
2026-01-09 10:00:00-05:00,1.16367,1.16391,1.163095,1.16318,-1.0
2026-01-09 10:05:00-05:00,1.16318,1.16333,1.162525,1.16256,-1.0
2026-01-09 10:10:00-05:00,1.16256,1.162635,1.162175,1.162605,-1.0
2026-01-09 10:15:00-05:00,1.162605,1.162605,1.16209,1.162235,-1.0
2026-01-09 10:20:00-05:00,1.162235,1.162565,1.161825,1.162495,-1.0
2026-01-09 10:25:00-05:00,1.162495,1.16284,1.16238,1.162615,-1.0
2026-01-09 10:30:00-05:00,1.162615,1.16338,1.162515,1.16326,-1.0
2026-01-09 10:35:00-05:00,1.16326,1.163755,1.163255,1.163585,-1.0
2026-01-09 10:40:00-05:00,1.163585,1.163845,1.163375,1.163455,-1.0
2026-01-09 10:45:00-05:00,1.163455,1.16386,1.16326,1.163645,-1.0
2026-01-09 10:50:00-05:00,1.163645,1.1641,1.163445,1.1636,-1.0
2026-01-09 10:55:00-05:00,1.1636,1.164075,1.163415,1.164065,-1.0
2026-01-09 11:00:00-05:00,1.164065,1.16434,1.163825,1.16396,-1.0
2026-01-09 11:05:00-05:00,1.16396,1.164245,1.163835,1.16385,-1.0
2026-01-09 11:10:00-05:00,1.16385,1.16394,1.16364,1.16385,-1.0
2026-01-09 11:15:00-05:00,1.16385,1.164055,1.163745,1.164035,-1.0
2026-01-09 11:20:00-05:00,1.164035,1.16404,1.163165,1.163185,-1.0
2026-01-09 11:25:00-05:00,1.163185,1.163295,1.162985,1.162995,-1.0
2026-01-09 11:30:00-05:00,1.162995,1.163205,1.162835,1.163105,-1.0
2026-01-09 11:35:00-05:00,1.163105,1.16344,1.163075,1.163365,-1.0
2026-01-09 11:40:00-05:00,1.163365,1.163595,1.163285,1.163455,-1.0
2026-01-09 11:45:00-05:00,1.163455,1.163525,1.16332,1.163385,-1.0
2026-01-09 11:50:00-05:00,1.163385,1.16349,1.163245,1.163355,-1.0
2026-01-09 11:55:00-05:00,1.163355,1.16349,1.163265,1.16332,-1.0
2026-01-09 12:00:00-05:00,1.16332,1.163455,1.16287,1.162875,-1.0
2026-01-09 12:05:00-05:00,1.162875,1.16311,1.16285,1.163055,-1.0
2026-01-09 12:10:00-05:00,1.163055,1.1632,1.162955,1.163135,-1.0
2026-01-09 12:15:00-05:00,1.163135,1.16314,1.162765,1.16293,-1.0
2026-01-09 12:20:00-05:00,1.16293,1.162975,1.162765,1.162895,-1.0
2026-01-09 12:25:00-05:00,1.162895,1.163085,1.162805,1.163085,-1.0
2026-01-09 12:30:00-05:00,1.163085,1.163125,1.16293,1.16309,-1.0
2026-01-09 12:35:00-05:00,1.16309,1.16314,1.162895,1.162965,-1.0
2026-01-09 12:40:00-05:00,1.162965,1.163245,1.16288,1.163105,-1.0
2026-01-09 12:45:00-05:00,1.163105,1.163305,1.16308,1.163305,-1.0
2026-01-09 12:50:00-05:00,1.163305,1.163325,1.163165,1.16323,-1.0
2026-01-09 12:55:00-05:00,1.16323,1.163245,1.16304,1.16317,-1.0
2026-01-09 13:00:00-05:00,1.16317,1.163335,1.16314,1.16331,-1.0
2026-01-09 13:05:00-05:00,1.16331,1.16344,1.16323,1.16329,-1.0
2026-01-09 13:10:00-05:00,1.16329,1.16335,1.163145,1.16319,-1.0
2026-01-09 13:15:00-05:00,1.16319,1.163385,1.163095,1.163365,-1.0
2026-01-09 13:20:00-05:00,1.163365,1.163415,1.163295,1.163405,-1.0
2026-01-09 13:25:00-05:00,1.163405,1.163405,1.163285,1.163345,-1.0
2026-01-09 13:30:00-05:00,1.163345,1.163635,1.163335,1.163625,-1.0
2026-01-09 13:35:00-05:00,1.163625,1.163995,1.163625,1.163835,-1.0
2026-01-09 13:40:00-05:00,1.163835,1.163895,1.163755,1.16379,-1.0
2026-01-09 13:45:00-05:00,1.16379,1.163855,1.163645,1.16369,-1.0
2026-01-09 13:50:00-05:00,1.16369,1.163695,1.163515,1.163645,-1.0
2026-01-09 13:55:00-05:00,1.163645,1.16365,1.16336,1.1634,-1.0
2026-01-09 14:00:00-05:00,1.1634,1.163635,1.163315,1.163545,-1.0
2026-01-09 14:05:00-05:00,1.163545,1.163605,1.163405,1.16358,-1.0
2026-01-09 14:10:00-05:00,1.16358,1.163745,1.16357,1.163605,-1.0
2026-01-09 14:15:00-05:00,1.163605,1.163815,1.163595,1.163685,-1.0
2026-01-09 14:20:00-05:00,1.163685,1.16382,1.163615,1.163795,-1.0
2026-01-09 14:25:00-05:00,1.163795,1.16389,1.163735,1.16378,-1.0
2026-01-09 14:30:00-05:00,1.16378,1.16378,1.16357,1.163615,-1.0
2026-01-09 14:35:00-05:00,1.163615,1.163625,1.16344,1.16346,-1.0
2026-01-09 14:40:00-05:00,1.16346,1.163595,1.163435,1.163555,-1.0
2026-01-09 14:45:00-05:00,1.163555,1.163555,1.163425,1.16354,-1.0
2026-01-09 14:50:00-05:00,1.16354,1.16359,1.163475,1.163555,-1.0
2026-01-09 14:55:00-05:00,1.163555,1.163565,1.163405,1.163475,-1.0
2026-01-09 15:00:00-05:00,1.163475,1.16357,1.163405,1.163455,-1.0
2026-01-09 15:05:00-05:00,1.163455,1.163515,1.163415,1.16347,-1.0
2026-01-09 15:10:00-05:00,1.16347,1.16358,1.16346,1.163575,-1.0
2026-01-09 15:15:00-05:00,1.163575,1.16362,1.163545,1.163615,-1.0
2026-01-09 15:20:00-05:00,1.163615,1.163795,1.163495,1.16372,-1.0
2026-01-09 15:25:00-05:00,1.16372,1.16373,1.16367,1.163685,-1.0
2026-01-09 15:30:00-05:00,1.163685,1.163725,1.163605,1.163645,-1.0
2026-01-09 15:35:00-05:00,1.163645,1.163645,1.163465,1.16352,-1.0
2026-01-09 15:40:00-05:00,1.16352,1.16355,1.16347,1.163545,-1.0
2026-01-09 15:45:00-05:00,1.163545,1.16358,1.163475,1.16349,-1.0
2026-01-09 15:50:00-05:00,1.16349,1.163555,1.16347,1.16354,-1.0
2026-01-09 15:55:00-05:00,1.16354,1.16364,1.163405,1.16347,-1.0
2026-01-09 16:00:00-05:00,1.16347,1.163535,1.163405,1.16353,-1.0
2026-01-09 16:05:00-05:00,1.16353,1.16369,1.16349,1.16369,-1.0
2026-01-09 16:10:00-05:00,1.16369,1.16369,1.16349,1.16352,-1.0
2026-01-09 16:15:00-05:00,1.16352,1.16354,1.163375,1.16343,-1.0
2026-01-09 16:20:00-05:00,1.16343,1.16362,1.16343,1.16353,-1.0
2026-01-09 16:25:00-05:00,1.16353,1.16353,1.163415,1.16344,-1.0
2026-01-09 16:30:00-05:00,1.16344,1.163445,1.16332,1.16334,-1.0
2026-01-09 16:35:00-05:00,1.16334,1.16334,1.16312,1.16312,-1.0
2026-01-09 16:40:00-05:00,1.16312,1.163125,1.163065,1.16307,-1.0
2026-01-09 16:45:00-05:00,1.16307,1.16315,1.16301,1.163045,-1.0
2026-01-09 16:50:00-05:00,1.163045,1.163145,1.162985,1.16306,-1.0
2026-01-09 16:55:00-05:00,1.16306,1.163765,1.16297,1.163685,-1.0
2026-01-11 17:15:00-05:00,1.16325,1.16353,1.16325,1.163395,-1.0
2026-01-11 17:20:00-05:00,1.163395,1.1634,1.163345,1.163365,-1.0
2026-01-11 17:25:00-05:00,1.163365,1.163635,1.163365,1.163635,-1.0
2026-01-11 17:30:00-05:00,1.163635,1.16366,1.163425,1.16345,-1.0
2026-01-11 17:35:00-05:00,1.16345,1.16349,1.16345,1.163475,-1.0
2026-01-11 17:40:00-05:00,1.163475,1.1635,1.16345,1.163495,-1.0
2026-01-11 17:45:00-05:00,1.163495,1.16351,1.16338,1.16341,-1.0
2026-01-11 17:50:00-05:00,1.16341,1.163445,1.16333,1.163445,-1.0
2026-01-11 17:55:00-05:00,1.163445,1.163445,1.163125,1.163275,-1.0
2026-01-11 18:00:00-05:00,1.163275,1.163395,1.163155,1.163285,-1.0
2026-01-11 18:05:00-05:00,1.163285,1.163295,1.163225,1.163295,-1.0
2026-01-11 18:10:00-05:00,1.163295,1.1633,1.163045,1.16313,-1.0
2026-01-11 18:15:00-05:00,1.16313,1.163265,1.162885,1.162895,-1.0
2026-01-11 18:20:00-05:00,1.162895,1.16298,1.162585,1.16269,-1.0
2026-01-11 18:25:00-05:00,1.16269,1.16278,1.16254,1.162575,-1.0
2026-01-11 18:30:00-05:00,1.162575,1.16262,1.16237,1.16258,-1.0
2026-01-11 18:35:00-05:00,1.16258,1.1626,1.16247,1.162575,-1.0
2026-01-11 18:40:00-05:00,1.162575,1.162605,1.16253,1.16253,-1.0
2026-01-11 18:45:00-05:00,1.16253,1.16253,1.16238,1.162425,-1.0
2026-01-11 18:50:00-05:00,1.162425,1.162435,1.162355,1.16237,-1.0
2026-01-11 18:55:00-05:00,1.16237,1.162385,1.16232,1.16238,-1.0
2026-01-11 19:00:00-05:00,1.16238,1.1626,1.16217,1.16236,-1.0
2026-01-11 19:05:00-05:00,1.16236,1.16377,1.162355,1.16363,-1.0
2026-01-11 19:10:00-05:00,1.16363,1.164485,1.16363,1.16437,-1.0
2026-01-11 19:15:00-05:00,1.16437,1.164595,1.164265,1.164495,-1.0
2026-01-11 19:20:00-05:00,1.164495,1.164495,1.163825,1.16384,-1.0
2026-01-11 19:25:00-05:00,1.16384,1.164305,1.16384,1.16428,-1.0
2026-01-11 19:30:00-05:00,1.16428,1.16525,1.16422,1.16519,-1.0
2026-01-11 19:35:00-05:00,1.16519,1.165875,1.16517,1.16585,-1.0
2026-01-11 19:40:00-05:00,1.16585,1.165945,1.165525,1.165905,-1.0
2026-01-11 19:45:00-05:00,1.165905,1.16597,1.165625,1.165905,-1.0
2026-01-11 19:50:00-05:00,1.165905,1.166385,1.165855,1.16624,-1.0
2026-01-11 19:55:00-05:00,1.16624,1.166515,1.166135,1.16647,-1.0
2026-01-11 20:00:00-05:00,1.16647,1.166535,1.166065,1.16609,-1.0
2026-01-11 20:05:00-05:00,1.16609,1.166485,1.16601,1.166385,-1.0
2026-01-11 20:10:00-05:00,1.166385,1.166855,1.166185,1.16659,-1.0
2026-01-11 20:15:00-05:00,1.16659,1.166835,1.166435,1.166575,-1.0
2026-01-11 20:20:00-05:00,1.166575,1.16714,1.16649,1.166935,-1.0
2026-01-11 20:25:00-05:00,1.166935,1.16694,1.166455,1.166585,-1.0
2026-01-11 20:30:00-05:00,1.166585,1.16659,1.16603,1.16613,-1.0
2026-01-11 20:35:00-05:00,1.16613,1.166205,1.16594,1.16608,-1.0
2026-01-11 20:40:00-05:00,1.16608,1.16625,1.165835,1.16584,-1.0
2026-01-11 20:45:00-05:00,1.16584,1.16588,1.16573,1.16588,-1.0
2026-01-11 20:50:00-05:00,1.16588,1.165905,1.165575,1.165575,-1.0
2026-01-11 20:55:00-05:00,1.165575,1.16573,1.16556,1.1656,-1.0
2026-01-11 21:00:00-05:00,1.1656,1.16598,1.165555,1.16598,-1.0
2026-01-11 21:05:00-05:00,1.16598,1.16625,1.16589,1.165895,-1.0
2026-01-11 21:10:00-05:00,1.165895,1.16595,1.16571,1.16595,-1.0
2026-01-11 21:15:00-05:00,1.16595,1.16604,1.16573,1.16588,-1.0
2026-01-11 21:20:00-05:00,1.16588,1.165955,1.165865,1.165905,-1.0
2026-01-11 21:25:00-05:00,1.165905,1.16598,1.16568,1.16568,-1.0
2026-01-11 21:30:00-05:00,1.16568,1.166205,1.165485,1.16619,-1.0
2026-01-11 21:35:00-05:00,1.16619,1.16645,1.166085,1.166255,-1.0
2026-01-11 21:40:00-05:00,1.166255,1.16631,1.16601,1.16613,-1.0
2026-01-11 21:45:00-05:00,1.16613,1.1662,1.166,1.166,-1.0
2026-01-11 21:50:00-05:00,1.166,1.166005,1.165765,1.165785,-1.0
2026-01-11 21:55:00-05:00,1.165785,1.165785,1.165395,1.16548,-1.0
2026-01-11 22:00:00-05:00,1.16548,1.165835,1.16548,1.165735,-1.0
2026-01-11 22:05:00-05:00,1.165735,1.165925,1.165735,1.16586,-1.0
2026-01-11 22:10:00-05:00,1.16586,1.16586,1.165755,1.165845,-1.0
2026-01-11 22:15:00-05:00,1.165845,1.16586,1.16569,1.16574,-1.0
2026-01-11 22:20:00-05:00,1.16574,1.16591,1.16574,1.16584,-1.0
2026-01-11 22:25:00-05:00,1.16584,1.16587,1.16575,1.1658,-1.0
2026-01-11 22:30:00-05:00,1.1658,1.16589,1.165725,1.165865,-1.0
2026-01-11 22:35:00-05:00,1.165865,1.165865,1.16567,1.165765,-1.0
2026-01-11 22:40:00-05:00,1.165765,1.165765,1.16551,1.1656,-1.0
2026-01-11 22:45:00-05:00,1.1656,1.16572,1.1656,1.165655,-1.0
2026-01-11 22:50:00-05:00,1.165655,1.165765,1.165525,1.16573,-1.0
2026-01-11 22:55:00-05:00,1.16573,1.165765,1.165525,1.16553,-1.0
2026-01-11 23:00:00-05:00,1.16553,1.16554,1.165375,1.165425,-1.0
2026-01-11 23:05:00-05:00,1.165425,1.165475,1.165415,1.165455,-1.0
2026-01-11 23:10:00-05:00,1.165455,1.165635,1.16543,1.16563,-1.0
2026-01-11 23:15:00-05:00,1.16563,1.16574,1.165595,1.165735,-1.0
2026-01-11 23:20:00-05:00,1.165735,1.16585,1.165635,1.165665,-1.0
2026-01-11 23:25:00-05:00,1.165665,1.165675,1.16553,1.165595,-1.0
2026-01-11 23:30:00-05:00,1.165595,1.165595,1.165415,1.165435,-1.0
2026-01-11 23:35:00-05:00,1.165435,1.165435,1.16531,1.165335,-1.0
2026-01-11 23:40:00-05:00,1.165335,1.16546,1.165335,1.165415,-1.0
2026-01-11 23:45:00-05:00,1.165415,1.16554,1.165415,1.16543,-1.0
2026-01-11 23:50:00-05:00,1.16543,1.16554,1.16542,1.16545,-1.0
2026-01-11 23:55:00-05:00,1.16545,1.16557,1.165415,1.16557,-1.0
2026-01-12 00:00:00-05:00,1.16557,1.16591,1.16557,1.1659,-1.0
2026-01-12 00:05:00-05:00,1.1659,1.16603,1.165825,1.165995,-1.0
2026-01-12 00:10:00-05:00,1.165995,1.16609,1.16588,1.16604,-1.0
2026-01-12 00:15:00-05:00,1.16604,1.166265,1.16598,1.166245,-1.0
2026-01-12 00:20:00-05:00,1.166245,1.16632,1.16622,1.166265,-1.0
2026-01-12 00:25:00-05:00,1.166265,1.1666,1.166225,1.166575,-1.0
2026-01-12 00:30:00-05:00,1.166575,1.166955,1.166555,1.16685,-1.0
2026-01-12 00:35:00-05:00,1.16685,1.166855,1.166565,1.166575,-1.0
2026-01-12 00:40:00-05:00,1.166575,1.16695,1.16657,1.166905,-1.0
2026-01-12 00:45:00-05:00,1.166905,1.167065,1.16679,1.166905,-1.0
2026-01-12 00:50:00-05:00,1.166905,1.167115,1.16682,1.16696,-1.0
2026-01-12 00:55:00-05:00,1.16696,1.16706,1.16689,1.16692,-1.0
2026-01-12 01:00:00-05:00,1.16692,1.16692,1.166635,1.166665,-1.0
2026-01-12 01:05:00-05:00,1.166665,1.16674,1.1665,1.1665,-1.0
2026-01-12 01:10:00-05:00,1.1665,1.16664,1.16645,1.16647,-1.0
2026-01-12 01:15:00-05:00,1.16647,1.1666,1.166415,1.16654,-1.0
2026-01-12 01:20:00-05:00,1.16654,1.166855,1.166515,1.16677,-1.0
2026-01-12 01:25:00-05:00,1.16677,1.16694,1.166765,1.16681,-1.0
2026-01-12 01:30:00-05:00,1.16681,1.166965,1.16676,1.166885,-1.0
2026-01-12 01:35:00-05:00,1.166885,1.16707,1.16658,1.16669,-1.0
2026-01-12 01:40:00-05:00,1.16669,1.16694,1.16665,1.16671,-1.0
2026-01-12 01:45:00-05:00,1.16671,1.16683,1.16659,1.166625,-1.0
2026-01-12 01:50:00-05:00,1.166625,1.167295,1.16662,1.167245,-1.0
2026-01-12 01:55:00-05:00,1.167245,1.16726,1.16693,1.166985,-1.0
2026-01-12 02:00:00-05:00,1.166985,1.167195,1.16686,1.16707,-1.0
2026-01-12 02:05:00-05:00,1.16707,1.16779,1.167065,1.16762,-1.0
2026-01-12 02:10:00-05:00,1.16762,1.16775,1.16745,1.167575,-1.0
2026-01-12 02:15:00-05:00,1.167575,1.16806,1.16757,1.1678,-1.0
2026-01-12 02:20:00-05:00,1.1678,1.168245,1.167765,1.167985,-1.0
2026-01-12 02:25:00-05:00,1.167985,1.168445,1.16797,1.168135,-1.0
2026-01-12 02:30:00-05:00,1.168135,1.16815,1.16783,1.167925,-1.0
2026-01-12 02:35:00-05:00,1.167925,1.16805,1.167745,1.167985,-1.0
2026-01-12 02:40:00-05:00,1.167985,1.168005,1.16762,1.167745,-1.0
2026-01-12 02:45:00-05:00,1.167745,1.167915,1.16759,1.16771,-1.0
2026-01-12 02:50:00-05:00,1.16771,1.168055,1.167605,1.167915,-1.0
2026-01-12 02:55:00-05:00,1.167915,1.168775,1.167915,1.16849,-1.0
2026-01-12 03:00:00-05:00,1.16849,1.16859,1.16825,1.168485,-1.0
2026-01-12 03:05:00-05:00,1.168485,1.16878,1.16838,1.168735,-1.0
2026-01-12 03:10:00-05:00,1.168735,1.16894,1.16781,1.16788,-1.0
2026-01-12 03:15:00-05:00,1.16788,1.168195,1.167805,1.168085,-1.0
2026-01-12 03:20:00-05:00,1.168085,1.16819,1.1678,1.16785,-1.0
2026-01-12 03:25:00-05:00,1.16785,1.167965,1.167595,1.16784,-1.0
2026-01-12 03:30:00-05:00,1.16784,1.16844,1.16784,1.168175,-1.0
2026-01-12 03:35:00-05:00,1.168175,1.168275,1.16801,1.16809,-1.0
2026-01-12 03:40:00-05:00,1.16809,1.168555,1.168085,1.168335,-1.0
2026-01-12 03:45:00-05:00,1.168335,1.168635,1.168175,1.168495,-1.0
2026-01-12 03:50:00-05:00,1.168495,1.16918,1.168465,1.168815,-1.0
2026-01-12 03:55:00-05:00,1.168815,1.168935,1.168705,1.168815,-1.0
2026-01-12 04:00:00-05:00,1.168815,1.168815,1.16849,1.168735,-1.0
2026-01-12 04:05:00-05:00,1.168735,1.169375,1.16869,1.169195,-1.0
2026-01-12 04:10:00-05:00,1.169195,1.169235,1.168815,1.168965,-1.0
2026-01-12 04:15:00-05:00,1.168965,1.169485,1.168935,1.169485,-1.0
2026-01-12 04:20:00-05:00,1.169485,1.16957,1.169065,1.16938,-1.0
2026-01-12 04:25:00-05:00,1.16938,1.16959,1.16929,1.169545,-1.0
2026-01-12 04:30:00-05:00,1.169545,1.169545,1.16928,1.16929,-1.0
2026-01-12 04:35:00-05:00,1.16929,1.16929,1.168755,1.16876,-1.0
2026-01-12 04:40:00-05:00,1.16876,1.168995,1.168735,1.16876,-1.0
2026-01-12 04:45:00-05:00,1.16876,1.16876,1.168445,1.168715,-1.0
2026-01-12 04:50:00-05:00,1.168715,1.16874,1.16826,1.168305,-1.0
2026-01-12 04:55:00-05:00,1.168305,1.168495,1.168125,1.168175,-1.0
2026-01-12 05:00:00-05:00,1.168175,1.1684,1.16814,1.168285,-1.0
2026-01-12 05:05:00-05:00,1.168285,1.168395,1.168195,1.168245,-1.0
2026-01-12 05:10:00-05:00,1.168245,1.16849,1.16823,1.16841,-1.0
2026-01-12 05:15:00-05:00,1.16841,1.168495,1.168025,1.168035,-1.0
2026-01-12 05:20:00-05:00,1.168035,1.168045,1.167595,1.167695,-1.0
2026-01-12 05:25:00-05:00,1.167695,1.16804,1.167685,1.168025,-1.0
2026-01-12 05:30:00-05:00,1.168025,1.168165,1.167765,1.167835,-1.0
2026-01-12 05:35:00-05:00,1.167835,1.168175,1.16781,1.168015,-1.0
2026-01-12 05:40:00-05:00,1.168015,1.168285,1.167945,1.16812,-1.0
2026-01-12 05:45:00-05:00,1.16812,1.168265,1.168085,1.16814,-1.0
2026-01-12 05:50:00-05:00,1.16814,1.168515,1.168125,1.16841,-1.0
2026-01-12 05:55:00-05:00,1.16841,1.168545,1.16832,1.168545,-1.0
2026-01-12 06:00:00-05:00,1.168545,1.168585,1.168365,1.168445,-1.0
2026-01-12 06:05:00-05:00,1.168445,1.16874,1.168385,1.168625,-1.0
2026-01-12 06:10:00-05:00,1.168625,1.16887,1.168525,1.16871,-1.0
2026-01-12 06:15:00-05:00,1.16871,1.168795,1.168505,1.16858,-1.0
2026-01-12 06:20:00-05:00,1.16858,1.16892,1.168545,1.168885,-1.0
2026-01-12 06:25:00-05:00,1.168885,1.168945,1.16867,1.168675,-1.0
2026-01-12 06:30:00-05:00,1.168675,1.16876,1.168435,1.168535,-1.0
2026-01-12 06:35:00-05:00,1.168535,1.168625,1.167965,1.168055,-1.0
2026-01-12 06:40:00-05:00,1.168055,1.16825,1.168055,1.168195,-1.0
2026-01-12 06:45:00-05:00,1.168195,1.168205,1.167875,1.167895,-1.0
2026-01-12 06:50:00-05:00,1.167895,1.167935,1.167645,1.167685,-1.0
2026-01-12 06:55:00-05:00,1.167685,1.167935,1.167565,1.167855,-1.0
2026-01-12 07:00:00-05:00,1.167855,1.167965,1.167705,1.167925,-1.0
2026-01-12 07:05:00-05:00,1.167925,1.168425,1.167915,1.168275,-1.0
2026-01-12 07:10:00-05:00,1.168275,1.16849,1.168275,1.16841,-1.0
2026-01-12 07:15:00-05:00,1.16841,1.16845,1.168235,1.168255,-1.0
2026-01-12 07:20:00-05:00,1.168255,1.168465,1.16811,1.16814,-1.0
2026-01-12 07:25:00-05:00,1.16814,1.168275,1.168095,1.16821,-1.0
2026-01-12 07:30:00-05:00,1.16821,1.168585,1.16821,1.168515,-1.0
2026-01-12 07:35:00-05:00,1.168515,1.168755,1.168445,1.168685,-1.0
2026-01-12 07:40:00-05:00,1.168685,1.16876,1.168495,1.168705,-1.0
2026-01-12 07:45:00-05:00,1.168705,1.16874,1.168005,1.16827,-1.0
2026-01-12 07:50:00-05:00,1.16827,1.168435,1.167835,1.167845,-1.0
2026-01-12 07:55:00-05:00,1.167845,1.16823,1.16784,1.168125,-1.0
2026-01-12 08:00:00-05:00,1.168125,1.16832,1.167785,1.168285,-1.0
2026-01-12 08:05:00-05:00,1.168285,1.169275,1.168285,1.169195,-1.0
2026-01-12 08:10:00-05:00,1.169195,1.169395,1.169065,1.16924,-1.0
2026-01-12 08:15:00-05:00,1.16924,1.16957,1.16911,1.169195,-1.0
2026-01-12 08:20:00-05:00,1.169195,1.169305,1.16907,1.169165,-1.0
2026-01-12 08:25:00-05:00,1.169165,1.16935,1.16884,1.168935,-1.0
2026-01-12 08:30:00-05:00,1.168935,1.16919,1.168785,1.169095,-1.0
2026-01-12 08:35:00-05:00,1.169095,1.169235,1.168935,1.16911,-1.0
2026-01-12 08:40:00-05:00,1.16911,1.169345,1.168885,1.169225,-1.0
2026-01-12 08:45:00-05:00,1.169225,1.169815,1.169185,1.16972,-1.0
2026-01-12 08:50:00-05:00,1.16972,1.169855,1.169105,1.169125,-1.0
2026-01-12 08:55:00-05:00,1.169125,1.169345,1.16911,1.169285,-1.0
2026-01-12 09:00:00-05:00,1.169285,1.16929,1.16868,1.1687,-1.0
2026-01-12 09:05:00-05:00,1.1687,1.168905,1.16858,1.168615,-1.0
2026-01-12 09:10:00-05:00,1.168615,1.168705,1.168185,1.168335,-1.0
2026-01-12 09:15:00-05:00,1.168335,1.168415,1.168145,1.168215,-1.0
2026-01-12 09:20:00-05:00,1.168215,1.16832,1.168055,1.168095,-1.0
2026-01-12 09:25:00-05:00,1.168095,1.168095,1.16754,1.167555,-1.0
2026-01-12 09:30:00-05:00,1.167555,1.16794,1.167405,1.16764,-1.0
2026-01-12 09:35:00-05:00,1.16764,1.1679,1.16747,1.16785,-1.0
2026-01-12 09:40:00-05:00,1.16785,1.167915,1.16753,1.167655,-1.0
2026-01-12 09:45:00-05:00,1.167655,1.167915,1.167495,1.167705,-1.0
2026-01-12 09:50:00-05:00,1.167705,1.16788,1.167615,1.167615,-1.0
2026-01-12 09:55:00-05:00,1.167615,1.167795,1.167565,1.167685,-1.0
2026-01-12 10:00:00-05:00,1.167685,1.16792,1.1675,1.167845,-1.0
2026-01-12 10:05:00-05:00,1.167845,1.16788,1.16728,1.167355,-1.0
2026-01-12 10:10:00-05:00,1.167355,1.167765,1.167335,1.167745,-1.0
2026-01-12 10:15:00-05:00,1.167745,1.16786,1.167555,1.167815,-1.0
2026-01-12 10:20:00-05:00,1.167815,1.16799,1.16761,1.167685,-1.0
2026-01-12 10:25:00-05:00,1.167685,1.16788,1.16762,1.16762,-1.0
2026-01-12 10:30:00-05:00,1.16762,1.168055,1.16762,1.16805,-1.0
2026-01-12 10:35:00-05:00,1.16805,1.168425,1.16788,1.168405,-1.0
2026-01-12 10:40:00-05:00,1.168405,1.16848,1.16798,1.168195,-1.0
2026-01-12 10:45:00-05:00,1.168195,1.168605,1.168065,1.1685,-1.0
2026-01-12 10:50:00-05:00,1.1685,1.16859,1.168285,1.168405,-1.0
2026-01-12 10:55:00-05:00,1.168405,1.16849,1.168025,1.16812,-1.0
2026-01-12 11:00:00-05:00,1.16812,1.16822,1.167795,1.167855,-1.0
2026-01-12 11:05:00-05:00,1.167855,1.16788,1.167305,1.16739,-1.0
2026-01-12 11:10:00-05:00,1.16739,1.167635,1.167295,1.167545,-1.0
2026-01-12 11:15:00-05:00,1.167545,1.167905,1.16754,1.16779,-1.0
2026-01-12 11:20:00-05:00,1.16779,1.167885,1.167655,1.167735,-1.0
2026-01-12 11:25:00-05:00,1.167735,1.16795,1.167685,1.167765,-1.0
2026-01-12 11:30:00-05:00,1.167765,1.167835,1.16768,1.16777,-1.0
2026-01-12 11:35:00-05:00,1.16777,1.16796,1.167665,1.16779,-1.0
2026-01-12 11:40:00-05:00,1.16779,1.167935,1.167585,1.167835,-1.0
2026-01-12 11:45:00-05:00,1.167835,1.167895,1.167585,1.167595,-1.0
2026-01-12 11:50:00-05:00,1.167595,1.16761,1.167305,1.167325,-1.0
2026-01-12 11:55:00-05:00,1.167325,1.167485,1.167135,1.16718,-1.0
2026-01-12 12:00:00-05:00,1.16718,1.167445,1.167075,1.167155,-1.0
2026-01-12 12:05:00-05:00,1.167155,1.167415,1.16709,1.16733,-1.0
2026-01-12 12:10:00-05:00,1.16733,1.167585,1.16726,1.16729,-1.0
2026-01-12 12:15:00-05:00,1.16729,1.16729,1.16698,1.167,-1.0
2026-01-12 12:20:00-05:00,1.167,1.167135,1.166735,1.166765,-1.0
2026-01-12 12:25:00-05:00,1.166765,1.167005,1.166655,1.166885,-1.0
2026-01-12 12:30:00-05:00,1.166885,1.166965,1.16668,1.16679,-1.0
2026-01-12 12:35:00-05:00,1.16679,1.16699,1.16668,1.166845,-1.0
2026-01-12 12:40:00-05:00,1.166845,1.16717,1.166715,1.167045,-1.0
2026-01-12 12:45:00-05:00,1.167045,1.16714,1.166945,1.167055,-1.0
2026-01-12 12:50:00-05:00,1.167055,1.167065,1.166615,1.166635,-1.0
2026-01-12 12:55:00-05:00,1.166635,1.16695,1.166635,1.166865,-1.0
2026-01-12 13:00:00-05:00,1.166865,1.16692,1.166655,1.166795,-1.0
2026-01-12 13:05:00-05:00,1.166795,1.16681,1.166525,1.166585,-1.0
2026-01-12 13:10:00-05:00,1.166585,1.166815,1.16656,1.16681,-1.0
2026-01-12 13:15:00-05:00,1.16681,1.166915,1.166795,1.16691,-1.0
2026-01-12 13:20:00-05:00,1.16691,1.16716,1.16684,1.16712,-1.0
2026-01-12 13:25:00-05:00,1.16712,1.16714,1.16696,1.16701,-1.0
2026-01-12 13:30:00-05:00,1.16701,1.167145,1.16693,1.16709,-1.0
2026-01-12 13:35:00-05:00,1.16709,1.16711,1.166915,1.166945,-1.0
2026-01-12 13:40:00-05:00,1.166945,1.166965,1.16683,1.166845,-1.0
2026-01-12 13:45:00-05:00,1.166845,1.16701,1.16684,1.166955,-1.0
2026-01-12 13:50:00-05:00,1.166955,1.16696,1.16679,1.166815,-1.0
2026-01-12 13:55:00-05:00,1.166815,1.16698,1.1668,1.16689,-1.0
2026-01-12 14:00:00-05:00,1.16689,1.1669,1.16678,1.16689,-1.0
2026-01-12 14:05:00-05:00,1.16689,1.16709,1.166875,1.167075,-1.0
2026-01-12 14:10:00-05:00,1.167075,1.16723,1.167075,1.167205,-1.0
2026-01-12 14:15:00-05:00,1.167205,1.16724,1.167085,1.16716,-1.0
2026-01-12 14:20:00-05:00,1.16716,1.167385,1.16716,1.16735,-1.0
2026-01-12 14:25:00-05:00,1.16735,1.16736,1.16726,1.16726,-1.0
2026-01-12 14:30:00-05:00,1.16726,1.16735,1.1672,1.16733,-1.0
2026-01-12 14:35:00-05:00,1.16733,1.16733,1.16707,1.16711,-1.0
2026-01-12 14:40:00-05:00,1.16711,1.16711,1.16693,1.166985,-1.0
2026-01-12 14:45:00-05:00,1.166985,1.167235,1.16698,1.167235,-1.0
2026-01-12 14:50:00-05:00,1.167235,1.167315,1.16721,1.167305,-1.0
2026-01-12 14:55:00-05:00,1.167305,1.16735,1.16717,1.167205,-1.0
2026-01-12 15:00:00-05:00,1.167205,1.167225,1.167045,1.16709,-1.0
2026-01-12 15:05:00-05:00,1.16709,1.167325,1.167065,1.16711,-1.0
2026-01-12 15:10:00-05:00,1.16711,1.16722,1.167105,1.16718,-1.0
2026-01-12 15:15:00-05:00,1.16718,1.167185,1.16709,1.16714,-1.0
2026-01-12 15:20:00-05:00,1.16714,1.167165,1.16701,1.16711,-1.0
2026-01-12 15:25:00-05:00,1.16711,1.16715,1.16709,1.16712,-1.0
2026-01-12 15:30:00-05:00,1.16712,1.167215,1.167055,1.167055,-1.0
2026-01-12 15:35:00-05:00,1.167055,1.16708,1.166855,1.166865,-1.0
2026-01-12 15:40:00-05:00,1.166865,1.16696,1.16663,1.166665,-1.0
2026-01-12 15:45:00-05:00,1.166665,1.1668,1.16657,1.166595,-1.0
2026-01-12 15:50:00-05:00,1.166595,1.16663,1.166385,1.16651,-1.0
2026-01-12 15:55:00-05:00,1.16651,1.16657,1.166305,1.16651,-1.0
2026-01-12 16:00:00-05:00,1.16651,1.16661,1.16643,1.166605,-1.0
2026-01-12 16:05:00-05:00,1.166605,1.166695,1.16658,1.16665,-1.0
2026-01-12 16:10:00-05:00,1.16665,1.166715,1.16659,1.16665,-1.0
2026-01-12 16:15:00-05:00,1.16665,1.1667,1.166635,1.16667,-1.0
2026-01-12 16:20:00-05:00,1.16667,1.16675,1.16665,1.16667,-1.0
2026-01-12 16:25:00-05:00,1.16667,1.166765,1.16665,1.166695,-1.0
2026-01-12 16:30:00-05:00,1.166695,1.16674,1.16665,1.16672,-1.0
2026-01-12 16:35:00-05:00,1.16672,1.166835,1.16671,1.16682,-1.0
2026-01-12 16:40:00-05:00,1.16682,1.16682,1.16671,1.16674,-1.0
2026-01-12 16:45:00-05:00,1.16674,1.16688,1.16669,1.166865,-1.0
2026-01-12 16:50:00-05:00,1.166865,1.16687,1.16672,1.16676,-1.0
2026-01-12 16:55:00-05:00,1.16676,1.166765,1.16657,1.166685,-1.0
2026-01-12 17:15:00-05:00,1.1669,1.166935,1.16688,1.1669,-1.0
2026-01-12 17:20:00-05:00,1.1669,1.16694,1.166885,1.16691,-1.0
2026-01-12 17:25:00-05:00,1.16691,1.16693,1.16688,1.16688,-1.0
2026-01-12 17:30:00-05:00,1.16688,1.16697,1.16687,1.166955,-1.0
2026-01-12 17:35:00-05:00,1.166955,1.16697,1.166935,1.166955,-1.0
2026-01-12 17:40:00-05:00,1.166955,1.166975,1.16692,1.16694,-1.0
2026-01-12 17:45:00-05:00,1.16694,1.16696,1.166715,1.16677,-1.0
2026-01-12 17:50:00-05:00,1.16677,1.16691,1.166735,1.166905,-1.0
2026-01-12 17:55:00-05:00,1.166905,1.166945,1.166855,1.16687,-1.0
2026-01-12 18:00:00-05:00,1.16687,1.166905,1.16666,1.16667,-1.0
2026-01-12 18:05:00-05:00,1.16667,1.16675,1.166595,1.16666,-1.0
2026-01-12 18:10:00-05:00,1.16666,1.16666,1.166565,1.166585,-1.0
2026-01-12 18:15:00-05:00,1.166585,1.16668,1.16655,1.166625,-1.0
2026-01-12 18:20:00-05:00,1.166625,1.167085,1.166625,1.166905,-1.0
2026-01-12 18:25:00-05:00,1.166905,1.16692,1.16669,1.16676,-1.0
2026-01-12 18:30:00-05:00,1.16676,1.166845,1.16666,1.166715,-1.0
2026-01-12 18:35:00-05:00,1.166715,1.16672,1.166565,1.166615,-1.0
2026-01-12 18:40:00-05:00,1.166615,1.16677,1.166615,1.166755,-1.0
2026-01-12 18:45:00-05:00,1.166755,1.16685,1.16661,1.16661,-1.0
2026-01-12 18:50:00-05:00,1.16661,1.16666,1.166545,1.16665,-1.0
2026-01-12 18:55:00-05:00,1.16665,1.16676,1.16665,1.16675,-1.0
2026-01-12 19:00:00-05:00,1.16675,1.166755,1.166535,1.16662,-1.0
2026-01-12 19:05:00-05:00,1.16662,1.16671,1.166605,1.166645,-1.0
2026-01-12 19:10:00-05:00,1.166645,1.166645,1.16648,1.1665,-1.0
2026-01-12 19:15:00-05:00,1.1665,1.1665,1.16639,1.16644,-1.0
2026-01-12 19:20:00-05:00,1.16644,1.166485,1.166385,1.166395,-1.0
2026-01-12 19:25:00-05:00,1.166395,1.166405,1.166275,1.166345,-1.0
2026-01-12 19:30:00-05:00,1.166345,1.166355,1.16608,1.16632,-1.0
2026-01-12 19:35:00-05:00,1.16632,1.166415,1.166205,1.166205,-1.0
2026-01-12 19:40:00-05:00,1.166205,1.16627,1.166135,1.16615,-1.0
2026-01-12 19:45:00-05:00,1.16615,1.16622,1.16613,1.166215,-1.0
2026-01-12 19:50:00-05:00,1.166215,1.166255,1.16613,1.166235,-1.0
2026-01-12 19:55:00-05:00,1.166235,1.166435,1.16612,1.166375,-1.0
2026-01-12 20:00:00-05:00,1.166375,1.16646,1.16626,1.166355,-1.0
2026-01-12 20:05:00-05:00,1.166355,1.166355,1.16614,1.166155,-1.0
2026-01-12 20:10:00-05:00,1.166155,1.16618,1.16603,1.16613,-1.0
2026-01-12 20:15:00-05:00,1.16613,1.16619,1.165915,1.165995,-1.0
2026-01-12 20:20:00-05:00,1.165995,1.166025,1.165855,1.16586,-1.0
2026-01-12 20:25:00-05:00,1.16586,1.166005,1.165815,1.165995,-1.0
2026-01-12 20:30:00-05:00,1.165995,1.16624,1.165995,1.166135,-1.0
2026-01-12 20:35:00-05:00,1.166135,1.166135,1.16562,1.16586,-1.0
2026-01-12 20:40:00-05:00,1.16586,1.16602,1.16577,1.165915,-1.0
2026-01-12 20:45:00-05:00,1.165915,1.166125,1.1659,1.16608,-1.0
2026-01-12 20:50:00-05:00,1.16608,1.16611,1.1659,1.16595,-1.0
2026-01-12 20:55:00-05:00,1.16595,1.16597,1.1658,1.165855,-1.0
2026-01-12 21:00:00-05:00,1.165855,1.16592,1.1658,1.165865,-1.0
2026-01-12 21:05:00-05:00,1.165865,1.166125,1.165865,1.16612,-1.0
2026-01-12 21:10:00-05:00,1.16612,1.166125,1.166015,1.166015,-1.0
2026-01-12 21:15:00-05:00,1.166015,1.16603,1.16583,1.16584,-1.0
2026-01-12 21:20:00-05:00,1.16584,1.16594,1.16584,1.16591,-1.0
2026-01-12 21:25:00-05:00,1.16591,1.165945,1.16578,1.16578,-1.0
2026-01-12 21:30:00-05:00,1.16578,1.165885,1.16575,1.165765,-1.0
2026-01-12 21:35:00-05:00,1.165765,1.1658,1.16569,1.16571,-1.0
2026-01-12 21:40:00-05:00,1.16571,1.166,1.16571,1.16587,-1.0
2026-01-12 21:45:00-05:00,1.16587,1.16597,1.16586,1.16591,-1.0
2026-01-12 21:50:00-05:00,1.16591,1.16597,1.16586,1.16592,-1.0
2026-01-12 21:55:00-05:00,1.16592,1.16595,1.16583,1.165915,-1.0
2026-01-12 22:00:00-05:00,1.165915,1.16597,1.16567,1.16568,-1.0
2026-01-12 22:05:00-05:00,1.16568,1.16589,1.165655,1.16586,-1.0
2026-01-12 22:10:00-05:00,1.16586,1.166135,1.16586,1.166075,-1.0
2026-01-12 22:15:00-05:00,1.166075,1.1662,1.16603,1.16619,-1.0
2026-01-12 22:20:00-05:00,1.16619,1.16636,1.166185,1.16623,-1.0
2026-01-12 22:25:00-05:00,1.16623,1.166255,1.16605,1.16613,-1.0
2026-01-12 22:30:00-05:00,1.16613,1.16615,1.166005,1.16601,-1.0
2026-01-12 22:35:00-05:00,1.16601,1.16612,1.16597,1.165985,-1.0
2026-01-12 22:40:00-05:00,1.165985,1.16606,1.16583,1.16583,-1.0
2026-01-12 22:45:00-05:00,1.16583,1.1659,1.165765,1.16578,-1.0
2026-01-12 22:50:00-05:00,1.16578,1.165985,1.16578,1.16594,-1.0
2026-01-12 22:55:00-05:00,1.16594,1.166025,1.16583,1.16587,-1.0
2026-01-12 23:00:00-05:00,1.16587,1.16597,1.165855,1.16592,-1.0
2026-01-12 23:05:00-05:00,1.16592,1.16609,1.16591,1.16608,-1.0
2026-01-12 23:10:00-05:00,1.16608,1.16608,1.16602,1.16607,-1.0
2026-01-12 23:15:00-05:00,1.16607,1.1662,1.16596,1.166115,-1.0
2026-01-12 23:20:00-05:00,1.166115,1.166555,1.166105,1.16647,-1.0
2026-01-12 23:25:00-05:00,1.16647,1.16657,1.166395,1.16647,-1.0
2026-01-12 23:30:00-05:00,1.16647,1.166565,1.166465,1.16652,-1.0
2026-01-12 23:35:00-05:00,1.16652,1.16653,1.16631,1.16639,-1.0
2026-01-12 23:40:00-05:00,1.16639,1.16639,1.16612,1.16622,-1.0
2026-01-12 23:45:00-05:00,1.16622,1.1663,1.166155,1.1663,-1.0
2026-01-12 23:50:00-05:00,1.1663,1.16643,1.16628,1.166355,-1.0
2026-01-12 23:55:00-05:00,1.166355,1.16659,1.166355,1.166555,-1.0
2026-01-13 00:00:00-05:00,1.166555,1.166615,1.16641,1.166445,-1.0
2026-01-13 00:05:00-05:00,1.166445,1.166445,1.16627,1.16631,-1.0
2026-01-13 00:10:00-05:00,1.16631,1.166495,1.166275,1.16647,-1.0
2026-01-13 00:15:00-05:00,1.16647,1.16655,1.16639,1.166545,-1.0
2026-01-13 00:20:00-05:00,1.166545,1.166675,1.166545,1.16667,-1.0
2026-01-13 00:25:00-05:00,1.16667,1.16677,1.1666,1.16667,-1.0
2026-01-13 00:30:00-05:00,1.16667,1.166735,1.16664,1.166665,-1.0
2026-01-13 00:35:00-05:00,1.166665,1.166665,1.16639,1.16647,-1.0
2026-01-13 00:40:00-05:00,1.16647,1.166505,1.166305,1.16632,-1.0
2026-01-13 00:45:00-05:00,1.16632,1.16639,1.16627,1.1663,-1.0
2026-01-13 00:50:00-05:00,1.1663,1.16632,1.166175,1.166235,-1.0
2026-01-13 00:55:00-05:00,1.166235,1.16632,1.166185,1.166285,-1.0
2026-01-13 01:00:00-05:00,1.166285,1.1663,1.166125,1.16617,-1.0
2026-01-13 01:05:00-05:00,1.16617,1.16618,1.16569,1.16581,-1.0
2026-01-13 01:10:00-05:00,1.16581,1.16581,1.165555,1.165745,-1.0
2026-01-13 01:15:00-05:00,1.165745,1.16586,1.16571,1.165745,-1.0
2026-01-13 01:20:00-05:00,1.165745,1.16586,1.165595,1.165595,-1.0
2026-01-13 01:25:00-05:00,1.165595,1.16568,1.165485,1.16554,-1.0
2026-01-13 01:30:00-05:00,1.16554,1.16571,1.165475,1.16565,-1.0
2026-01-13 01:35:00-05:00,1.16565,1.165735,1.165415,1.16542,-1.0
2026-01-13 01:40:00-05:00,1.16542,1.165535,1.165395,1.16553,-1.0
2026-01-13 01:45:00-05:00,1.16553,1.165655,1.16542,1.16562,-1.0
2026-01-13 01:50:00-05:00,1.16562,1.16572,1.165595,1.165625,-1.0
2026-01-13 01:55:00-05:00,1.165625,1.165885,1.165585,1.16588,-1.0
2026-01-13 02:00:00-05:00,1.16588,1.166155,1.165775,1.165935,-1.0
2026-01-13 02:05:00-05:00,1.165935,1.166045,1.16577,1.165815,-1.0
2026-01-13 02:10:00-05:00,1.165815,1.16584,1.16572,1.165725,-1.0
2026-01-13 02:15:00-05:00,1.165725,1.166075,1.165685,1.165915,-1.0
2026-01-13 02:20:00-05:00,1.165915,1.166065,1.16559,1.166065,-1.0
2026-01-13 02:25:00-05:00,1.166065,1.16622,1.165995,1.16612,-1.0
2026-01-13 02:30:00-05:00,1.16612,1.16637,1.166115,1.16635,-1.0
2026-01-13 02:35:00-05:00,1.16635,1.16638,1.166005,1.166375,-1.0
2026-01-13 02:40:00-05:00,1.166375,1.16638,1.165985,1.166005,-1.0
2026-01-13 02:45:00-05:00,1.166005,1.166335,1.166,1.1663,-1.0
2026-01-13 02:50:00-05:00,1.1663,1.1663,1.16602,1.166125,-1.0
2026-01-13 02:55:00-05:00,1.166125,1.166505,1.166045,1.166425,-1.0
2026-01-13 03:00:00-05:00,1.166425,1.166425,1.166135,1.166365,-1.0
2026-01-13 03:05:00-05:00,1.166365,1.166655,1.16621,1.166605,-1.0
2026-01-13 03:10:00-05:00,1.166605,1.16687,1.1666,1.16666,-1.0
2026-01-13 03:15:00-05:00,1.16666,1.16666,1.16624,1.166505,-1.0
2026-01-13 03:20:00-05:00,1.166505,1.16655,1.16624,1.16632,-1.0
2026-01-13 03:25:00-05:00,1.16632,1.166335,1.16612,1.16613,-1.0
2026-01-13 03:30:00-05:00,1.16613,1.16628,1.165865,1.165925,-1.0
2026-01-13 03:35:00-05:00,1.165925,1.16626,1.16592,1.16621,-1.0
2026-01-13 03:40:00-05:00,1.16621,1.166355,1.166165,1.166325,-1.0
2026-01-13 03:45:00-05:00,1.166325,1.16648,1.166295,1.16633,-1.0
2026-01-13 03:50:00-05:00,1.16633,1.166665,1.16633,1.16659,-1.0
2026-01-13 03:55:00-05:00,1.16659,1.166925,1.16659,1.166915,-1.0
2026-01-13 04:00:00-05:00,1.166915,1.16705,1.16673,1.166865,-1.0
2026-01-13 04:05:00-05:00,1.166865,1.166995,1.16654,1.166545,-1.0
2026-01-13 04:10:00-05:00,1.166545,1.166585,1.166355,1.166515,-1.0
2026-01-13 04:15:00-05:00,1.166515,1.166595,1.16647,1.166565,-1.0
2026-01-13 04:20:00-05:00,1.166565,1.16673,1.16653,1.166635,-1.0
2026-01-13 04:25:00-05:00,1.166635,1.166965,1.166615,1.16676,-1.0
2026-01-13 04:30:00-05:00,1.16676,1.16716,1.16666,1.167125,-1.0
2026-01-13 04:35:00-05:00,1.167125,1.167265,1.166915,1.167005,-1.0
2026-01-13 04:40:00-05:00,1.167005,1.167065,1.166785,1.166935,-1.0
2026-01-13 04:45:00-05:00,1.166935,1.16708,1.16683,1.167025,-1.0
2026-01-13 04:50:00-05:00,1.167025,1.1671,1.16698,1.167005,-1.0
2026-01-13 04:55:00-05:00,1.167005,1.167225,1.166955,1.1672,-1.0
2026-01-13 05:00:00-05:00,1.1672,1.167445,1.16719,1.167245,-1.0
2026-01-13 05:05:00-05:00,1.167245,1.167445,1.167175,1.167205,-1.0
2026-01-13 05:10:00-05:00,1.167205,1.16726,1.16709,1.16718,-1.0
2026-01-13 05:15:00-05:00,1.16718,1.167205,1.16692,1.166945,-1.0
2026-01-13 05:20:00-05:00,1.166945,1.166975,1.166775,1.166815,-1.0
2026-01-13 05:25:00-05:00,1.166815,1.166825,1.1667,1.166765,-1.0
2026-01-13 05:30:00-05:00,1.166765,1.167035,1.16673,1.16678,-1.0
2026-01-13 05:35:00-05:00,1.16678,1.166935,1.166635,1.166835,-1.0
2026-01-13 05:40:00-05:00,1.166835,1.166845,1.16664,1.166785,-1.0
2026-01-13 05:45:00-05:00,1.166785,1.166785,1.166645,1.166705,-1.0
2026-01-13 05:50:00-05:00,1.166705,1.166735,1.16656,1.166565,-1.0
2026-01-13 05:55:00-05:00,1.166565,1.16666,1.166505,1.166645,-1.0
2026-01-13 06:00:00-05:00,1.166645,1.166665,1.166525,1.16656,-1.0
2026-01-13 06:05:00-05:00,1.16656,1.16665,1.16649,1.166605,-1.0
2026-01-13 06:10:00-05:00,1.166605,1.166695,1.16649,1.166665,-1.0
2026-01-13 06:15:00-05:00,1.166665,1.166665,1.16647,1.16647,-1.0
2026-01-13 06:20:00-05:00,1.16647,1.16687,1.16647,1.166715,-1.0
2026-01-13 06:25:00-05:00,1.166715,1.16683,1.166715,1.166795,-1.0
2026-01-13 06:30:00-05:00,1.166795,1.167015,1.166705,1.167015,-1.0
2026-01-13 06:35:00-05:00,1.167015,1.167045,1.16685,1.166905,-1.0
2026-01-13 06:40:00-05:00,1.166905,1.16692,1.166765,1.166805,-1.0
2026-01-13 06:45:00-05:00,1.166805,1.166885,1.166615,1.16663,-1.0
2026-01-13 06:50:00-05:00,1.16663,1.16673,1.166605,1.166695,-1.0
2026-01-13 06:55:00-05:00,1.166695,1.16687,1.16666,1.16686,-1.0
2026-01-13 07:00:00-05:00,1.16686,1.166915,1.166705,1.16679,-1.0
2026-01-13 07:05:00-05:00,1.16679,1.16679,1.16652,1.16656,-1.0
2026-01-13 07:10:00-05:00,1.16656,1.166695,1.166365,1.166595,-1.0
2026-01-13 07:15:00-05:00,1.166595,1.166795,1.16656,1.166705,-1.0
2026-01-13 07:20:00-05:00,1.166705,1.166845,1.166645,1.166735,-1.0
2026-01-13 07:25:00-05:00,1.166735,1.166785,1.166625,1.166655,-1.0
2026-01-13 07:30:00-05:00,1.166655,1.16668,1.166335,1.166365,-1.0
2026-01-13 07:35:00-05:00,1.166365,1.16655,1.16616,1.166195,-1.0
2026-01-13 07:40:00-05:00,1.166195,1.16621,1.165945,1.16608,-1.0
2026-01-13 07:45:00-05:00,1.16608,1.16629,1.165685,1.165685,-1.0
2026-01-13 07:50:00-05:00,1.165685,1.16594,1.165635,1.165705,-1.0
2026-01-13 07:55:00-05:00,1.165705,1.165725,1.165305,1.165525,-1.0
2026-01-13 08:00:00-05:00,1.165525,1.16585,1.165385,1.165735,-1.0
2026-01-13 08:05:00-05:00,1.165735,1.16576,1.165335,1.165425,-1.0
2026-01-13 08:10:00-05:00,1.165425,1.165545,1.16531,1.165545,-1.0
2026-01-13 08:15:00-05:00,1.165545,1.16556,1.16517,1.165195,-1.0
2026-01-13 08:20:00-05:00,1.165195,1.165415,1.16504,1.16508,-1.0
2026-01-13 08:25:00-05:00,1.16508,1.16545,1.165015,1.16525,-1.0
2026-01-13 08:30:00-05:00,1.16525,1.1678,1.16525,1.16691,-1.0
2026-01-13 08:35:00-05:00,1.16691,1.16707,1.166015,1.166195,-1.0
2026-01-13 08:40:00-05:00,1.166195,1.166945,1.166015,1.16669,-1.0
2026-01-13 08:45:00-05:00,1.16669,1.166735,1.16614,1.166245,-1.0
2026-01-13 08:50:00-05:00,1.166245,1.16656,1.166025,1.166395,-1.0
2026-01-13 08:55:00-05:00,1.166395,1.16689,1.166185,1.166845,-1.0
2026-01-13 09:00:00-05:00,1.166845,1.16734,1.16675,1.166975,-1.0
2026-01-13 09:05:00-05:00,1.166975,1.167005,1.16658,1.16665,-1.0
2026-01-13 09:10:00-05:00,1.16665,1.167005,1.16665,1.166775,-1.0
2026-01-13 09:15:00-05:00,1.166775,1.166905,1.16656,1.16669,-1.0
2026-01-13 09:20:00-05:00,1.16669,1.166995,1.166615,1.16679,-1.0
2026-01-13 09:25:00-05:00,1.16679,1.167005,1.166565,1.16691,-1.0
2026-01-13 09:30:00-05:00,1.16691,1.16699,1.16656,1.166895,-1.0
2026-01-13 09:35:00-05:00,1.166895,1.166945,1.16638,1.166445,-1.0
2026-01-13 09:40:00-05:00,1.166445,1.166445,1.16574,1.166115,-1.0
2026-01-13 09:45:00-05:00,1.166115,1.16655,1.166085,1.166245,-1.0
2026-01-13 09:50:00-05:00,1.166245,1.16628,1.165945,1.166145,-1.0
2026-01-13 09:55:00-05:00,1.166145,1.166405,1.165985,1.16638,-1.0
2026-01-13 10:00:00-05:00,1.16638,1.16648,1.165825,1.165875,-1.0
2026-01-13 10:05:00-05:00,1.165875,1.166055,1.16553,1.165675,-1.0
2026-01-13 10:10:00-05:00,1.165675,1.165685,1.165405,1.165515,-1.0
2026-01-13 10:15:00-05:00,1.165515,1.165605,1.165,1.165135,-1.0
2026-01-13 10:20:00-05:00,1.165135,1.165395,1.165025,1.16508,-1.0
2026-01-13 10:25:00-05:00,1.16508,1.165105,1.164715,1.164805,-1.0
2026-01-13 10:30:00-05:00,1.164805,1.164805,1.164455,1.16464,-1.0
2026-01-13 10:35:00-05:00,1.16464,1.164805,1.16442,1.16479,-1.0
2026-01-13 10:40:00-05:00,1.16479,1.164895,1.164425,1.164855,-1.0
2026-01-13 10:45:00-05:00,1.164855,1.16515,1.16481,1.164845,-1.0
2026-01-13 10:50:00-05:00,1.164845,1.165505,1.164785,1.1655,-1.0
2026-01-13 10:55:00-05:00,1.1655,1.165505,1.164925,1.1652,-1.0
2026-01-13 11:00:00-05:00,1.1652,1.16546,1.164585,1.164605,-1.0
2026-01-13 11:05:00-05:00,1.164605,1.16471,1.16412,1.16415,-1.0
2026-01-13 11:10:00-05:00,1.16415,1.164225,1.163705,1.163785,-1.0
2026-01-13 11:15:00-05:00,1.163785,1.16383,1.16342,1.16362,-1.0
2026-01-13 11:20:00-05:00,1.16362,1.16383,1.16351,1.1637,-1.0
2026-01-13 11:25:00-05:00,1.1637,1.164035,1.16362,1.163965,-1.0
2026-01-13 11:30:00-05:00,1.163965,1.164485,1.163925,1.16446,-1.0
2026-01-13 11:35:00-05:00,1.16446,1.164495,1.16419,1.164485,-1.0
2026-01-13 11:40:00-05:00,1.164485,1.164485,1.1642,1.16434,-1.0
2026-01-13 11:45:00-05:00,1.16434,1.164735,1.16434,1.164605,-1.0
2026-01-13 11:50:00-05:00,1.164605,1.164855,1.16454,1.164745,-1.0
2026-01-13 11:55:00-05:00,1.164745,1.16477,1.16449,1.16458,-1.0
2026-01-13 12:00:00-05:00,1.16458,1.1648,1.16435,1.164405,-1.0
2026-01-13 12:05:00-05:00,1.164405,1.16462,1.164315,1.164345,-1.0
2026-01-13 12:10:00-05:00,1.164345,1.164595,1.164315,1.164545,-1.0
2026-01-13 12:15:00-05:00,1.164545,1.164565,1.164225,1.164445,-1.0
2026-01-13 12:20:00-05:00,1.164445,1.164725,1.16444,1.164455,-1.0
2026-01-13 12:25:00-05:00,1.164455,1.164455,1.16413,1.164365,-1.0
2026-01-13 12:30:00-05:00,1.164365,1.16454,1.164315,1.164435,-1.0
2026-01-13 12:35:00-05:00,1.164435,1.164635,1.164355,1.164585,-1.0
2026-01-13 12:40:00-05:00,1.164585,1.16484,1.164575,1.16467,-1.0
2026-01-13 12:45:00-05:00,1.16467,1.16488,1.16456,1.16483,-1.0
2026-01-13 12:50:00-05:00,1.16483,1.164855,1.164595,1.164695,-1.0
2026-01-13 12:55:00-05:00,1.164695,1.16471,1.164455,1.164615,-1.0
2026-01-13 13:00:00-05:00,1.164615,1.16471,1.164425,1.16454,-1.0
2026-01-13 13:05:00-05:00,1.16454,1.164565,1.1644,1.164415,-1.0
2026-01-13 13:10:00-05:00,1.164415,1.16462,1.164155,1.16459,-1.0
2026-01-13 13:15:00-05:00,1.16459,1.164925,1.1645,1.164915,-1.0
2026-01-13 13:20:00-05:00,1.164915,1.165015,1.164835,1.164895,-1.0
2026-01-13 13:25:00-05:00,1.164895,1.16496,1.164785,1.164875,-1.0
2026-01-13 13:30:00-05:00,1.164875,1.164915,1.16473,1.16479,-1.0
2026-01-13 13:35:00-05:00,1.16479,1.16497,1.16478,1.16494,-1.0
2026-01-13 13:40:00-05:00,1.16494,1.165155,1.1649,1.16511,-1.0
2026-01-13 13:45:00-05:00,1.16511,1.165355,1.16511,1.16534,-1.0
2026-01-13 13:50:00-05:00,1.16534,1.16542,1.165245,1.16542,-1.0
2026-01-13 13:55:00-05:00,1.16542,1.16546,1.165335,1.165335,-1.0
2026-01-13 14:00:00-05:00,1.165335,1.165355,1.1648,1.16481,-1.0
2026-01-13 14:05:00-05:00,1.16481,1.16499,1.164775,1.16496,-1.0
2026-01-13 14:10:00-05:00,1.16496,1.165075,1.164905,1.165075,-1.0
2026-01-13 14:15:00-05:00,1.165075,1.16514,1.164895,1.164905,-1.0
2026-01-13 14:20:00-05:00,1.164905,1.16498,1.164835,1.16487,-1.0
2026-01-13 14:25:00-05:00,1.16487,1.164925,1.16468,1.164775,-1.0
2026-01-13 14:30:00-05:00,1.164775,1.16481,1.16464,1.16464,-1.0
2026-01-13 14:35:00-05:00,1.16464,1.164835,1.164625,1.164805,-1.0
2026-01-13 14:40:00-05:00,1.164805,1.164895,1.164775,1.164845,-1.0
2026-01-13 14:45:00-05:00,1.164845,1.16489,1.16468,1.164785,-1.0
2026-01-13 14:50:00-05:00,1.164785,1.164995,1.164785,1.164905,-1.0
2026-01-13 14:55:00-05:00,1.164905,1.16509,1.164835,1.164915,-1.0
2026-01-13 15:00:00-05:00,1.164915,1.164985,1.16473,1.164905,-1.0
2026-01-13 15:05:00-05:00,1.164905,1.164975,1.16486,1.16494,-1.0
2026-01-13 15:10:00-05:00,1.16494,1.164995,1.164905,1.164955,-1.0
2026-01-13 15:15:00-05:00,1.164955,1.16497,1.164835,1.164865,-1.0
2026-01-13 15:20:00-05:00,1.164865,1.16487,1.16473,1.1648,-1.0
2026-01-13 15:25:00-05:00,1.1648,1.16487,1.16463,1.16464,-1.0
2026-01-13 15:30:00-05:00,1.16464,1.164735,1.16455,1.16455,-1.0
2026-01-13 15:35:00-05:00,1.16455,1.164715,1.164535,1.1647,-1.0
2026-01-13 15:40:00-05:00,1.1647,1.1649,1.16469,1.164845,-1.0
2026-01-13 15:45:00-05:00,1.164845,1.16488,1.164755,1.164835,-1.0
2026-01-13 15:50:00-05:00,1.164835,1.164855,1.16463,1.16464,-1.0
2026-01-13 15:55:00-05:00,1.16464,1.16466,1.16452,1.16455,-1.0
2026-01-13 16:00:00-05:00,1.16455,1.164635,1.16447,1.16448,-1.0
2026-01-13 16:05:00-05:00,1.16448,1.16455,1.16439,1.164395,-1.0
2026-01-13 16:10:00-05:00,1.164395,1.16441,1.164285,1.16429,-1.0
2026-01-13 16:15:00-05:00,1.16429,1.164385,1.164285,1.164385,-1.0
2026-01-13 16:20:00-05:00,1.164385,1.16446,1.164345,1.16443,-1.0
2026-01-13 16:25:00-05:00,1.16443,1.1646,1.16438,1.164515,-1.0
2026-01-13 16:30:00-05:00,1.164515,1.164635,1.164515,1.16456,-1.0
2026-01-13 16:35:00-05:00,1.16456,1.164655,1.164535,1.164545,-1.0
2026-01-13 16:40:00-05:00,1.164545,1.164565,1.16449,1.16449,-1.0
2026-01-13 16:45:00-05:00,1.16449,1.164495,1.16438,1.164405,-1.0
2026-01-13 16:50:00-05:00,1.164405,1.16441,1.164335,1.164395,-1.0
2026-01-13 16:55:00-05:00,1.164395,1.16443,1.164255,1.16426,-1.0
2026-01-13 17:15:00-05:00,1.164485,1.16449,1.164415,1.16447,-1.0
2026-01-13 17:20:00-05:00,1.16447,1.16461,1.16446,1.16461,-1.0
2026-01-13 17:25:00-05:00,1.16461,1.16461,1.16428,1.164285,-1.0
2026-01-13 17:30:00-05:00,1.164285,1.164285,1.164285,1.164285,-1.0
2026-01-13 17:35:00-05:00,1.164285,1.164285,1.164285,1.164285,-1.0
2026-01-13 17:40:00-05:00,1.164285,1.164295,1.16421,1.16427,-1.0
2026-01-13 17:45:00-05:00,1.16427,1.164505,1.164255,1.164455,-1.0
2026-01-13 17:50:00-05:00,1.164455,1.16451,1.16445,1.164465,-1.0
2026-01-13 17:55:00-05:00,1.164465,1.164545,1.164365,1.164545,-1.0
2026-01-13 18:00:00-05:00,1.164545,1.164545,1.164245,1.16433,-1.0
2026-01-13 18:05:00-05:00,1.16433,1.16443,1.16432,1.164425,-1.0
2026-01-13 18:10:00-05:00,1.164425,1.164465,1.16437,1.16446,-1.0
2026-01-13 18:15:00-05:00,1.16446,1.16454,1.16446,1.164515,-1.0
2026-01-13 18:20:00-05:00,1.164515,1.164535,1.16445,1.16445,-1.0
2026-01-13 18:25:00-05:00,1.16445,1.164465,1.164445,1.16445,-1.0
2026-01-13 18:30:00-05:00,1.16445,1.164545,1.164445,1.16451,-1.0
2026-01-13 18:35:00-05:00,1.16451,1.164565,1.16446,1.164495,-1.0
2026-01-13 18:40:00-05:00,1.164495,1.164495,1.16432,1.164345,-1.0
2026-01-13 18:45:00-05:00,1.164345,1.16439,1.164325,1.16436,-1.0
2026-01-13 18:50:00-05:00,1.16436,1.16441,1.164255,1.16426,-1.0
2026-01-13 18:55:00-05:00,1.16426,1.16429,1.164205,1.164205,-1.0
2026-01-13 19:00:00-05:00,1.164205,1.16432,1.163935,1.16399,-1.0
2026-01-13 19:05:00-05:00,1.16399,1.16406,1.16397,1.16404,-1.0
2026-01-13 19:10:00-05:00,1.16404,1.16404,1.163805,1.16384,-1.0
2026-01-13 19:15:00-05:00,1.16384,1.164105,1.16382,1.1641,-1.0
2026-01-13 19:20:00-05:00,1.1641,1.16414,1.16406,1.16413,-1.0
2026-01-13 19:25:00-05:00,1.16413,1.164145,1.163975,1.164145,-1.0
2026-01-13 19:30:00-05:00,1.164145,1.16419,1.16409,1.164135,-1.0
2026-01-13 19:35:00-05:00,1.164135,1.16429,1.16411,1.16428,-1.0
2026-01-13 19:40:00-05:00,1.16428,1.16437,1.16428,1.164315,-1.0
2026-01-13 19:45:00-05:00,1.164315,1.164355,1.164255,1.164285,-1.0
2026-01-13 19:50:00-05:00,1.164285,1.164285,1.164135,1.16417,-1.0
2026-01-13 19:55:00-05:00,1.16417,1.164325,1.16409,1.164305,-1.0
2026-01-13 20:00:00-05:00,1.164305,1.164335,1.16394,1.164015,-1.0
2026-01-13 20:05:00-05:00,1.164015,1.16404,1.16375,1.16375,-1.0
2026-01-13 20:10:00-05:00,1.16375,1.16383,1.163705,1.163755,-1.0
2026-01-13 20:15:00-05:00,1.163755,1.16392,1.16368,1.163835,-1.0
2026-01-13 20:20:00-05:00,1.163835,1.16385,1.163735,1.163745,-1.0
2026-01-13 20:25:00-05:00,1.163745,1.163785,1.16368,1.16375,-1.0
2026-01-13 20:30:00-05:00,1.16375,1.16383,1.16369,1.163765,-1.0
2026-01-13 20:35:00-05:00,1.163765,1.163935,1.163725,1.16387,-1.0
2026-01-13 20:40:00-05:00,1.16387,1.16393,1.163745,1.163845,-1.0
2026-01-13 20:45:00-05:00,1.163845,1.16394,1.163815,1.1639,-1.0
2026-01-13 20:50:00-05:00,1.1639,1.163945,1.16382,1.16382,-1.0
2026-01-13 20:55:00-05:00,1.16382,1.163895,1.16375,1.163815,-1.0
2026-01-13 21:00:00-05:00,1.163815,1.163965,1.163815,1.163915,-1.0
2026-01-13 21:05:00-05:00,1.163915,1.163955,1.16371,1.163755,-1.0
2026-01-13 21:10:00-05:00,1.163755,1.16376,1.16362,1.163755,-1.0
2026-01-13 21:15:00-05:00,1.163755,1.16392,1.163705,1.16385,-1.0
2026-01-13 21:20:00-05:00,1.16385,1.16392,1.163815,1.16388,-1.0
2026-01-13 21:25:00-05:00,1.16388,1.163955,1.163845,1.163925,-1.0
2026-01-13 21:30:00-05:00,1.163925,1.16417,1.163925,1.16394,-1.0
2026-01-13 21:35:00-05:00,1.16394,1.164065,1.163875,1.16405,-1.0
2026-01-13 21:40:00-05:00,1.16405,1.164115,1.16401,1.16411,-1.0
2026-01-13 21:45:00-05:00,1.16411,1.16431,1.164065,1.164275,-1.0
2026-01-13 21:50:00-05:00,1.164275,1.16443,1.16426,1.16436,-1.0
2026-01-13 21:55:00-05:00,1.16436,1.16445,1.16433,1.16436,-1.0
2026-01-13 22:00:00-05:00,1.16436,1.164555,1.16436,1.16451,-1.0
2026-01-13 22:05:00-05:00,1.16451,1.164555,1.16444,1.164505,-1.0
2026-01-13 22:10:00-05:00,1.164505,1.16455,1.16444,1.164515,-1.0
2026-01-13 22:15:00-05:00,1.164515,1.16462,1.164485,1.16458,-1.0
2026-01-13 22:20:00-05:00,1.16458,1.16461,1.164485,1.164535,-1.0
2026-01-13 22:25:00-05:00,1.164535,1.164545,1.164425,1.16446,-1.0
2026-01-13 22:30:00-05:00,1.16446,1.16465,1.16446,1.16464,-1.0
2026-01-13 22:35:00-05:00,1.16464,1.164745,1.164585,1.164715,-1.0
2026-01-13 22:40:00-05:00,1.164715,1.16479,1.164695,1.16478,-1.0
2026-01-13 22:45:00-05:00,1.16478,1.16478,1.164635,1.16468,-1.0
2026-01-13 22:50:00-05:00,1.16468,1.164895,1.16468,1.164845,-1.0
2026-01-13 22:55:00-05:00,1.164845,1.164855,1.164695,1.1647,-1.0
2026-01-13 23:00:00-05:00,1.1647,1.16478,1.16467,1.164735,-1.0
2026-01-13 23:05:00-05:00,1.164735,1.16481,1.164705,1.164725,-1.0
2026-01-13 23:10:00-05:00,1.164725,1.16473,1.16464,1.16465,-1.0
2026-01-13 23:15:00-05:00,1.16465,1.164695,1.164595,1.164595,-1.0
2026-01-13 23:20:00-05:00,1.164595,1.164625,1.16451,1.164525,-1.0
2026-01-13 23:25:00-05:00,1.164525,1.164565,1.16446,1.164505,-1.0
2026-01-13 23:30:00-05:00,1.164505,1.164535,1.164415,1.16449,-1.0
2026-01-13 23:35:00-05:00,1.16449,1.16461,1.164485,1.16461,-1.0
2026-01-13 23:40:00-05:00,1.16461,1.16462,1.16441,1.16441,-1.0
2026-01-13 23:45:00-05:00,1.16441,1.16446,1.16439,1.164455,-1.0
2026-01-13 23:50:00-05:00,1.164455,1.16446,1.16439,1.1644,-1.0
2026-01-13 23:55:00-05:00,1.1644,1.164475,1.16436,1.16441,-1.0
2026-01-14 00:00:00-05:00,1.16441,1.16452,1.164375,1.16446,-1.0
2026-01-14 00:05:00-05:00,1.16446,1.16446,1.164365,1.16441,-1.0
2026-01-14 00:10:00-05:00,1.16441,1.164435,1.1643,1.16431,-1.0
2026-01-14 00:15:00-05:00,1.16431,1.164345,1.16424,1.16426,-1.0
2026-01-14 00:20:00-05:00,1.16426,1.164295,1.164215,1.16429,-1.0
2026-01-14 00:25:00-05:00,1.16429,1.164345,1.164245,1.1643,-1.0
2026-01-14 00:30:00-05:00,1.1643,1.164405,1.16426,1.164305,-1.0
2026-01-14 00:35:00-05:00,1.164305,1.16433,1.164215,1.164285,-1.0
2026-01-14 00:40:00-05:00,1.164285,1.164335,1.1642,1.1642,-1.0
2026-01-14 00:45:00-05:00,1.1642,1.16429,1.164175,1.16429,-1.0
2026-01-14 00:50:00-05:00,1.16429,1.164385,1.164255,1.164265,-1.0
2026-01-14 00:55:00-05:00,1.164265,1.16427,1.16417,1.164195,-1.0
2026-01-14 01:00:00-05:00,1.164195,1.164305,1.16414,1.16426,-1.0
2026-01-14 01:05:00-05:00,1.16426,1.1644,1.164245,1.164345,-1.0
2026-01-14 01:10:00-05:00,1.164345,1.164575,1.164345,1.164555,-1.0
2026-01-14 01:15:00-05:00,1.164555,1.164715,1.164485,1.16468,-1.0
2026-01-14 01:20:00-05:00,1.16468,1.164705,1.164545,1.164605,-1.0
2026-01-14 01:25:00-05:00,1.164605,1.16472,1.16456,1.164665,-1.0
2026-01-14 01:30:00-05:00,1.164665,1.16468,1.164525,1.16458,-1.0
2026-01-14 01:35:00-05:00,1.16458,1.16464,1.16455,1.164635,-1.0
2026-01-14 01:40:00-05:00,1.164635,1.16471,1.164535,1.16467,-1.0
2026-01-14 01:45:00-05:00,1.16467,1.164765,1.16452,1.16459,-1.0
2026-01-14 01:50:00-05:00,1.16459,1.16479,1.164455,1.164765,-1.0
2026-01-14 01:55:00-05:00,1.164765,1.165015,1.164745,1.164905,-1.0
2026-01-14 02:00:00-05:00,1.164905,1.16503,1.164775,1.165015,-1.0
2026-01-14 02:05:00-05:00,1.165015,1.165025,1.164815,1.16498,-1.0
2026-01-14 02:10:00-05:00,1.16498,1.16509,1.164895,1.164895,-1.0
2026-01-14 02:15:00-05:00,1.164895,1.165075,1.16489,1.16501,-1.0
2026-01-14 02:20:00-05:00,1.16501,1.165085,1.164975,1.165035,-1.0
2026-01-14 02:25:00-05:00,1.165035,1.165205,1.164825,1.164865,-1.0
2026-01-14 02:30:00-05:00,1.164865,1.165025,1.164785,1.164805,-1.0
2026-01-14 02:35:00-05:00,1.164805,1.164875,1.16473,1.164765,-1.0
2026-01-14 02:40:00-05:00,1.164765,1.164925,1.164695,1.16489,-1.0
2026-01-14 02:45:00-05:00,1.16489,1.164955,1.16482,1.16489,-1.0
2026-01-14 02:50:00-05:00,1.16489,1.1649,1.164635,1.164675,-1.0
2026-01-14 02:55:00-05:00,1.164675,1.164675,1.164445,1.164615,-1.0
2026-01-14 03:00:00-05:00,1.164615,1.165045,1.164515,1.16503,-1.0
2026-01-14 03:05:00-05:00,1.16503,1.16503,1.164545,1.164605,-1.0
2026-01-14 03:10:00-05:00,1.164605,1.164725,1.164455,1.164465,-1.0
2026-01-14 03:15:00-05:00,1.164465,1.164575,1.16436,1.16441,-1.0
2026-01-14 03:20:00-05:00,1.16441,1.16453,1.1642,1.1642,-1.0
2026-01-14 03:25:00-05:00,1.1642,1.164425,1.164105,1.164285,-1.0
2026-01-14 03:30:00-05:00,1.164285,1.16459,1.164195,1.164505,-1.0
2026-01-14 03:35:00-05:00,1.164505,1.164595,1.164285,1.164495,-1.0
2026-01-14 03:40:00-05:00,1.164495,1.164815,1.164225,1.164305,-1.0
2026-01-14 03:45:00-05:00,1.164305,1.164765,1.164225,1.164585,-1.0
2026-01-14 03:50:00-05:00,1.164585,1.164765,1.164545,1.164655,-1.0
2026-01-14 03:55:00-05:00,1.164655,1.16479,1.164605,1.164755,-1.0
2026-01-14 04:00:00-05:00,1.164755,1.16481,1.164605,1.16464,-1.0
2026-01-14 04:05:00-05:00,1.16464,1.164825,1.164635,1.164685,-1.0
2026-01-14 04:10:00-05:00,1.164685,1.16499,1.164615,1.16496,-1.0
2026-01-14 04:15:00-05:00,1.16496,1.165125,1.16496,1.16499,-1.0
2026-01-14 04:20:00-05:00,1.16499,1.16501,1.16464,1.16467,-1.0
2026-01-14 04:25:00-05:00,1.16467,1.1649,1.164615,1.164825,-1.0
2026-01-14 04:30:00-05:00,1.164825,1.16514,1.16472,1.16512,-1.0
2026-01-14 04:35:00-05:00,1.16512,1.165305,1.164895,1.164895,-1.0
2026-01-14 04:40:00-05:00,1.164895,1.164965,1.164705,1.164915,-1.0
2026-01-14 04:45:00-05:00,1.164915,1.165215,1.164895,1.165135,-1.0
2026-01-14 04:50:00-05:00,1.165135,1.165385,1.164985,1.16538,-1.0
2026-01-14 04:55:00-05:00,1.16538,1.16538,1.165115,1.165185,-1.0
2026-01-14 05:00:00-05:00,1.165185,1.165205,1.16468,1.164805,-1.0
2026-01-14 05:05:00-05:00,1.164805,1.16506,1.164805,1.164905,-1.0
2026-01-14 05:10:00-05:00,1.164905,1.16504,1.164845,1.165035,-1.0
2026-01-14 05:15:00-05:00,1.165035,1.165285,1.16496,1.16527,-1.0
2026-01-14 05:20:00-05:00,1.16527,1.16532,1.165155,1.165235,-1.0
2026-01-14 05:25:00-05:00,1.165235,1.16551,1.16518,1.165505,-1.0
2026-01-14 05:30:00-05:00,1.165505,1.16551,1.16535,1.16542,-1.0
2026-01-14 05:35:00-05:00,1.16542,1.16559,1.16542,1.165515,-1.0
2026-01-14 05:40:00-05:00,1.165515,1.165715,1.165375,1.16543,-1.0
2026-01-14 05:45:00-05:00,1.16543,1.16572,1.16534,1.165705,-1.0
2026-01-14 05:50:00-05:00,1.165705,1.16578,1.16558,1.165725,-1.0
2026-01-14 05:55:00-05:00,1.165725,1.16576,1.165455,1.165515,-1.0
2026-01-14 06:00:00-05:00,1.165515,1.165515,1.16526,1.165275,-1.0
2026-01-14 06:05:00-05:00,1.165275,1.165355,1.165155,1.165245,-1.0
2026-01-14 06:10:00-05:00,1.165245,1.16527,1.165015,1.165055,-1.0
2026-01-14 06:15:00-05:00,1.165055,1.16515,1.16485,1.164965,-1.0
2026-01-14 06:20:00-05:00,1.164965,1.16501,1.164865,1.164965,-1.0
2026-01-14 06:25:00-05:00,1.164965,1.165025,1.16481,1.16481,-1.0
2026-01-14 06:30:00-05:00,1.16481,1.164885,1.16469,1.16487,-1.0
2026-01-14 06:35:00-05:00,1.16487,1.164895,1.16478,1.164855,-1.0
2026-01-14 06:40:00-05:00,1.164855,1.164925,1.164645,1.16468,-1.0
2026-01-14 06:45:00-05:00,1.16468,1.164825,1.164545,1.164605,-1.0
2026-01-14 06:50:00-05:00,1.164605,1.164735,1.16455,1.164635,-1.0
2026-01-14 06:55:00-05:00,1.164635,1.164775,1.16438,1.1647,-1.0
2026-01-14 07:00:00-05:00,1.1647,1.165385,1.1647,1.164785,-1.0
2026-01-14 07:05:00-05:00,1.164785,1.164865,1.164505,1.164565,-1.0
2026-01-14 07:10:00-05:00,1.164565,1.16475,1.164515,1.16469,-1.0
2026-01-14 07:15:00-05:00,1.16469,1.164745,1.16458,1.164685,-1.0
2026-01-14 07:20:00-05:00,1.164685,1.164685,1.164505,1.164605,-1.0
2026-01-14 07:25:00-05:00,1.164605,1.164745,1.164515,1.164565,-1.0
2026-01-14 07:30:00-05:00,1.164565,1.164825,1.164515,1.164775,-1.0
2026-01-14 07:35:00-05:00,1.164775,1.164895,1.16457,1.164585,-1.0
2026-01-14 07:40:00-05:00,1.164585,1.164895,1.164585,1.164835,-1.0
2026-01-14 07:45:00-05:00,1.164835,1.164845,1.16458,1.16481,-1.0
2026-01-14 07:50:00-05:00,1.16481,1.165285,1.164755,1.165275,-1.0
2026-01-14 07:55:00-05:00,1.165275,1.16601,1.16525,1.165985,-1.0
2026-01-14 08:00:00-05:00,1.165985,1.165995,1.16545,1.165515,-1.0
2026-01-14 08:05:00-05:00,1.165515,1.16552,1.165065,1.16507,-1.0
2026-01-14 08:10:00-05:00,1.16507,1.1655,1.16505,1.165095,-1.0
2026-01-14 08:15:00-05:00,1.165095,1.165225,1.16478,1.164785,-1.0
2026-01-14 08:20:00-05:00,1.164785,1.164955,1.164665,1.16472,-1.0
2026-01-14 08:25:00-05:00,1.16472,1.164965,1.164665,1.164785,-1.0
2026-01-14 08:30:00-05:00,1.164785,1.16488,1.1645,1.16475,-1.0
2026-01-14 08:35:00-05:00,1.16475,1.164985,1.16457,1.16492,-1.0
2026-01-14 08:40:00-05:00,1.16492,1.165285,1.16481,1.165275,-1.0
2026-01-14 08:45:00-05:00,1.165275,1.16537,1.164945,1.16495,-1.0
2026-01-14 08:50:00-05:00,1.16495,1.164955,1.16454,1.164815,-1.0
2026-01-14 08:55:00-05:00,1.164815,1.165185,1.164815,1.165005,-1.0
2026-01-14 09:00:00-05:00,1.165005,1.165575,1.16489,1.165215,-1.0
2026-01-14 09:05:00-05:00,1.165215,1.165555,1.165075,1.16528,-1.0
2026-01-14 09:10:00-05:00,1.16528,1.16577,1.16518,1.165315,-1.0
2026-01-14 09:15:00-05:00,1.165315,1.16569,1.16525,1.165565,-1.0
2026-01-14 09:20:00-05:00,1.165565,1.165885,1.165565,1.165625,-1.0
2026-01-14 09:25:00-05:00,1.165625,1.16571,1.165375,1.165495,-1.0
2026-01-14 09:30:00-05:00,1.165495,1.165635,1.165325,1.16542,-1.0
2026-01-14 09:35:00-05:00,1.16542,1.165555,1.165235,1.165315,-1.0
2026-01-14 09:40:00-05:00,1.165315,1.165975,1.165315,1.16592,-1.0
2026-01-14 09:45:00-05:00,1.16592,1.165985,1.165755,1.16578,-1.0
2026-01-14 09:50:00-05:00,1.16578,1.165865,1.16547,1.165545,-1.0
2026-01-14 09:55:00-05:00,1.165545,1.16578,1.165545,1.165595,-1.0
2026-01-14 10:00:00-05:00,1.165595,1.1656,1.165235,1.165315,-1.0
2026-01-14 10:05:00-05:00,1.165315,1.165555,1.165215,1.165355,-1.0
2026-01-14 10:10:00-05:00,1.165355,1.165905,1.165245,1.165355,-1.0
2026-01-14 10:15:00-05:00,1.165355,1.1656,1.16517,1.165265,-1.0
2026-01-14 10:20:00-05:00,1.165265,1.165425,1.165035,1.165075,-1.0
2026-01-14 10:25:00-05:00,1.165075,1.165275,1.164985,1.165155,-1.0
2026-01-14 10:30:00-05:00,1.165155,1.165375,1.164925,1.165185,-1.0
2026-01-14 10:35:00-05:00,1.165185,1.1654,1.16516,1.165275,-1.0
2026-01-14 10:40:00-05:00,1.165275,1.165425,1.165155,1.165275,-1.0
2026-01-14 10:45:00-05:00,1.165275,1.165515,1.165245,1.165425,-1.0
2026-01-14 10:50:00-05:00,1.165425,1.16559,1.165295,1.165525,-1.0
2026-01-14 10:55:00-05:00,1.165525,1.166065,1.16552,1.165985,-1.0
2026-01-14 11:00:00-05:00,1.165985,1.166165,1.165815,1.165905,-1.0
2026-01-14 11:05:00-05:00,1.165905,1.16612,1.165905,1.16612,-1.0
2026-01-14 11:10:00-05:00,1.16612,1.166165,1.165895,1.165905,-1.0
2026-01-14 11:15:00-05:00,1.165905,1.166045,1.165755,1.16604,-1.0
2026-01-14 11:20:00-05:00,1.16604,1.16615,1.165405,1.16542,-1.0
2026-01-14 11:25:00-05:00,1.16542,1.16567,1.165405,1.16562,-1.0
2026-01-14 11:30:00-05:00,1.16562,1.165725,1.165515,1.165645,-1.0
2026-01-14 11:35:00-05:00,1.165645,1.165775,1.16551,1.165535,-1.0
2026-01-14 11:40:00-05:00,1.165535,1.16572,1.16551,1.165515,-1.0
2026-01-14 11:45:00-05:00,1.165515,1.165535,1.16527,1.16536,-1.0
2026-01-14 11:50:00-05:00,1.16536,1.165615,1.16535,1.165615,-1.0
2026-01-14 11:55:00-05:00,1.165615,1.165725,1.16543,1.165455,-1.0
2026-01-14 12:00:00-05:00,1.165455,1.165585,1.165315,1.165315,-1.0
2026-01-14 12:05:00-05:00,1.165315,1.165435,1.165215,1.165375,-1.0
2026-01-14 12:10:00-05:00,1.165375,1.16543,1.165255,1.165355,-1.0
2026-01-14 12:15:00-05:00,1.165355,1.165355,1.16507,1.165215,-1.0
2026-01-14 12:20:00-05:00,1.165215,1.165315,1.16503,1.165045,-1.0
2026-01-14 12:25:00-05:00,1.165045,1.165185,1.165015,1.16516,-1.0
2026-01-14 12:30:00-05:00,1.16516,1.165195,1.16498,1.16503,-1.0
2026-01-14 12:35:00-05:00,1.16503,1.165085,1.164745,1.164765,-1.0
2026-01-14 12:40:00-05:00,1.164765,1.164865,1.164595,1.16467,-1.0
2026-01-14 12:45:00-05:00,1.16467,1.164835,1.16463,1.16481,-1.0
2026-01-14 12:50:00-05:00,1.16481,1.164825,1.16456,1.164665,-1.0
2026-01-14 12:55:00-05:00,1.164665,1.164725,1.16455,1.164675,-1.0
2026-01-14 13:00:00-05:00,1.164675,1.16473,1.16444,1.164615,-1.0
2026-01-14 13:05:00-05:00,1.164615,1.16462,1.164425,1.164465,-1.0
2026-01-14 13:10:00-05:00,1.164465,1.164575,1.16437,1.164395,-1.0
2026-01-14 13:15:00-05:00,1.164395,1.164405,1.164185,1.1644,-1.0
2026-01-14 13:20:00-05:00,1.1644,1.164485,1.164365,1.16446,-1.0
2026-01-14 13:25:00-05:00,1.16446,1.164535,1.16439,1.16446,-1.0
2026-01-14 13:30:00-05:00,1.16446,1.16478,1.164455,1.164475,-1.0
2026-01-14 13:35:00-05:00,1.164475,1.164485,1.164085,1.16411,-1.0
2026-01-14 13:40:00-05:00,1.16411,1.164245,1.16401,1.164035,-1.0
2026-01-14 13:45:00-05:00,1.164035,1.164115,1.163895,1.164055,-1.0
2026-01-14 13:50:00-05:00,1.164055,1.164225,1.164055,1.1642,-1.0
2026-01-14 13:55:00-05:00,1.1642,1.1642,1.163795,1.163795,-1.0
2026-01-14 14:00:00-05:00,1.163795,1.16391,1.163605,1.163665,-1.0
2026-01-14 14:05:00-05:00,1.163665,1.163815,1.163615,1.16376,-1.0
2026-01-14 14:10:00-05:00,1.16376,1.163835,1.16367,1.163705,-1.0
2026-01-14 14:15:00-05:00,1.163705,1.163865,1.163665,1.163815,-1.0
2026-01-14 14:20:00-05:00,1.163815,1.16384,1.163705,1.16376,-1.0
2026-01-14 14:25:00-05:00,1.16376,1.16379,1.163715,1.16375,-1.0
2026-01-14 14:30:00-05:00,1.16375,1.16376,1.163575,1.16365,-1.0
2026-01-14 14:35:00-05:00,1.16365,1.163755,1.16363,1.163715,-1.0
2026-01-14 14:40:00-05:00,1.163715,1.16391,1.163715,1.16384,-1.0
2026-01-14 14:45:00-05:00,1.16384,1.16384,1.163535,1.163625,-1.0
2026-01-14 14:50:00-05:00,1.163625,1.163775,1.163615,1.16367,-1.0
2026-01-14 14:55:00-05:00,1.16367,1.163935,1.163575,1.163625,-1.0
2026-01-14 15:00:00-05:00,1.163625,1.164035,1.163625,1.163885,-1.0
2026-01-14 15:05:00-05:00,1.163885,1.164325,1.163875,1.164255,-1.0
2026-01-14 15:10:00-05:00,1.164255,1.16433,1.164205,1.164235,-1.0
2026-01-14 15:15:00-05:00,1.164235,1.164365,1.164165,1.16429,-1.0
2026-01-14 15:20:00-05:00,1.16429,1.16437,1.164225,1.164325,-1.0
2026-01-14 15:25:00-05:00,1.164325,1.164415,1.16431,1.16437,-1.0
2026-01-14 15:30:00-05:00,1.16437,1.16453,1.164365,1.164495,-1.0
2026-01-14 15:35:00-05:00,1.164495,1.16474,1.164485,1.164685,-1.0
2026-01-14 15:40:00-05:00,1.164685,1.16473,1.16432,1.16432,-1.0
2026-01-14 15:45:00-05:00,1.16432,1.16439,1.164255,1.16437,-1.0
2026-01-14 15:50:00-05:00,1.16437,1.1645,1.164325,1.164385,-1.0
2026-01-14 15:55:00-05:00,1.164385,1.164425,1.16416,1.16432,-1.0
2026-01-14 16:00:00-05:00,1.16432,1.16451,1.16428,1.164505,-1.0
2026-01-14 16:05:00-05:00,1.164505,1.164635,1.164375,1.164515,-1.0
2026-01-14 16:10:00-05:00,1.164515,1.164575,1.16435,1.164355,-1.0
2026-01-14 16:15:00-05:00,1.164355,1.16449,1.16429,1.164475,-1.0
2026-01-14 16:20:00-05:00,1.164475,1.164485,1.164215,1.164315,-1.0
2026-01-14 16:25:00-05:00,1.164315,1.164385,1.164245,1.164305,-1.0
2026-01-14 16:30:00-05:00,1.164305,1.16449,1.164265,1.164475,-1.0
2026-01-14 16:35:00-05:00,1.164475,1.16448,1.164275,1.164295,-1.0
2026-01-14 16:40:00-05:00,1.164295,1.164465,1.16429,1.16446,-1.0
2026-01-14 16:45:00-05:00,1.16446,1.16463,1.164435,1.164435,-1.0
2026-01-14 16:50:00-05:00,1.164435,1.16452,1.1643,1.16442,-1.0
2026-01-14 16:55:00-05:00,1.16442,1.164555,1.16432,1.16443,-1.0
2026-01-14 17:15:00-05:00,1.1646,1.16464,1.164435,1.164635,-1.0
2026-01-14 17:20:00-05:00,1.164635,1.16469,1.16462,1.16467,-1.0
2026-01-14 17:25:00-05:00,1.16467,1.16472,1.16459,1.16459,-1.0
2026-01-14 17:30:00-05:00,1.16459,1.16463,1.16459,1.164625,-1.0
2026-01-14 17:35:00-05:00,1.164625,1.16463,1.164545,1.164545,-1.0
2026-01-14 17:40:00-05:00,1.164545,1.16457,1.16444,1.164485,-1.0
2026-01-14 17:45:00-05:00,1.164485,1.16449,1.164415,1.164415,-1.0
2026-01-14 17:50:00-05:00,1.164415,1.16446,1.164405,1.164405,-1.0
2026-01-14 17:55:00-05:00,1.164405,1.164455,1.16439,1.16439,-1.0
2026-01-14 18:00:00-05:00,1.16439,1.164625,1.16439,1.164565,-1.0
2026-01-14 18:05:00-05:00,1.164565,1.164645,1.16452,1.16461,-1.0
2026-01-14 18:10:00-05:00,1.16461,1.164655,1.16451,1.16465,-1.0
2026-01-14 18:15:00-05:00,1.16465,1.16472,1.164595,1.164635,-1.0
2026-01-14 18:20:00-05:00,1.164635,1.16464,1.164595,1.16463,-1.0
2026-01-14 18:25:00-05:00,1.16463,1.16463,1.164485,1.164505,-1.0
2026-01-14 18:30:00-05:00,1.164505,1.16464,1.1645,1.164585,-1.0
2026-01-14 18:35:00-05:00,1.164585,1.164635,1.164535,1.16454,-1.0
2026-01-14 18:40:00-05:00,1.16454,1.164555,1.1645,1.164545,-1.0
2026-01-14 18:45:00-05:00,1.164545,1.16463,1.164505,1.16463,-1.0
2026-01-14 18:50:00-05:00,1.16463,1.164705,1.164625,1.16464,-1.0
2026-01-14 18:55:00-05:00,1.16464,1.16464,1.164495,1.1645,-1.0
2026-01-14 19:00:00-05:00,1.1645,1.164505,1.164425,1.164425,-1.0
2026-01-14 19:05:00-05:00,1.164425,1.164425,1.164235,1.16429,-1.0
2026-01-14 19:10:00-05:00,1.16429,1.16437,1.164285,1.16432,-1.0
2026-01-14 19:15:00-05:00,1.16432,1.164515,1.16432,1.1645,-1.0
2026-01-14 19:20:00-05:00,1.1645,1.164555,1.1645,1.164515,-1.0
2026-01-14 19:25:00-05:00,1.164515,1.164525,1.164125,1.16416,-1.0
2026-01-14 19:30:00-05:00,1.16416,1.164325,1.163975,1.16399,-1.0
2026-01-14 19:35:00-05:00,1.16399,1.16399,1.16377,1.16385,-1.0
2026-01-14 19:40:00-05:00,1.16385,1.164,1.163735,1.163885,-1.0
2026-01-14 19:45:00-05:00,1.163885,1.164105,1.163855,1.16393,-1.0
2026-01-14 19:50:00-05:00,1.16393,1.16398,1.16375,1.163755,-1.0
2026-01-14 19:55:00-05:00,1.163755,1.16383,1.16357,1.163765,-1.0
2026-01-14 20:00:00-05:00,1.163765,1.164,1.16373,1.16378,-1.0
2026-01-14 20:05:00-05:00,1.16378,1.163945,1.163775,1.163795,-1.0
2026-01-14 20:10:00-05:00,1.163795,1.163945,1.16379,1.1639,-1.0
2026-01-14 20:15:00-05:00,1.1639,1.16418,1.163855,1.163975,-1.0
2026-01-14 20:20:00-05:00,1.163975,1.164,1.163895,1.16395,-1.0
2026-01-14 20:25:00-05:00,1.16395,1.16411,1.163935,1.163985,-1.0
2026-01-14 20:30:00-05:00,1.163985,1.16401,1.163405,1.163495,-1.0
2026-01-14 20:35:00-05:00,1.163495,1.163915,1.16332,1.163905,-1.0
2026-01-14 20:40:00-05:00,1.163905,1.164025,1.16375,1.16395,-1.0
2026-01-14 20:45:00-05:00,1.16395,1.16411,1.16393,1.16401,-1.0
2026-01-14 20:50:00-05:00,1.16401,1.16404,1.163745,1.163775,-1.0
2026-01-14 20:55:00-05:00,1.163775,1.163975,1.16376,1.163875,-1.0
2026-01-14 21:00:00-05:00,1.163875,1.16393,1.163755,1.163775,-1.0
2026-01-14 21:05:00-05:00,1.163775,1.16401,1.163765,1.16399,-1.0
2026-01-14 21:10:00-05:00,1.16399,1.164075,1.163895,1.164065,-1.0
2026-01-14 21:15:00-05:00,1.164065,1.16409,1.16386,1.16387,-1.0
2026-01-14 21:20:00-05:00,1.16387,1.163945,1.163775,1.16379,-1.0
2026-01-14 21:25:00-05:00,1.16379,1.16384,1.16371,1.16372,-1.0
2026-01-14 21:30:00-05:00,1.16372,1.16376,1.16366,1.163705,-1.0
2026-01-14 21:35:00-05:00,1.163705,1.16379,1.163625,1.163725,-1.0
2026-01-14 21:40:00-05:00,1.163725,1.163985,1.163705,1.16391,-1.0
2026-01-14 21:45:00-05:00,1.16391,1.164035,1.16385,1.16401,-1.0
2026-01-14 21:50:00-05:00,1.16401,1.164025,1.16394,1.16401,-1.0
2026-01-14 21:55:00-05:00,1.16401,1.164055,1.16396,1.16402,-1.0
2026-01-14 22:00:00-05:00,1.16402,1.16402,1.163845,1.163875,-1.0
2026-01-14 22:05:00-05:00,1.163875,1.16393,1.163845,1.163845,-1.0
2026-01-14 22:10:00-05:00,1.163845,1.163915,1.16375,1.16376,-1.0
2026-01-14 22:15:00-05:00,1.16376,1.16385,1.1637,1.16379,-1.0
2026-01-14 22:20:00-05:00,1.16379,1.163895,1.163765,1.163795,-1.0
2026-01-14 22:25:00-05:00,1.163795,1.164,1.16379,1.163995,-1.0
2026-01-14 22:30:00-05:00,1.163995,1.16401,1.16387,1.163925,-1.0
2026-01-14 22:35:00-05:00,1.163925,1.16406,1.16391,1.164015,-1.0
2026-01-14 22:40:00-05:00,1.164015,1.16415,1.164015,1.16415,-1.0
2026-01-14 22:45:00-05:00,1.16415,1.16416,1.163885,1.163895,-1.0
2026-01-14 22:50:00-05:00,1.163895,1.163915,1.163735,1.16376,-1.0
2026-01-14 22:55:00-05:00,1.16376,1.163915,1.16373,1.163885,-1.0
2026-01-14 23:00:00-05:00,1.163885,1.16394,1.16377,1.16378,-1.0
2026-01-14 23:05:00-05:00,1.16378,1.163885,1.163735,1.163825,-1.0
2026-01-14 23:10:00-05:00,1.163825,1.163845,1.163625,1.16363,-1.0
2026-01-14 23:15:00-05:00,1.16363,1.16363,1.163535,1.16354,-1.0
2026-01-14 23:20:00-05:00,1.16354,1.16355,1.16346,1.163515,-1.0
2026-01-14 23:25:00-05:00,1.163515,1.16356,1.1635,1.16355,-1.0
2026-01-14 23:30:00-05:00,1.16355,1.16361,1.163535,1.163585,-1.0
2026-01-14 23:35:00-05:00,1.163585,1.16367,1.163535,1.16361,-1.0
2026-01-14 23:40:00-05:00,1.16361,1.16366,1.1636,1.163635,-1.0
2026-01-14 23:45:00-05:00,1.163635,1.163665,1.163565,1.16358,-1.0
2026-01-14 23:50:00-05:00,1.16358,1.1636,1.16344,1.16344,-1.0
2026-01-14 23:55:00-05:00,1.16344,1.163535,1.16342,1.16346,-1.0
2026-01-15 00:00:00-05:00,1.16346,1.163605,1.163365,1.163595,-1.0
2026-01-15 00:05:00-05:00,1.163595,1.1638,1.16359,1.16378,-1.0
2026-01-15 00:10:00-05:00,1.16378,1.16378,1.16367,1.16369,-1.0
2026-01-15 00:15:00-05:00,1.16369,1.16375,1.163645,1.16371,-1.0
2026-01-15 00:20:00-05:00,1.16371,1.16371,1.1636,1.163615,-1.0
2026-01-15 00:25:00-05:00,1.163615,1.163745,1.16359,1.163715,-1.0
2026-01-15 00:30:00-05:00,1.163715,1.163745,1.16354,1.16358,-1.0
2026-01-15 00:35:00-05:00,1.16358,1.163605,1.16356,1.16356,-1.0
2026-01-15 00:40:00-05:00,1.16356,1.163625,1.163535,1.16358,-1.0
2026-01-15 00:45:00-05:00,1.16358,1.16366,1.16358,1.163605,-1.0
2026-01-15 00:50:00-05:00,1.163605,1.16374,1.163575,1.16365,-1.0
2026-01-15 00:55:00-05:00,1.16365,1.16372,1.163475,1.163525,-1.0
2026-01-15 01:00:00-05:00,1.163525,1.163755,1.16347,1.163735,-1.0
2026-01-15 01:05:00-05:00,1.163735,1.163815,1.163655,1.16381,-1.0
2026-01-15 01:10:00-05:00,1.16381,1.163845,1.1634,1.163405,-1.0
2026-01-15 01:15:00-05:00,1.163405,1.16353,1.163335,1.163365,-1.0
2026-01-15 01:20:00-05:00,1.163365,1.163575,1.16332,1.163575,-1.0
2026-01-15 01:25:00-05:00,1.163575,1.16358,1.16345,1.163505,-1.0
2026-01-15 01:30:00-05:00,1.163505,1.163505,1.163365,1.1634,-1.0
2026-01-15 01:35:00-05:00,1.1634,1.16349,1.163345,1.1634,-1.0
2026-01-15 01:40:00-05:00,1.1634,1.16348,1.163,1.16301,-1.0
2026-01-15 01:45:00-05:00,1.16301,1.16312,1.163,1.16305,-1.0
2026-01-15 01:50:00-05:00,1.16305,1.163235,1.163015,1.16323,-1.0
2026-01-15 01:55:00-05:00,1.16323,1.163405,1.163135,1.163315,-1.0
2026-01-15 02:00:00-05:00,1.163315,1.163665,1.16331,1.16346,-1.0
2026-01-15 02:05:00-05:00,1.16346,1.163515,1.16333,1.163445,-1.0
2026-01-15 02:10:00-05:00,1.163445,1.16349,1.16309,1.163145,-1.0
2026-01-15 02:15:00-05:00,1.163145,1.1633,1.16311,1.163195,-1.0
2026-01-15 02:20:00-05:00,1.163195,1.163195,1.16274,1.16279,-1.0
2026-01-15 02:25:00-05:00,1.16279,1.162935,1.16261,1.162715,-1.0
2026-01-15 02:30:00-05:00,1.162715,1.16304,1.162675,1.163005,-1.0
2026-01-15 02:35:00-05:00,1.163005,1.163195,1.162965,1.163115,-1.0
2026-01-15 02:40:00-05:00,1.163115,1.163145,1.162835,1.16291,-1.0
2026-01-15 02:45:00-05:00,1.16291,1.162965,1.162765,1.162805,-1.0
2026-01-15 02:50:00-05:00,1.162805,1.16293,1.16275,1.16282,-1.0
2026-01-15 02:55:00-05:00,1.16282,1.162985,1.16282,1.162885,-1.0
2026-01-15 03:00:00-05:00,1.162885,1.163065,1.162775,1.16302,-1.0
2026-01-15 03:05:00-05:00,1.16302,1.163055,1.1627,1.162805,-1.0
2026-01-15 03:10:00-05:00,1.162805,1.163025,1.162795,1.162925,-1.0
2026-01-15 03:15:00-05:00,1.162925,1.163155,1.162785,1.163155,-1.0
2026-01-15 03:20:00-05:00,1.163155,1.163325,1.163125,1.163295,-1.0
2026-01-15 03:25:00-05:00,1.163295,1.16349,1.16323,1.1634,-1.0
2026-01-15 03:30:00-05:00,1.1634,1.16345,1.1631,1.16332,-1.0
2026-01-15 03:35:00-05:00,1.16332,1.16354,1.16321,1.163535,-1.0
2026-01-15 03:40:00-05:00,1.163535,1.163545,1.16312,1.16315,-1.0
2026-01-15 03:45:00-05:00,1.16315,1.163365,1.16315,1.163335,-1.0
2026-01-15 03:50:00-05:00,1.163335,1.163355,1.162955,1.163245,-1.0
2026-01-15 03:55:00-05:00,1.163245,1.163275,1.16307,1.16308,-1.0
2026-01-15 04:00:00-05:00,1.16308,1.163345,1.163055,1.163295,-1.0
2026-01-15 04:05:00-05:00,1.163295,1.163435,1.16323,1.1634,-1.0
2026-01-15 04:10:00-05:00,1.1634,1.163495,1.16316,1.163185,-1.0
2026-01-15 04:15:00-05:00,1.163185,1.163455,1.16317,1.163245,-1.0
2026-01-15 04:20:00-05:00,1.163245,1.16339,1.16315,1.163365,-1.0
2026-01-15 04:25:00-05:00,1.163365,1.163485,1.163115,1.163195,-1.0
2026-01-15 04:30:00-05:00,1.163195,1.163355,1.163035,1.163355,-1.0
2026-01-15 04:35:00-05:00,1.163355,1.16361,1.16331,1.16346,-1.0
2026-01-15 04:40:00-05:00,1.16346,1.163705,1.16341,1.16366,-1.0
2026-01-15 04:45:00-05:00,1.16366,1.163865,1.163545,1.16384,-1.0
2026-01-15 04:50:00-05:00,1.16384,1.16399,1.16384,1.16391,-1.0
2026-01-15 04:55:00-05:00,1.16391,1.163945,1.16346,1.16358,-1.0
2026-01-15 05:00:00-05:00,1.16358,1.163725,1.16344,1.16349,-1.0
2026-01-15 05:05:00-05:00,1.16349,1.16365,1.16329,1.163435,-1.0
2026-01-15 05:10:00-05:00,1.163435,1.163715,1.163435,1.163655,-1.0
2026-01-15 05:15:00-05:00,1.163655,1.163775,1.163565,1.16373,-1.0
2026-01-15 05:20:00-05:00,1.16373,1.16393,1.163675,1.163895,-1.0
2026-01-15 05:25:00-05:00,1.163895,1.16391,1.163705,1.163875,-1.0
2026-01-15 05:30:00-05:00,1.163875,1.164055,1.16377,1.164035,-1.0
2026-01-15 05:35:00-05:00,1.164035,1.164105,1.163705,1.163815,-1.0
2026-01-15 05:40:00-05:00,1.163815,1.163965,1.16376,1.163895,-1.0
2026-01-15 05:45:00-05:00,1.163895,1.1639,1.16364,1.163665,-1.0
2026-01-15 05:50:00-05:00,1.163665,1.163685,1.163415,1.163665,-1.0
2026-01-15 05:55:00-05:00,1.163665,1.163715,1.163505,1.163575,-1.0
2026-01-15 06:00:00-05:00,1.163575,1.163725,1.163505,1.163555,-1.0
2026-01-15 06:05:00-05:00,1.163555,1.163665,1.1635,1.16356,-1.0
2026-01-15 06:10:00-05:00,1.16356,1.163795,1.163475,1.16376,-1.0
2026-01-15 06:15:00-05:00,1.16376,1.16376,1.16333,1.163345,-1.0
2026-01-15 06:20:00-05:00,1.163345,1.16341,1.163285,1.1634,-1.0
2026-01-15 06:25:00-05:00,1.1634,1.163445,1.163295,1.163385,-1.0
2026-01-15 06:30:00-05:00,1.163385,1.163545,1.163375,1.16353,-1.0
2026-01-15 06:35:00-05:00,1.16353,1.16365,1.16341,1.163535,-1.0
2026-01-15 06:40:00-05:00,1.163535,1.163535,1.16325,1.163345,-1.0
2026-01-15 06:45:00-05:00,1.163345,1.163385,1.163115,1.16312,-1.0
2026-01-15 06:50:00-05:00,1.16312,1.163295,1.16306,1.163215,-1.0
2026-01-15 06:55:00-05:00,1.163215,1.163225,1.163025,1.163095,-1.0
2026-01-15 07:00:00-05:00,1.163095,1.163225,1.163055,1.163185,-1.0
2026-01-15 07:05:00-05:00,1.163185,1.16348,1.163185,1.16336,-1.0
2026-01-15 07:10:00-05:00,1.16336,1.163365,1.16314,1.163315,-1.0
2026-01-15 07:15:00-05:00,1.163315,1.16341,1.163305,1.163345,-1.0
2026-01-15 07:20:00-05:00,1.163345,1.163365,1.1632,1.163225,-1.0
2026-01-15 07:25:00-05:00,1.163225,1.16349,1.163195,1.163405,-1.0
2026-01-15 07:30:00-05:00,1.163405,1.163505,1.163365,1.16344,-1.0
2026-01-15 07:35:00-05:00,1.16344,1.16349,1.16324,1.163285,-1.0
2026-01-15 07:40:00-05:00,1.163285,1.16332,1.16317,1.163205,-1.0
2026-01-15 07:45:00-05:00,1.163205,1.163225,1.162765,1.162785,-1.0
2026-01-15 07:50:00-05:00,1.162785,1.162985,1.162745,1.16276,-1.0
2026-01-15 07:55:00-05:00,1.16276,1.16276,1.162035,1.16227,-1.0
2026-01-15 08:00:00-05:00,1.16227,1.162305,1.161815,1.162185,-1.0
2026-01-15 08:05:00-05:00,1.162185,1.16242,1.162115,1.1624,-1.0
2026-01-15 08:10:00-05:00,1.1624,1.16252,1.162265,1.16232,-1.0
2026-01-15 08:15:00-05:00,1.16232,1.16238,1.162055,1.162175,-1.0
2026-01-15 08:20:00-05:00,1.162175,1.16227,1.161765,1.161895,-1.0
2026-01-15 08:25:00-05:00,1.161895,1.162005,1.16183,1.16196,-1.0
2026-01-15 08:30:00-05:00,1.16196,1.16196,1.160685,1.161315,-1.0
2026-01-15 08:35:00-05:00,1.161315,1.161375,1.160565,1.160575,-1.0
2026-01-15 08:40:00-05:00,1.160575,1.160775,1.160315,1.160635,-1.0
2026-01-15 08:45:00-05:00,1.160635,1.16084,1.160485,1.160495,-1.0
2026-01-15 08:50:00-05:00,1.160495,1.1605,1.15999,1.16015,-1.0
2026-01-15 08:55:00-05:00,1.16015,1.160155,1.15989,1.16015,-1.0
2026-01-15 09:00:00-05:00,1.16015,1.16015,1.15971,1.15971,-1.0
2026-01-15 09:05:00-05:00,1.15971,1.160505,1.15968,1.160475,-1.0
2026-01-15 09:10:00-05:00,1.160475,1.16081,1.160475,1.160745,-1.0
2026-01-15 09:15:00-05:00,1.160745,1.160975,1.160505,1.160915,-1.0
2026-01-15 09:20:00-05:00,1.160915,1.16109,1.16072,1.160725,-1.0
2026-01-15 09:25:00-05:00,1.160725,1.160875,1.16057,1.160665,-1.0
2026-01-15 09:30:00-05:00,1.160665,1.160855,1.16022,1.16051,-1.0
2026-01-15 09:35:00-05:00,1.16051,1.1606,1.160055,1.160085,-1.0
2026-01-15 09:40:00-05:00,1.160085,1.16014,1.159315,1.159545,-1.0
2026-01-15 09:45:00-05:00,1.159545,1.160065,1.15941,1.15986,-1.0
2026-01-15 09:50:00-05:00,1.15986,1.160085,1.15972,1.160065,-1.0
2026-01-15 09:55:00-05:00,1.160065,1.16024,1.159945,1.16011,-1.0
2026-01-15 10:00:00-05:00,1.16011,1.16036,1.15998,1.160225,-1.0
2026-01-15 10:05:00-05:00,1.160225,1.160735,1.160155,1.160515,-1.0
2026-01-15 10:10:00-05:00,1.160515,1.16059,1.160155,1.160225,-1.0
2026-01-15 10:15:00-05:00,1.160225,1.16039,1.160055,1.160315,-1.0
2026-01-15 10:20:00-05:00,1.160315,1.1604,1.15992,1.159965,-1.0
2026-01-15 10:25:00-05:00,1.159965,1.160155,1.159715,1.16007,-1.0
2026-01-15 10:30:00-05:00,1.16007,1.160155,1.159805,1.160025,-1.0
2026-01-15 10:35:00-05:00,1.160025,1.160295,1.160025,1.160175,-1.0
2026-01-15 10:40:00-05:00,1.160175,1.160555,1.160035,1.160505,-1.0
2026-01-15 10:45:00-05:00,1.160505,1.16095,1.160505,1.160825,-1.0
2026-01-15 10:50:00-05:00,1.160825,1.160915,1.16044,1.160455,-1.0
2026-01-15 10:55:00-05:00,1.160455,1.160625,1.16008,1.16024,-1.0
2026-01-15 11:00:00-05:00,1.16024,1.16038,1.15991,1.15994,-1.0
2026-01-15 11:05:00-05:00,1.15994,1.160355,1.159825,1.160225,-1.0
2026-01-15 11:10:00-05:00,1.160225,1.160555,1.16021,1.160545,-1.0
2026-01-15 11:15:00-05:00,1.160545,1.160735,1.16051,1.160615,-1.0
2026-01-15 11:20:00-05:00,1.160615,1.16093,1.16051,1.16092,-1.0
2026-01-15 11:25:00-05:00,1.16092,1.161105,1.16084,1.160895,-1.0
2026-01-15 11:30:00-05:00,1.160895,1.160925,1.16068,1.16086,-1.0
2026-01-15 11:35:00-05:00,1.16086,1.161095,1.16078,1.161035,-1.0
2026-01-15 11:40:00-05:00,1.161035,1.161115,1.160805,1.16082,-1.0
2026-01-15 11:45:00-05:00,1.16082,1.16102,1.160725,1.160785,-1.0
2026-01-15 11:50:00-05:00,1.160785,1.160795,1.160535,1.160575,-1.0
2026-01-15 11:55:00-05:00,1.160575,1.160645,1.160465,1.16047,-1.0
2026-01-15 12:00:00-05:00,1.16047,1.16067,1.160365,1.160615,-1.0
2026-01-15 12:05:00-05:00,1.160615,1.160735,1.16041,1.160555,-1.0
2026-01-15 12:10:00-05:00,1.160555,1.160985,1.160495,1.16091,-1.0
2026-01-15 12:15:00-05:00,1.16091,1.160975,1.160715,1.160735,-1.0
2026-01-15 12:20:00-05:00,1.160735,1.161035,1.160655,1.16101,-1.0
2026-01-15 12:25:00-05:00,1.16101,1.16128,1.160975,1.161265,-1.0
2026-01-15 12:30:00-05:00,1.161265,1.161315,1.161175,1.161295,-1.0
2026-01-15 12:35:00-05:00,1.161295,1.16138,1.161095,1.161175,-1.0
2026-01-15 12:40:00-05:00,1.161175,1.16118,1.16077,1.16077,-1.0
2026-01-15 12:45:00-05:00,1.16077,1.161125,1.16077,1.161015,-1.0
2026-01-15 12:50:00-05:00,1.161015,1.161025,1.16079,1.160795,-1.0
2026-01-15 12:55:00-05:00,1.160795,1.160905,1.160665,1.160895,-1.0
2026-01-15 13:00:00-05:00,1.160895,1.161455,1.160895,1.161435,-1.0
2026-01-15 13:05:00-05:00,1.161435,1.161505,1.161375,1.16139,-1.0
2026-01-15 13:10:00-05:00,1.16139,1.161415,1.16121,1.16128,-1.0
2026-01-15 13:15:00-05:00,1.16128,1.161325,1.16113,1.1613,-1.0
2026-01-15 13:20:00-05:00,1.1613,1.161315,1.160995,1.161015,-1.0
2026-01-15 13:25:00-05:00,1.161015,1.161205,1.161015,1.161185,-1.0
2026-01-15 13:30:00-05:00,1.161185,1.16137,1.161095,1.161355,-1.0
2026-01-15 13:35:00-05:00,1.161355,1.161435,1.16131,1.16134,-1.0
2026-01-15 13:40:00-05:00,1.16134,1.161475,1.161265,1.16145,-1.0
2026-01-15 13:45:00-05:00,1.16145,1.161515,1.16134,1.16142,-1.0
2026-01-15 13:50:00-05:00,1.16142,1.161495,1.16131,1.16137,-1.0
2026-01-15 13:55:00-05:00,1.16137,1.16152,1.16131,1.16148,-1.0
2026-01-15 14:00:00-05:00,1.16148,1.161505,1.161355,1.161385,-1.0
2026-01-15 14:05:00-05:00,1.161385,1.16144,1.161125,1.161395,-1.0
2026-01-15 14:10:00-05:00,1.161395,1.161525,1.161385,1.16143,-1.0
2026-01-15 14:15:00-05:00,1.16143,1.16174,1.16143,1.161715,-1.0
2026-01-15 14:20:00-05:00,1.161715,1.161745,1.161595,1.16167,-1.0
2026-01-15 14:25:00-05:00,1.16167,1.161735,1.161645,1.161645,-1.0
2026-01-15 14:30:00-05:00,1.161645,1.161705,1.161415,1.161465,-1.0
2026-01-15 14:35:00-05:00,1.161465,1.161475,1.161335,1.16136,-1.0
2026-01-15 14:40:00-05:00,1.16136,1.161505,1.161355,1.16143,-1.0
2026-01-15 14:45:00-05:00,1.16143,1.16147,1.161275,1.161345,-1.0
2026-01-15 14:50:00-05:00,1.161345,1.161475,1.161265,1.161315,-1.0
2026-01-15 14:55:00-05:00,1.161315,1.16138,1.161225,1.16138,-1.0
2026-01-15 15:00:00-05:00,1.16138,1.16148,1.161255,1.161425,-1.0
2026-01-15 15:05:00-05:00,1.161425,1.16156,1.161385,1.16151,-1.0
2026-01-15 15:10:00-05:00,1.16151,1.16151,1.161335,1.16134,-1.0
2026-01-15 15:15:00-05:00,1.16134,1.16138,1.161155,1.16116,-1.0
2026-01-15 15:20:00-05:00,1.16116,1.161225,1.160915,1.160915,-1.0
2026-01-15 15:25:00-05:00,1.160915,1.160915,1.160585,1.160705,-1.0
2026-01-15 15:30:00-05:00,1.160705,1.160735,1.160285,1.16048,-1.0
2026-01-15 15:35:00-05:00,1.16048,1.1605,1.160295,1.16048,-1.0
2026-01-15 15:40:00-05:00,1.16048,1.160525,1.16034,1.160405,-1.0
2026-01-15 15:45:00-05:00,1.160405,1.16056,1.160395,1.16048,-1.0
2026-01-15 15:50:00-05:00,1.16048,1.16065,1.16048,1.160535,-1.0
2026-01-15 15:55:00-05:00,1.160535,1.160605,1.160395,1.160435,-1.0
2026-01-15 16:00:00-05:00,1.160435,1.16051,1.160335,1.160465,-1.0
2026-01-15 16:05:00-05:00,1.160465,1.16051,1.160415,1.160505,-1.0
2026-01-15 16:10:00-05:00,1.160505,1.160555,1.160425,1.160505,-1.0
2026-01-15 16:15:00-05:00,1.160505,1.160625,1.160465,1.160615,-1.0
2026-01-15 16:20:00-05:00,1.160615,1.160735,1.1606,1.160715,-1.0
2026-01-15 16:25:00-05:00,1.160715,1.16088,1.160695,1.16079,-1.0
2026-01-15 16:30:00-05:00,1.16079,1.16103,1.160735,1.16094,-1.0
2026-01-15 16:35:00-05:00,1.16094,1.16094,1.16078,1.160785,-1.0
2026-01-15 16:40:00-05:00,1.160785,1.16084,1.16068,1.16082,-1.0
2026-01-15 16:45:00-05:00,1.16082,1.161015,1.16077,1.16097,-1.0
2026-01-15 16:50:00-05:00,1.16097,1.16106,1.160915,1.16092,-1.0
2026-01-15 16:55:00-05:00,1.16092,1.161115,1.16084,1.160845,-1.0
2026-01-15 17:15:00-05:00,1.1609,1.1609,1.160845,1.160895,-1.0
2026-01-15 17:20:00-05:00,1.160895,1.1609,1.160885,1.160885,-1.0
2026-01-15 17:25:00-05:00,1.160885,1.160965,1.16088,1.160895,-1.0
2026-01-15 17:30:00-05:00,1.160895,1.160915,1.160775,1.16079,-1.0
2026-01-15 17:35:00-05:00,1.16079,1.16086,1.160785,1.1608,-1.0
2026-01-15 17:40:00-05:00,1.1608,1.16081,1.16078,1.160805,-1.0
2026-01-15 17:45:00-05:00,1.160805,1.160865,1.16078,1.16085,-1.0
2026-01-15 17:50:00-05:00,1.16085,1.160855,1.160805,1.160825,-1.0
2026-01-15 17:55:00-05:00,1.160825,1.160825,1.16072,1.16072,-1.0
2026-01-15 18:00:00-05:00,1.16072,1.160975,1.16072,1.160885,-1.0
2026-01-15 18:05:00-05:00,1.160885,1.160905,1.160825,1.160855,-1.0
2026-01-15 18:10:00-05:00,1.160855,1.16093,1.16083,1.160855,-1.0
2026-01-15 18:15:00-05:00,1.160855,1.16091,1.160855,1.16086,-1.0
2026-01-15 18:20:00-05:00,1.16086,1.16086,1.160795,1.160845,-1.0
2026-01-15 18:25:00-05:00,1.160845,1.1609,1.160825,1.160875,-1.0
2026-01-15 18:30:00-05:00,1.160875,1.160875,1.16078,1.16082,-1.0
2026-01-15 18:35:00-05:00,1.16082,1.16088,1.160805,1.16084,-1.0
2026-01-15 18:40:00-05:00,1.16084,1.160875,1.160735,1.160875,-1.0
2026-01-15 18:45:00-05:00,1.160875,1.16103,1.16084,1.16084,-1.0
2026-01-15 18:50:00-05:00,1.16084,1.16086,1.160765,1.16084,-1.0
2026-01-15 18:55:00-05:00,1.16084,1.16092,1.16079,1.16091,-1.0
2026-01-15 19:00:00-05:00,1.16091,1.160955,1.160765,1.160765,-1.0
2026-01-15 19:05:00-05:00,1.160765,1.16085,1.16068,1.160765,-1.0
2026-01-15 19:10:00-05:00,1.160765,1.160865,1.16072,1.16086,-1.0
2026-01-15 19:15:00-05:00,1.16086,1.160865,1.160665,1.160745,-1.0
2026-01-15 19:20:00-05:00,1.160745,1.160765,1.16068,1.16073,-1.0
2026-01-15 19:25:00-05:00,1.16073,1.160765,1.16068,1.160715,-1.0
2026-01-15 19:30:00-05:00,1.160715,1.160725,1.160655,1.160665,-1.0
2026-01-15 19:35:00-05:00,1.160665,1.160685,1.16057,1.16064,-1.0
2026-01-15 19:40:00-05:00,1.16064,1.16068,1.160565,1.160575,-1.0
2026-01-15 19:45:00-05:00,1.160575,1.16058,1.160275,1.16031,-1.0
2026-01-15 19:50:00-05:00,1.16031,1.16059,1.1603,1.16037,-1.0
2026-01-15 19:55:00-05:00,1.16037,1.160565,1.160295,1.16038,-1.0
2026-01-15 20:00:00-05:00,1.16038,1.16041,1.16024,1.16029,-1.0
2026-01-15 20:05:00-05:00,1.16029,1.16055,1.16026,1.160465,-1.0
2026-01-15 20:10:00-05:00,1.160465,1.16062,1.160465,1.160605,-1.0
2026-01-15 20:15:00-05:00,1.160605,1.160635,1.160425,1.16047,-1.0
2026-01-15 20:20:00-05:00,1.16047,1.160565,1.16042,1.160565,-1.0
2026-01-15 20:25:00-05:00,1.160565,1.160625,1.160535,1.160575,-1.0
2026-01-15 20:30:00-05:00,1.160575,1.16069,1.16051,1.160565,-1.0
2026-01-15 20:35:00-05:00,1.160565,1.16067,1.160545,1.160655,-1.0
2026-01-15 20:40:00-05:00,1.160655,1.16072,1.1606,1.160685,-1.0
2026-01-15 20:45:00-05:00,1.160685,1.16085,1.16061,1.160845,-1.0
2026-01-15 20:50:00-05:00,1.160845,1.160875,1.160745,1.160795,-1.0
2026-01-15 20:55:00-05:00,1.160795,1.1608,1.1606,1.16069,-1.0
2026-01-15 21:00:00-05:00,1.16069,1.160835,1.160655,1.16079,-1.0
2026-01-15 21:05:00-05:00,1.16079,1.160895,1.160715,1.16081,-1.0
2026-01-15 21:10:00-05:00,1.16081,1.16081,1.160665,1.16072,-1.0
2026-01-15 21:15:00-05:00,1.16072,1.160945,1.16062,1.16087,-1.0
2026-01-15 21:20:00-05:00,1.16087,1.16099,1.160845,1.160925,-1.0
2026-01-15 21:25:00-05:00,1.160925,1.160985,1.16079,1.160935,-1.0
2026-01-15 21:30:00-05:00,1.160935,1.16104,1.160895,1.16103,-1.0
2026-01-15 21:35:00-05:00,1.16103,1.161295,1.161025,1.161245,-1.0
2026-01-15 21:40:00-05:00,1.161245,1.161415,1.16119,1.161415,-1.0
2026-01-15 21:45:00-05:00,1.161415,1.161415,1.161205,1.161215,-1.0
2026-01-15 21:50:00-05:00,1.161215,1.16128,1.161035,1.161035,-1.0
2026-01-15 21:55:00-05:00,1.161035,1.16107,1.160855,1.160965,-1.0
2026-01-15 22:00:00-05:00,1.160965,1.16102,1.16087,1.160965,-1.0
2026-01-15 22:05:00-05:00,1.160965,1.16104,1.16093,1.16101,-1.0
2026-01-15 22:10:00-05:00,1.16101,1.161085,1.160945,1.160975,-1.0
2026-01-15 22:15:00-05:00,1.160975,1.160975,1.16077,1.160785,-1.0
2026-01-15 22:20:00-05:00,1.160785,1.16082,1.16069,1.160765,-1.0
2026-01-15 22:25:00-05:00,1.160765,1.16091,1.16073,1.160885,-1.0
2026-01-15 22:30:00-05:00,1.160885,1.16093,1.160835,1.160875,-1.0
2026-01-15 22:35:00-05:00,1.160875,1.160975,1.160865,1.160975,-1.0
2026-01-15 22:40:00-05:00,1.160975,1.16113,1.160945,1.161105,-1.0
2026-01-15 22:45:00-05:00,1.161105,1.16116,1.160985,1.161115,-1.0
2026-01-15 22:50:00-05:00,1.161115,1.16124,1.161115,1.16117,-1.0
2026-01-15 22:55:00-05:00,1.16117,1.16126,1.16116,1.161215,-1.0
2026-01-15 23:00:00-05:00,1.161215,1.16128,1.161195,1.161225,-1.0
2026-01-15 23:05:00-05:00,1.161225,1.161225,1.161105,1.161115,-1.0
2026-01-15 23:10:00-05:00,1.161115,1.16114,1.161025,1.16113,-1.0
2026-01-15 23:15:00-05:00,1.16113,1.161235,1.161125,1.161185,-1.0
2026-01-15 23:20:00-05:00,1.161185,1.161185,1.16112,1.161135,-1.0
2026-01-15 23:25:00-05:00,1.161135,1.16129,1.16112,1.16128,-1.0
2026-01-15 23:30:00-05:00,1.16128,1.161325,1.16123,1.161315,-1.0
2026-01-15 23:35:00-05:00,1.161315,1.16138,1.16128,1.1613,-1.0
2026-01-15 23:40:00-05:00,1.1613,1.1613,1.161185,1.161245,-1.0
2026-01-15 23:45:00-05:00,1.161245,1.16128,1.16121,1.16123,-1.0
2026-01-15 23:50:00-05:00,1.16123,1.16124,1.16113,1.16117,-1.0
2026-01-15 23:55:00-05:00,1.16117,1.161185,1.16109,1.161095,-1.0
2026-01-16 00:00:00-05:00,1.161095,1.161125,1.161045,1.161075,-1.0
2026-01-16 00:05:00-05:00,1.161075,1.161095,1.16106,1.16109,-1.0
2026-01-16 00:10:00-05:00,1.16109,1.161095,1.16075,1.160765,-1.0
2026-01-16 00:15:00-05:00,1.160765,1.16086,1.160745,1.16085,-1.0
2026-01-16 00:20:00-05:00,1.16085,1.16102,1.160805,1.16097,-1.0
2026-01-16 00:25:00-05:00,1.16097,1.161035,1.16095,1.160975,-1.0
2026-01-16 00:30:00-05:00,1.160975,1.16107,1.16094,1.161015,-1.0
2026-01-16 00:35:00-05:00,1.161015,1.161095,1.16099,1.16103,-1.0
2026-01-16 00:40:00-05:00,1.16103,1.161045,1.1609,1.160935,-1.0
2026-01-16 00:45:00-05:00,1.160935,1.16094,1.160845,1.16086,-1.0
2026-01-16 00:50:00-05:00,1.16086,1.16086,1.16069,1.160765,-1.0
2026-01-16 00:55:00-05:00,1.160765,1.160765,1.1606,1.16068,-1.0
2026-01-16 01:00:00-05:00,1.16068,1.16082,1.160645,1.16079,-1.0
2026-01-16 01:05:00-05:00,1.16079,1.16086,1.160765,1.16077,-1.0
2026-01-16 01:10:00-05:00,1.16077,1.160885,1.160755,1.160865,-1.0
2026-01-16 01:15:00-05:00,1.160865,1.16094,1.160785,1.160785,-1.0
2026-01-16 01:20:00-05:00,1.160785,1.16089,1.160775,1.16078,-1.0
2026-01-16 01:25:00-05:00,1.16078,1.160855,1.160635,1.160835,-1.0
2026-01-16 01:30:00-05:00,1.160835,1.16084,1.160595,1.160595,-1.0
2026-01-16 01:35:00-05:00,1.160595,1.160675,1.16056,1.16057,-1.0
2026-01-16 01:40:00-05:00,1.16057,1.160635,1.160495,1.16051,-1.0
2026-01-16 01:45:00-05:00,1.16051,1.160555,1.16045,1.16047,-1.0
2026-01-16 01:50:00-05:00,1.16047,1.16066,1.16043,1.160655,-1.0
2026-01-16 01:55:00-05:00,1.160655,1.16098,1.16062,1.16095,-1.0
2026-01-16 02:00:00-05:00,1.16095,1.161235,1.160805,1.160895,-1.0
2026-01-16 02:05:00-05:00,1.160895,1.16112,1.160885,1.160995,-1.0
2026-01-16 02:10:00-05:00,1.160995,1.161435,1.16096,1.16138,-1.0
2026-01-16 02:15:00-05:00,1.16138,1.161415,1.161125,1.16113,-1.0
2026-01-16 02:20:00-05:00,1.16113,1.161175,1.160895,1.161135,-1.0
2026-01-16 02:25:00-05:00,1.161135,1.16125,1.161025,1.161245,-1.0
2026-01-16 02:30:00-05:00,1.161245,1.16125,1.16094,1.16094,-1.0
2026-01-16 02:35:00-05:00,1.16094,1.16129,1.160905,1.160975,-1.0
2026-01-16 02:40:00-05:00,1.160975,1.161345,1.16094,1.161315,-1.0
2026-01-16 02:45:00-05:00,1.161315,1.161475,1.16107,1.16121,-1.0
2026-01-16 02:50:00-05:00,1.16121,1.161475,1.16119,1.161365,-1.0
2026-01-16 02:55:00-05:00,1.161365,1.161415,1.161075,1.16121,-1.0
2026-01-16 03:00:00-05:00,1.16121,1.16143,1.16103,1.161165,-1.0
2026-01-16 03:05:00-05:00,1.161165,1.16125,1.16096,1.16117,-1.0
2026-01-16 03:10:00-05:00,1.16117,1.16125,1.16097,1.16107,-1.0
2026-01-16 03:15:00-05:00,1.16107,1.161475,1.161,1.161385,-1.0
2026-01-16 03:20:00-05:00,1.161385,1.161385,1.16085,1.16101,-1.0
2026-01-16 03:25:00-05:00,1.16101,1.161125,1.16092,1.160955,-1.0
2026-01-16 03:30:00-05:00,1.160955,1.16129,1.16094,1.161225,-1.0
2026-01-16 03:35:00-05:00,1.161225,1.161405,1.161145,1.16126,-1.0
2026-01-16 03:40:00-05:00,1.16126,1.161295,1.16105,1.16107,-1.0
2026-01-16 03:45:00-05:00,1.16107,1.16121,1.16104,1.161205,-1.0
2026-01-16 03:50:00-05:00,1.161205,1.16128,1.160995,1.161185,-1.0
2026-01-16 03:55:00-05:00,1.161185,1.161255,1.160925,1.160925,-1.0
2026-01-16 04:00:00-05:00,1.160925,1.161135,1.160815,1.161095,-1.0
2026-01-16 04:05:00-05:00,1.161095,1.161235,1.161075,1.16112,-1.0
2026-01-16 04:10:00-05:00,1.16112,1.16127,1.161085,1.16124,-1.0
2026-01-16 04:15:00-05:00,1.16124,1.16129,1.161095,1.161155,-1.0
2026-01-16 04:20:00-05:00,1.161155,1.16147,1.161145,1.161385,-1.0
2026-01-16 04:25:00-05:00,1.161385,1.161525,1.16126,1.161265,-1.0
2026-01-16 04:30:00-05:00,1.161265,1.161305,1.16117,1.161205,-1.0
2026-01-16 04:35:00-05:00,1.161205,1.161335,1.161125,1.161235,-1.0
2026-01-16 04:40:00-05:00,1.161235,1.16129,1.161115,1.161125,-1.0
2026-01-16 04:45:00-05:00,1.161125,1.1612,1.16103,1.161035,-1.0
2026-01-16 04:50:00-05:00,1.161035,1.161145,1.160945,1.161145,-1.0
2026-01-16 04:55:00-05:00,1.161145,1.161145,1.160835,1.16084,-1.0
2026-01-16 05:00:00-05:00,1.16084,1.161185,1.16084,1.16104,-1.0
2026-01-16 05:05:00-05:00,1.16104,1.16112,1.160915,1.160955,-1.0
2026-01-16 05:10:00-05:00,1.160955,1.16112,1.160815,1.161005,-1.0
2026-01-16 05:15:00-05:00,1.161005,1.1612,1.16095,1.161015,-1.0
2026-01-16 05:20:00-05:00,1.161015,1.161145,1.160865,1.161015,-1.0
2026-01-16 05:25:00-05:00,1.161015,1.16146,1.161015,1.16144,-1.0
2026-01-16 05:30:00-05:00,1.16144,1.161695,1.16122,1.161675,-1.0
2026-01-16 05:35:00-05:00,1.161675,1.16173,1.16154,1.161595,-1.0
2026-01-16 05:40:00-05:00,1.161595,1.161765,1.16156,1.161635,-1.0
2026-01-16 05:45:00-05:00,1.161635,1.161685,1.16148,1.16148,-1.0
2026-01-16 05:50:00-05:00,1.16148,1.161565,1.1614,1.161435,-1.0
2026-01-16 05:55:00-05:00,1.161435,1.16154,1.161285,1.161295,-1.0
2026-01-16 06:00:00-05:00,1.161295,1.161585,1.161285,1.16153,-1.0
2026-01-16 06:05:00-05:00,1.16153,1.16155,1.16138,1.16148,-1.0
2026-01-16 06:10:00-05:00,1.16148,1.16189,1.16148,1.161885,-1.0
2026-01-16 06:15:00-05:00,1.161885,1.16216,1.16188,1.16204,-1.0
2026-01-16 06:20:00-05:00,1.16204,1.162105,1.161975,1.162085,-1.0
2026-01-16 06:25:00-05:00,1.162085,1.16209,1.161885,1.16196,-1.0
2026-01-16 06:30:00-05:00,1.16196,1.162225,1.161815,1.16218,-1.0
2026-01-16 06:35:00-05:00,1.16218,1.162225,1.162025,1.162225,-1.0
2026-01-16 06:40:00-05:00,1.162225,1.162225,1.16192,1.162105,-1.0
2026-01-16 06:45:00-05:00,1.162105,1.16235,1.162085,1.16227,-1.0
2026-01-16 06:50:00-05:00,1.16227,1.162295,1.16201,1.162075,-1.0
2026-01-16 06:55:00-05:00,1.162075,1.16209,1.161915,1.16192,-1.0
2026-01-16 07:00:00-05:00,1.16192,1.16223,1.16192,1.162075,-1.0
2026-01-16 07:05:00-05:00,1.162075,1.162165,1.161995,1.16205,-1.0
2026-01-16 07:10:00-05:00,1.16205,1.162125,1.16191,1.162035,-1.0
2026-01-16 07:15:00-05:00,1.162035,1.162135,1.16192,1.16211,-1.0
2026-01-16 07:20:00-05:00,1.16211,1.162125,1.161835,1.161875,-1.0
2026-01-16 07:25:00-05:00,1.161875,1.161915,1.161655,1.161675,-1.0
2026-01-16 07:30:00-05:00,1.161675,1.161685,1.16154,1.161575,-1.0
2026-01-16 07:35:00-05:00,1.161575,1.16182,1.16156,1.161775,-1.0
2026-01-16 07:40:00-05:00,1.161775,1.161875,1.161735,1.161755,-1.0
2026-01-16 07:45:00-05:00,1.161755,1.16189,1.16167,1.161715,-1.0
2026-01-16 07:50:00-05:00,1.161715,1.16173,1.161365,1.16139,-1.0
2026-01-16 07:55:00-05:00,1.16139,1.16203,1.161365,1.161915,-1.0
2026-01-16 08:00:00-05:00,1.161915,1.16212,1.16182,1.16183,-1.0
2026-01-16 08:05:00-05:00,1.16183,1.16204,1.16166,1.161665,-1.0
2026-01-16 08:10:00-05:00,1.161665,1.161735,1.161415,1.16156,-1.0
2026-01-16 08:15:00-05:00,1.16156,1.161565,1.161165,1.161255,-1.0
2026-01-16 08:20:00-05:00,1.161255,1.161475,1.161195,1.16141,-1.0
2026-01-16 08:25:00-05:00,1.16141,1.161825,1.16139,1.161605,-1.0
2026-01-16 08:30:00-05:00,1.161605,1.161925,1.16156,1.161755,-1.0
2026-01-16 08:35:00-05:00,1.161755,1.161915,1.16167,1.16182,-1.0
2026-01-16 08:40:00-05:00,1.16182,1.16196,1.161655,1.161865,-1.0
2026-01-16 08:45:00-05:00,1.161865,1.161905,1.16169,1.161815,-1.0
2026-01-16 08:50:00-05:00,1.161815,1.16189,1.161655,1.161755,-1.0
2026-01-16 08:55:00-05:00,1.161755,1.161965,1.16173,1.161865,-1.0
2026-01-16 09:00:00-05:00,1.161865,1.161915,1.161415,1.161565,-1.0
2026-01-16 09:05:00-05:00,1.161565,1.161845,1.161545,1.161625,-1.0
2026-01-16 09:10:00-05:00,1.161625,1.16173,1.16152,1.161565,-1.0
2026-01-16 09:15:00-05:00,1.161565,1.161575,1.161255,1.161435,-1.0
2026-01-16 09:20:00-05:00,1.161435,1.16158,1.161265,1.1613,-1.0
2026-01-16 09:25:00-05:00,1.1613,1.1617,1.161275,1.161505,-1.0
2026-01-16 09:30:00-05:00,1.161505,1.161625,1.161395,1.161615,-1.0
2026-01-16 09:35:00-05:00,1.161615,1.16173,1.161385,1.161475,-1.0
2026-01-16 09:40:00-05:00,1.161475,1.16167,1.1614,1.161565,-1.0
2026-01-16 09:45:00-05:00,1.161565,1.1619,1.16148,1.161825,-1.0
2026-01-16 09:50:00-05:00,1.161825,1.16208,1.161825,1.16199,-1.0
2026-01-16 09:55:00-05:00,1.16199,1.162025,1.161645,1.161825,-1.0
2026-01-16 10:00:00-05:00,1.161825,1.162315,1.161825,1.16227,-1.0
2026-01-16 10:05:00-05:00,1.16227,1.162505,1.16226,1.162485,-1.0
2026-01-16 10:10:00-05:00,1.162485,1.162515,1.162235,1.162505,-1.0
2026-01-16 10:15:00-05:00,1.162505,1.162745,1.161615,1.161955,-1.0
2026-01-16 10:20:00-05:00,1.161955,1.162265,1.16044,1.160535,-1.0
2026-01-16 10:25:00-05:00,1.160535,1.160795,1.160205,1.160265,-1.0
2026-01-16 10:30:00-05:00,1.160265,1.1605,1.160015,1.16035,-1.0
2026-01-16 10:35:00-05:00,1.16035,1.160385,1.159185,1.159205,-1.0
2026-01-16 10:40:00-05:00,1.159205,1.159475,1.158445,1.158955,-1.0
2026-01-16 10:45:00-05:00,1.158955,1.159415,1.158895,1.159295,-1.0
2026-01-16 10:50:00-05:00,1.159295,1.15979,1.159015,1.15922,-1.0
2026-01-16 10:55:00-05:00,1.15922,1.159715,1.159045,1.159345,-1.0
2026-01-16 11:00:00-05:00,1.159345,1.160125,1.159345,1.15998,-1.0
2026-01-16 11:05:00-05:00,1.15998,1.16032,1.15947,1.16028,-1.0
2026-01-16 11:10:00-05:00,1.16028,1.160545,1.160245,1.16053,-1.0
2026-01-16 11:15:00-05:00,1.16053,1.160535,1.159665,1.159845,-1.0
2026-01-16 11:20:00-05:00,1.159845,1.160085,1.15963,1.159945,-1.0
2026-01-16 11:25:00-05:00,1.159945,1.16012,1.15981,1.159845,-1.0
2026-01-16 11:30:00-05:00,1.159845,1.159915,1.15961,1.15981,-1.0
2026-01-16 11:35:00-05:00,1.15981,1.159955,1.159705,1.15975,-1.0
2026-01-16 11:40:00-05:00,1.15975,1.16038,1.159745,1.16035,-1.0
2026-01-16 11:45:00-05:00,1.16035,1.16059,1.1601,1.16011,-1.0
2026-01-16 11:50:00-05:00,1.16011,1.160215,1.15995,1.159955,-1.0
2026-01-16 11:55:00-05:00,1.159955,1.159955,1.159675,1.159825,-1.0
2026-01-16 12:00:00-05:00,1.159825,1.159985,1.159685,1.159985,-1.0
2026-01-16 12:05:00-05:00,1.159985,1.160115,1.159725,1.160115,-1.0
2026-01-16 12:10:00-05:00,1.160115,1.16028,1.160105,1.160255,-1.0
2026-01-16 12:15:00-05:00,1.160255,1.16029,1.16008,1.160115,-1.0
2026-01-16 12:20:00-05:00,1.160115,1.160285,1.160105,1.16011,-1.0
2026-01-16 12:25:00-05:00,1.16011,1.160115,1.159805,1.159915,-1.0
2026-01-16 12:30:00-05:00,1.159915,1.16005,1.159695,1.16003,-1.0
2026-01-16 12:35:00-05:00,1.16003,1.160235,1.15991,1.159915,-1.0
2026-01-16 12:40:00-05:00,1.159915,1.159925,1.159615,1.159625,-1.0
2026-01-16 12:45:00-05:00,1.159625,1.159795,1.159625,1.159735,-1.0
2026-01-16 12:50:00-05:00,1.159735,1.15989,1.159505,1.15959,-1.0
2026-01-16 12:55:00-05:00,1.15959,1.15963,1.159495,1.159565,-1.0
2026-01-16 13:00:00-05:00,1.159565,1.159585,1.159285,1.159315,-1.0
2026-01-16 13:05:00-05:00,1.159315,1.159395,1.159045,1.159045,-1.0
2026-01-16 13:10:00-05:00,1.159045,1.159125,1.15894,1.159115,-1.0
2026-01-16 13:15:00-05:00,1.159115,1.15927,1.159045,1.15922,-1.0
2026-01-16 13:20:00-05:00,1.15922,1.159365,1.159055,1.15936,-1.0
2026-01-16 13:25:00-05:00,1.15936,1.15954,1.15936,1.15951,-1.0
2026-01-16 13:30:00-05:00,1.15951,1.159545,1.159435,1.159515,-1.0
2026-01-16 13:35:00-05:00,1.159515,1.15963,1.159365,1.15963,-1.0
2026-01-16 13:40:00-05:00,1.15963,1.159735,1.15961,1.159715,-1.0
2026-01-16 13:45:00-05:00,1.159715,1.159935,1.159705,1.15981,-1.0
2026-01-16 13:50:00-05:00,1.15981,1.159855,1.159655,1.159745,-1.0
2026-01-16 13:55:00-05:00,1.159745,1.15979,1.15956,1.15956,-1.0
2026-01-16 14:00:00-05:00,1.15956,1.15962,1.15935,1.159485,-1.0
2026-01-16 14:05:00-05:00,1.159485,1.159675,1.15941,1.159435,-1.0
2026-01-16 14:10:00-05:00,1.159435,1.159455,1.15921,1.15926,-1.0
2026-01-16 14:15:00-05:00,1.15926,1.159335,1.159155,1.15933,-1.0
2026-01-16 14:20:00-05:00,1.15933,1.159585,1.15933,1.159575,-1.0
2026-01-16 14:25:00-05:00,1.159575,1.159575,1.159435,1.159475,-1.0
2026-01-16 14:30:00-05:00,1.159475,1.159545,1.15937,1.159525,-1.0
2026-01-16 14:35:00-05:00,1.159525,1.159715,1.159465,1.15954,-1.0
2026-01-16 14:40:00-05:00,1.15954,1.159605,1.159465,1.15953,-1.0
2026-01-16 14:45:00-05:00,1.15953,1.159675,1.159525,1.159625,-1.0
2026-01-16 14:50:00-05:00,1.159625,1.159745,1.159625,1.15971,-1.0
2026-01-16 14:55:00-05:00,1.15971,1.159735,1.15955,1.15963,-1.0
2026-01-16 15:00:00-05:00,1.15963,1.15979,1.15963,1.159775,-1.0
2026-01-16 15:05:00-05:00,1.159775,1.15989,1.159725,1.159855,-1.0
2026-01-16 15:10:00-05:00,1.159855,1.15998,1.15983,1.159965,-1.0
2026-01-16 15:15:00-05:00,1.159965,1.159975,1.15984,1.159915,-1.0
2026-01-16 15:20:00-05:00,1.159915,1.16,1.1599,1.159965,-1.0
2026-01-16 15:25:00-05:00,1.159965,1.160025,1.15993,1.16002,-1.0
2026-01-16 15:30:00-05:00,1.16002,1.16003,1.159845,1.160015,-1.0
2026-01-16 15:35:00-05:00,1.160015,1.160035,1.15987,1.159975,-1.0
2026-01-16 15:40:00-05:00,1.159975,1.159975,1.15955,1.15981,-1.0
2026-01-16 15:45:00-05:00,1.15981,1.16007,1.15981,1.16007,-1.0
2026-01-16 15:50:00-05:00,1.16007,1.16023,1.160065,1.160225,-1.0
2026-01-16 15:55:00-05:00,1.160225,1.16024,1.15991,1.15994,-1.0
2026-01-16 16:00:00-05:00,1.15994,1.160155,1.159905,1.1601,-1.0
2026-01-16 16:05:00-05:00,1.1601,1.16019,1.16009,1.160155,-1.0
2026-01-16 16:10:00-05:00,1.160155,1.160235,1.160055,1.160065,-1.0
2026-01-16 16:15:00-05:00,1.160065,1.160205,1.160045,1.16016,-1.0
2026-01-16 16:20:00-05:00,1.16016,1.160215,1.1601,1.16013,-1.0
2026-01-16 16:25:00-05:00,1.16013,1.16015,1.160065,1.160135,-1.0
2026-01-16 16:30:00-05:00,1.160135,1.160165,1.160115,1.160125,-1.0
2026-01-16 16:35:00-05:00,1.160125,1.16013,1.159955,1.159955,-1.0
2026-01-16 16:40:00-05:00,1.159955,1.160015,1.159745,1.159835,-1.0
2026-01-16 16:45:00-05:00,1.159835,1.159895,1.1598,1.15981,-1.0
2026-01-16 16:50:00-05:00,1.15981,1.15991,1.15978,1.15987,-1.0
2026-01-16 16:55:00-05:00,1.15987,1.159895,1.15977,1.15977,-1.0
2026-01-18 17:15:00-05:00,1.15815,1.15815,1.157975,1.15804,-1.0
2026-01-18 17:20:00-05:00,1.15804,1.15806,1.15788,1.15801,-1.0
2026-01-18 17:25:00-05:00,1.15801,1.15801,1.15791,1.15793,-1.0
2026-01-18 17:30:00-05:00,1.15793,1.1584,1.15793,1.158255,-1.0
2026-01-18 17:35:00-05:00,1.158255,1.15849,1.158195,1.158435,-1.0
2026-01-18 17:40:00-05:00,1.158435,1.158705,1.158215,1.158245,-1.0
2026-01-18 17:45:00-05:00,1.158245,1.158345,1.158235,1.158325,-1.0
2026-01-18 17:50:00-05:00,1.158325,1.15857,1.15831,1.158525,-1.0
2026-01-18 17:55:00-05:00,1.158525,1.15867,1.158395,1.15849,-1.0
2026-01-18 18:00:00-05:00,1.15849,1.159485,1.157935,1.15938,-1.0
2026-01-18 18:05:00-05:00,1.15938,1.160945,1.15938,1.160165,-1.0
2026-01-18 18:10:00-05:00,1.160165,1.160285,1.15979,1.159845,-1.0
2026-01-18 18:15:00-05:00,1.159845,1.160805,1.159705,1.160725,-1.0
2026-01-18 18:20:00-05:00,1.160725,1.161115,1.160575,1.16094,-1.0
2026-01-18 18:25:00-05:00,1.16094,1.1613,1.16077,1.161225,-1.0
2026-01-18 18:30:00-05:00,1.161225,1.16203,1.161125,1.16199,-1.0
2026-01-18 18:35:00-05:00,1.16199,1.162095,1.161725,1.16199,-1.0
2026-01-18 18:40:00-05:00,1.16199,1.16272,1.161835,1.162605,-1.0
2026-01-18 18:45:00-05:00,1.162605,1.162675,1.162225,1.1624,-1.0
2026-01-18 18:50:00-05:00,1.1624,1.162405,1.16179,1.16221,-1.0
2026-01-18 18:55:00-05:00,1.16221,1.16248,1.16214,1.162445,-1.0
2026-01-18 19:00:00-05:00,1.162445,1.162445,1.16186,1.16196,-1.0
2026-01-18 19:05:00-05:00,1.16196,1.16202,1.16086,1.16111,-1.0
2026-01-18 19:10:00-05:00,1.16111,1.161365,1.16086,1.161165,-1.0
2026-01-18 19:15:00-05:00,1.161165,1.161575,1.160475,1.16111,-1.0
2026-01-18 19:20:00-05:00,1.16111,1.161965,1.160855,1.161905,-1.0
2026-01-18 19:25:00-05:00,1.161905,1.162535,1.16179,1.162315,-1.0
2026-01-18 19:30:00-05:00,1.162315,1.16349,1.16215,1.16348,-1.0
2026-01-18 19:35:00-05:00,1.16348,1.16354,1.16311,1.16334,-1.0
2026-01-18 19:40:00-05:00,1.16334,1.16379,1.163205,1.16362,-1.0
2026-01-18 19:45:00-05:00,1.16362,1.163715,1.163305,1.163355,-1.0
2026-01-18 19:50:00-05:00,1.163355,1.16345,1.16308,1.16315,-1.0
2026-01-18 19:55:00-05:00,1.16315,1.163455,1.16315,1.163205,-1.0
2026-01-18 20:00:00-05:00,1.163205,1.163465,1.16302,1.16314,-1.0
2026-01-18 20:05:00-05:00,1.16314,1.163205,1.162735,1.162755,-1.0
2026-01-18 20:10:00-05:00,1.162755,1.16296,1.1627,1.162705,-1.0
2026-01-18 20:15:00-05:00,1.162705,1.162985,1.16251,1.16281,-1.0
2026-01-18 20:20:00-05:00,1.16281,1.16302,1.16248,1.16249,-1.0
2026-01-18 20:25:00-05:00,1.16249,1.162535,1.162375,1.16249,-1.0
2026-01-18 20:30:00-05:00,1.16249,1.16261,1.16241,1.16256,-1.0
2026-01-18 20:35:00-05:00,1.16256,1.16281,1.162495,1.162645,-1.0
2026-01-18 20:40:00-05:00,1.162645,1.162685,1.16244,1.162575,-1.0
2026-01-18 20:45:00-05:00,1.162575,1.162715,1.16244,1.162565,-1.0
2026-01-18 20:50:00-05:00,1.162565,1.16286,1.162525,1.162855,-1.0
2026-01-18 20:55:00-05:00,1.162855,1.162955,1.162205,1.162265,-1.0
2026-01-18 21:00:00-05:00,1.162265,1.162365,1.16209,1.162165,-1.0
2026-01-18 21:05:00-05:00,1.162165,1.162265,1.162045,1.162175,-1.0
2026-01-18 21:10:00-05:00,1.162175,1.16239,1.162135,1.162255,-1.0
2026-01-18 21:15:00-05:00,1.162255,1.16228,1.16191,1.16194,-1.0
2026-01-18 21:20:00-05:00,1.16194,1.161955,1.16158,1.16174,-1.0
2026-01-18 21:25:00-05:00,1.16174,1.16209,1.1617,1.162055,-1.0
2026-01-18 21:30:00-05:00,1.162055,1.162195,1.161785,1.16195,-1.0
2026-01-18 21:35:00-05:00,1.16195,1.16211,1.161835,1.16209,-1.0
2026-01-18 21:40:00-05:00,1.16209,1.1621,1.161835,1.16185,-1.0
2026-01-18 21:45:00-05:00,1.16185,1.16193,1.16177,1.16179,-1.0
2026-01-18 21:50:00-05:00,1.16179,1.16186,1.16169,1.161745,-1.0
2026-01-18 21:55:00-05:00,1.161745,1.16182,1.161695,1.161765,-1.0
2026-01-18 22:00:00-05:00,1.161765,1.161955,1.161765,1.161895,-1.0
2026-01-18 22:05:00-05:00,1.161895,1.161925,1.16171,1.16174,-1.0
2026-01-18 22:10:00-05:00,1.16174,1.161755,1.161615,1.161695,-1.0
2026-01-18 22:15:00-05:00,1.161695,1.162065,1.161615,1.16204,-1.0
2026-01-18 22:20:00-05:00,1.16204,1.162175,1.162025,1.16209,-1.0
2026-01-18 22:25:00-05:00,1.16209,1.16231,1.16207,1.16218,-1.0
2026-01-18 22:30:00-05:00,1.16218,1.162375,1.162105,1.162155,-1.0
2026-01-18 22:35:00-05:00,1.162155,1.16237,1.161965,1.162265,-1.0
2026-01-18 22:40:00-05:00,1.162265,1.16232,1.162135,1.16214,-1.0
2026-01-18 22:45:00-05:00,1.16214,1.162385,1.162135,1.162355,-1.0
2026-01-18 22:50:00-05:00,1.162355,1.162615,1.162315,1.162615,-1.0
2026-01-18 22:55:00-05:00,1.162615,1.16263,1.162365,1.16246,-1.0
2026-01-18 23:00:00-05:00,1.16246,1.16273,1.16245,1.162625,-1.0
2026-01-18 23:05:00-05:00,1.162625,1.16272,1.16262,1.162695,-1.0
2026-01-18 23:10:00-05:00,1.162695,1.162755,1.162555,1.16259,-1.0
2026-01-18 23:15:00-05:00,1.16259,1.162985,1.162535,1.162925,-1.0
2026-01-18 23:20:00-05:00,1.162925,1.162995,1.16286,1.16299,-1.0
2026-01-18 23:25:00-05:00,1.16299,1.163025,1.16288,1.16296,-1.0
2026-01-18 23:30:00-05:00,1.16296,1.162965,1.16276,1.162915,-1.0
2026-01-18 23:35:00-05:00,1.162915,1.16298,1.162865,1.162915,-1.0
2026-01-18 23:40:00-05:00,1.162915,1.163025,1.1629,1.163015,-1.0
2026-01-18 23:45:00-05:00,1.163015,1.16334,1.16297,1.163305,-1.0
2026-01-18 23:50:00-05:00,1.163305,1.16337,1.16318,1.163275,-1.0
2026-01-18 23:55:00-05:00,1.163275,1.16334,1.163175,1.163315,-1.0
2026-01-19 00:00:00-05:00,1.163315,1.163415,1.16326,1.163345,-1.0
2026-01-19 00:05:00-05:00,1.163345,1.163455,1.163275,1.16345,-1.0
2026-01-19 00:10:00-05:00,1.16345,1.163525,1.163405,1.16348,-1.0
2026-01-19 00:15:00-05:00,1.16348,1.163515,1.1633,1.16344,-1.0
2026-01-19 00:20:00-05:00,1.16344,1.16362,1.16344,1.16357,-1.0
2026-01-19 00:25:00-05:00,1.16357,1.163755,1.163565,1.16366,-1.0
2026-01-19 00:30:00-05:00,1.16366,1.163665,1.16353,1.16355,-1.0
2026-01-19 00:35:00-05:00,1.16355,1.1637,1.16339,1.1634,-1.0
2026-01-19 00:40:00-05:00,1.1634,1.163405,1.163045,1.16316,-1.0
2026-01-19 00:45:00-05:00,1.16316,1.16321,1.16292,1.163005,-1.0
2026-01-19 00:50:00-05:00,1.163005,1.163015,1.16279,1.16279,-1.0
2026-01-19 00:55:00-05:00,1.16279,1.162815,1.162695,1.16276,-1.0
2026-01-19 01:00:00-05:00,1.16276,1.16294,1.16275,1.16276,-1.0
2026-01-19 01:05:00-05:00,1.16276,1.16296,1.162755,1.162955,-1.0
2026-01-19 01:10:00-05:00,1.162955,1.16307,1.16284,1.162895,-1.0
2026-01-19 01:15:00-05:00,1.162895,1.16296,1.162775,1.16287,-1.0
2026-01-19 01:20:00-05:00,1.16287,1.163165,1.16286,1.163145,-1.0
2026-01-19 01:25:00-05:00,1.163145,1.163255,1.163,1.16316,-1.0
2026-01-19 01:30:00-05:00,1.16316,1.16317,1.16275,1.16276,-1.0
2026-01-19 01:35:00-05:00,1.16276,1.162975,1.162745,1.162955,-1.0
2026-01-19 01:40:00-05:00,1.162955,1.162965,1.16258,1.16259,-1.0
2026-01-19 01:45:00-05:00,1.16259,1.162715,1.1625,1.16268,-1.0
2026-01-19 01:50:00-05:00,1.16268,1.16288,1.16267,1.16287,-1.0
2026-01-19 01:55:00-05:00,1.16287,1.163015,1.16278,1.162795,-1.0
2026-01-19 02:00:00-05:00,1.162795,1.16311,1.162765,1.16299,-1.0
2026-01-19 02:05:00-05:00,1.16299,1.163705,1.162955,1.163385,-1.0
2026-01-19 02:10:00-05:00,1.163385,1.164155,1.163255,1.16398,-1.0
2026-01-19 02:15:00-05:00,1.16398,1.16402,1.163445,1.163455,-1.0
2026-01-19 02:20:00-05:00,1.163455,1.16365,1.163295,1.163645,-1.0
2026-01-19 02:25:00-05:00,1.163645,1.16387,1.163495,1.16357,-1.0
2026-01-19 02:30:00-05:00,1.16357,1.16357,1.162985,1.163005,-1.0
2026-01-19 02:35:00-05:00,1.163005,1.163035,1.16244,1.162495,-1.0
2026-01-19 02:40:00-05:00,1.162495,1.16278,1.162365,1.16253,-1.0
2026-01-19 02:45:00-05:00,1.16253,1.162565,1.162305,1.16252,-1.0
2026-01-19 02:50:00-05:00,1.16252,1.162715,1.162505,1.162685,-1.0
2026-01-19 02:55:00-05:00,1.162685,1.162735,1.162505,1.16261,-1.0
2026-01-19 03:00:00-05:00,1.16261,1.162795,1.162585,1.16278,-1.0
2026-01-19 03:05:00-05:00,1.16278,1.16278,1.161985,1.162005,-1.0
2026-01-19 03:10:00-05:00,1.162005,1.16236,1.161965,1.162145,-1.0
2026-01-19 03:15:00-05:00,1.162145,1.162615,1.162125,1.162485,-1.0
2026-01-19 03:20:00-05:00,1.162485,1.162715,1.16221,1.16221,-1.0
2026-01-19 03:25:00-05:00,1.16221,1.162315,1.16194,1.161945,-1.0
2026-01-19 03:30:00-05:00,1.161945,1.16224,1.16185,1.16224,-1.0
2026-01-19 03:35:00-05:00,1.16224,1.162485,1.16218,1.16233,-1.0
2026-01-19 03:40:00-05:00,1.16233,1.16255,1.162255,1.162405,-1.0
2026-01-19 03:45:00-05:00,1.162405,1.162505,1.162195,1.162265,-1.0
2026-01-19 03:50:00-05:00,1.162265,1.162435,1.162175,1.162385,-1.0
2026-01-19 03:55:00-05:00,1.162385,1.162515,1.16232,1.162515,-1.0
2026-01-19 04:00:00-05:00,1.162515,1.16298,1.16249,1.162585,-1.0
2026-01-19 04:05:00-05:00,1.162585,1.16271,1.16216,1.162225,-1.0
2026-01-19 04:10:00-05:00,1.162225,1.16228,1.16174,1.16178,-1.0
2026-01-19 04:15:00-05:00,1.16178,1.161885,1.16156,1.16164,-1.0
2026-01-19 04:20:00-05:00,1.16164,1.161645,1.161145,1.161145,-1.0
2026-01-19 04:25:00-05:00,1.161145,1.161555,1.16112,1.161535,-1.0
2026-01-19 04:30:00-05:00,1.161535,1.161695,1.16139,1.161685,-1.0
2026-01-19 04:35:00-05:00,1.161685,1.162085,1.161685,1.162055,-1.0
2026-01-19 04:40:00-05:00,1.162055,1.16244,1.161955,1.16244,-1.0
2026-01-19 04:45:00-05:00,1.16244,1.162685,1.162305,1.162655,-1.0
2026-01-19 04:50:00-05:00,1.162655,1.162685,1.162295,1.16252,-1.0
2026-01-19 04:55:00-05:00,1.16252,1.162555,1.16229,1.162445,-1.0
2026-01-19 05:00:00-05:00,1.162445,1.16264,1.162325,1.162575,-1.0
2026-01-19 05:05:00-05:00,1.162575,1.162775,1.162475,1.162705,-1.0
2026-01-19 05:10:00-05:00,1.162705,1.16286,1.162695,1.162805,-1.0
2026-01-19 05:15:00-05:00,1.162805,1.162815,1.16249,1.162585,-1.0
2026-01-19 05:20:00-05:00,1.162585,1.162635,1.162415,1.162425,-1.0
2026-01-19 05:25:00-05:00,1.162425,1.16244,1.162315,1.162355,-1.0
2026-01-19 05:30:00-05:00,1.162355,1.162465,1.162245,1.162295,-1.0
2026-01-19 05:35:00-05:00,1.162295,1.16247,1.16222,1.162405,-1.0
2026-01-19 05:40:00-05:00,1.162405,1.162495,1.162295,1.162305,-1.0
2026-01-19 05:45:00-05:00,1.162305,1.16236,1.162215,1.162305,-1.0
2026-01-19 05:50:00-05:00,1.162305,1.16278,1.162285,1.16261,-1.0
2026-01-19 05:55:00-05:00,1.16261,1.1627,1.16235,1.162405,-1.0
2026-01-19 06:00:00-05:00,1.162405,1.162535,1.162135,1.16221,-1.0
2026-01-19 06:05:00-05:00,1.16221,1.162315,1.162185,1.16226,-1.0
2026-01-19 06:10:00-05:00,1.16226,1.16252,1.162255,1.162305,-1.0
2026-01-19 06:15:00-05:00,1.162305,1.162315,1.162055,1.162055,-1.0
2026-01-19 06:20:00-05:00,1.162055,1.162235,1.162015,1.162205,-1.0
2026-01-19 06:25:00-05:00,1.162205,1.16226,1.162095,1.162225,-1.0
2026-01-19 06:30:00-05:00,1.162225,1.16243,1.162105,1.16242,-1.0
2026-01-19 06:35:00-05:00,1.16242,1.162525,1.162235,1.16226,-1.0
2026-01-19 06:40:00-05:00,1.16226,1.162525,1.162235,1.162455,-1.0
2026-01-19 06:45:00-05:00,1.162455,1.162655,1.162455,1.162645,-1.0
2026-01-19 06:50:00-05:00,1.162645,1.162735,1.162505,1.162655,-1.0
2026-01-19 06:55:00-05:00,1.162655,1.1629,1.16264,1.162785,-1.0
2026-01-19 07:00:00-05:00,1.162785,1.16281,1.162635,1.16279,-1.0
2026-01-19 07:05:00-05:00,1.16279,1.162905,1.162665,1.1629,-1.0
2026-01-19 07:10:00-05:00,1.1629,1.16296,1.16278,1.16296,-1.0
2026-01-19 07:15:00-05:00,1.16296,1.163195,1.16288,1.16314,-1.0
2026-01-19 07:20:00-05:00,1.16314,1.163265,1.163055,1.163105,-1.0
2026-01-19 07:25:00-05:00,1.163105,1.16316,1.162985,1.162985,-1.0
2026-01-19 07:30:00-05:00,1.162985,1.16314,1.162915,1.16305,-1.0
2026-01-19 07:35:00-05:00,1.16305,1.16315,1.16297,1.163065,-1.0
2026-01-19 07:40:00-05:00,1.163065,1.16334,1.16306,1.163195,-1.0
2026-01-19 07:45:00-05:00,1.163195,1.163225,1.16293,1.16303,-1.0
2026-01-19 07:50:00-05:00,1.16303,1.163035,1.162605,1.16261,-1.0
2026-01-19 07:55:00-05:00,1.16261,1.162695,1.16251,1.16257,-1.0
2026-01-19 08:00:00-05:00,1.16257,1.16296,1.16257,1.16292,-1.0
2026-01-19 08:05:00-05:00,1.16292,1.163105,1.162915,1.16305,-1.0
2026-01-19 08:10:00-05:00,1.16305,1.163165,1.16299,1.163055,-1.0
2026-01-19 08:15:00-05:00,1.163055,1.16339,1.163,1.163355,-1.0
2026-01-19 08:20:00-05:00,1.163355,1.163435,1.16325,1.163355,-1.0
2026-01-19 08:25:00-05:00,1.163355,1.163355,1.163025,1.163225,-1.0
2026-01-19 08:30:00-05:00,1.163225,1.1635,1.1632,1.16349,-1.0
2026-01-19 08:35:00-05:00,1.16349,1.163535,1.163265,1.16338,-1.0
2026-01-19 08:40:00-05:00,1.16338,1.16351,1.163275,1.163345,-1.0
2026-01-19 08:45:00-05:00,1.163345,1.163515,1.163325,1.163445,-1.0
2026-01-19 08:50:00-05:00,1.163445,1.163545,1.16325,1.16354,-1.0
2026-01-19 08:55:00-05:00,1.16354,1.163555,1.163005,1.163175,-1.0
2026-01-19 09:00:00-05:00,1.163175,1.163315,1.163085,1.16323,-1.0
2026-01-19 09:05:00-05:00,1.16323,1.163445,1.16323,1.163335,-1.0
2026-01-19 09:10:00-05:00,1.163335,1.16336,1.163145,1.163145,-1.0
2026-01-19 09:15:00-05:00,1.163145,1.16323,1.163025,1.16315,-1.0
2026-01-19 09:20:00-05:00,1.16315,1.163335,1.16315,1.163325,-1.0
2026-01-19 09:25:00-05:00,1.163325,1.16356,1.16332,1.163535,-1.0
2026-01-19 09:30:00-05:00,1.163535,1.163755,1.163535,1.163665,-1.0
2026-01-19 09:35:00-05:00,1.163665,1.163665,1.16338,1.163405,-1.0
2026-01-19 09:40:00-05:00,1.163405,1.163715,1.163305,1.163655,-1.0
2026-01-19 09:45:00-05:00,1.163655,1.164195,1.163565,1.164185,-1.0
2026-01-19 09:50:00-05:00,1.164185,1.164265,1.16398,1.16402,-1.0
2026-01-19 09:55:00-05:00,1.16402,1.16424,1.16395,1.163985,-1.0
2026-01-19 10:00:00-05:00,1.163985,1.164355,1.163935,1.163945,-1.0
2026-01-19 10:05:00-05:00,1.163945,1.16419,1.16391,1.1641,-1.0
2026-01-19 10:10:00-05:00,1.1641,1.16414,1.16378,1.163785,-1.0
2026-01-19 10:15:00-05:00,1.163785,1.163945,1.16367,1.163905,-1.0
2026-01-19 10:20:00-05:00,1.163905,1.163985,1.16362,1.163635,-1.0
2026-01-19 10:25:00-05:00,1.163635,1.16367,1.163515,1.163585,-1.0
2026-01-19 10:30:00-05:00,1.163585,1.16369,1.163475,1.16354,-1.0
2026-01-19 10:35:00-05:00,1.16354,1.163635,1.163355,1.1634,-1.0
2026-01-19 10:40:00-05:00,1.1634,1.163485,1.16337,1.16341,-1.0
2026-01-19 10:45:00-05:00,1.16341,1.163525,1.163185,1.163525,-1.0
2026-01-19 10:50:00-05:00,1.163525,1.163885,1.163525,1.163755,-1.0
2026-01-19 10:55:00-05:00,1.163755,1.164165,1.163695,1.163995,-1.0
2026-01-19 11:00:00-05:00,1.163995,1.16402,1.163835,1.163975,-1.0
2026-01-19 11:05:00-05:00,1.163975,1.163975,1.163775,1.16391,-1.0
2026-01-19 11:10:00-05:00,1.16391,1.16439,1.16391,1.16437,-1.0
2026-01-19 11:15:00-05:00,1.16437,1.16437,1.164175,1.16434,-1.0
2026-01-19 11:20:00-05:00,1.16434,1.164385,1.16422,1.164345,-1.0
2026-01-19 11:25:00-05:00,1.164345,1.164605,1.16428,1.164585,-1.0
2026-01-19 11:30:00-05:00,1.164585,1.164735,1.164495,1.16459,-1.0
2026-01-19 11:35:00-05:00,1.16459,1.164665,1.164215,1.16422,-1.0
2026-01-19 11:40:00-05:00,1.16422,1.164445,1.16415,1.164395,-1.0
2026-01-19 11:45:00-05:00,1.164395,1.16448,1.16432,1.16448,-1.0
2026-01-19 11:50:00-05:00,1.16448,1.16466,1.16439,1.164435,-1.0
2026-01-19 11:55:00-05:00,1.164435,1.164465,1.16418,1.16419,-1.0
2026-01-19 12:00:00-05:00,1.16419,1.164255,1.16407,1.16413,-1.0
2026-01-19 12:05:00-05:00,1.16413,1.164335,1.16413,1.16419,-1.0
2026-01-19 12:10:00-05:00,1.16419,1.164335,1.164185,1.164275,-1.0
2026-01-19 12:15:00-05:00,1.164275,1.16429,1.16409,1.16414,-1.0
2026-01-19 12:20:00-05:00,1.16414,1.164205,1.163975,1.164085,-1.0
2026-01-19 12:25:00-05:00,1.164085,1.164185,1.16407,1.1641,-1.0
2026-01-19 12:30:00-05:00,1.1641,1.164185,1.164095,1.164185,-1.0
2026-01-19 12:35:00-05:00,1.164185,1.164345,1.16417,1.164325,-1.0
2026-01-19 12:40:00-05:00,1.164325,1.16454,1.16432,1.16454,-1.0
2026-01-19 12:45:00-05:00,1.16454,1.164665,1.164495,1.164495,-1.0
2026-01-19 12:50:00-05:00,1.164495,1.164495,1.164305,1.164335,-1.0
2026-01-19 12:55:00-05:00,1.164335,1.16466,1.164335,1.164595,-1.0
2026-01-19 13:00:00-05:00,1.164595,1.164795,1.164575,1.16473,-1.0
2026-01-19 13:05:00-05:00,1.16473,1.16477,1.16469,1.164755,-1.0
2026-01-19 13:10:00-05:00,1.164755,1.164855,1.16473,1.164825,-1.0
2026-01-19 13:15:00-05:00,1.164825,1.164845,1.164715,1.164715,-1.0
2026-01-19 13:20:00-05:00,1.164715,1.164885,1.164715,1.164815,-1.0
2026-01-19 13:25:00-05:00,1.164815,1.16486,1.16474,1.16475,-1.0
2026-01-19 13:30:00-05:00,1.16475,1.164805,1.16474,1.164785,-1.0
2026-01-19 13:35:00-05:00,1.164785,1.164785,1.16461,1.16468,-1.0
2026-01-19 13:40:00-05:00,1.16468,1.16468,1.164535,1.16454,-1.0
2026-01-19 13:45:00-05:00,1.16454,1.164545,1.16444,1.16448,-1.0
2026-01-19 13:50:00-05:00,1.16448,1.164485,1.164415,1.16443,-1.0
2026-01-19 13:55:00-05:00,1.16443,1.16444,1.164325,1.16433,-1.0
2026-01-19 14:00:00-05:00,1.16433,1.164425,1.16428,1.164345,-1.0
2026-01-19 14:05:00-05:00,1.164345,1.164595,1.164335,1.164595,-1.0
2026-01-19 14:10:00-05:00,1.164595,1.164675,1.164575,1.164675,-1.0
2026-01-19 14:15:00-05:00,1.164675,1.16469,1.164545,1.164565,-1.0
2026-01-19 14:20:00-05:00,1.164565,1.1646,1.164545,1.164595,-1.0
2026-01-19 14:25:00-05:00,1.164595,1.16465,1.164595,1.164635,-1.0
2026-01-19 14:30:00-05:00,1.164635,1.164655,1.164605,1.16464,-1.0
2026-01-19 14:35:00-05:00,1.16464,1.164655,1.164525,1.16454,-1.0
2026-01-19 14:40:00-05:00,1.16454,1.16454,1.16434,1.164395,-1.0
2026-01-19 14:45:00-05:00,1.164395,1.164445,1.16439,1.164445,-1.0
2026-01-19 14:50:00-05:00,1.164445,1.164445,1.164295,1.164295,-1.0
2026-01-19 14:55:00-05:00,1.164295,1.164365,1.164265,1.164325,-1.0
2026-01-19 15:00:00-05:00,1.164325,1.164445,1.1643,1.16431,-1.0
2026-01-19 15:05:00-05:00,1.16431,1.16431,1.164195,1.164235,-1.0
2026-01-19 15:10:00-05:00,1.164235,1.16425,1.16418,1.16424,-1.0
2026-01-19 15:15:00-05:00,1.16424,1.16424,1.164175,1.164205,-1.0
2026-01-19 15:20:00-05:00,1.164205,1.16423,1.164185,1.164215,-1.0
2026-01-19 15:25:00-05:00,1.164215,1.1643,1.16421,1.164295,-1.0
2026-01-19 15:30:00-05:00,1.164295,1.164345,1.164295,1.16433,-1.0
2026-01-19 15:35:00-05:00,1.16433,1.164335,1.16431,1.164325,-1.0
2026-01-19 15:40:00-05:00,1.164325,1.164435,1.164315,1.1644,-1.0
2026-01-19 15:45:00-05:00,1.1644,1.164425,1.164345,1.164375,-1.0
2026-01-19 15:50:00-05:00,1.164375,1.164435,1.16437,1.164415,-1.0
2026-01-19 15:55:00-05:00,1.164415,1.164545,1.164325,1.16454,-1.0
2026-01-19 16:00:00-05:00,1.16454,1.164555,1.164465,1.164535,-1.0
2026-01-19 16:05:00-05:00,1.164535,1.16454,1.164435,1.164435,-1.0
2026-01-19 16:10:00-05:00,1.164435,1.164495,1.164435,1.164485,-1.0
2026-01-19 16:15:00-05:00,1.164485,1.164515,1.16442,1.16443,-1.0
2026-01-19 16:20:00-05:00,1.16443,1.16446,1.16443,1.164445,-1.0
2026-01-19 16:25:00-05:00,1.164445,1.164445,1.164305,1.16434,-1.0
2026-01-19 16:30:00-05:00,1.16434,1.164445,1.164295,1.164445,-1.0
2026-01-19 16:35:00-05:00,1.164445,1.164585,1.16444,1.164505,-1.0
2026-01-19 16:40:00-05:00,1.164505,1.164645,1.1645,1.16464,-1.0
2026-01-19 16:45:00-05:00,1.16464,1.16465,1.164575,1.1646,-1.0
2026-01-19 16:50:00-05:00,1.1646,1.164645,1.16457,1.16457,-1.0
2026-01-19 16:55:00-05:00,1.16457,1.1646,1.164485,1.164585,-1.0
2026-01-19 17:15:00-05:00,1.164615,1.164695,1.164585,1.164695,-1.0
2026-01-19 17:20:00-05:00,1.164695,1.16473,1.16469,1.1647,-1.0
2026-01-19 17:25:00-05:00,1.1647,1.1647,1.16469,1.16469,-1.0
2026-01-19 17:30:00-05:00,1.16469,1.16474,1.16469,1.16473,-1.0
2026-01-19 17:35:00-05:00,1.16473,1.16473,1.164665,1.164715,-1.0
2026-01-19 17:40:00-05:00,1.164715,1.164715,1.164705,1.164705,-1.0
2026-01-19 17:45:00-05:00,1.164705,1.164705,1.164695,1.1647,-1.0
2026-01-19 17:50:00-05:00,1.1647,1.16472,1.1646,1.16463,-1.0
2026-01-19 17:55:00-05:00,1.16463,1.164635,1.164525,1.16453,-1.0
2026-01-19 18:00:00-05:00,1.16453,1.16465,1.164475,1.164535,-1.0
2026-01-19 18:05:00-05:00,1.164535,1.164535,1.164415,1.16442,-1.0
2026-01-19 18:10:00-05:00,1.16442,1.16443,1.16419,1.16422,-1.0
2026-01-19 18:15:00-05:00,1.16422,1.164225,1.16409,1.164115,-1.0
2026-01-19 18:20:00-05:00,1.164115,1.16412,1.16404,1.164055,-1.0
2026-01-19 18:25:00-05:00,1.164055,1.164095,1.16401,1.164015,-1.0
2026-01-19 18:30:00-05:00,1.164015,1.16415,1.16401,1.164055,-1.0
2026-01-19 18:35:00-05:00,1.164055,1.164065,1.163925,1.164,-1.0
2026-01-19 18:40:00-05:00,1.164,1.16402,1.163845,1.163925,-1.0
2026-01-19 18:45:00-05:00,1.163925,1.16404,1.163925,1.164005,-1.0
2026-01-19 18:50:00-05:00,1.164005,1.16401,1.163865,1.16388,-1.0
2026-01-19 18:55:00-05:00,1.16388,1.163945,1.16388,1.163945,-1.0
2026-01-19 19:00:00-05:00,1.163945,1.163995,1.16383,1.16384,-1.0
2026-01-19 19:05:00-05:00,1.16384,1.16384,1.163665,1.16375,-1.0
2026-01-19 19:10:00-05:00,1.16375,1.16375,1.163605,1.163655,-1.0
2026-01-19 19:15:00-05:00,1.163655,1.16374,1.16362,1.163675,-1.0
2026-01-19 19:20:00-05:00,1.163675,1.16383,1.163665,1.163785,-1.0
2026-01-19 19:25:00-05:00,1.163785,1.163795,1.163605,1.16363,-1.0
2026-01-19 19:30:00-05:00,1.16363,1.163635,1.16353,1.16354,-1.0
2026-01-19 19:35:00-05:00,1.16354,1.16355,1.16344,1.163445,-1.0
2026-01-19 19:40:00-05:00,1.163445,1.16345,1.163255,1.163395,-1.0
2026-01-19 19:45:00-05:00,1.163395,1.16356,1.163395,1.16344,-1.0
2026-01-19 19:50:00-05:00,1.16344,1.16375,1.16328,1.16367,-1.0
2026-01-19 19:55:00-05:00,1.16367,1.16411,1.16362,1.164035,-1.0
2026-01-19 20:00:00-05:00,1.164035,1.16426,1.163955,1.16414,-1.0
2026-01-19 20:05:00-05:00,1.16414,1.16431,1.164135,1.16431,-1.0
2026-01-19 20:10:00-05:00,1.16431,1.164335,1.16411,1.164205,-1.0
2026-01-19 20:15:00-05:00,1.164205,1.164235,1.164045,1.16405,-1.0
2026-01-19 20:20:00-05:00,1.16405,1.164085,1.16394,1.16404,-1.0
2026-01-19 20:25:00-05:00,1.16404,1.164155,1.16397,1.164095,-1.0
2026-01-19 20:30:00-05:00,1.164095,1.164095,1.1639,1.164005,-1.0
2026-01-19 20:35:00-05:00,1.164005,1.164125,1.163995,1.164055,-1.0
2026-01-19 20:40:00-05:00,1.164055,1.164085,1.16391,1.16398,-1.0
2026-01-19 20:45:00-05:00,1.16398,1.164085,1.163895,1.16391,-1.0
2026-01-19 20:50:00-05:00,1.16391,1.16416,1.16391,1.16416,-1.0
2026-01-19 20:55:00-05:00,1.16416,1.1644,1.1641,1.164375,-1.0
2026-01-19 21:00:00-05:00,1.164375,1.164475,1.164275,1.164285,-1.0
2026-01-19 21:05:00-05:00,1.164285,1.164285,1.16414,1.16421,-1.0
2026-01-19 21:10:00-05:00,1.16421,1.164215,1.1641,1.164145,-1.0
2026-01-19 21:15:00-05:00,1.164145,1.164145,1.164055,1.164095,-1.0
2026-01-19 21:20:00-05:00,1.164095,1.16424,1.164065,1.164215,-1.0
2026-01-19 21:25:00-05:00,1.164215,1.16444,1.164215,1.16443,-1.0
2026-01-19 21:30:00-05:00,1.16443,1.1645,1.16433,1.164485,-1.0
2026-01-19 21:35:00-05:00,1.164485,1.164545,1.164425,1.164535,-1.0
2026-01-19 21:40:00-05:00,1.164535,1.16465,1.16445,1.16463,-1.0
2026-01-19 21:45:00-05:00,1.16463,1.164635,1.164455,1.16448,-1.0
2026-01-19 21:50:00-05:00,1.16448,1.16459,1.16447,1.164485,-1.0
2026-01-19 21:55:00-05:00,1.164485,1.16454,1.164405,1.164445,-1.0
2026-01-19 22:00:00-05:00,1.164445,1.16452,1.164405,1.164455,-1.0
2026-01-19 22:05:00-05:00,1.164455,1.164635,1.164455,1.164605,-1.0
2026-01-19 22:10:00-05:00,1.164605,1.164715,1.164605,1.164715,-1.0
2026-01-19 22:15:00-05:00,1.164715,1.164885,1.164695,1.164865,-1.0
2026-01-19 22:20:00-05:00,1.164865,1.16548,1.16486,1.165445,-1.0
2026-01-19 22:25:00-05:00,1.165445,1.16556,1.165355,1.16554,-1.0
2026-01-19 22:30:00-05:00,1.16554,1.16585,1.16549,1.165785,-1.0
2026-01-19 22:35:00-05:00,1.165785,1.16586,1.16559,1.16578,-1.0
2026-01-19 22:40:00-05:00,1.16578,1.165865,1.165535,1.165605,-1.0
2026-01-19 22:45:00-05:00,1.165605,1.165875,1.16559,1.16581,-1.0
2026-01-19 22:50:00-05:00,1.16581,1.165835,1.16567,1.165695,-1.0
2026-01-19 22:55:00-05:00,1.165695,1.16571,1.165565,1.165665,-1.0
2026-01-19 23:00:00-05:00,1.165665,1.16575,1.165625,1.165675,-1.0
2026-01-19 23:05:00-05:00,1.165675,1.16583,1.16561,1.16583,-1.0
2026-01-19 23:10:00-05:00,1.16583,1.165915,1.16577,1.165865,-1.0
2026-01-19 23:15:00-05:00,1.165865,1.16591,1.165785,1.16589,-1.0
2026-01-19 23:20:00-05:00,1.16589,1.16626,1.165885,1.16621,-1.0
2026-01-19 23:25:00-05:00,1.16621,1.166255,1.1661,1.166245,-1.0
2026-01-19 23:30:00-05:00,1.166245,1.16628,1.166145,1.16621,-1.0
2026-01-19 23:35:00-05:00,1.16621,1.16642,1.16619,1.16624,-1.0
2026-01-19 23:40:00-05:00,1.16624,1.16641,1.16613,1.16617,-1.0
2026-01-19 23:45:00-05:00,1.16617,1.16617,1.16587,1.166145,-1.0
2026-01-19 23:50:00-05:00,1.166145,1.166455,1.16613,1.16644,-1.0
2026-01-19 23:55:00-05:00,1.16644,1.166665,1.16644,1.16656,-1.0
2026-01-20 00:00:00-05:00,1.16656,1.16667,1.16652,1.166625,-1.0
2026-01-20 00:05:00-05:00,1.166625,1.166865,1.166625,1.166805,-1.0
2026-01-20 00:10:00-05:00,1.166805,1.167255,1.16679,1.167155,-1.0
2026-01-20 00:15:00-05:00,1.167155,1.16716,1.16683,1.166905,-1.0
2026-01-20 00:20:00-05:00,1.166905,1.166905,1.166645,1.166725,-1.0
2026-01-20 00:25:00-05:00,1.166725,1.16682,1.166615,1.166645,-1.0
2026-01-20 00:30:00-05:00,1.166645,1.16674,1.1666,1.166705,-1.0
2026-01-20 00:35:00-05:00,1.166705,1.166705,1.16654,1.16658,-1.0
2026-01-20 00:40:00-05:00,1.16658,1.166665,1.16645,1.166485,-1.0
2026-01-20 00:45:00-05:00,1.166485,1.16656,1.166395,1.16649,-1.0
2026-01-20 00:50:00-05:00,1.16649,1.166515,1.1664,1.16644,-1.0
2026-01-20 00:55:00-05:00,1.16644,1.16656,1.166305,1.166335,-1.0
2026-01-20 01:00:00-05:00,1.166335,1.166425,1.166225,1.16623,-1.0
2026-01-20 01:05:00-05:00,1.16623,1.16663,1.166225,1.16662,-1.0
2026-01-20 01:10:00-05:00,1.16662,1.16667,1.166535,1.166545,-1.0
2026-01-20 01:15:00-05:00,1.166545,1.16676,1.16647,1.166745,-1.0
2026-01-20 01:20:00-05:00,1.166745,1.166775,1.1664,1.166415,-1.0
2026-01-20 01:25:00-05:00,1.166415,1.16657,1.166265,1.166335,-1.0
2026-01-20 01:30:00-05:00,1.166335,1.1667,1.166315,1.166595,-1.0
2026-01-20 01:35:00-05:00,1.166595,1.166775,1.166565,1.1666,-1.0
2026-01-20 01:40:00-05:00,1.1666,1.166665,1.16641,1.166535,-1.0
2026-01-20 01:45:00-05:00,1.166535,1.166555,1.166315,1.166435,-1.0
2026-01-20 01:50:00-05:00,1.166435,1.166695,1.166435,1.166635,-1.0
2026-01-20 01:55:00-05:00,1.166635,1.16692,1.16661,1.16687,-1.0
2026-01-20 02:00:00-05:00,1.16687,1.16687,1.16643,1.166485,-1.0
2026-01-20 02:05:00-05:00,1.166485,1.16676,1.16641,1.166695,-1.0
2026-01-20 02:10:00-05:00,1.166695,1.1669,1.16667,1.166725,-1.0
2026-01-20 02:15:00-05:00,1.166725,1.1672,1.166725,1.167135,-1.0
2026-01-20 02:20:00-05:00,1.167135,1.16779,1.16697,1.167765,-1.0
2026-01-20 02:25:00-05:00,1.167765,1.167895,1.167365,1.16758,-1.0
2026-01-20 02:30:00-05:00,1.16758,1.16881,1.16757,1.16879,-1.0
2026-01-20 02:35:00-05:00,1.16879,1.169055,1.16862,1.169025,-1.0
2026-01-20 02:40:00-05:00,1.169025,1.16938,1.168995,1.169225,-1.0
2026-01-20 02:45:00-05:00,1.169225,1.169225,1.168635,1.1689,-1.0
2026-01-20 02:50:00-05:00,1.1689,1.169095,1.16869,1.16884,-1.0
2026-01-20 02:55:00-05:00,1.16884,1.169225,1.16868,1.16888,-1.0
2026-01-20 03:00:00-05:00,1.16888,1.169295,1.16873,1.16923,-1.0
2026-01-20 03:05:00-05:00,1.16923,1.169745,1.169015,1.16967,-1.0
2026-01-20 03:10:00-05:00,1.16967,1.170005,1.16964,1.169995,-1.0
2026-01-20 03:15:00-05:00,1.169995,1.17021,1.169575,1.169615,-1.0
2026-01-20 03:20:00-05:00,1.169615,1.169635,1.169255,1.16946,-1.0
2026-01-20 03:25:00-05:00,1.16946,1.169855,1.16943,1.16967,-1.0
2026-01-20 03:30:00-05:00,1.16967,1.17096,1.16964,1.170775,-1.0
2026-01-20 03:35:00-05:00,1.170775,1.17111,1.170295,1.171095,-1.0
2026-01-20 03:40:00-05:00,1.171095,1.171485,1.17086,1.17089,-1.0
2026-01-20 03:45:00-05:00,1.17089,1.171535,1.17088,1.171405,-1.0
2026-01-20 03:50:00-05:00,1.171405,1.171935,1.171345,1.17165,-1.0
2026-01-20 03:55:00-05:00,1.17165,1.172185,1.17154,1.171635,-1.0
2026-01-20 04:00:00-05:00,1.171635,1.172025,1.17163,1.171855,-1.0
2026-01-20 04:05:00-05:00,1.171855,1.17286,1.17178,1.172395,-1.0
2026-01-20 04:10:00-05:00,1.172395,1.17271,1.171795,1.171885,-1.0
2026-01-20 04:15:00-05:00,1.171885,1.17209,1.171725,1.17179,-1.0
2026-01-20 04:20:00-05:00,1.17179,1.17239,1.17157,1.172165,-1.0
2026-01-20 04:25:00-05:00,1.172165,1.172485,1.172005,1.17248,-1.0
2026-01-20 04:30:00-05:00,1.17248,1.173175,1.172475,1.172715,-1.0
2026-01-20 04:35:00-05:00,1.172715,1.173295,1.172685,1.17286,-1.0
2026-01-20 04:40:00-05:00,1.17286,1.173195,1.17272,1.172765,-1.0
2026-01-20 04:45:00-05:00,1.172765,1.172775,1.17234,1.17239,-1.0
2026-01-20 04:50:00-05:00,1.17239,1.172585,1.17227,1.172335,-1.0
2026-01-20 04:55:00-05:00,1.172335,1.17266,1.172315,1.172625,-1.0
2026-01-20 05:00:00-05:00,1.172625,1.173015,1.17257,1.172825,-1.0
2026-01-20 05:05:00-05:00,1.172825,1.17309,1.172685,1.17301,-1.0
2026-01-20 05:10:00-05:00,1.17301,1.173065,1.171835,1.171945,-1.0
2026-01-20 05:15:00-05:00,1.171945,1.172055,1.17161,1.17174,-1.0
2026-01-20 05:20:00-05:00,1.17174,1.171945,1.171535,1.171815,-1.0
2026-01-20 05:25:00-05:00,1.171815,1.172005,1.171595,1.17185,-1.0
2026-01-20 05:30:00-05:00,1.17185,1.172145,1.171775,1.172115,-1.0
2026-01-20 05:35:00-05:00,1.172115,1.17245,1.172075,1.172405,-1.0
2026-01-20 05:40:00-05:00,1.172405,1.172735,1.17224,1.17254,-1.0
2026-01-20 05:45:00-05:00,1.17254,1.17273,1.17233,1.172355,-1.0
2026-01-20 05:50:00-05:00,1.172355,1.17265,1.17233,1.172635,-1.0
2026-01-20 05:55:00-05:00,1.172635,1.173225,1.172615,1.17311,-1.0
2026-01-20 06:00:00-05:00,1.17311,1.173235,1.172915,1.173185,-1.0
2026-01-20 06:05:00-05:00,1.173185,1.17327,1.172935,1.172935,-1.0
2026-01-20 06:10:00-05:00,1.172935,1.17294,1.172355,1.17245,-1.0
2026-01-20 06:15:00-05:00,1.17245,1.17252,1.172245,1.172465,-1.0
2026-01-20 06:20:00-05:00,1.172465,1.172795,1.172385,1.172695,-1.0
2026-01-20 06:25:00-05:00,1.172695,1.173015,1.17263,1.172655,-1.0
2026-01-20 06:30:00-05:00,1.172655,1.17287,1.17254,1.17282,-1.0
2026-01-20 06:35:00-05:00,1.17282,1.173185,1.1728,1.17311,-1.0
2026-01-20 06:40:00-05:00,1.17311,1.17374,1.172865,1.17359,-1.0
2026-01-20 06:45:00-05:00,1.17359,1.173865,1.173495,1.173695,-1.0
2026-01-20 06:50:00-05:00,1.173695,1.173895,1.17367,1.173715,-1.0
2026-01-20 06:55:00-05:00,1.173715,1.17384,1.17341,1.173495,-1.0
2026-01-20 07:00:00-05:00,1.173495,1.1735,1.173275,1.173305,-1.0
2026-01-20 07:05:00-05:00,1.173305,1.1735,1.173065,1.173485,-1.0
2026-01-20 07:10:00-05:00,1.173485,1.173985,1.17346,1.173865,-1.0
2026-01-20 07:15:00-05:00,1.173865,1.17425,1.173825,1.174165,-1.0
2026-01-20 07:20:00-05:00,1.174165,1.17436,1.174045,1.174155,-1.0
2026-01-20 07:25:00-05:00,1.174155,1.174375,1.174145,1.174245,-1.0
2026-01-20 07:30:00-05:00,1.174245,1.174285,1.173675,1.17382,-1.0
2026-01-20 07:35:00-05:00,1.17382,1.173965,1.173475,1.17356,-1.0
2026-01-20 07:40:00-05:00,1.17356,1.1737,1.17347,1.173605,-1.0
2026-01-20 07:45:00-05:00,1.173605,1.17366,1.17299,1.17304,-1.0
2026-01-20 07:50:00-05:00,1.17304,1.17308,1.1728,1.173065,-1.0
2026-01-20 07:55:00-05:00,1.173065,1.173065,1.172575,1.1726,-1.0
2026-01-20 08:00:00-05:00,1.1726,1.17297,1.172575,1.172715,-1.0
2026-01-20 08:05:00-05:00,1.172715,1.17287,1.172505,1.172795,-1.0
2026-01-20 08:10:00-05:00,1.172795,1.173025,1.172655,1.172835,-1.0
2026-01-20 08:15:00-05:00,1.172835,1.17332,1.172835,1.173215,-1.0
2026-01-20 08:20:00-05:00,1.173215,1.173325,1.17211,1.17222,-1.0
2026-01-20 08:25:00-05:00,1.17222,1.172305,1.17184,1.172185,-1.0
2026-01-20 08:30:00-05:00,1.172185,1.17691,1.171835,1.17457,-1.0
2026-01-20 08:35:00-05:00,1.17457,1.17496,1.173625,1.17379,-1.0
2026-01-20 08:40:00-05:00,1.17379,1.17483,1.17351,1.17356,-1.0
2026-01-20 08:45:00-05:00,1.17356,1.174575,1.17354,1.174435,-1.0
2026-01-20 08:50:00-05:00,1.174435,1.174585,1.17347,1.173815,-1.0
2026-01-20 08:55:00-05:00,1.173815,1.17383,1.173305,1.173355,-1.0
2026-01-20 09:00:00-05:00,1.173355,1.17371,1.17288,1.17292,-1.0
2026-01-20 09:05:00-05:00,1.17292,1.1731,1.17231,1.172335,-1.0
2026-01-20 09:10:00-05:00,1.172335,1.172575,1.172095,1.17242,-1.0
2026-01-20 09:15:00-05:00,1.17242,1.173115,1.172355,1.1731,-1.0
2026-01-20 09:20:00-05:00,1.1731,1.173335,1.172735,1.172785,-1.0
2026-01-20 09:25:00-05:00,1.172785,1.173075,1.172405,1.172625,-1.0
2026-01-20 09:30:00-05:00,1.172625,1.172705,1.172165,1.172275,-1.0
2026-01-20 09:35:00-05:00,1.172275,1.172455,1.172115,1.17218,-1.0
2026-01-20 09:40:00-05:00,1.17218,1.17225,1.17153,1.17204,-1.0
2026-01-20 09:45:00-05:00,1.17204,1.172415,1.171845,1.172375,-1.0
2026-01-20 09:50:00-05:00,1.172375,1.17253,1.171745,1.172025,-1.0
2026-01-20 09:55:00-05:00,1.172025,1.172135,1.17171,1.171935,-1.0
2026-01-20 10:00:00-05:00,1.171935,1.17244,1.17163,1.172385,-1.0
2026-01-20 10:05:00-05:00,1.172385,1.17304,1.17229,1.172435,-1.0
2026-01-20 10:10:00-05:00,1.172435,1.1726,1.172005,1.172355,-1.0
2026-01-20 10:15:00-05:00,1.172355,1.17279,1.172125,1.172585,-1.0
2026-01-20 10:20:00-05:00,1.172585,1.172875,1.17236,1.172555,-1.0
2026-01-20 10:25:00-05:00,1.172555,1.17262,1.17214,1.172345,-1.0
2026-01-20 10:30:00-05:00,1.172345,1.172885,1.17227,1.172855,-1.0
2026-01-20 10:35:00-05:00,1.172855,1.173275,1.1727,1.173085,-1.0
2026-01-20 10:40:00-05:00,1.173085,1.173275,1.17289,1.172985,-1.0
2026-01-20 10:45:00-05:00,1.172985,1.1734,1.172885,1.17329,-1.0
2026-01-20 10:50:00-05:00,1.17329,1.173725,1.17321,1.173275,-1.0
2026-01-20 10:55:00-05:00,1.173275,1.173455,1.172595,1.17271,-1.0
2026-01-20 11:00:00-05:00,1.17271,1.17335,1.172705,1.17306,-1.0
2026-01-20 11:05:00-05:00,1.17306,1.173505,1.17303,1.173485,-1.0
2026-01-20 11:10:00-05:00,1.173485,1.17373,1.173265,1.173385,-1.0
2026-01-20 11:15:00-05:00,1.173385,1.173565,1.173075,1.173435,-1.0
2026-01-20 11:20:00-05:00,1.173435,1.173645,1.173275,1.173365,-1.0
2026-01-20 11:25:00-05:00,1.173365,1.1735,1.17316,1.17335,-1.0
2026-01-20 11:30:00-05:00,1.17335,1.173445,1.172775,1.172825,-1.0
2026-01-20 11:35:00-05:00,1.172825,1.172945,1.172705,1.172815,-1.0
2026-01-20 11:40:00-05:00,1.172815,1.1734,1.172795,1.1733,-1.0
2026-01-20 11:45:00-05:00,1.1733,1.173495,1.172975,1.17309,-1.0
2026-01-20 11:50:00-05:00,1.17309,1.173565,1.17306,1.173515,-1.0
2026-01-20 11:55:00-05:00,1.173515,1.17394,1.17351,1.173895,-1.0
2026-01-20 12:00:00-05:00,1.173895,1.17424,1.17368,1.174215,-1.0
2026-01-20 12:05:00-05:00,1.174215,1.17428,1.174005,1.174075,-1.0
2026-01-20 12:10:00-05:00,1.174075,1.174135,1.17385,1.17393,-1.0
2026-01-20 12:15:00-05:00,1.17393,1.1741,1.173815,1.174005,-1.0
2026-01-20 12:20:00-05:00,1.174005,1.17402,1.17326,1.17329,-1.0
2026-01-20 12:25:00-05:00,1.17329,1.17354,1.173205,1.17333,-1.0
2026-01-20 12:30:00-05:00,1.17333,1.17333,1.17304,1.173295,-1.0
2026-01-20 12:35:00-05:00,1.173295,1.173595,1.17324,1.173485,-1.0
2026-01-20 12:40:00-05:00,1.173485,1.173705,1.173285,1.173305,-1.0
2026-01-20 12:45:00-05:00,1.173305,1.17331,1.173015,1.173135,-1.0
2026-01-20 12:50:00-05:00,1.173135,1.173285,1.17298,1.173235,-1.0
2026-01-20 12:55:00-05:00,1.173235,1.17346,1.17314,1.17315,-1.0
2026-01-20 13:00:00-05:00,1.17315,1.17323,1.172895,1.17298,-1.0
2026-01-20 13:05:00-05:00,1.17298,1.173185,1.17297,1.173185,-1.0
2026-01-20 13:10:00-05:00,1.173185,1.173385,1.17307,1.173095,-1.0
2026-01-20 13:15:00-05:00,1.173095,1.17342,1.17307,1.173355,-1.0
2026-01-20 13:20:00-05:00,1.173355,1.17336,1.17316,1.17319,-1.0
2026-01-20 13:25:00-05:00,1.17319,1.173235,1.173095,1.17312,-1.0
2026-01-20 13:30:00-05:00,1.17312,1.173265,1.173045,1.173135,-1.0
2026-01-20 13:35:00-05:00,1.173135,1.17324,1.17293,1.173205,-1.0
2026-01-20 13:40:00-05:00,1.173205,1.173205,1.173035,1.173115,-1.0
2026-01-20 13:45:00-05:00,1.173115,1.17333,1.173015,1.17333,-1.0
2026-01-20 13:50:00-05:00,1.17333,1.17333,1.172925,1.172925,-1.0
2026-01-20 13:55:00-05:00,1.172925,1.17294,1.17264,1.172675,-1.0
2026-01-20 14:00:00-05:00,1.172675,1.1728,1.172405,1.17248,-1.0
2026-01-20 14:05:00-05:00,1.17248,1.172505,1.17228,1.17232,-1.0
2026-01-20 14:10:00-05:00,1.17232,1.17245,1.172015,1.172185,-1.0
2026-01-20 14:15:00-05:00,1.172185,1.172465,1.172045,1.17244,-1.0
2026-01-20 14:20:00-05:00,1.17244,1.17253,1.172275,1.172335,-1.0
2026-01-20 14:25:00-05:00,1.172335,1.17235,1.17222,1.172245,-1.0
2026-01-20 14:30:00-05:00,1.172245,1.172295,1.17203,1.17214,-1.0
2026-01-20 14:35:00-05:00,1.17214,1.172185,1.17201,1.172035,-1.0
2026-01-20 14:40:00-05:00,1.172035,1.172035,1.171585,1.171655,-1.0
2026-01-20 14:45:00-05:00,1.171655,1.171855,1.17164,1.17175,-1.0
2026-01-20 14:50:00-05:00,1.17175,1.171845,1.1715,1.17157,-1.0
2026-01-20 14:55:00-05:00,1.17157,1.171625,1.17114,1.171225,-1.0
2026-01-20 15:00:00-05:00,1.171225,1.171385,1.17108,1.171105,-1.0
2026-01-20 15:05:00-05:00,1.171105,1.171765,1.171105,1.171755,-1.0
2026-01-20 15:10:00-05:00,1.171755,1.17192,1.17141,1.171525,-1.0
2026-01-20 15:15:00-05:00,1.171525,1.171805,1.171465,1.171515,-1.0
2026-01-20 15:20:00-05:00,1.171515,1.17157,1.171215,1.171515,-1.0
2026-01-20 15:25:00-05:00,1.171515,1.17195,1.171515,1.171945,-1.0
2026-01-20 15:30:00-05:00,1.171945,1.172045,1.171585,1.17172,-1.0
2026-01-20 15:35:00-05:00,1.17172,1.171805,1.17165,1.171655,-1.0
2026-01-20 15:40:00-05:00,1.171655,1.171915,1.17157,1.171915,-1.0
2026-01-20 15:45:00-05:00,1.171915,1.17201,1.171755,1.17187,-1.0
2026-01-20 15:50:00-05:00,1.17187,1.17197,1.17172,1.17179,-1.0
2026-01-20 15:55:00-05:00,1.17179,1.171975,1.171735,1.171945,-1.0
2026-01-20 16:00:00-05:00,1.171945,1.172085,1.171745,1.172085,-1.0
2026-01-20 16:05:00-05:00,1.172085,1.172325,1.172085,1.172325,-1.0
2026-01-20 16:10:00-05:00,1.172325,1.172335,1.17219,1.172255,-1.0
2026-01-20 16:15:00-05:00,1.172255,1.172315,1.172215,1.17227,-1.0
2026-01-20 16:20:00-05:00,1.17227,1.17236,1.17224,1.17232,-1.0
2026-01-20 16:25:00-05:00,1.17232,1.172415,1.17229,1.17235,-1.0
2026-01-20 16:30:00-05:00,1.17235,1.172525,1.172325,1.17245,-1.0
2026-01-20 16:35:00-05:00,1.17245,1.17245,1.172265,1.17227,-1.0
2026-01-20 16:40:00-05:00,1.17227,1.172275,1.17219,1.17227,-1.0
2026-01-20 16:45:00-05:00,1.17227,1.172425,1.172225,1.17242,-1.0
2026-01-20 16:50:00-05:00,1.17242,1.17253,1.172345,1.172505,-1.0
2026-01-20 16:55:00-05:00,1.172505,1.172705,1.172475,1.17248,-1.0
2026-01-20 17:15:00-05:00,1.172275,1.172375,1.172275,1.172305,-1.0
2026-01-20 17:20:00-05:00,1.172305,1.172455,1.172275,1.172455,-1.0
2026-01-20 17:25:00-05:00,1.172455,1.172475,1.17241,1.172435,-1.0
2026-01-20 17:30:00-05:00,1.172435,1.1725,1.172405,1.172495,-1.0
2026-01-20 17:35:00-05:00,1.172495,1.172555,1.17249,1.17251,-1.0
2026-01-20 17:40:00-05:00,1.17251,1.17257,1.172495,1.17254,-1.0
2026-01-20 17:45:00-05:00,1.17254,1.172575,1.17251,1.172565,-1.0
2026-01-20 17:50:00-05:00,1.172565,1.17257,1.172515,1.172535,-1.0
2026-01-20 17:55:00-05:00,1.172535,1.172535,1.172065,1.17222,-1.0
2026-01-20 18:00:00-05:00,1.17222,1.17248,1.17221,1.172425,-1.0
2026-01-20 18:05:00-05:00,1.172425,1.172495,1.17235,1.17246,-1.0
2026-01-20 18:10:00-05:00,1.17246,1.17247,1.172175,1.17221,-1.0
2026-01-20 18:15:00-05:00,1.17221,1.1724,1.17221,1.17239,-1.0
2026-01-20 18:20:00-05:00,1.17239,1.172425,1.17237,1.17239,-1.0
2026-01-20 18:25:00-05:00,1.17239,1.172445,1.17236,1.172445,-1.0
2026-01-20 18:30:00-05:00,1.172445,1.172445,1.172345,1.17242,-1.0
2026-01-20 18:35:00-05:00,1.17242,1.17251,1.17241,1.172505,-1.0
2026-01-20 18:40:00-05:00,1.172505,1.17257,1.17245,1.17254,-1.0
2026-01-20 18:45:00-05:00,1.17254,1.1729,1.17254,1.172875,-1.0
2026-01-20 18:50:00-05:00,1.172875,1.172875,1.172695,1.17282,-1.0
2026-01-20 18:55:00-05:00,1.17282,1.17282,1.172685,1.172715,-1.0
2026-01-20 19:00:00-05:00,1.172715,1.172715,1.172245,1.17227,-1.0
2026-01-20 19:05:00-05:00,1.17227,1.17238,1.17222,1.17238,-1.0
2026-01-20 19:10:00-05:00,1.17238,1.17249,1.17233,1.17238,-1.0
2026-01-20 19:15:00-05:00,1.17238,1.17238,1.172145,1.172215,-1.0
2026-01-20 19:20:00-05:00,1.172215,1.172235,1.171945,1.17196,-1.0
2026-01-20 19:25:00-05:00,1.17196,1.172035,1.171875,1.172015,-1.0
2026-01-20 19:30:00-05:00,1.172015,1.172125,1.172005,1.172095,-1.0
2026-01-20 19:35:00-05:00,1.172095,1.17211,1.172015,1.172035,-1.0
2026-01-20 19:40:00-05:00,1.172035,1.172035,1.171835,1.171855,-1.0
2026-01-20 19:45:00-05:00,1.171855,1.1719,1.171665,1.17169,-1.0
2026-01-20 19:50:00-05:00,1.17169,1.171955,1.171675,1.17188,-1.0
2026-01-20 19:55:00-05:00,1.17188,1.172385,1.171835,1.172375,-1.0
2026-01-20 20:00:00-05:00,1.172375,1.17253,1.17232,1.17244,-1.0
2026-01-20 20:05:00-05:00,1.17244,1.172575,1.172385,1.1724,-1.0
2026-01-20 20:10:00-05:00,1.1724,1.172675,1.172265,1.172545,-1.0
2026-01-20 20:15:00-05:00,1.172545,1.17255,1.17234,1.172455,-1.0
2026-01-20 20:20:00-05:00,1.172455,1.17293,1.17238,1.172915,-1.0
2026-01-20 20:25:00-05:00,1.172915,1.173195,1.17289,1.173185,-1.0
2026-01-20 20:30:00-05:00,1.173185,1.173385,1.173105,1.173365,-1.0
2026-01-20 20:35:00-05:00,1.173365,1.17343,1.173305,1.17332,-1.0
2026-01-20 20:40:00-05:00,1.17332,1.17334,1.173175,1.173325,-1.0
2026-01-20 20:45:00-05:00,1.173325,1.173385,1.173015,1.173145,-1.0
2026-01-20 20:50:00-05:00,1.173145,1.17328,1.17301,1.17308,-1.0
2026-01-20 20:55:00-05:00,1.17308,1.173115,1.172795,1.17291,-1.0
2026-01-20 21:00:00-05:00,1.17291,1.172925,1.17281,1.17291,-1.0
2026-01-20 21:05:00-05:00,1.17291,1.172995,1.1727,1.17276,-1.0
2026-01-20 21:10:00-05:00,1.17276,1.172875,1.172645,1.17284,-1.0
2026-01-20 21:15:00-05:00,1.17284,1.172925,1.172715,1.17278,-1.0
2026-01-20 21:20:00-05:00,1.17278,1.172825,1.172495,1.17251,-1.0
2026-01-20 21:25:00-05:00,1.17251,1.17259,1.172465,1.172485,-1.0
2026-01-20 21:30:00-05:00,1.172485,1.17276,1.172435,1.17274,-1.0
2026-01-20 21:35:00-05:00,1.17274,1.173105,1.17274,1.173075,-1.0
2026-01-20 21:40:00-05:00,1.173075,1.17318,1.17292,1.17292,-1.0
2026-01-20 21:45:00-05:00,1.17292,1.172985,1.172785,1.17291,-1.0
2026-01-20 21:50:00-05:00,1.17291,1.172925,1.17269,1.172745,-1.0
2026-01-20 21:55:00-05:00,1.172745,1.17278,1.17259,1.172645,-1.0
2026-01-20 22:00:00-05:00,1.172645,1.172905,1.172605,1.17271,-1.0
2026-01-20 22:05:00-05:00,1.17271,1.17274,1.17258,1.172615,-1.0
2026-01-20 22:10:00-05:00,1.172615,1.17266,1.17206,1.17216,-1.0
2026-01-20 22:15:00-05:00,1.17216,1.172205,1.171445,1.171505,-1.0
2026-01-20 22:20:00-05:00,1.171505,1.17167,1.171195,1.171365,-1.0
2026-01-20 22:25:00-05:00,1.171365,1.171465,1.171135,1.171205,-1.0
2026-01-20 22:30:00-05:00,1.171205,1.17137,1.171075,1.17119,-1.0
2026-01-20 22:35:00-05:00,1.17119,1.171555,1.171165,1.17145,-1.0
2026-01-20 22:40:00-05:00,1.17145,1.17157,1.171355,1.171485,-1.0
2026-01-20 22:45:00-05:00,1.171485,1.171575,1.171445,1.17149,-1.0
2026-01-20 22:50:00-05:00,1.17149,1.17165,1.17146,1.17161,-1.0
2026-01-20 22:55:00-05:00,1.17161,1.1719,1.17161,1.17189,-1.0
2026-01-20 23:00:00-05:00,1.17189,1.171975,1.171755,1.17192,-1.0
2026-01-20 23:05:00-05:00,1.17192,1.17192,1.171445,1.171585,-1.0
2026-01-20 23:10:00-05:00,1.171585,1.171635,1.17141,1.171455,-1.0
2026-01-20 23:15:00-05:00,1.171455,1.171665,1.171455,1.171555,-1.0
2026-01-20 23:20:00-05:00,1.171555,1.17163,1.17152,1.171625,-1.0
2026-01-20 23:25:00-05:00,1.171625,1.171705,1.171515,1.171515,-1.0
2026-01-20 23:30:00-05:00,1.171515,1.171595,1.17141,1.17155,-1.0
2026-01-20 23:35:00-05:00,1.17155,1.171785,1.17154,1.17175,-1.0
2026-01-20 23:40:00-05:00,1.17175,1.171765,1.171605,1.17171,-1.0
2026-01-20 23:45:00-05:00,1.17171,1.171735,1.1716,1.1716,-1.0
2026-01-20 23:50:00-05:00,1.1716,1.171935,1.17156,1.17192,-1.0
2026-01-20 23:55:00-05:00,1.17192,1.17205,1.17181,1.171825,-1.0
2026-01-21 00:00:00-05:00,1.171825,1.171995,1.171785,1.171965,-1.0
2026-01-21 00:05:00-05:00,1.171965,1.172135,1.1719,1.17206,-1.0
2026-01-21 00:10:00-05:00,1.17206,1.172165,1.171995,1.172055,-1.0
2026-01-21 00:15:00-05:00,1.172055,1.17209,1.171895,1.171995,-1.0
2026-01-21 00:20:00-05:00,1.171995,1.172115,1.171935,1.172065,-1.0
2026-01-21 00:25:00-05:00,1.172065,1.172065,1.17188,1.17191,-1.0
2026-01-21 00:30:00-05:00,1.17191,1.17195,1.171785,1.171905,-1.0
2026-01-21 00:35:00-05:00,1.171905,1.171905,1.17169,1.17171,-1.0
2026-01-21 00:40:00-05:00,1.17171,1.171875,1.171665,1.17169,-1.0
2026-01-21 00:45:00-05:00,1.17169,1.1718,1.17158,1.171595,-1.0
2026-01-21 00:50:00-05:00,1.171595,1.17169,1.17157,1.171595,-1.0
2026-01-21 00:55:00-05:00,1.171595,1.17183,1.17159,1.17174,-1.0
2026-01-21 01:00:00-05:00,1.17174,1.17177,1.17156,1.17166,-1.0
2026-01-21 01:05:00-05:00,1.17166,1.17179,1.17155,1.17179,-1.0
2026-01-21 01:10:00-05:00,1.17179,1.17202,1.17179,1.171905,-1.0
2026-01-21 01:15:00-05:00,1.171905,1.172055,1.17189,1.172015,-1.0
2026-01-21 01:20:00-05:00,1.172015,1.17202,1.171885,1.171915,-1.0
2026-01-21 01:25:00-05:00,1.171915,1.17203,1.17187,1.172015,-1.0
2026-01-21 01:30:00-05:00,1.172015,1.17215,1.17194,1.17214,-1.0
2026-01-21 01:35:00-05:00,1.17214,1.17222,1.17205,1.172185,-1.0
2026-01-21 01:40:00-05:00,1.172185,1.17244,1.17214,1.172265,-1.0
2026-01-21 01:45:00-05:00,1.172265,1.172335,1.17212,1.172235,-1.0
2026-01-21 01:50:00-05:00,1.172235,1.172465,1.172235,1.17242,-1.0
2026-01-21 01:55:00-05:00,1.17242,1.17251,1.1723,1.172385,-1.0
2026-01-21 02:00:00-05:00,1.172385,1.172385,1.17179,1.17181,-1.0
2026-01-21 02:05:00-05:00,1.17181,1.172035,1.171635,1.171685,-1.0
2026-01-21 02:10:00-05:00,1.171685,1.17181,1.17139,1.171435,-1.0
2026-01-21 02:15:00-05:00,1.171435,1.172075,1.171435,1.171925,-1.0
2026-01-21 02:20:00-05:00,1.171925,1.17229,1.17183,1.172265,-1.0
2026-01-21 02:25:00-05:00,1.172265,1.172545,1.1722,1.17236,-1.0
2026-01-21 02:30:00-05:00,1.17236,1.172385,1.171455,1.17151,-1.0
2026-01-21 02:35:00-05:00,1.17151,1.171735,1.171035,1.17106,-1.0
2026-01-21 02:40:00-05:00,1.17106,1.171355,1.17101,1.171355,-1.0
2026-01-21 02:45:00-05:00,1.171355,1.171885,1.17126,1.171835,-1.0
2026-01-21 02:50:00-05:00,1.171835,1.17189,1.171505,1.171855,-1.0
2026-01-21 02:55:00-05:00,1.171855,1.172005,1.17159,1.171715,-1.0
2026-01-21 03:00:00-05:00,1.171715,1.171875,1.171235,1.1713,-1.0
2026-01-21 03:05:00-05:00,1.1713,1.171435,1.170985,1.171295,-1.0
2026-01-21 03:10:00-05:00,1.171295,1.171305,1.170985,1.17121,-1.0
2026-01-21 03:15:00-05:00,1.17121,1.171435,1.17112,1.171355,-1.0
2026-01-21 03:20:00-05:00,1.171355,1.17143,1.17104,1.17105,-1.0
2026-01-21 03:25:00-05:00,1.17105,1.171155,1.170735,1.17086,-1.0
2026-01-21 03:30:00-05:00,1.17086,1.170875,1.170505,1.170585,-1.0
2026-01-21 03:35:00-05:00,1.170585,1.170755,1.170515,1.17066,-1.0
2026-01-21 03:40:00-05:00,1.17066,1.171075,1.170615,1.170955,-1.0
2026-01-21 03:45:00-05:00,1.170955,1.17116,1.17081,1.17109,-1.0
2026-01-21 03:50:00-05:00,1.17109,1.17117,1.17098,1.171115,-1.0
2026-01-21 03:55:00-05:00,1.171115,1.17125,1.170995,1.17104,-1.0
2026-01-21 04:00:00-05:00,1.17104,1.171215,1.170855,1.171065,-1.0
2026-01-21 04:05:00-05:00,1.171065,1.171165,1.17083,1.171015,-1.0
2026-01-21 04:10:00-05:00,1.171015,1.1711,1.170905,1.170925,-1.0
2026-01-21 04:15:00-05:00,1.170925,1.171225,1.17082,1.17087,-1.0
2026-01-21 04:20:00-05:00,1.17087,1.17113,1.170835,1.171025,-1.0
2026-01-21 04:25:00-05:00,1.171025,1.17128,1.171,1.17117,-1.0
2026-01-21 04:30:00-05:00,1.17117,1.17117,1.17064,1.170765,-1.0
2026-01-21 04:35:00-05:00,1.170765,1.170875,1.170715,1.170805,-1.0
2026-01-21 04:40:00-05:00,1.170805,1.17083,1.170485,1.170605,-1.0
2026-01-21 04:45:00-05:00,1.170605,1.170665,1.17043,1.170515,-1.0
2026-01-21 04:50:00-05:00,1.170515,1.170525,1.170315,1.170385,-1.0
2026-01-21 04:55:00-05:00,1.170385,1.17042,1.17013,1.170355,-1.0
2026-01-21 05:00:00-05:00,1.170355,1.17065,1.17027,1.17063,-1.0
2026-01-21 05:05:00-05:00,1.17063,1.170855,1.170605,1.170765,-1.0
2026-01-21 05:10:00-05:00,1.170765,1.170845,1.170465,1.17061,-1.0
2026-01-21 05:15:00-05:00,1.17061,1.170795,1.17047,1.170585,-1.0
2026-01-21 05:20:00-05:00,1.170585,1.170685,1.170455,1.17064,-1.0
2026-01-21 05:25:00-05:00,1.17064,1.170715,1.170415,1.170465,-1.0
2026-01-21 05:30:00-05:00,1.170465,1.17049,1.170145,1.17039,-1.0
2026-01-21 05:35:00-05:00,1.17039,1.170515,1.17034,1.170395,-1.0
2026-01-21 05:40:00-05:00,1.170395,1.170845,1.170375,1.170765,-1.0
2026-01-21 05:45:00-05:00,1.170765,1.170835,1.170575,1.170655,-1.0
2026-01-21 05:50:00-05:00,1.170655,1.170755,1.170575,1.170715,-1.0
2026-01-21 05:55:00-05:00,1.170715,1.17086,1.170625,1.170705,-1.0
2026-01-21 06:00:00-05:00,1.170705,1.170735,1.17047,1.170605,-1.0
2026-01-21 06:05:00-05:00,1.170605,1.1708,1.170535,1.170775,-1.0
2026-01-21 06:10:00-05:00,1.170775,1.170885,1.170585,1.170585,-1.0
2026-01-21 06:15:00-05:00,1.170585,1.170825,1.170395,1.17082,-1.0
2026-01-21 06:20:00-05:00,1.17082,1.171115,1.170815,1.171105,-1.0
2026-01-21 06:25:00-05:00,1.171105,1.171655,1.171105,1.17127,-1.0
2026-01-21 06:30:00-05:00,1.17127,1.171345,1.171145,1.171145,-1.0
2026-01-21 06:35:00-05:00,1.171145,1.17169,1.171145,1.171665,-1.0
2026-01-21 06:40:00-05:00,1.171665,1.171685,1.17131,1.17144,-1.0
2026-01-21 06:45:00-05:00,1.17144,1.17176,1.171405,1.171755,-1.0
2026-01-21 06:50:00-05:00,1.171755,1.171985,1.171705,1.171835,-1.0
2026-01-21 06:55:00-05:00,1.171835,1.17205,1.171215,1.171415,-1.0
2026-01-21 07:00:00-05:00,1.171415,1.171605,1.171215,1.171525,-1.0
2026-01-21 07:05:00-05:00,1.171525,1.171745,1.171455,1.17166,-1.0
2026-01-21 07:10:00-05:00,1.17166,1.17218,1.171655,1.172075,-1.0
2026-01-21 07:15:00-05:00,1.172075,1.172165,1.17191,1.172085,-1.0
2026-01-21 07:20:00-05:00,1.172085,1.17233,1.172065,1.172295,-1.0
2026-01-21 07:25:00-05:00,1.172295,1.17247,1.172135,1.172455,-1.0
2026-01-21 07:30:00-05:00,1.172455,1.172855,1.17243,1.172795,-1.0
2026-01-21 07:35:00-05:00,1.172795,1.17297,1.17273,1.172885,-1.0
2026-01-21 07:40:00-05:00,1.172885,1.173175,1.172875,1.173035,-1.0
2026-01-21 07:45:00-05:00,1.173035,1.173325,1.173035,1.173325,-1.0
2026-01-21 07:50:00-05:00,1.173325,1.17349,1.173245,1.17348,-1.0
2026-01-21 07:55:00-05:00,1.17348,1.173585,1.173375,1.173485,-1.0
2026-01-21 08:00:00-05:00,1.173485,1.17358,1.17324,1.173435,-1.0
2026-01-21 08:05:00-05:00,1.173435,1.173935,1.173375,1.17388,-1.0
2026-01-21 08:10:00-05:00,1.17388,1.173975,1.173485,1.17359,-1.0
2026-01-21 08:15:00-05:00,1.17359,1.173675,1.17322,1.173335,-1.0
2026-01-21 08:20:00-05:00,1.173335,1.173425,1.172965,1.17311,-1.0
2026-01-21 08:25:00-05:00,1.17311,1.173215,1.172875,1.173095,-1.0
2026-01-21 08:30:00-05:00,1.173095,1.173215,1.172905,1.173125,-1.0
2026-01-21 08:35:00-05:00,1.173125,1.173435,1.17299,1.17326,-1.0
2026-01-21 08:40:00-05:00,1.17326,1.173535,1.173055,1.173535,-1.0
2026-01-21 08:45:00-05:00,1.173535,1.173625,1.17321,1.173575,-1.0
2026-01-21 08:50:00-05:00,1.173575,1.17431,1.173525,1.174225,-1.0
2026-01-21 08:55:00-05:00,1.174225,1.174305,1.173615,1.17396,-1.0
2026-01-21 09:00:00-05:00,1.17396,1.174085,1.172895,1.172945,-1.0
2026-01-21 09:05:00-05:00,1.172945,1.17342,1.172145,1.173275,-1.0
2026-01-21 09:10:00-05:00,1.173275,1.17343,1.17153,1.17246,-1.0
2026-01-21 09:15:00-05:00,1.17246,1.17283,1.171565,1.17177,-1.0
2026-01-21 09:20:00-05:00,1.17177,1.172295,1.171595,1.171795,-1.0
2026-01-21 09:25:00-05:00,1.171795,1.172565,1.171775,1.172415,-1.0
2026-01-21 09:30:00-05:00,1.172415,1.172815,1.17235,1.17271,-1.0
2026-01-21 09:35:00-05:00,1.17271,1.172865,1.172365,1.17267,-1.0
2026-01-21 09:40:00-05:00,1.17267,1.17278,1.172275,1.17262,-1.0
2026-01-21 09:45:00-05:00,1.17262,1.17293,1.17256,1.172675,-1.0
2026-01-21 09:50:00-05:00,1.172675,1.17299,1.172535,1.172865,-1.0
2026-01-21 09:55:00-05:00,1.172865,1.172895,1.172065,1.172485,-1.0
2026-01-21 10:00:00-05:00,1.172485,1.17286,1.172175,1.172655,-1.0
2026-01-21 10:05:00-05:00,1.172655,1.172695,1.172215,1.172365,-1.0
2026-01-21 10:10:00-05:00,1.172365,1.172585,1.17201,1.172045,-1.0
2026-01-21 10:15:00-05:00,1.172045,1.172315,1.171095,1.17118,-1.0
2026-01-21 10:20:00-05:00,1.17118,1.171305,1.170485,1.17067,-1.0
2026-01-21 10:25:00-05:00,1.17067,1.170985,1.17055,1.170865,-1.0
2026-01-21 10:30:00-05:00,1.170865,1.17156,1.170835,1.171555,-1.0
2026-01-21 10:35:00-05:00,1.171555,1.1716,1.17091,1.171035,-1.0
2026-01-21 10:40:00-05:00,1.171035,1.1714,1.170705,1.171385,-1.0
2026-01-21 10:45:00-05:00,1.171385,1.17148,1.171045,1.17122,-1.0
2026-01-21 10:50:00-05:00,1.17122,1.171255,1.170455,1.17051,-1.0
2026-01-21 10:55:00-05:00,1.17051,1.17061,1.170065,1.170205,-1.0
2026-01-21 11:00:00-05:00,1.170205,1.170555,1.170155,1.17042,-1.0
2026-01-21 11:05:00-05:00,1.17042,1.170525,1.170255,1.170305,-1.0
2026-01-21 11:10:00-05:00,1.170305,1.170865,1.170305,1.170815,-1.0
2026-01-21 11:15:00-05:00,1.170815,1.170935,1.17029,1.170315,-1.0
2026-01-21 11:20:00-05:00,1.170315,1.170375,1.16947,1.16964,-1.0
2026-01-21 11:25:00-05:00,1.16964,1.170395,1.16962,1.170275,-1.0
2026-01-21 11:30:00-05:00,1.170275,1.171065,1.17017,1.170885,-1.0
2026-01-21 11:35:00-05:00,1.170885,1.171075,1.170555,1.17072,-1.0
2026-01-21 11:40:00-05:00,1.17072,1.17073,1.170145,1.17021,-1.0
2026-01-21 11:45:00-05:00,1.17021,1.17059,1.17021,1.17052,-1.0
2026-01-21 11:50:00-05:00,1.17052,1.170755,1.169705,1.170305,-1.0
2026-01-21 11:55:00-05:00,1.170305,1.170425,1.170065,1.17033,-1.0
2026-01-21 12:00:00-05:00,1.17033,1.170665,1.170115,1.17043,-1.0
2026-01-21 12:05:00-05:00,1.17043,1.17089,1.17043,1.17087,-1.0
2026-01-21 12:10:00-05:00,1.17087,1.170975,1.170655,1.17096,-1.0
2026-01-21 12:15:00-05:00,1.17096,1.17107,1.17085,1.17095,-1.0
2026-01-21 12:20:00-05:00,1.17095,1.17116,1.170865,1.170865,-1.0
2026-01-21 12:25:00-05:00,1.170865,1.17104,1.170765,1.170795,-1.0
2026-01-21 12:30:00-05:00,1.170795,1.1708,1.170025,1.170055,-1.0
2026-01-21 12:35:00-05:00,1.170055,1.17033,1.169865,1.170125,-1.0
2026-01-21 12:40:00-05:00,1.170125,1.17031,1.16971,1.16986,-1.0
2026-01-21 12:45:00-05:00,1.16986,1.169985,1.169735,1.169855,-1.0
2026-01-21 12:50:00-05:00,1.169855,1.170335,1.16983,1.17033,-1.0
2026-01-21 12:55:00-05:00,1.17033,1.1704,1.170215,1.17029,-1.0
2026-01-21 13:00:00-05:00,1.17029,1.170335,1.169905,1.169915,-1.0
2026-01-21 13:05:00-05:00,1.169915,1.170135,1.16982,1.169975,-1.0
2026-01-21 13:10:00-05:00,1.169975,1.170085,1.169845,1.169925,-1.0
2026-01-21 13:15:00-05:00,1.169925,1.17007,1.169725,1.169765,-1.0
2026-01-21 13:20:00-05:00,1.169765,1.170085,1.169725,1.170015,-1.0
2026-01-21 13:25:00-05:00,1.170015,1.17009,1.169975,1.169985,-1.0
2026-01-21 13:30:00-05:00,1.169985,1.17019,1.16975,1.16992,-1.0
2026-01-21 13:35:00-05:00,1.16992,1.169985,1.16959,1.169595,-1.0
2026-01-21 13:40:00-05:00,1.169595,1.169705,1.169365,1.169705,-1.0
2026-01-21 13:45:00-05:00,1.169705,1.16993,1.169665,1.169865,-1.0
2026-01-21 13:50:00-05:00,1.169865,1.16999,1.169755,1.169865,-1.0
2026-01-21 13:55:00-05:00,1.169865,1.169885,1.169565,1.169695,-1.0
2026-01-21 14:00:00-05:00,1.169695,1.169775,1.169515,1.16977,-1.0
2026-01-21 14:05:00-05:00,1.16977,1.169805,1.169495,1.169525,-1.0
2026-01-21 14:10:00-05:00,1.169525,1.16975,1.169515,1.16973,-1.0
2026-01-21 14:15:00-05:00,1.16973,1.169945,1.169635,1.1699,-1.0
2026-01-21 14:20:00-05:00,1.1699,1.170425,1.16986,1.17042,-1.0
2026-01-21 14:25:00-05:00,1.17042,1.17054,1.16802,1.168595,-1.0
2026-01-21 14:30:00-05:00,1.168595,1.16872,1.167925,1.168535,-1.0
2026-01-21 14:35:00-05:00,1.168535,1.16863,1.168045,1.16823,-1.0
2026-01-21 14:40:00-05:00,1.16823,1.168545,1.16771,1.16803,-1.0
2026-01-21 14:45:00-05:00,1.16803,1.168225,1.16783,1.16819,-1.0
2026-01-21 14:50:00-05:00,1.16819,1.16856,1.168135,1.16849,-1.0
2026-01-21 14:55:00-05:00,1.16849,1.16919,1.16848,1.169145,-1.0
2026-01-21 15:00:00-05:00,1.169145,1.1692,1.16852,1.16859,-1.0
2026-01-21 15:05:00-05:00,1.16859,1.168815,1.16846,1.16852,-1.0
2026-01-21 15:10:00-05:00,1.16852,1.16878,1.168365,1.168465,-1.0
2026-01-21 15:15:00-05:00,1.168465,1.168505,1.16832,1.16841,-1.0
2026-01-21 15:20:00-05:00,1.16841,1.168705,1.167625,1.167785,-1.0
2026-01-21 15:25:00-05:00,1.167785,1.16808,1.167765,1.167985,-1.0
2026-01-21 15:30:00-05:00,1.167985,1.168335,1.167975,1.16832,-1.0
2026-01-21 15:35:00-05:00,1.16832,1.168585,1.16823,1.168235,-1.0
2026-01-21 15:40:00-05:00,1.168235,1.168535,1.16823,1.168475,-1.0
2026-01-21 15:45:00-05:00,1.168475,1.168645,1.168425,1.168485,-1.0
2026-01-21 15:50:00-05:00,1.168485,1.16893,1.168475,1.16886,-1.0
2026-01-21 15:55:00-05:00,1.16886,1.16897,1.168655,1.16868,-1.0
2026-01-21 16:00:00-05:00,1.16868,1.168735,1.16856,1.168565,-1.0
2026-01-21 16:05:00-05:00,1.168565,1.168595,1.16844,1.16858,-1.0
2026-01-21 16:10:00-05:00,1.16858,1.16874,1.168575,1.168605,-1.0
2026-01-21 16:15:00-05:00,1.168605,1.16873,1.16859,1.168705,-1.0
2026-01-21 16:20:00-05:00,1.168705,1.168705,1.16848,1.16859,-1.0
2026-01-21 16:25:00-05:00,1.16859,1.16866,1.168405,1.16841,-1.0
2026-01-21 16:30:00-05:00,1.16841,1.16893,1.16841,1.16889,-1.0
2026-01-21 16:35:00-05:00,1.16889,1.16895,1.168815,1.16882,-1.0
2026-01-21 16:40:00-05:00,1.16882,1.168845,1.168765,1.168835,-1.0
2026-01-21 16:45:00-05:00,1.168835,1.168935,1.16881,1.168865,-1.0
2026-01-21 16:50:00-05:00,1.168865,1.16887,1.168715,1.168735,-1.0
2026-01-21 16:55:00-05:00,1.168735,1.168785,1.16832,1.168355,-1.0
2026-01-21 17:15:00-05:00,1.16844,1.16851,1.1684,1.16848,-1.0
2026-01-21 17:20:00-05:00,1.16848,1.168565,1.168465,1.168555,-1.0
2026-01-21 17:25:00-05:00,1.168555,1.16858,1.168535,1.16856,-1.0
2026-01-21 17:30:00-05:00,1.16856,1.168605,1.168545,1.168565,-1.0
2026-01-21 17:35:00-05:00,1.168565,1.16859,1.16852,1.16854,-1.0
2026-01-21 17:40:00-05:00,1.16854,1.16858,1.16854,1.168575,-1.0
2026-01-21 17:45:00-05:00,1.168575,1.16865,1.16854,1.16854,-1.0
2026-01-21 17:50:00-05:00,1.16854,1.16857,1.16854,1.16855,-1.0
2026-01-21 17:55:00-05:00,1.16855,1.1686,1.168505,1.168515,-1.0
2026-01-21 18:00:00-05:00,1.168515,1.16857,1.16846,1.168495,-1.0
2026-01-21 18:05:00-05:00,1.168495,1.168565,1.168455,1.168485,-1.0
2026-01-21 18:10:00-05:00,1.168485,1.168495,1.16806,1.16808,-1.0
2026-01-21 18:15:00-05:00,1.16808,1.168145,1.168055,1.168095,-1.0
2026-01-21 18:20:00-05:00,1.168095,1.16816,1.16788,1.167885,-1.0
2026-01-21 18:25:00-05:00,1.167885,1.167935,1.167675,1.167675,-1.0
2026-01-21 18:30:00-05:00,1.167675,1.167685,1.167,1.167475,-1.0
2026-01-21 18:35:00-05:00,1.167475,1.16762,1.167195,1.167595,-1.0
2026-01-21 18:40:00-05:00,1.167595,1.167695,1.167445,1.167465,-1.0
2026-01-21 18:45:00-05:00,1.167465,1.167525,1.167255,1.1673,-1.0
2026-01-21 18:50:00-05:00,1.1673,1.167535,1.16717,1.16717,-1.0
2026-01-21 18:55:00-05:00,1.16717,1.167325,1.16717,1.167295,-1.0
2026-01-21 19:00:00-05:00,1.167295,1.167705,1.16728,1.16749,-1.0
2026-01-21 19:05:00-05:00,1.16749,1.16788,1.16749,1.16784,-1.0
2026-01-21 19:10:00-05:00,1.16784,1.167935,1.167795,1.16785,-1.0
2026-01-21 19:15:00-05:00,1.16785,1.16785,1.167635,1.16771,-1.0
2026-01-21 19:20:00-05:00,1.16771,1.16791,1.167675,1.1679,-1.0
2026-01-21 19:25:00-05:00,1.1679,1.16799,1.16779,1.16779,-1.0
2026-01-21 19:30:00-05:00,1.16779,1.168335,1.16779,1.168285,-1.0
2026-01-21 19:35:00-05:00,1.168285,1.168565,1.16805,1.16854,-1.0
2026-01-21 19:40:00-05:00,1.16854,1.168765,1.168445,1.168585,-1.0
2026-01-21 19:45:00-05:00,1.168585,1.168725,1.168555,1.168675,-1.0
2026-01-21 19:50:00-05:00,1.168675,1.16873,1.16847,1.16871,-1.0
2026-01-21 19:55:00-05:00,1.16871,1.16899,1.168685,1.168735,-1.0
2026-01-21 20:00:00-05:00,1.168735,1.168755,1.16836,1.16837,-1.0
2026-01-21 20:05:00-05:00,1.16837,1.168465,1.16824,1.16835,-1.0
2026-01-21 20:10:00-05:00,1.16835,1.16841,1.168275,1.1684,-1.0
2026-01-21 20:15:00-05:00,1.1684,1.168435,1.168135,1.16841,-1.0
2026-01-21 20:20:00-05:00,1.16841,1.168505,1.168305,1.16849,-1.0
2026-01-21 20:25:00-05:00,1.16849,1.168555,1.168305,1.16855,-1.0
2026-01-21 20:30:00-05:00,1.16855,1.168665,1.168405,1.168485,-1.0
2026-01-21 20:35:00-05:00,1.168485,1.16872,1.168445,1.16855,-1.0
2026-01-21 20:40:00-05:00,1.16855,1.16866,1.16844,1.16862,-1.0
2026-01-21 20:45:00-05:00,1.16862,1.16893,1.168565,1.16886,-1.0
2026-01-21 20:50:00-05:00,1.16886,1.16894,1.16871,1.168885,-1.0
2026-01-21 20:55:00-05:00,1.168885,1.169025,1.16888,1.16889,-1.0
2026-01-21 21:00:00-05:00,1.16889,1.169045,1.16882,1.168995,-1.0
2026-01-21 21:05:00-05:00,1.168995,1.169245,1.16898,1.169235,-1.0
2026-01-21 21:10:00-05:00,1.169235,1.169365,1.16914,1.169185,-1.0
2026-01-21 21:15:00-05:00,1.169185,1.16919,1.16904,1.16905,-1.0
2026-01-21 21:20:00-05:00,1.16905,1.16905,1.16849,1.16854,-1.0
2026-01-21 21:25:00-05:00,1.16854,1.16861,1.168445,1.16855,-1.0
2026-01-21 21:30:00-05:00,1.16855,1.16855,1.16833,1.16849,-1.0
2026-01-21 21:35:00-05:00,1.16849,1.16853,1.16837,1.16837,-1.0
2026-01-21 21:40:00-05:00,1.16837,1.16872,1.16837,1.168535,-1.0
2026-01-21 21:45:00-05:00,1.168535,1.168635,1.168405,1.168495,-1.0
2026-01-21 21:50:00-05:00,1.168495,1.16868,1.16845,1.16859,-1.0
2026-01-21 21:55:00-05:00,1.16859,1.168755,1.16855,1.168575,-1.0
2026-01-21 22:00:00-05:00,1.168575,1.16864,1.1685,1.16855,-1.0
2026-01-21 22:05:00-05:00,1.16855,1.16868,1.168535,1.16861,-1.0
2026-01-21 22:10:00-05:00,1.16861,1.16871,1.16859,1.16869,-1.0
2026-01-21 22:15:00-05:00,1.16869,1.168725,1.16859,1.1686,-1.0
2026-01-21 22:20:00-05:00,1.1686,1.16876,1.168585,1.168745,-1.0
2026-01-21 22:25:00-05:00,1.168745,1.16885,1.16874,1.168805,-1.0
2026-01-21 22:30:00-05:00,1.168805,1.16881,1.16859,1.168795,-1.0
2026-01-21 22:35:00-05:00,1.168795,1.16881,1.16873,1.168745,-1.0
2026-01-21 22:40:00-05:00,1.168745,1.168755,1.168645,1.168695,-1.0
2026-01-21 22:45:00-05:00,1.168695,1.168725,1.16864,1.168665,-1.0
2026-01-21 22:50:00-05:00,1.168665,1.168885,1.168645,1.16886,-1.0
2026-01-21 22:55:00-05:00,1.16886,1.169035,1.168855,1.168905,-1.0
2026-01-21 23:00:00-05:00,1.168905,1.16917,1.168895,1.1691,-1.0
2026-01-21 23:05:00-05:00,1.1691,1.16948,1.16907,1.16938,-1.0
2026-01-21 23:10:00-05:00,1.16938,1.169705,1.16938,1.169665,-1.0
2026-01-21 23:15:00-05:00,1.169665,1.16973,1.169445,1.169455,-1.0
2026-01-21 23:20:00-05:00,1.169455,1.169555,1.169425,1.16944,-1.0
2026-01-21 23:25:00-05:00,1.16944,1.169475,1.169405,1.16945,-1.0
2026-01-21 23:30:00-05:00,1.16945,1.169455,1.16929,1.169295,-1.0
2026-01-21 23:35:00-05:00,1.169295,1.16938,1.169145,1.169165,-1.0
2026-01-21 23:40:00-05:00,1.169165,1.169265,1.169085,1.169095,-1.0
2026-01-21 23:45:00-05:00,1.169095,1.169105,1.16902,1.16908,-1.0
2026-01-21 23:50:00-05:00,1.16908,1.169215,1.16908,1.16919,-1.0
2026-01-21 23:55:00-05:00,1.16919,1.169275,1.169145,1.16916,-1.0
2026-01-22 00:00:00-05:00,1.16916,1.16916,1.16904,1.1691,-1.0
2026-01-22 00:05:00-05:00,1.1691,1.16911,1.168995,1.169085,-1.0
2026-01-22 00:10:00-05:00,1.169085,1.169185,1.168995,1.169185,-1.0
2026-01-22 00:15:00-05:00,1.169185,1.1692,1.169045,1.16905,-1.0
2026-01-22 00:20:00-05:00,1.16905,1.169095,1.16884,1.168885,-1.0
2026-01-22 00:25:00-05:00,1.168885,1.168895,1.168785,1.168845,-1.0
2026-01-22 00:30:00-05:00,1.168845,1.16895,1.168845,1.16886,-1.0
2026-01-22 00:35:00-05:00,1.16886,1.1689,1.168835,1.168855,-1.0
2026-01-22 00:40:00-05:00,1.168855,1.168855,1.168685,1.168695,-1.0
2026-01-22 00:45:00-05:00,1.168695,1.168735,1.168445,1.1685,-1.0
2026-01-22 00:50:00-05:00,1.1685,1.16876,1.16849,1.168655,-1.0
2026-01-22 00:55:00-05:00,1.168655,1.16889,1.16862,1.16884,-1.0
2026-01-22 01:00:00-05:00,1.16884,1.169055,1.168825,1.16894,-1.0
2026-01-22 01:05:00-05:00,1.16894,1.168945,1.168625,1.168685,-1.0
2026-01-22 01:10:00-05:00,1.168685,1.16872,1.16851,1.16871,-1.0
2026-01-22 01:15:00-05:00,1.16871,1.169105,1.16868,1.168945,-1.0
2026-01-22 01:20:00-05:00,1.168945,1.169035,1.16884,1.168915,-1.0
2026-01-22 01:25:00-05:00,1.168915,1.169015,1.1688,1.169015,-1.0
2026-01-22 01:30:00-05:00,1.169015,1.169195,1.168975,1.16911,-1.0
2026-01-22 01:35:00-05:00,1.16911,1.16911,1.16877,1.168975,-1.0
2026-01-22 01:40:00-05:00,1.168975,1.16909,1.1687,1.1687,-1.0
2026-01-22 01:45:00-05:00,1.1687,1.168765,1.168635,1.168665,-1.0
2026-01-22 01:50:00-05:00,1.168665,1.168705,1.168475,1.16849,-1.0
2026-01-22 01:55:00-05:00,1.16849,1.168965,1.168425,1.168865,-1.0
2026-01-22 02:00:00-05:00,1.168865,1.168905,1.16856,1.168635,-1.0
2026-01-22 02:05:00-05:00,1.168635,1.168925,1.168615,1.168725,-1.0
2026-01-22 02:10:00-05:00,1.168725,1.168885,1.168495,1.168525,-1.0
2026-01-22 02:15:00-05:00,1.168525,1.168845,1.168475,1.168615,-1.0
2026-01-22 02:20:00-05:00,1.168615,1.16896,1.16856,1.168955,-1.0
2026-01-22 02:25:00-05:00,1.168955,1.169115,1.168845,1.16891,-1.0
2026-01-22 02:30:00-05:00,1.16891,1.169115,1.168675,1.16896,-1.0
2026-01-22 02:35:00-05:00,1.16896,1.16917,1.16888,1.169145,-1.0
2026-01-22 02:40:00-05:00,1.169145,1.16929,1.168855,1.168995,-1.0
2026-01-22 02:45:00-05:00,1.168995,1.169305,1.168965,1.169265,-1.0
2026-01-22 02:50:00-05:00,1.169265,1.16961,1.169255,1.169535,-1.0
2026-01-22 02:55:00-05:00,1.169535,1.16954,1.16905,1.16905,-1.0
2026-01-22 03:00:00-05:00,1.16905,1.16918,1.168825,1.169165,-1.0
2026-01-22 03:05:00-05:00,1.169165,1.169245,1.16872,1.16872,-1.0
2026-01-22 03:10:00-05:00,1.16872,1.168905,1.168635,1.168675,-1.0
2026-01-22 03:15:00-05:00,1.168675,1.169165,1.168655,1.16916,-1.0
2026-01-22 03:20:00-05:00,1.16916,1.169455,1.169055,1.16924,-1.0
2026-01-22 03:25:00-05:00,1.16924,1.16951,1.169025,1.169035,-1.0
2026-01-22 03:30:00-05:00,1.169035,1.16911,1.16859,1.168615,-1.0
2026-01-22 03:35:00-05:00,1.168615,1.168675,1.16841,1.16862,-1.0
2026-01-22 03:40:00-05:00,1.16862,1.168905,1.1686,1.168655,-1.0
2026-01-22 03:45:00-05:00,1.168655,1.168815,1.168485,1.168805,-1.0
2026-01-22 03:50:00-05:00,1.168805,1.16892,1.168645,1.16884,-1.0
2026-01-22 03:55:00-05:00,1.16884,1.169025,1.1688,1.168895,-1.0
2026-01-22 04:00:00-05:00,1.168895,1.16919,1.168765,1.169055,-1.0
2026-01-22 04:05:00-05:00,1.169055,1.16909,1.168905,1.168975,-1.0
2026-01-22 04:10:00-05:00,1.168975,1.16914,1.168935,1.16901,-1.0
2026-01-22 04:15:00-05:00,1.16901,1.16919,1.16885,1.169145,-1.0
2026-01-22 04:20:00-05:00,1.169145,1.169745,1.169095,1.169635,-1.0
2026-01-22 04:25:00-05:00,1.169635,1.169675,1.16924,1.169285,-1.0
2026-01-22 04:30:00-05:00,1.169285,1.169385,1.168965,1.169345,-1.0
2026-01-22 04:35:00-05:00,1.169345,1.169365,1.16915,1.169345,-1.0
2026-01-22 04:40:00-05:00,1.169345,1.169515,1.1692,1.16937,-1.0
2026-01-22 04:45:00-05:00,1.16937,1.16957,1.169335,1.1694,-1.0
2026-01-22 04:50:00-05:00,1.1694,1.1694,1.169185,1.169335,-1.0
2026-01-22 04:55:00-05:00,1.169335,1.169375,1.169055,1.169255,-1.0
2026-01-22 05:00:00-05:00,1.169255,1.169565,1.169255,1.16951,-1.0
2026-01-22 05:05:00-05:00,1.16951,1.16954,1.16894,1.16895,-1.0
2026-01-22 05:10:00-05:00,1.16895,1.169095,1.16882,1.16884,-1.0
2026-01-22 05:15:00-05:00,1.16884,1.168905,1.168755,1.168795,-1.0
2026-01-22 05:20:00-05:00,1.168795,1.168845,1.16868,1.168745,-1.0
2026-01-22 05:25:00-05:00,1.168745,1.16885,1.16867,1.168765,-1.0
2026-01-22 05:30:00-05:00,1.168765,1.169065,1.16875,1.169015,-1.0
2026-01-22 05:35:00-05:00,1.169015,1.16942,1.169,1.16931,-1.0
2026-01-22 05:40:00-05:00,1.16931,1.169405,1.169095,1.16913,-1.0
2026-01-22 05:45:00-05:00,1.16913,1.16913,1.16869,1.16881,-1.0
2026-01-22 05:50:00-05:00,1.16881,1.16937,1.16876,1.169355,-1.0
2026-01-22 05:55:00-05:00,1.169355,1.16954,1.1692,1.169535,-1.0
2026-01-22 06:00:00-05:00,1.169535,1.16954,1.169245,1.16935,-1.0
2026-01-22 06:05:00-05:00,1.16935,1.169695,1.169335,1.169695,-1.0
2026-01-22 06:10:00-05:00,1.169695,1.169865,1.169405,1.169415,-1.0
2026-01-22 06:15:00-05:00,1.169415,1.16959,1.16903,1.16946,-1.0
2026-01-22 06:20:00-05:00,1.16946,1.169595,1.169325,1.169535,-1.0
2026-01-22 06:25:00-05:00,1.169535,1.169955,1.16946,1.169795,-1.0
2026-01-22 06:30:00-05:00,1.169795,1.170185,1.16968,1.170045,-1.0
2026-01-22 06:35:00-05:00,1.170045,1.170275,1.169705,1.17025,-1.0
2026-01-22 06:40:00-05:00,1.17025,1.17026,1.169975,1.17017,-1.0
2026-01-22 06:45:00-05:00,1.17017,1.170425,1.17017,1.170395,-1.0
2026-01-22 06:50:00-05:00,1.170395,1.17041,1.170115,1.170115,-1.0
2026-01-22 06:55:00-05:00,1.170115,1.170395,1.170105,1.170225,-1.0
2026-01-22 07:00:00-05:00,1.170225,1.17028,1.17016,1.170195,-1.0
2026-01-22 07:05:00-05:00,1.170195,1.17039,1.170155,1.17034,-1.0
2026-01-22 07:10:00-05:00,1.17034,1.170475,1.17029,1.170385,-1.0
2026-01-22 07:15:00-05:00,1.170385,1.170595,1.17035,1.170495,-1.0
2026-01-22 07:20:00-05:00,1.170495,1.17091,1.170465,1.170865,-1.0
2026-01-22 07:25:00-05:00,1.170865,1.17092,1.17062,1.17066,-1.0
2026-01-22 07:30:00-05:00,1.17066,1.17078,1.170415,1.17042,-1.0
2026-01-22 07:35:00-05:00,1.17042,1.170465,1.170215,1.17043,-1.0
2026-01-22 07:40:00-05:00,1.17043,1.170465,1.17026,1.170335,-1.0
2026-01-22 07:45:00-05:00,1.170335,1.17036,1.17019,1.17028,-1.0
2026-01-22 07:50:00-05:00,1.17028,1.170355,1.170015,1.170115,-1.0
2026-01-22 07:55:00-05:00,1.170115,1.170545,1.170105,1.170385,-1.0
2026-01-22 08:00:00-05:00,1.170385,1.170735,1.170305,1.17043,-1.0
2026-01-22 08:05:00-05:00,1.17043,1.1706,1.170385,1.170555,-1.0
2026-01-22 08:10:00-05:00,1.170555,1.17117,1.170485,1.170915,-1.0
2026-01-22 08:15:00-05:00,1.170915,1.17173,1.170915,1.171715,-1.0
2026-01-22 08:20:00-05:00,1.171715,1.171875,1.17154,1.17172,-1.0
2026-01-22 08:25:00-05:00,1.17172,1.17179,1.17128,1.171335,-1.0
2026-01-22 08:30:00-05:00,1.171335,1.171615,1.1707,1.17139,-1.0
2026-01-22 08:35:00-05:00,1.17139,1.171745,1.171015,1.17171,-1.0
2026-01-22 08:40:00-05:00,1.17171,1.171775,1.171085,1.171415,-1.0
2026-01-22 08:45:00-05:00,1.171415,1.17147,1.17104,1.17113,-1.0
2026-01-22 08:50:00-05:00,1.17113,1.171445,1.171025,1.171345,-1.0
2026-01-22 08:55:00-05:00,1.171345,1.171435,1.17118,1.17139,-1.0
2026-01-22 09:00:00-05:00,1.17139,1.17175,1.171365,1.1716,-1.0
2026-01-22 09:05:00-05:00,1.1716,1.171765,1.171555,1.171565,-1.0
2026-01-22 09:10:00-05:00,1.171565,1.171915,1.171425,1.17143,-1.0
2026-01-22 09:15:00-05:00,1.17143,1.1716,1.171235,1.17148,-1.0
2026-01-22 09:20:00-05:00,1.17148,1.17166,1.171085,1.171215,-1.0
2026-01-22 09:25:00-05:00,1.171215,1.171595,1.17116,1.17143,-1.0
2026-01-22 09:30:00-05:00,1.17143,1.171935,1.1714,1.171425,-1.0
2026-01-22 09:35:00-05:00,1.171425,1.172565,1.171425,1.17248,-1.0
2026-01-22 09:40:00-05:00,1.17248,1.172535,1.17209,1.172105,-1.0
2026-01-22 09:45:00-05:00,1.172105,1.172215,1.17185,1.17209,-1.0
2026-01-22 09:50:00-05:00,1.17209,1.17227,1.171975,1.17227,-1.0
2026-01-22 09:55:00-05:00,1.17227,1.172435,1.171895,1.17199,-1.0
2026-01-22 10:00:00-05:00,1.17199,1.172225,1.171865,1.172185,-1.0
2026-01-22 10:05:00-05:00,1.172185,1.17256,1.17204,1.172325,-1.0
2026-01-22 10:10:00-05:00,1.172325,1.17269,1.1722,1.17262,-1.0
2026-01-22 10:15:00-05:00,1.17262,1.1728,1.172515,1.172645,-1.0
2026-01-22 10:20:00-05:00,1.172645,1.172815,1.172625,1.172675,-1.0
2026-01-22 10:25:00-05:00,1.172675,1.172985,1.17253,1.172835,-1.0
2026-01-22 10:30:00-05:00,1.172835,1.172915,1.17263,1.172825,-1.0
2026-01-22 10:35:00-05:00,1.172825,1.17287,1.172425,1.172825,-1.0
2026-01-22 10:40:00-05:00,1.172825,1.17323,1.172685,1.173165,-1.0
2026-01-22 10:45:00-05:00,1.173165,1.173355,1.172795,1.173155,-1.0
2026-01-22 10:50:00-05:00,1.173155,1.173295,1.17297,1.173285,-1.0
2026-01-22 10:55:00-05:00,1.173285,1.173415,1.17294,1.173405,-1.0
2026-01-22 11:00:00-05:00,1.173405,1.173805,1.17335,1.17376,-1.0
2026-01-22 11:05:00-05:00,1.17376,1.17379,1.173485,1.173745,-1.0
2026-01-22 11:10:00-05:00,1.173745,1.174605,1.173705,1.17455,-1.0
2026-01-22 11:15:00-05:00,1.17455,1.175,1.174275,1.174955,-1.0
2026-01-22 11:20:00-05:00,1.174955,1.175005,1.174755,1.174975,-1.0
2026-01-22 11:25:00-05:00,1.174975,1.17508,1.17418,1.174195,-1.0
2026-01-22 11:30:00-05:00,1.174195,1.17427,1.173985,1.174255,-1.0
2026-01-22 11:35:00-05:00,1.174255,1.174635,1.17421,1.17427,-1.0
2026-01-22 11:40:00-05:00,1.17427,1.174465,1.174155,1.174215,-1.0
2026-01-22 11:45:00-05:00,1.174215,1.17447,1.174175,1.1742,-1.0
2026-01-22 11:50:00-05:00,1.1742,1.174375,1.17417,1.174235,-1.0
2026-01-22 11:55:00-05:00,1.174235,1.17437,1.17387,1.173875,-1.0
2026-01-22 12:00:00-05:00,1.173875,1.173995,1.173665,1.1739,-1.0
2026-01-22 12:05:00-05:00,1.1739,1.174065,1.172685,1.173505,-1.0
2026-01-22 12:10:00-05:00,1.173505,1.173865,1.173445,1.1738,-1.0
2026-01-22 12:15:00-05:00,1.1738,1.17403,1.17341,1.173895,-1.0
2026-01-22 12:20:00-05:00,1.173895,1.17421,1.17386,1.17418,-1.0
2026-01-22 12:25:00-05:00,1.17418,1.17422,1.17403,1.17414,-1.0
2026-01-22 12:30:00-05:00,1.17414,1.17428,1.173995,1.17427,-1.0
2026-01-22 12:35:00-05:00,1.17427,1.17456,1.174265,1.174545,-1.0
2026-01-22 12:40:00-05:00,1.174545,1.174795,1.174435,1.17478,-1.0
2026-01-22 12:45:00-05:00,1.17478,1.174785,1.174655,1.174665,-1.0
2026-01-22 12:50:00-05:00,1.174665,1.174795,1.17459,1.174715,-1.0
2026-01-22 12:55:00-05:00,1.174715,1.17473,1.174605,1.174655,-1.0
2026-01-22 13:00:00-05:00,1.174655,1.17466,1.174335,1.174635,-1.0
2026-01-22 13:05:00-05:00,1.174635,1.17464,1.174465,1.17456,-1.0
2026-01-22 13:10:00-05:00,1.17456,1.17469,1.174365,1.174545,-1.0
2026-01-22 13:15:00-05:00,1.174545,1.17468,1.174475,1.174625,-1.0
2026-01-22 13:20:00-05:00,1.174625,1.174875,1.174585,1.174585,-1.0
2026-01-22 13:25:00-05:00,1.174585,1.17473,1.174525,1.1746,-1.0
2026-01-22 13:30:00-05:00,1.1746,1.174785,1.17458,1.17476,-1.0
2026-01-22 13:35:00-05:00,1.17476,1.1748,1.174705,1.174725,-1.0
2026-01-22 13:40:00-05:00,1.174725,1.174725,1.17456,1.174635,-1.0
2026-01-22 13:45:00-05:00,1.174635,1.17478,1.174585,1.17478,-1.0
2026-01-22 13:50:00-05:00,1.17478,1.174835,1.174675,1.174835,-1.0
2026-01-22 13:55:00-05:00,1.174835,1.17484,1.17468,1.17476,-1.0
2026-01-22 14:00:00-05:00,1.17476,1.17481,1.17451,1.174525,-1.0
2026-01-22 14:05:00-05:00,1.174525,1.17464,1.17437,1.174555,-1.0
2026-01-22 14:10:00-05:00,1.174555,1.1746,1.174345,1.17438,-1.0
2026-01-22 14:15:00-05:00,1.17438,1.174405,1.17426,1.174285,-1.0
2026-01-22 14:20:00-05:00,1.174285,1.174395,1.1742,1.17434,-1.0
2026-01-22 14:25:00-05:00,1.17434,1.17435,1.174235,1.174315,-1.0
2026-01-22 14:30:00-05:00,1.174315,1.174345,1.174125,1.174145,-1.0
2026-01-22 14:35:00-05:00,1.174145,1.174445,1.17413,1.174435,-1.0
2026-01-22 14:40:00-05:00,1.174435,1.174445,1.174305,1.174315,-1.0
2026-01-22 14:45:00-05:00,1.174315,1.174405,1.174205,1.17438,-1.0
2026-01-22 14:50:00-05:00,1.17438,1.174485,1.17431,1.174485,-1.0
2026-01-22 14:55:00-05:00,1.174485,1.174495,1.17433,1.174405,-1.0
2026-01-22 15:00:00-05:00,1.174405,1.174455,1.17421,1.174435,-1.0
2026-01-22 15:05:00-05:00,1.174435,1.174555,1.174335,1.17455,-1.0
2026-01-22 15:10:00-05:00,1.17455,1.17469,1.1745,1.17469,-1.0
2026-01-22 15:15:00-05:00,1.17469,1.17484,1.17469,1.174805,-1.0
2026-01-22 15:20:00-05:00,1.174805,1.17482,1.17465,1.174735,-1.0
2026-01-22 15:25:00-05:00,1.174735,1.174755,1.174645,1.174695,-1.0
2026-01-22 15:30:00-05:00,1.174695,1.174825,1.174595,1.174645,-1.0
2026-01-22 15:35:00-05:00,1.174645,1.174865,1.17462,1.174845,-1.0
2026-01-22 15:40:00-05:00,1.174845,1.17509,1.174845,1.17508,-1.0
2026-01-22 15:45:00-05:00,1.17508,1.17529,1.175025,1.17516,-1.0
2026-01-22 15:50:00-05:00,1.17516,1.175205,1.174905,1.174995,-1.0
2026-01-22 15:55:00-05:00,1.174995,1.174995,1.17477,1.174885,-1.0
2026-01-22 16:00:00-05:00,1.174885,1.174945,1.174715,1.174805,-1.0
2026-01-22 16:05:00-05:00,1.174805,1.174855,1.17474,1.174845,-1.0
2026-01-22 16:10:00-05:00,1.174845,1.17491,1.174795,1.174905,-1.0
2026-01-22 16:15:00-05:00,1.174905,1.174935,1.17486,1.174925,-1.0
2026-01-22 16:20:00-05:00,1.174925,1.175445,1.174905,1.17543,-1.0
2026-01-22 16:25:00-05:00,1.17543,1.17551,1.175255,1.175475,-1.0
2026-01-22 16:30:00-05:00,1.175475,1.175505,1.175415,1.17546,-1.0
2026-01-22 16:35:00-05:00,1.17546,1.17546,1.1753,1.17541,-1.0
2026-01-22 16:40:00-05:00,1.17541,1.175485,1.17537,1.17543,-1.0
2026-01-22 16:45:00-05:00,1.17543,1.17551,1.175305,1.17541,-1.0
2026-01-22 16:50:00-05:00,1.17541,1.17544,1.175345,1.17543,-1.0
2026-01-22 16:55:00-05:00,1.17543,1.175655,1.175415,1.1755,-1.0
2026-01-22 17:15:00-05:00,1.17544,1.17545,1.17527,1.17533,-1.0
2026-01-22 17:20:00-05:00,1.17533,1.17546,1.175295,1.175365,-1.0
2026-01-22 17:25:00-05:00,1.175365,1.175435,1.17531,1.175335,-1.0
2026-01-22 17:30:00-05:00,1.175335,1.17541,1.175305,1.175325,-1.0
2026-01-22 17:35:00-05:00,1.175325,1.17566,1.175325,1.17562,-1.0
2026-01-22 17:40:00-05:00,1.17562,1.17562,1.17556,1.175575,-1.0
2026-01-22 17:45:00-05:00,1.175575,1.175615,1.17557,1.17561,-1.0
2026-01-22 17:50:00-05:00,1.17561,1.175615,1.175605,1.17561,-1.0
2026-01-22 17:55:00-05:00,1.17561,1.17562,1.175585,1.17559,-1.0
2026-01-22 18:00:00-05:00,1.17559,1.17585,1.175585,1.1758,-1.0
2026-01-22 18:05:00-05:00,1.1758,1.175945,1.17559,1.175935,-1.0
2026-01-22 18:10:00-05:00,1.175935,1.175935,1.175725,1.175745,-1.0
2026-01-22 18:15:00-05:00,1.175745,1.17579,1.175615,1.17564,-1.0
2026-01-22 18:20:00-05:00,1.17564,1.17573,1.175635,1.175695,-1.0
2026-01-22 18:25:00-05:00,1.175695,1.175755,1.175675,1.17568,-1.0
2026-01-22 18:30:00-05:00,1.17568,1.175685,1.175485,1.175485,-1.0
2026-01-22 18:35:00-05:00,1.175485,1.175545,1.175445,1.17546,-1.0
2026-01-22 18:40:00-05:00,1.17546,1.175475,1.175355,1.175445,-1.0
2026-01-22 18:45:00-05:00,1.175445,1.1755,1.17534,1.17544,-1.0
2026-01-22 18:50:00-05:00,1.17544,1.17544,1.17534,1.17536,-1.0
2026-01-22 18:55:00-05:00,1.17536,1.17544,1.17534,1.17539,-1.0
2026-01-22 19:00:00-05:00,1.17539,1.175395,1.175105,1.175135,-1.0
2026-01-22 19:05:00-05:00,1.175135,1.175135,1.17494,1.175,-1.0
2026-01-22 19:10:00-05:00,1.175,1.175065,1.1749,1.1749,-1.0
2026-01-22 19:15:00-05:00,1.1749,1.17511,1.174895,1.174995,-1.0
2026-01-22 19:20:00-05:00,1.174995,1.175165,1.174955,1.17504,-1.0
2026-01-22 19:25:00-05:00,1.17504,1.17517,1.17501,1.175135,-1.0
2026-01-22 19:30:00-05:00,1.175135,1.175245,1.17505,1.17506,-1.0
2026-01-22 19:35:00-05:00,1.17506,1.175075,1.17494,1.17494,-1.0
2026-01-22 19:40:00-05:00,1.17494,1.175045,1.174885,1.174935,-1.0
2026-01-22 19:45:00-05:00,1.174935,1.174995,1.174875,1.174955,-1.0
2026-01-22 19:50:00-05:00,1.174955,1.175015,1.174845,1.174875,-1.0
2026-01-22 19:55:00-05:00,1.174875,1.17494,1.174805,1.17481,-1.0
2026-01-22 20:00:00-05:00,1.17481,1.17496,1.174725,1.17487,-1.0
2026-01-22 20:05:00-05:00,1.17487,1.17492,1.174715,1.174805,-1.0
2026-01-22 20:10:00-05:00,1.174805,1.174845,1.17477,1.17479,-1.0
2026-01-22 20:15:00-05:00,1.17479,1.175375,1.174785,1.175065,-1.0
2026-01-22 20:20:00-05:00,1.175065,1.175365,1.17501,1.17513,-1.0
2026-01-22 20:25:00-05:00,1.17513,1.17524,1.17508,1.175145,-1.0
2026-01-22 20:30:00-05:00,1.175145,1.175195,1.174945,1.175085,-1.0
2026-01-22 20:35:00-05:00,1.175085,1.17516,1.17502,1.175085,-1.0
2026-01-22 20:40:00-05:00,1.175085,1.175115,1.1749,1.17499,-1.0
2026-01-22 20:45:00-05:00,1.17499,1.175155,1.17497,1.17513,-1.0
2026-01-22 20:50:00-05:00,1.17513,1.175245,1.17506,1.17516,-1.0
2026-01-22 20:55:00-05:00,1.17516,1.17516,1.17479,1.17494,-1.0
2026-01-22 21:00:00-05:00,1.17494,1.17501,1.17465,1.17466,-1.0
2026-01-22 21:05:00-05:00,1.17466,1.174795,1.174635,1.1747,-1.0
2026-01-22 21:10:00-05:00,1.1747,1.174895,1.17465,1.174855,-1.0
2026-01-22 21:15:00-05:00,1.174855,1.174905,1.17483,1.174895,-1.0
2026-01-22 21:20:00-05:00,1.174895,1.174905,1.174795,1.174795,-1.0
2026-01-22 21:25:00-05:00,1.174795,1.17491,1.174795,1.17483,-1.0
2026-01-22 21:30:00-05:00,1.17483,1.174995,1.174735,1.174825,-1.0
2026-01-22 21:35:00-05:00,1.174825,1.17484,1.17465,1.17465,-1.0
2026-01-22 21:40:00-05:00,1.17465,1.174735,1.17441,1.174515,-1.0
2026-01-22 21:45:00-05:00,1.174515,1.174635,1.174455,1.17454,-1.0
2026-01-22 21:50:00-05:00,1.17454,1.174705,1.174475,1.17452,-1.0
2026-01-22 21:55:00-05:00,1.17452,1.174725,1.17447,1.17455,-1.0
2026-01-22 22:00:00-05:00,1.17455,1.174715,1.17454,1.17464,-1.0
2026-01-22 22:05:00-05:00,1.17464,1.17488,1.1746,1.174805,-1.0
2026-01-22 22:10:00-05:00,1.174805,1.174805,1.174575,1.17468,-1.0
2026-01-22 22:15:00-05:00,1.17468,1.174795,1.174465,1.174495,-1.0
2026-01-22 22:20:00-05:00,1.174495,1.17462,1.17449,1.174515,-1.0
2026-01-22 22:25:00-05:00,1.174515,1.174545,1.174455,1.174475,-1.0
2026-01-22 22:30:00-05:00,1.174475,1.17454,1.17438,1.17445,-1.0
2026-01-22 22:35:00-05:00,1.17445,1.17454,1.174425,1.174495,-1.0
2026-01-22 22:40:00-05:00,1.174495,1.174555,1.174475,1.174495,-1.0
2026-01-22 22:45:00-05:00,1.174495,1.174645,1.17449,1.1746,-1.0
2026-01-22 22:50:00-05:00,1.1746,1.174655,1.17437,1.174425,-1.0
2026-01-22 22:55:00-05:00,1.174425,1.174455,1.174365,1.17437,-1.0
2026-01-22 23:00:00-05:00,1.17437,1.17445,1.174315,1.17439,-1.0
2026-01-22 23:05:00-05:00,1.17439,1.17445,1.174335,1.17439,-1.0
2026-01-22 23:10:00-05:00,1.17439,1.174495,1.17439,1.174495,-1.0
2026-01-22 23:15:00-05:00,1.174495,1.174635,1.17447,1.174545,-1.0
2026-01-22 23:20:00-05:00,1.174545,1.17455,1.174475,1.17448,-1.0
2026-01-22 23:25:00-05:00,1.17448,1.174525,1.174465,1.1745,-1.0
2026-01-22 23:30:00-05:00,1.1745,1.174515,1.174465,1.17449,-1.0
2026-01-22 23:35:00-05:00,1.17449,1.174695,1.17448,1.174695,-1.0
2026-01-22 23:40:00-05:00,1.174695,1.17484,1.174685,1.174835,-1.0
2026-01-22 23:45:00-05:00,1.174835,1.17487,1.17473,1.17479,-1.0
2026-01-22 23:50:00-05:00,1.17479,1.17505,1.174785,1.175045,-1.0
2026-01-22 23:55:00-05:00,1.175045,1.17511,1.17499,1.175,-1.0
2026-01-23 00:00:00-05:00,1.175,1.17516,1.175,1.17507,-1.0
2026-01-23 00:05:00-05:00,1.17507,1.175215,1.17504,1.17521,-1.0
2026-01-23 00:10:00-05:00,1.17521,1.17523,1.17512,1.17512,-1.0
2026-01-23 00:15:00-05:00,1.17512,1.17529,1.17512,1.175205,-1.0
2026-01-23 00:20:00-05:00,1.175205,1.175405,1.175185,1.175315,-1.0
2026-01-23 00:25:00-05:00,1.175315,1.175315,1.175045,1.175085,-1.0
2026-01-23 00:30:00-05:00,1.175085,1.17522,1.17507,1.175175,-1.0
2026-01-23 00:35:00-05:00,1.175175,1.1752,1.17509,1.175135,-1.0
2026-01-23 00:40:00-05:00,1.175135,1.17525,1.175135,1.17524,-1.0
2026-01-23 00:45:00-05:00,1.17524,1.175245,1.17513,1.175175,-1.0
2026-01-23 00:50:00-05:00,1.175175,1.17524,1.175035,1.175045,-1.0
2026-01-23 00:55:00-05:00,1.175045,1.17521,1.174985,1.17511,-1.0
2026-01-23 01:00:00-05:00,1.17511,1.17531,1.175035,1.17517,-1.0
2026-01-23 01:05:00-05:00,1.17517,1.1752,1.17494,1.17499,-1.0
2026-01-23 01:10:00-05:00,1.17499,1.174995,1.17469,1.174765,-1.0
2026-01-23 01:15:00-05:00,1.174765,1.174775,1.174545,1.174575,-1.0
2026-01-23 01:20:00-05:00,1.174575,1.174795,1.17452,1.17474,-1.0
2026-01-23 01:25:00-05:00,1.17474,1.174755,1.174375,1.17438,-1.0
2026-01-23 01:30:00-05:00,1.17438,1.174795,1.17438,1.174765,-1.0
2026-01-23 01:35:00-05:00,1.174765,1.17481,1.174635,1.17464,-1.0
2026-01-23 01:40:00-05:00,1.17464,1.174695,1.174425,1.174455,-1.0
2026-01-23 01:45:00-05:00,1.174455,1.174635,1.174235,1.17429,-1.0
2026-01-23 01:50:00-05:00,1.17429,1.17447,1.17421,1.17431,-1.0
2026-01-23 01:55:00-05:00,1.17431,1.174395,1.174155,1.174215,-1.0
2026-01-23 02:00:00-05:00,1.174215,1.17447,1.17413,1.1742,-1.0
2026-01-23 02:05:00-05:00,1.1742,1.174395,1.17408,1.174195,-1.0
2026-01-23 02:10:00-05:00,1.174195,1.174255,1.17411,1.174235,-1.0
2026-01-23 02:15:00-05:00,1.174235,1.17424,1.17399,1.174015,-1.0
2026-01-23 02:20:00-05:00,1.174015,1.174015,1.173735,1.17377,-1.0
2026-01-23 02:25:00-05:00,1.17377,1.173805,1.17357,1.173685,-1.0
2026-01-23 02:30:00-05:00,1.173685,1.173875,1.173495,1.17364,-1.0
2026-01-23 02:35:00-05:00,1.17364,1.173815,1.1736,1.173725,-1.0
2026-01-23 02:40:00-05:00,1.173725,1.174665,1.173685,1.174315,-1.0
2026-01-23 02:45:00-05:00,1.174315,1.17475,1.17386,1.173945,-1.0
2026-01-23 02:50:00-05:00,1.173945,1.174225,1.17373,1.174185,-1.0
2026-01-23 02:55:00-05:00,1.174185,1.174205,1.17352,1.173615,-1.0
2026-01-23 03:00:00-05:00,1.173615,1.17397,1.173495,1.173665,-1.0
2026-01-23 03:05:00-05:00,1.173665,1.17367,1.173285,1.173325,-1.0
2026-01-23 03:10:00-05:00,1.173325,1.173585,1.17316,1.173515,-1.0
2026-01-23 03:15:00-05:00,1.173515,1.17354,1.172835,1.172985,-1.0
2026-01-23 03:20:00-05:00,1.172985,1.173255,1.17295,1.173135,-1.0
2026-01-23 03:25:00-05:00,1.173135,1.173175,1.173025,1.173125,-1.0
2026-01-23 03:30:00-05:00,1.173125,1.17378,1.17312,1.173765,-1.0
2026-01-23 03:35:00-05:00,1.173765,1.17402,1.173595,1.173945,-1.0
2026-01-23 03:40:00-05:00,1.173945,1.174525,1.173855,1.17452,-1.0
2026-01-23 03:45:00-05:00,1.17452,1.174525,1.174025,1.1742,-1.0
2026-01-23 03:50:00-05:00,1.1742,1.174305,1.17405,1.174085,-1.0
2026-01-23 03:55:00-05:00,1.174085,1.1741,1.173945,1.17401,-1.0
2026-01-23 04:00:00-05:00,1.17401,1.17409,1.173635,1.17378,-1.0
2026-01-23 04:05:00-05:00,1.17378,1.17436,1.173745,1.174145,-1.0
2026-01-23 04:10:00-05:00,1.174145,1.17424,1.173685,1.173815,-1.0
2026-01-23 04:15:00-05:00,1.173815,1.173915,1.173655,1.173725,-1.0
2026-01-23 04:20:00-05:00,1.173725,1.174255,1.173715,1.174205,-1.0
2026-01-23 04:25:00-05:00,1.174205,1.174395,1.174095,1.174135,-1.0
2026-01-23 04:30:00-05:00,1.174135,1.174525,1.17386,1.174065,-1.0
2026-01-23 04:35:00-05:00,1.174065,1.174495,1.17404,1.17437,-1.0
2026-01-23 04:40:00-05:00,1.17437,1.174395,1.17413,1.174185,-1.0
2026-01-23 04:45:00-05:00,1.174185,1.17429,1.17385,1.173995,-1.0
2026-01-23 04:50:00-05:00,1.173995,1.174155,1.173815,1.173855,-1.0
2026-01-23 04:55:00-05:00,1.173855,1.173895,1.17351,1.17354,-1.0
2026-01-23 05:00:00-05:00,1.17354,1.173605,1.173295,1.173355,-1.0
2026-01-23 05:05:00-05:00,1.173355,1.173555,1.17324,1.173395,-1.0
2026-01-23 05:10:00-05:00,1.173395,1.17343,1.173135,1.173135,-1.0
2026-01-23 05:15:00-05:00,1.173135,1.173155,1.17307,1.17313,-1.0
2026-01-23 05:20:00-05:00,1.17313,1.17332,1.17313,1.173235,-1.0
2026-01-23 05:25:00-05:00,1.173235,1.17327,1.17301,1.173195,-1.0
2026-01-23 05:30:00-05:00,1.173195,1.173495,1.173195,1.173295,-1.0
2026-01-23 05:35:00-05:00,1.173295,1.17331,1.173145,1.17318,-1.0
2026-01-23 05:40:00-05:00,1.17318,1.173335,1.173115,1.173165,-1.0
2026-01-23 05:45:00-05:00,1.173165,1.173435,1.173085,1.17341,-1.0
2026-01-23 05:50:00-05:00,1.17341,1.17359,1.17333,1.17343,-1.0
2026-01-23 05:55:00-05:00,1.17343,1.17346,1.173205,1.17346,-1.0
2026-01-23 06:00:00-05:00,1.17346,1.173575,1.173195,1.173215,-1.0
2026-01-23 06:05:00-05:00,1.173215,1.17355,1.173075,1.173385,-1.0
2026-01-23 06:10:00-05:00,1.173385,1.17358,1.173305,1.17349,-1.0
2026-01-23 06:15:00-05:00,1.17349,1.173755,1.17333,1.173735,-1.0
2026-01-23 06:20:00-05:00,1.173735,1.173865,1.17365,1.173705,-1.0
2026-01-23 06:25:00-05:00,1.173705,1.17386,1.173605,1.173685,-1.0
2026-01-23 06:30:00-05:00,1.173685,1.17386,1.173585,1.17385,-1.0
2026-01-23 06:35:00-05:00,1.17385,1.173885,1.17367,1.173725,-1.0
2026-01-23 06:40:00-05:00,1.173725,1.17374,1.17358,1.173705,-1.0
2026-01-23 06:45:00-05:00,1.173705,1.174055,1.173675,1.173935,-1.0
2026-01-23 06:50:00-05:00,1.173935,1.173935,1.173545,1.17368,-1.0
2026-01-23 06:55:00-05:00,1.17368,1.173865,1.173585,1.173745,-1.0
2026-01-23 07:00:00-05:00,1.173745,1.173895,1.17367,1.173855,-1.0
2026-01-23 07:05:00-05:00,1.173855,1.173935,1.173745,1.173815,-1.0
2026-01-23 07:10:00-05:00,1.173815,1.17396,1.17371,1.173825,-1.0
2026-01-23 07:15:00-05:00,1.173825,1.173955,1.17374,1.173895,-1.0
2026-01-23 07:20:00-05:00,1.173895,1.17393,1.173815,1.173815,-1.0
2026-01-23 07:25:00-05:00,1.173815,1.173915,1.173745,1.173895,-1.0
2026-01-23 07:30:00-05:00,1.173895,1.174115,1.17379,1.173995,-1.0
2026-01-23 07:35:00-05:00,1.173995,1.174315,1.173995,1.17429,-1.0
2026-01-23 07:40:00-05:00,1.17429,1.174335,1.173995,1.174,-1.0
2026-01-23 07:45:00-05:00,1.174,1.174435,1.173995,1.174395,-1.0
2026-01-23 07:50:00-05:00,1.174395,1.174425,1.17429,1.174345,-1.0
2026-01-23 07:55:00-05:00,1.174345,1.17437,1.17413,1.174235,-1.0
2026-01-23 08:00:00-05:00,1.174235,1.174405,1.174095,1.174185,-1.0
2026-01-23 08:05:00-05:00,1.174185,1.174375,1.174115,1.174215,-1.0
2026-01-23 08:10:00-05:00,1.174215,1.174485,1.17413,1.174485,-1.0
2026-01-23 08:15:00-05:00,1.174485,1.17473,1.174475,1.174655,-1.0
2026-01-23 08:20:00-05:00,1.174655,1.174665,1.174235,1.174235,-1.0
2026-01-23 08:25:00-05:00,1.174235,1.17446,1.174155,1.17438,-1.0
2026-01-23 08:30:00-05:00,1.17438,1.17446,1.174145,1.174185,-1.0
2026-01-23 08:35:00-05:00,1.174185,1.174215,1.17391,1.174015,-1.0
2026-01-23 08:40:00-05:00,1.174015,1.17419,1.173845,1.17419,-1.0
2026-01-23 08:45:00-05:00,1.17419,1.17419,1.173625,1.17364,-1.0
2026-01-23 08:50:00-05:00,1.17364,1.17376,1.173285,1.173385,-1.0
2026-01-23 08:55:00-05:00,1.173385,1.173465,1.173305,1.173415,-1.0
2026-01-23 09:00:00-05:00,1.173415,1.1735,1.173195,1.17349,-1.0
2026-01-23 09:05:00-05:00,1.17349,1.173855,1.17341,1.173835,-1.0
2026-01-23 09:10:00-05:00,1.173835,1.173965,1.17379,1.17391,-1.0
2026-01-23 09:15:00-05:00,1.17391,1.17398,1.17378,1.17385,-1.0
2026-01-23 09:20:00-05:00,1.17385,1.17454,1.17383,1.17429,-1.0
2026-01-23 09:25:00-05:00,1.17429,1.174485,1.17429,1.174445,-1.0
2026-01-23 09:30:00-05:00,1.174445,1.174495,1.174245,1.174375,-1.0
2026-01-23 09:35:00-05:00,1.174375,1.17454,1.174275,1.17442,-1.0
2026-01-23 09:40:00-05:00,1.17442,1.17442,1.17405,1.17406,-1.0
2026-01-23 09:45:00-05:00,1.17406,1.17469,1.17406,1.174555,-1.0
2026-01-23 09:50:00-05:00,1.174555,1.174815,1.17438,1.174755,-1.0
2026-01-23 09:55:00-05:00,1.174755,1.17482,1.17456,1.17466,-1.0
2026-01-23 10:00:00-05:00,1.17466,1.17505,1.174605,1.1749,-1.0
2026-01-23 10:05:00-05:00,1.1749,1.175165,1.174795,1.1749,-1.0
2026-01-23 10:10:00-05:00,1.1749,1.1749,1.174585,1.17478,-1.0
2026-01-23 10:15:00-05:00,1.17478,1.175055,1.17473,1.174925,-1.0
2026-01-23 10:20:00-05:00,1.174925,1.17537,1.174925,1.17528,-1.0
2026-01-23 10:25:00-05:00,1.17528,1.17529,1.17496,1.17499,-1.0
2026-01-23 10:30:00-05:00,1.17499,1.17523,1.174885,1.174975,-1.0
2026-01-23 10:35:00-05:00,1.174975,1.175095,1.174875,1.174915,-1.0
2026-01-23 10:40:00-05:00,1.174915,1.17505,1.174855,1.174925,-1.0
2026-01-23 10:45:00-05:00,1.174925,1.175535,1.174905,1.175425,-1.0
2026-01-23 10:50:00-05:00,1.175425,1.176145,1.175405,1.17595,-1.0
2026-01-23 10:55:00-05:00,1.17595,1.175955,1.175555,1.17581,-1.0
2026-01-23 11:00:00-05:00,1.17581,1.175865,1.175435,1.175515,-1.0
2026-01-23 11:05:00-05:00,1.175515,1.175735,1.17538,1.1754,-1.0
2026-01-23 11:10:00-05:00,1.1754,1.175535,1.17471,1.174715,-1.0
2026-01-23 11:15:00-05:00,1.174715,1.175465,1.17465,1.17544,-1.0
2026-01-23 11:20:00-05:00,1.17544,1.17605,1.175375,1.175825,-1.0
2026-01-23 11:25:00-05:00,1.175825,1.17638,1.175695,1.176365,-1.0
2026-01-23 11:30:00-05:00,1.176365,1.176765,1.176305,1.176665,-1.0
2026-01-23 11:35:00-05:00,1.176665,1.17682,1.17639,1.176525,-1.0
2026-01-23 11:40:00-05:00,1.176525,1.176905,1.176485,1.176765,-1.0
2026-01-23 11:45:00-05:00,1.176765,1.177405,1.176645,1.17708,-1.0
2026-01-23 11:50:00-05:00,1.17708,1.17753,1.17684,1.17694,-1.0
2026-01-23 11:55:00-05:00,1.17694,1.17709,1.17675,1.17707,-1.0
2026-01-23 12:00:00-05:00,1.17707,1.1776,1.17692,1.17756,-1.0
2026-01-23 12:05:00-05:00,1.17756,1.17798,1.177505,1.177815,-1.0
2026-01-23 12:10:00-05:00,1.177815,1.178435,1.17781,1.178335,-1.0
2026-01-23 12:15:00-05:00,1.178335,1.178515,1.17802,1.178395,-1.0
2026-01-23 12:20:00-05:00,1.178395,1.17893,1.178285,1.17877,-1.0
2026-01-23 12:25:00-05:00,1.17877,1.17937,1.17877,1.179285,-1.0
2026-01-23 12:30:00-05:00,1.179285,1.179885,1.178575,1.17864,-1.0
2026-01-23 12:35:00-05:00,1.17864,1.178795,1.17826,1.17862,-1.0
2026-01-23 12:40:00-05:00,1.17862,1.179115,1.17851,1.17859,-1.0
2026-01-23 12:45:00-05:00,1.17859,1.17943,1.17853,1.179375,-1.0
2026-01-23 12:50:00-05:00,1.179375,1.179745,1.17926,1.179725,-1.0
2026-01-23 12:55:00-05:00,1.179725,1.179815,1.179295,1.17944,-1.0
2026-01-23 13:00:00-05:00,1.17944,1.179555,1.178855,1.178855,-1.0
2026-01-23 13:05:00-05:00,1.178855,1.17893,1.178435,1.17854,-1.0
2026-01-23 13:10:00-05:00,1.17854,1.17857,1.1778,1.17783,-1.0
2026-01-23 13:15:00-05:00,1.17783,1.17868,1.177725,1.178545,-1.0
2026-01-23 13:20:00-05:00,1.178545,1.17919,1.178455,1.178735,-1.0
2026-01-23 13:25:00-05:00,1.178735,1.179315,1.178645,1.17906,-1.0
2026-01-23 13:30:00-05:00,1.17906,1.17907,1.17857,1.17877,-1.0
2026-01-23 13:35:00-05:00,1.17877,1.17907,1.178645,1.179035,-1.0
2026-01-23 13:40:00-05:00,1.179035,1.179045,1.17868,1.17888,-1.0
2026-01-23 13:45:00-05:00,1.17888,1.17903,1.178665,1.178765,-1.0
2026-01-23 13:50:00-05:00,1.178765,1.178785,1.1785,1.17854,-1.0
2026-01-23 13:55:00-05:00,1.17854,1.179235,1.17851,1.17921,-1.0
2026-01-23 14:00:00-05:00,1.17921,1.179645,1.17916,1.179485,-1.0
2026-01-23 14:05:00-05:00,1.179485,1.17977,1.17947,1.17973,-1.0
2026-01-23 14:10:00-05:00,1.17973,1.180095,1.17973,1.179905,-1.0
2026-01-23 14:15:00-05:00,1.179905,1.18008,1.179775,1.180075,-1.0
2026-01-23 14:20:00-05:00,1.180075,1.18008,1.179295,1.179375,-1.0
2026-01-23 14:25:00-05:00,1.179375,1.179675,1.17936,1.17964,-1.0
2026-01-23 14:30:00-05:00,1.17964,1.17984,1.179555,1.179725,-1.0
2026-01-23 14:35:00-05:00,1.179725,1.1799,1.17961,1.179855,-1.0
2026-01-23 14:40:00-05:00,1.179855,1.179885,1.179715,1.179825,-1.0
2026-01-23 14:45:00-05:00,1.179825,1.179985,1.179645,1.179685,-1.0
2026-01-23 14:50:00-05:00,1.179685,1.180685,1.179685,1.18052,-1.0
2026-01-23 14:55:00-05:00,1.18052,1.181505,1.180505,1.181175,-1.0
2026-01-23 15:00:00-05:00,1.181175,1.18147,1.181015,1.181455,-1.0
2026-01-23 15:05:00-05:00,1.181455,1.181635,1.181105,1.181315,-1.0
2026-01-23 15:10:00-05:00,1.181315,1.18166,1.18114,1.181585,-1.0
2026-01-23 15:15:00-05:00,1.181585,1.18212,1.181575,1.18212,-1.0
2026-01-23 15:20:00-05:00,1.18212,1.18239,1.181935,1.182365,-1.0
2026-01-23 15:25:00-05:00,1.182365,1.182655,1.18219,1.182235,-1.0
2026-01-23 15:30:00-05:00,1.182235,1.182235,1.181385,1.1814,-1.0
2026-01-23 15:35:00-05:00,1.1814,1.181935,1.18131,1.18193,-1.0
2026-01-23 15:40:00-05:00,1.18193,1.182035,1.181745,1.181815,-1.0
2026-01-23 15:45:00-05:00,1.181815,1.182035,1.1815,1.18201,-1.0
2026-01-23 15:50:00-05:00,1.18201,1.182215,1.18191,1.18218,-1.0
2026-01-23 15:55:00-05:00,1.18218,1.182385,1.18201,1.182125,-1.0
2026-01-23 16:00:00-05:00,1.182125,1.1824,1.182105,1.182265,-1.0
2026-01-23 16:05:00-05:00,1.182265,1.183165,1.182235,1.182745,-1.0
2026-01-23 16:10:00-05:00,1.182745,1.183025,1.18268,1.18289,-1.0
2026-01-23 16:15:00-05:00,1.18289,1.18307,1.18281,1.182915,-1.0
2026-01-23 16:20:00-05:00,1.182915,1.183035,1.18251,1.18261,-1.0
2026-01-23 16:25:00-05:00,1.18261,1.183375,1.182595,1.18294,-1.0
2026-01-23 16:30:00-05:00,1.18294,1.183205,1.18263,1.18265,-1.0
2026-01-23 16:35:00-05:00,1.18265,1.18265,1.18218,1.18257,-1.0
2026-01-23 16:40:00-05:00,1.18257,1.182705,1.182455,1.18264,-1.0
2026-01-23 16:45:00-05:00,1.18264,1.182785,1.182445,1.182445,-1.0
2026-01-23 16:50:00-05:00,1.182445,1.18297,1.182405,1.18296,-1.0
2026-01-23 16:55:00-05:00,1.18296,1.183035,1.18215,1.18215,-1.0
2026-01-25 17:15:00-05:00,1.185675,1.18579,1.185465,1.18571,-1.0
2026-01-25 17:20:00-05:00,1.18571,1.185915,1.1857,1.18591,-1.0
2026-01-25 17:25:00-05:00,1.18591,1.186265,1.185735,1.186155,-1.0
2026-01-25 17:30:00-05:00,1.186155,1.18673,1.186055,1.18672,-1.0
2026-01-25 17:35:00-05:00,1.18672,1.18689,1.186525,1.186885,-1.0
2026-01-25 17:40:00-05:00,1.186885,1.18722,1.186865,1.187055,-1.0
2026-01-25 17:45:00-05:00,1.187055,1.187615,1.187045,1.1873,-1.0
2026-01-25 17:50:00-05:00,1.1873,1.189235,1.187075,1.18871,-1.0
2026-01-25 17:55:00-05:00,1.18871,1.18918,1.188595,1.18899,-1.0
2026-01-25 18:00:00-05:00,1.18899,1.18946,1.18755,1.18761,-1.0
2026-01-25 18:05:00-05:00,1.18761,1.18854,1.18712,1.188525,-1.0
2026-01-25 18:10:00-05:00,1.188525,1.1895,1.188525,1.189435,-1.0
2026-01-25 18:15:00-05:00,1.189435,1.189775,1.188445,1.188655,-1.0
2026-01-25 18:20:00-05:00,1.188655,1.188805,1.187365,1.18742,-1.0
2026-01-25 18:25:00-05:00,1.18742,1.18742,1.18621,1.18652,-1.0
2026-01-25 18:30:00-05:00,1.18652,1.186855,1.186095,1.18615,-1.0
2026-01-25 18:35:00-05:00,1.18615,1.186635,1.18595,1.186635,-1.0
2026-01-25 18:40:00-05:00,1.186635,1.186725,1.186295,1.186615,-1.0
2026-01-25 18:45:00-05:00,1.186615,1.186665,1.185445,1.185955,-1.0
2026-01-25 18:50:00-05:00,1.185955,1.186215,1.18564,1.185655,-1.0
2026-01-25 18:55:00-05:00,1.185655,1.186035,1.185505,1.186035,-1.0
2026-01-25 19:00:00-05:00,1.186035,1.186035,1.184445,1.18532,-1.0
2026-01-25 19:05:00-05:00,1.18532,1.185595,1.18484,1.185595,-1.0
2026-01-25 19:10:00-05:00,1.185595,1.185915,1.184745,1.18493,-1.0
2026-01-25 19:15:00-05:00,1.18493,1.184965,1.18449,1.184655,-1.0
2026-01-25 19:20:00-05:00,1.184655,1.18501,1.18445,1.185005,-1.0
2026-01-25 19:25:00-05:00,1.185005,1.18556,1.185005,1.185375,-1.0
2026-01-25 19:30:00-05:00,1.185375,1.185395,1.184715,1.18494,-1.0
2026-01-25 19:35:00-05:00,1.18494,1.18557,1.18489,1.185495,-1.0
2026-01-25 19:40:00-05:00,1.185495,1.1857,1.18538,1.18554,-1.0
2026-01-25 19:45:00-05:00,1.18554,1.185915,1.185485,1.18576,-1.0
2026-01-25 19:50:00-05:00,1.18576,1.186325,1.1857,1.18623,-1.0
2026-01-25 19:55:00-05:00,1.18623,1.186255,1.18565,1.18612,-1.0
2026-01-25 20:00:00-05:00,1.18612,1.18652,1.186055,1.18648,-1.0
2026-01-25 20:05:00-05:00,1.18648,1.186585,1.185475,1.18587,-1.0
2026-01-25 20:10:00-05:00,1.18587,1.186235,1.18561,1.185905,-1.0
2026-01-25 20:15:00-05:00,1.185905,1.186135,1.18562,1.18593,-1.0
2026-01-25 20:20:00-05:00,1.18593,1.18599,1.185605,1.18578,-1.0
2026-01-25 20:25:00-05:00,1.18578,1.186065,1.18576,1.185895,-1.0
2026-01-25 20:30:00-05:00,1.185895,1.18611,1.18555,1.18573,-1.0
2026-01-25 20:35:00-05:00,1.18573,1.186685,1.18567,1.18643,-1.0
2026-01-25 20:40:00-05:00,1.18643,1.186745,1.186305,1.186425,-1.0
2026-01-25 20:45:00-05:00,1.186425,1.18692,1.186415,1.186815,-1.0
2026-01-25 20:50:00-05:00,1.186815,1.186845,1.18622,1.18646,-1.0
2026-01-25 20:55:00-05:00,1.18646,1.186495,1.18573,1.18578,-1.0
2026-01-25 21:00:00-05:00,1.18578,1.186205,1.18559,1.18601,-1.0
2026-01-25 21:05:00-05:00,1.18601,1.186605,1.18588,1.186585,-1.0
2026-01-25 21:10:00-05:00,1.186585,1.187625,1.186515,1.187475,-1.0
2026-01-25 21:15:00-05:00,1.187475,1.187485,1.186905,1.186965,-1.0
2026-01-25 21:20:00-05:00,1.186965,1.187145,1.1865,1.187125,-1.0
2026-01-25 21:25:00-05:00,1.187125,1.18738,1.18702,1.187225,-1.0
2026-01-25 21:30:00-05:00,1.187225,1.187655,1.187175,1.187215,-1.0
2026-01-25 21:35:00-05:00,1.187215,1.187455,1.18716,1.18733,-1.0
2026-01-25 21:40:00-05:00,1.18733,1.187585,1.18717,1.1873,-1.0
2026-01-25 21:45:00-05:00,1.1873,1.1873,1.186875,1.186945,-1.0
2026-01-25 21:50:00-05:00,1.186945,1.187015,1.18646,1.18649,-1.0
2026-01-25 21:55:00-05:00,1.18649,1.186765,1.18646,1.18676,-1.0
2026-01-25 22:00:00-05:00,1.18676,1.18677,1.186475,1.186565,-1.0
2026-01-25 22:05:00-05:00,1.186565,1.18657,1.186375,1.186415,-1.0
2026-01-25 22:10:00-05:00,1.186415,1.186495,1.186175,1.18623,-1.0
2026-01-25 22:15:00-05:00,1.18623,1.18636,1.18601,1.18606,-1.0
2026-01-25 22:20:00-05:00,1.18606,1.18624,1.185825,1.18606,-1.0
2026-01-25 22:25:00-05:00,1.18606,1.18633,1.185955,1.186205,-1.0
2026-01-25 22:30:00-05:00,1.186205,1.186375,1.186115,1.18626,-1.0
2026-01-25 22:35:00-05:00,1.18626,1.18649,1.186045,1.18613,-1.0
2026-01-25 22:40:00-05:00,1.18613,1.186255,1.18605,1.18625,-1.0
2026-01-25 22:45:00-05:00,1.18625,1.18662,1.18618,1.18618,-1.0
2026-01-25 22:50:00-05:00,1.18618,1.186305,1.18594,1.185955,-1.0
2026-01-25 22:55:00-05:00,1.185955,1.186235,1.18592,1.186235,-1.0
2026-01-25 23:00:00-05:00,1.186235,1.186255,1.18564,1.185875,-1.0
2026-01-25 23:05:00-05:00,1.185875,1.18623,1.185555,1.18622,-1.0
2026-01-25 23:10:00-05:00,1.18622,1.186735,1.186205,1.186735,-1.0
2026-01-25 23:15:00-05:00,1.186735,1.186935,1.18662,1.186765,-1.0
2026-01-25 23:20:00-05:00,1.186765,1.186775,1.186435,1.186495,-1.0
2026-01-25 23:25:00-05:00,1.186495,1.186525,1.186075,1.18612,-1.0
2026-01-25 23:30:00-05:00,1.18612,1.18633,1.1861,1.186105,-1.0
2026-01-25 23:35:00-05:00,1.186105,1.186185,1.18576,1.1858,-1.0
2026-01-25 23:40:00-05:00,1.1858,1.186215,1.185785,1.186215,-1.0
2026-01-25 23:45:00-05:00,1.186215,1.186485,1.18614,1.186395,-1.0
2026-01-25 23:50:00-05:00,1.186395,1.186395,1.18597,1.18601,-1.0
2026-01-25 23:55:00-05:00,1.18601,1.186045,1.18586,1.185915,-1.0
2026-01-26 00:00:00-05:00,1.185915,1.186235,1.185915,1.18599,-1.0
2026-01-26 00:05:00-05:00,1.18599,1.18608,1.185825,1.18606,-1.0
2026-01-26 00:10:00-05:00,1.18606,1.18614,1.18586,1.18593,-1.0
2026-01-26 00:15:00-05:00,1.18593,1.186135,1.185795,1.186045,-1.0
2026-01-26 00:20:00-05:00,1.186045,1.1865,1.18597,1.186435,-1.0
2026-01-26 00:25:00-05:00,1.186435,1.186985,1.18638,1.18678,-1.0
2026-01-26 00:30:00-05:00,1.18678,1.186785,1.186435,1.186535,-1.0
2026-01-26 00:35:00-05:00,1.186535,1.186635,1.18638,1.186635,-1.0
2026-01-26 00:40:00-05:00,1.186635,1.186675,1.186395,1.18656,-1.0
2026-01-26 00:45:00-05:00,1.18656,1.18658,1.186295,1.18638,-1.0
2026-01-26 00:50:00-05:00,1.18638,1.18671,1.186295,1.18641,-1.0
2026-01-26 00:55:00-05:00,1.18641,1.18672,1.18639,1.18651,-1.0
2026-01-26 01:00:00-05:00,1.18651,1.18651,1.186205,1.18636,-1.0
2026-01-26 01:05:00-05:00,1.18636,1.18657,1.185445,1.18556,-1.0
2026-01-26 01:10:00-05:00,1.18556,1.18558,1.185075,1.18526,-1.0
2026-01-26 01:15:00-05:00,1.18526,1.18558,1.185105,1.18556,-1.0
2026-01-26 01:20:00-05:00,1.18556,1.18566,1.18543,1.18546,-1.0
2026-01-26 01:25:00-05:00,1.18546,1.18583,1.18544,1.18575,-1.0
2026-01-26 01:30:00-05:00,1.18575,1.186175,1.18573,1.185945,-1.0
2026-01-26 01:35:00-05:00,1.185945,1.186285,1.185865,1.18617,-1.0
2026-01-26 01:40:00-05:00,1.18617,1.18622,1.185955,1.18606,-1.0
2026-01-26 01:45:00-05:00,1.18606,1.186265,1.185745,1.18591,-1.0
2026-01-26 01:50:00-05:00,1.18591,1.186125,1.185745,1.185755,-1.0
2026-01-26 01:55:00-05:00,1.185755,1.18583,1.185165,1.18517,-1.0
2026-01-26 02:00:00-05:00,1.18517,1.18576,1.18506,1.18562,-1.0
2026-01-26 02:05:00-05:00,1.18562,1.185935,1.18547,1.18591,-1.0
2026-01-26 02:10:00-05:00,1.18591,1.18625,1.185395,1.18546,-1.0
2026-01-26 02:15:00-05:00,1.18546,1.185915,1.18537,1.1857,-1.0
2026-01-26 02:20:00-05:00,1.1857,1.186075,1.185535,1.18561,-1.0
2026-01-26 02:25:00-05:00,1.18561,1.186285,1.18561,1.186075,-1.0
2026-01-26 02:30:00-05:00,1.186075,1.186125,1.185205,1.1854,-1.0
2026-01-26 02:35:00-05:00,1.1854,1.18562,1.18495,1.185015,-1.0
2026-01-26 02:40:00-05:00,1.185015,1.185015,1.184635,1.18485,-1.0
2026-01-26 02:45:00-05:00,1.18485,1.18489,1.184405,1.184725,-1.0
2026-01-26 02:50:00-05:00,1.184725,1.184735,1.184195,1.184555,-1.0
2026-01-26 02:55:00-05:00,1.184555,1.184555,1.18366,1.183905,-1.0
2026-01-26 03:00:00-05:00,1.183905,1.18486,1.183845,1.18445,-1.0
2026-01-26 03:05:00-05:00,1.18445,1.18473,1.184195,1.184255,-1.0
2026-01-26 03:10:00-05:00,1.184255,1.184815,1.184195,1.184305,-1.0
2026-01-26 03:15:00-05:00,1.184305,1.18432,1.18385,1.18403,-1.0
2026-01-26 03:20:00-05:00,1.18403,1.184355,1.183825,1.184105,-1.0
2026-01-26 03:25:00-05:00,1.184105,1.18482,1.184095,1.18473,-1.0
2026-01-26 03:30:00-05:00,1.18473,1.185455,1.184715,1.185355,-1.0
2026-01-26 03:35:00-05:00,1.185355,1.185975,1.18521,1.185225,-1.0
2026-01-26 03:40:00-05:00,1.185225,1.185385,1.18479,1.184855,-1.0
2026-01-26 03:45:00-05:00,1.184855,1.18569,1.184785,1.185305,-1.0
2026-01-26 03:50:00-05:00,1.185305,1.18568,1.185225,1.18559,-1.0
2026-01-26 03:55:00-05:00,1.18559,1.185735,1.18533,1.185355,-1.0
2026-01-26 04:00:00-05:00,1.185355,1.18557,1.184915,1.185115,-1.0
2026-01-26 04:05:00-05:00,1.185115,1.18562,1.185075,1.185145,-1.0
2026-01-26 04:10:00-05:00,1.185145,1.18515,1.184565,1.18458,-1.0
2026-01-26 04:15:00-05:00,1.18458,1.184805,1.18419,1.18477,-1.0
2026-01-26 04:20:00-05:00,1.18477,1.18555,1.18472,1.18553,-1.0
2026-01-26 04:25:00-05:00,1.18553,1.185975,1.18553,1.18596,-1.0
2026-01-26 04:30:00-05:00,1.18596,1.186325,1.185815,1.186255,-1.0
2026-01-26 04:35:00-05:00,1.186255,1.186325,1.185945,1.185955,-1.0
2026-01-26 04:40:00-05:00,1.185955,1.186755,1.18595,1.18669,-1.0
2026-01-26 04:45:00-05:00,1.18669,1.18669,1.186375,1.186515,-1.0
2026-01-26 04:50:00-05:00,1.186515,1.18666,1.186215,1.18626,-1.0
2026-01-26 04:55:00-05:00,1.18626,1.186475,1.186005,1.18637,-1.0
2026-01-26 05:00:00-05:00,1.18637,1.18654,1.185995,1.186105,-1.0
2026-01-26 05:05:00-05:00,1.186105,1.18619,1.1859,1.1859,-1.0
2026-01-26 05:10:00-05:00,1.1859,1.18609,1.18566,1.185875,-1.0
2026-01-26 05:15:00-05:00,1.185875,1.186095,1.18576,1.185995,-1.0
2026-01-26 05:20:00-05:00,1.185995,1.186425,1.185995,1.186145,-1.0
2026-01-26 05:25:00-05:00,1.186145,1.18647,1.186095,1.186265,-1.0
2026-01-26 05:30:00-05:00,1.186265,1.18636,1.185905,1.186015,-1.0
2026-01-26 05:35:00-05:00,1.186015,1.186135,1.18535,1.18543,-1.0
2026-01-26 05:40:00-05:00,1.18543,1.18607,1.18539,1.185945,-1.0
2026-01-26 05:45:00-05:00,1.185945,1.18611,1.185845,1.185965,-1.0
2026-01-26 05:50:00-05:00,1.185965,1.18617,1.18547,1.185855,-1.0
2026-01-26 05:55:00-05:00,1.185855,1.186125,1.185845,1.186075,-1.0
2026-01-26 06:00:00-05:00,1.186075,1.18608,1.18548,1.185805,-1.0
2026-01-26 06:05:00-05:00,1.185805,1.18587,1.18535,1.18546,-1.0
2026-01-26 06:10:00-05:00,1.18546,1.18562,1.185335,1.18543,-1.0
2026-01-26 06:15:00-05:00,1.18543,1.185655,1.18539,1.185505,-1.0
2026-01-26 06:20:00-05:00,1.185505,1.18555,1.18515,1.18515,-1.0
2026-01-26 06:25:00-05:00,1.18515,1.18524,1.18492,1.185185,-1.0
2026-01-26 06:30:00-05:00,1.185185,1.18528,1.18487,1.185165,-1.0
2026-01-26 06:35:00-05:00,1.185165,1.185565,1.18516,1.185515,-1.0
2026-01-26 06:40:00-05:00,1.185515,1.185645,1.18536,1.185575,-1.0
2026-01-26 06:45:00-05:00,1.185575,1.185715,1.185505,1.18554,-1.0
2026-01-26 06:50:00-05:00,1.18554,1.185795,1.185515,1.185725,-1.0
2026-01-26 06:55:00-05:00,1.185725,1.18573,1.185415,1.18559,-1.0
2026-01-26 07:00:00-05:00,1.18559,1.185665,1.18541,1.185465,-1.0
2026-01-26 07:05:00-05:00,1.185465,1.18573,1.18544,1.18548,-1.0
2026-01-26 07:10:00-05:00,1.18548,1.18552,1.185385,1.18545,-1.0
2026-01-26 07:15:00-05:00,1.18545,1.185555,1.185385,1.18547,-1.0
2026-01-26 07:20:00-05:00,1.18547,1.18554,1.18489,1.18502,-1.0
2026-01-26 07:25:00-05:00,1.18502,1.18508,1.184765,1.184865,-1.0
2026-01-26 07:30:00-05:00,1.184865,1.18495,1.18455,1.18492,-1.0
2026-01-26 07:35:00-05:00,1.18492,1.185145,1.184855,1.184885,-1.0
2026-01-26 07:40:00-05:00,1.184885,1.184885,1.184505,1.18452,-1.0
2026-01-26 07:45:00-05:00,1.18452,1.18463,1.18436,1.184385,-1.0
2026-01-26 07:50:00-05:00,1.184385,1.18441,1.184025,1.18414,-1.0
2026-01-26 07:55:00-05:00,1.18414,1.18427,1.18403,1.184215,-1.0
2026-01-26 08:00:00-05:00,1.184215,1.18435,1.183605,1.18375,-1.0
2026-01-26 08:05:00-05:00,1.18375,1.183795,1.183505,1.183555,-1.0
2026-01-26 08:10:00-05:00,1.183555,1.184195,1.183555,1.18397,-1.0
2026-01-26 08:15:00-05:00,1.18397,1.184095,1.183735,1.18405,-1.0
2026-01-26 08:20:00-05:00,1.18405,1.1845,1.18405,1.184485,-1.0
2026-01-26 08:25:00-05:00,1.184485,1.18477,1.18448,1.184695,-1.0
2026-01-26 08:30:00-05:00,1.184695,1.18487,1.184435,1.184775,-1.0
2026-01-26 08:35:00-05:00,1.184775,1.18496,1.18452,1.184605,-1.0
2026-01-26 08:40:00-05:00,1.184605,1.185,1.18459,1.184705,-1.0
2026-01-26 08:45:00-05:00,1.184705,1.185425,1.18455,1.18534,-1.0
2026-01-26 08:50:00-05:00,1.18534,1.18568,1.185145,1.185465,-1.0
2026-01-26 08:55:00-05:00,1.185465,1.18567,1.18542,1.185605,-1.0
2026-01-26 09:00:00-05:00,1.185605,1.1857,1.18527,1.18542,-1.0
2026-01-26 09:05:00-05:00,1.18542,1.18585,1.185335,1.1857,-1.0
2026-01-26 09:10:00-05:00,1.1857,1.185825,1.18549,1.185725,-1.0
2026-01-26 09:15:00-05:00,1.185725,1.186265,1.185465,1.186265,-1.0
2026-01-26 09:20:00-05:00,1.186265,1.186765,1.18626,1.18673,-1.0
2026-01-26 09:25:00-05:00,1.18673,1.186775,1.186545,1.186705,-1.0
2026-01-26 09:30:00-05:00,1.186705,1.18716,1.186565,1.187095,-1.0
2026-01-26 09:35:00-05:00,1.187095,1.18718,1.186605,1.18701,-1.0
2026-01-26 09:40:00-05:00,1.18701,1.187295,1.186785,1.18696,-1.0
2026-01-26 09:45:00-05:00,1.18696,1.18765,1.186945,1.18764,-1.0
2026-01-26 09:50:00-05:00,1.18764,1.187945,1.18737,1.187645,-1.0
2026-01-26 09:55:00-05:00,1.187645,1.187965,1.18744,1.187895,-1.0
2026-01-26 10:00:00-05:00,1.187895,1.18799,1.187225,1.18735,-1.0
2026-01-26 10:05:00-05:00,1.18735,1.18743,1.187055,1.187365,-1.0
2026-01-26 10:10:00-05:00,1.187365,1.18747,1.18721,1.187375,-1.0
2026-01-26 10:15:00-05:00,1.187375,1.187485,1.187135,1.18739,-1.0
2026-01-26 10:20:00-05:00,1.18739,1.187675,1.18714,1.18767,-1.0
2026-01-26 10:25:00-05:00,1.18767,1.188005,1.187615,1.18798,-1.0
2026-01-26 10:30:00-05:00,1.18798,1.188305,1.1878,1.18824,-1.0
2026-01-26 10:35:00-05:00,1.18824,1.18878,1.18818,1.188775,-1.0
2026-01-26 10:40:00-05:00,1.188775,1.188825,1.188335,1.18845,-1.0
2026-01-26 10:45:00-05:00,1.18845,1.18925,1.188445,1.18921,-1.0
2026-01-26 10:50:00-05:00,1.18921,1.1893,1.188935,1.189235,-1.0
2026-01-26 10:55:00-05:00,1.189235,1.189695,1.189175,1.189545,-1.0
2026-01-26 11:00:00-05:00,1.189545,1.190715,1.18952,1.190325,-1.0
2026-01-26 11:05:00-05:00,1.190325,1.190335,1.189195,1.18934,-1.0
2026-01-26 11:10:00-05:00,1.18934,1.189615,1.188985,1.189035,-1.0
2026-01-26 11:15:00-05:00,1.189035,1.189035,1.18821,1.18829,-1.0
2026-01-26 11:20:00-05:00,1.18829,1.1886,1.18816,1.188535,-1.0
2026-01-26 11:25:00-05:00,1.188535,1.188585,1.188005,1.188325,-1.0
2026-01-26 11:30:00-05:00,1.188325,1.1886,1.188105,1.188235,-1.0
2026-01-26 11:35:00-05:00,1.188235,1.188495,1.188175,1.188335,-1.0
2026-01-26 11:40:00-05:00,1.188335,1.18879,1.18823,1.18854,-1.0
2026-01-26 11:45:00-05:00,1.18854,1.18903,1.188375,1.188445,-1.0
2026-01-26 11:50:00-05:00,1.188445,1.188765,1.18831,1.188635,-1.0
2026-01-26 11:55:00-05:00,1.188635,1.1887,1.188365,1.188595,-1.0
2026-01-26 12:00:00-05:00,1.188595,1.188765,1.18848,1.188515,-1.0
2026-01-26 12:05:00-05:00,1.188515,1.188735,1.18839,1.18839,-1.0
2026-01-26 12:10:00-05:00,1.18839,1.18894,1.188295,1.188885,-1.0
2026-01-26 12:15:00-05:00,1.188885,1.189155,1.18877,1.18904,-1.0
2026-01-26 12:20:00-05:00,1.18904,1.189045,1.18859,1.18865,-1.0
2026-01-26 12:25:00-05:00,1.18865,1.18865,1.18774,1.18778,-1.0
2026-01-26 12:30:00-05:00,1.18778,1.188045,1.187535,1.188035,-1.0
2026-01-26 12:35:00-05:00,1.188035,1.18812,1.187875,1.187935,-1.0
2026-01-26 12:40:00-05:00,1.187935,1.187965,1.18771,1.18784,-1.0
2026-01-26 12:45:00-05:00,1.18784,1.187845,1.18748,1.187745,-1.0
2026-01-26 12:50:00-05:00,1.187745,1.18789,1.187685,1.187735,-1.0
2026-01-26 12:55:00-05:00,1.187735,1.187945,1.187655,1.18789,-1.0
2026-01-26 13:00:00-05:00,1.18789,1.188125,1.187815,1.188055,-1.0
2026-01-26 13:05:00-05:00,1.188055,1.188655,1.18794,1.188585,-1.0
2026-01-26 13:10:00-05:00,1.188585,1.188885,1.18847,1.188505,-1.0
2026-01-26 13:15:00-05:00,1.188505,1.189045,1.18842,1.18894,-1.0
2026-01-26 13:20:00-05:00,1.18894,1.188965,1.188635,1.18868,-1.0
2026-01-26 13:25:00-05:00,1.18868,1.18878,1.18831,1.188565,-1.0
2026-01-26 13:30:00-05:00,1.188565,1.18865,1.18837,1.188515,-1.0
2026-01-26 13:35:00-05:00,1.188515,1.18866,1.18842,1.188575,-1.0
2026-01-26 13:40:00-05:00,1.188575,1.1886,1.18796,1.18799,-1.0
2026-01-26 13:45:00-05:00,1.18799,1.18828,1.187955,1.18819,-1.0
2026-01-26 13:50:00-05:00,1.18819,1.18833,1.188095,1.188205,-1.0
2026-01-26 13:55:00-05:00,1.188205,1.18824,1.187895,1.187895,-1.0
2026-01-26 14:00:00-05:00,1.187895,1.187915,1.18732,1.18752,-1.0
2026-01-26 14:05:00-05:00,1.18752,1.187735,1.187335,1.18743,-1.0
2026-01-26 14:10:00-05:00,1.18743,1.187555,1.187315,1.187485,-1.0
2026-01-26 14:15:00-05:00,1.187485,1.187485,1.1872,1.1872,-1.0
2026-01-26 14:20:00-05:00,1.1872,1.187405,1.187135,1.18724,-1.0
2026-01-26 14:25:00-05:00,1.18724,1.18757,1.18719,1.187305,-1.0
2026-01-26 14:30:00-05:00,1.187305,1.187455,1.187235,1.18739,-1.0
2026-01-26 14:35:00-05:00,1.18739,1.187395,1.187115,1.187305,-1.0
2026-01-26 14:40:00-05:00,1.187305,1.18758,1.187075,1.18753,-1.0
2026-01-26 14:45:00-05:00,1.18753,1.18758,1.187325,1.18758,-1.0
2026-01-26 14:50:00-05:00,1.18758,1.187885,1.187455,1.187835,-1.0
2026-01-26 14:55:00-05:00,1.187835,1.188165,1.18783,1.187925,-1.0
2026-01-26 15:00:00-05:00,1.187925,1.188335,1.18774,1.18786,-1.0
2026-01-26 15:05:00-05:00,1.18786,1.188175,1.18786,1.18816,-1.0
2026-01-26 15:10:00-05:00,1.18816,1.188375,1.18807,1.18824,-1.0
2026-01-26 15:15:00-05:00,1.18824,1.18833,1.18807,1.18828,-1.0
2026-01-26 15:20:00-05:00,1.18828,1.188345,1.188105,1.18824,-1.0
2026-01-26 15:25:00-05:00,1.18824,1.188265,1.18809,1.188205,-1.0
2026-01-26 15:30:00-05:00,1.188205,1.18831,1.18809,1.18816,-1.0
2026-01-26 15:35:00-05:00,1.18816,1.188265,1.187975,1.188125,-1.0
2026-01-26 15:40:00-05:00,1.188125,1.188155,1.18796,1.187995,-1.0
2026-01-26 15:45:00-05:00,1.187995,1.188275,1.18799,1.188235,-1.0
2026-01-26 15:50:00-05:00,1.188235,1.188285,1.188095,1.18813,-1.0
2026-01-26 15:55:00-05:00,1.18813,1.188275,1.188095,1.188255,-1.0
2026-01-26 16:00:00-05:00,1.188255,1.188595,1.18825,1.18859,-1.0
2026-01-26 16:05:00-05:00,1.18859,1.18864,1.18816,1.188165,-1.0
2026-01-26 16:10:00-05:00,1.188165,1.18817,1.18792,1.18793,-1.0
2026-01-26 16:15:00-05:00,1.18793,1.18793,1.187655,1.187795,-1.0
2026-01-26 16:20:00-05:00,1.187795,1.187845,1.18763,1.18768,-1.0
2026-01-26 16:25:00-05:00,1.18768,1.18774,1.18758,1.18763,-1.0
2026-01-26 16:30:00-05:00,1.18763,1.18763,1.187455,1.187555,-1.0
2026-01-26 16:35:00-05:00,1.187555,1.18763,1.18748,1.187485,-1.0
2026-01-26 16:40:00-05:00,1.187485,1.18756,1.1874,1.187555,-1.0
2026-01-26 16:45:00-05:00,1.187555,1.187615,1.187445,1.187505,-1.0
2026-01-26 16:50:00-05:00,1.187505,1.18783,1.187505,1.18781,-1.0
2026-01-26 16:55:00-05:00,1.18781,1.188075,1.18781,1.188075,-1.0
2026-01-26 17:15:00-05:00,1.187625,1.187875,1.187585,1.187875,-1.0
2026-01-26 17:20:00-05:00,1.187875,1.187875,1.18774,1.18782,-1.0
2026-01-26 17:25:00-05:00,1.18782,1.187945,1.187785,1.187945,-1.0
2026-01-26 17:30:00-05:00,1.187945,1.187945,1.18781,1.1879,-1.0
2026-01-26 17:35:00-05:00,1.1879,1.187905,1.1879,1.1879,-1.0
2026-01-26 17:40:00-05:00,1.1879,1.18791,1.187795,1.187805,-1.0
2026-01-26 17:45:00-05:00,1.187805,1.18782,1.18764,1.18781,-1.0
2026-01-26 17:50:00-05:00,1.18781,1.18791,1.18773,1.187785,-1.0
2026-01-26 17:55:00-05:00,1.187785,1.18789,1.187775,1.187835,-1.0
2026-01-26 18:00:00-05:00,1.187835,1.188235,1.18783,1.18791,-1.0
2026-01-26 18:05:00-05:00,1.18791,1.18806,1.187865,1.187905,-1.0
2026-01-26 18:10:00-05:00,1.187905,1.18792,1.187785,1.187795,-1.0
2026-01-26 18:15:00-05:00,1.187795,1.1878,1.1876,1.1877,-1.0
2026-01-26 18:20:00-05:00,1.1877,1.18771,1.187625,1.18766,-1.0
2026-01-26 18:25:00-05:00,1.18766,1.187745,1.187655,1.18774,-1.0
2026-01-26 18:30:00-05:00,1.18774,1.187765,1.187655,1.18766,-1.0
2026-01-26 18:35:00-05:00,1.18766,1.187675,1.187455,1.187455,-1.0
2026-01-26 18:40:00-05:00,1.187455,1.187785,1.18737,1.18775,-1.0
2026-01-26 18:45:00-05:00,1.18775,1.18775,1.187335,1.18734,-1.0
2026-01-26 18:50:00-05:00,1.18734,1.1875,1.187155,1.1875,-1.0
2026-01-26 18:55:00-05:00,1.1875,1.18756,1.18738,1.187395,-1.0
2026-01-26 19:00:00-05:00,1.187395,1.187895,1.18725,1.187855,-1.0
2026-01-26 19:05:00-05:00,1.187855,1.18806,1.18769,1.187735,-1.0
2026-01-26 19:10:00-05:00,1.187735,1.188105,1.18766,1.188075,-1.0
2026-01-26 19:15:00-05:00,1.188075,1.188275,1.188005,1.188165,-1.0
2026-01-26 19:20:00-05:00,1.188165,1.188255,1.18803,1.18809,-1.0
2026-01-26 19:25:00-05:00,1.18809,1.188215,1.187855,1.18787,-1.0
2026-01-26 19:30:00-05:00,1.18787,1.18826,1.187865,1.18825,-1.0
2026-01-26 19:35:00-05:00,1.18825,1.188265,1.18809,1.188135,-1.0
2026-01-26 19:40:00-05:00,1.188135,1.188145,1.187925,1.18805,-1.0
2026-01-26 19:45:00-05:00,1.18805,1.18806,1.187725,1.187785,-1.0
2026-01-26 19:50:00-05:00,1.187785,1.187855,1.187665,1.187725,-1.0
2026-01-26 19:55:00-05:00,1.187725,1.18781,1.18764,1.187725,-1.0
2026-01-26 20:00:00-05:00,1.187725,1.18781,1.18734,1.18753,-1.0
2026-01-26 20:05:00-05:00,1.18753,1.187735,1.18746,1.18749,-1.0
2026-01-26 20:10:00-05:00,1.18749,1.187645,1.18734,1.18755,-1.0
2026-01-26 20:15:00-05:00,1.18755,1.18783,1.18737,1.187685,-1.0
2026-01-26 20:20:00-05:00,1.187685,1.18783,1.187625,1.18773,-1.0
2026-01-26 20:25:00-05:00,1.18773,1.187735,1.18754,1.1876,-1.0
2026-01-26 20:30:00-05:00,1.1876,1.18771,1.187435,1.187605,-1.0
2026-01-26 20:35:00-05:00,1.187605,1.187705,1.18746,1.187565,-1.0
2026-01-26 20:40:00-05:00,1.187565,1.18781,1.187545,1.187745,-1.0
2026-01-26 20:45:00-05:00,1.187745,1.18799,1.187685,1.18792,-1.0
2026-01-26 20:50:00-05:00,1.18792,1.188075,1.187915,1.188035,-1.0
2026-01-26 20:55:00-05:00,1.188035,1.18815,1.187835,1.18787,-1.0
2026-01-26 21:00:00-05:00,1.18787,1.18792,1.18763,1.187835,-1.0
2026-01-26 21:05:00-05:00,1.187835,1.188015,1.18783,1.18793,-1.0
2026-01-26 21:10:00-05:00,1.18793,1.188025,1.18789,1.187935,-1.0
2026-01-26 21:15:00-05:00,1.187935,1.18821,1.187835,1.188205,-1.0
2026-01-26 21:20:00-05:00,1.188205,1.188505,1.188185,1.188505,-1.0
2026-01-26 21:25:00-05:00,1.188505,1.18888,1.188505,1.18883,-1.0
2026-01-26 21:30:00-05:00,1.18883,1.189055,1.18881,1.189,-1.0
2026-01-26 21:35:00-05:00,1.189,1.189515,1.188945,1.189505,-1.0
2026-01-26 21:40:00-05:00,1.189505,1.189945,1.189465,1.189705,-1.0
2026-01-26 21:45:00-05:00,1.189705,1.189825,1.18965,1.18975,-1.0
2026-01-26 21:50:00-05:00,1.18975,1.18991,1.189495,1.189535,-1.0
2026-01-26 21:55:00-05:00,1.189535,1.18956,1.18934,1.189345,-1.0
2026-01-26 22:00:00-05:00,1.189345,1.189345,1.188715,1.18875,-1.0
2026-01-26 22:05:00-05:00,1.18875,1.188795,1.18852,1.188785,-1.0
2026-01-26 22:10:00-05:00,1.188785,1.188835,1.188535,1.18865,-1.0
2026-01-26 22:15:00-05:00,1.18865,1.188745,1.188515,1.188645,-1.0
2026-01-26 22:20:00-05:00,1.188645,1.188685,1.18846,1.18846,-1.0
2026-01-26 22:25:00-05:00,1.18846,1.188535,1.188395,1.188415,-1.0
2026-01-26 22:30:00-05:00,1.188415,1.1886,1.1884,1.188545,-1.0
2026-01-26 22:35:00-05:00,1.188545,1.188765,1.18851,1.18875,-1.0
2026-01-26 22:40:00-05:00,1.18875,1.18891,1.188525,1.18853,-1.0
2026-01-26 22:45:00-05:00,1.18853,1.18853,1.18811,1.18814,-1.0
2026-01-26 22:50:00-05:00,1.18814,1.18833,1.18798,1.1882,-1.0
2026-01-26 22:55:00-05:00,1.1882,1.188205,1.187925,1.18798,-1.0
2026-01-26 23:00:00-05:00,1.18798,1.188245,1.18798,1.188245,-1.0
2026-01-26 23:05:00-05:00,1.188245,1.188245,1.187945,1.187975,-1.0
2026-01-26 23:10:00-05:00,1.187975,1.188075,1.18768,1.18773,-1.0
2026-01-26 23:15:00-05:00,1.18773,1.187735,1.18749,1.18753,-1.0
2026-01-26 23:20:00-05:00,1.18753,1.187755,1.187435,1.187495,-1.0
2026-01-26 23:25:00-05:00,1.187495,1.1875,1.18717,1.18723,-1.0
2026-01-26 23:30:00-05:00,1.18723,1.187465,1.187225,1.187345,-1.0
2026-01-26 23:35:00-05:00,1.187345,1.187345,1.187145,1.187155,-1.0
2026-01-26 23:40:00-05:00,1.187155,1.187325,1.187015,1.18723,-1.0
2026-01-26 23:45:00-05:00,1.18723,1.18727,1.18706,1.18713,-1.0
2026-01-26 23:50:00-05:00,1.18713,1.18744,1.187125,1.187375,-1.0
2026-01-26 23:55:00-05:00,1.187375,1.187485,1.187255,1.18735,-1.0
2026-01-27 00:00:00-05:00,1.18735,1.187445,1.187285,1.18731,-1.0
2026-01-27 00:05:00-05:00,1.18731,1.18746,1.18729,1.187425,-1.0
2026-01-27 00:10:00-05:00,1.187425,1.18744,1.187345,1.187395,-1.0
2026-01-27 00:15:00-05:00,1.187395,1.1874,1.18721,1.187255,-1.0
2026-01-27 00:20:00-05:00,1.187255,1.187655,1.18722,1.18764,-1.0
2026-01-27 00:25:00-05:00,1.18764,1.18774,1.187605,1.18761,-1.0
2026-01-27 00:30:00-05:00,1.18761,1.18776,1.18761,1.187745,-1.0
2026-01-27 00:35:00-05:00,1.187745,1.187755,1.187515,1.18752,-1.0
2026-01-27 00:40:00-05:00,1.18752,1.187615,1.187385,1.187495,-1.0
2026-01-27 00:45:00-05:00,1.187495,1.18763,1.18747,1.18758,-1.0
2026-01-27 00:50:00-05:00,1.18758,1.187815,1.187435,1.187815,-1.0
2026-01-27 00:55:00-05:00,1.187815,1.187865,1.18764,1.18768,-1.0
2026-01-27 01:00:00-05:00,1.18768,1.18792,1.18755,1.18781,-1.0
2026-01-27 01:05:00-05:00,1.18781,1.1879,1.187765,1.18783,-1.0
2026-01-27 01:10:00-05:00,1.18783,1.18784,1.187605,1.18771,-1.0
2026-01-27 01:15:00-05:00,1.18771,1.18771,1.18741,1.187495,-1.0
2026-01-27 01:20:00-05:00,1.187495,1.187715,1.18749,1.187655,-1.0
2026-01-27 01:25:00-05:00,1.187655,1.18771,1.187375,1.187445,-1.0
2026-01-27 01:30:00-05:00,1.187445,1.187685,1.187325,1.18762,-1.0
2026-01-27 01:35:00-05:00,1.18762,1.18784,1.18743,1.18781,-1.0
2026-01-27 01:40:00-05:00,1.18781,1.188065,1.1878,1.18798,-1.0
2026-01-27 01:45:00-05:00,1.18798,1.188145,1.18773,1.187755,-1.0
2026-01-27 01:50:00-05:00,1.187755,1.18781,1.1874,1.18744,-1.0
2026-01-27 01:55:00-05:00,1.18744,1.187445,1.187095,1.18719,-1.0
2026-01-27 02:00:00-05:00,1.18719,1.18739,1.18712,1.187355,-1.0
2026-01-27 02:05:00-05:00,1.187355,1.18742,1.186955,1.186985,-1.0
2026-01-27 02:10:00-05:00,1.186985,1.18735,1.18695,1.187265,-1.0
2026-01-27 02:15:00-05:00,1.187265,1.187555,1.187255,1.18746,-1.0
2026-01-27 02:20:00-05:00,1.18746,1.18748,1.18719,1.18736,-1.0
2026-01-27 02:25:00-05:00,1.18736,1.187365,1.18713,1.18725,-1.0
2026-01-27 02:30:00-05:00,1.18725,1.187415,1.187075,1.187335,-1.0
2026-01-27 02:35:00-05:00,1.187335,1.18743,1.18701,1.18725,-1.0
2026-01-27 02:40:00-05:00,1.18725,1.18739,1.1872,1.187335,-1.0
2026-01-27 02:45:00-05:00,1.187335,1.18754,1.18721,1.187335,-1.0
2026-01-27 02:50:00-05:00,1.187335,1.187445,1.187045,1.187095,-1.0
2026-01-27 02:55:00-05:00,1.187095,1.187095,1.186105,1.18637,-1.0
2026-01-27 03:00:00-05:00,1.18637,1.18674,1.18611,1.186305,-1.0
2026-01-27 03:05:00-05:00,1.186305,1.18649,1.18615,1.186365,-1.0
2026-01-27 03:10:00-05:00,1.186365,1.186365,1.185675,1.18594,-1.0
2026-01-27 03:15:00-05:00,1.18594,1.18623,1.185785,1.18611,-1.0
2026-01-27 03:20:00-05:00,1.18611,1.186115,1.185385,1.18542,-1.0
2026-01-27 03:25:00-05:00,1.18542,1.185705,1.185295,1.185535,-1.0
2026-01-27 03:30:00-05:00,1.185535,1.185745,1.18526,1.18529,-1.0
2026-01-27 03:35:00-05:00,1.18529,1.185485,1.1851,1.185115,-1.0
2026-01-27 03:40:00-05:00,1.185115,1.18548,1.185035,1.18518,-1.0
2026-01-27 03:45:00-05:00,1.18518,1.185705,1.18518,1.185575,-1.0
2026-01-27 03:50:00-05:00,1.185575,1.18588,1.18554,1.185815,-1.0
2026-01-27 03:55:00-05:00,1.185815,1.18613,1.185795,1.186065,-1.0
2026-01-27 04:00:00-05:00,1.186065,1.186175,1.185885,1.186175,-1.0
2026-01-27 04:05:00-05:00,1.186175,1.186465,1.186135,1.18641,-1.0
2026-01-27 04:10:00-05:00,1.18641,1.18656,1.186365,1.18649,-1.0
2026-01-27 04:15:00-05:00,1.18649,1.18688,1.186485,1.186765,-1.0
2026-01-27 04:20:00-05:00,1.186765,1.186785,1.186465,1.186665,-1.0
2026-01-27 04:25:00-05:00,1.186665,1.18682,1.186615,1.1867,-1.0
2026-01-27 04:30:00-05:00,1.1867,1.187135,1.186695,1.18711,-1.0
2026-01-27 04:35:00-05:00,1.18711,1.18717,1.18698,1.187115,-1.0
2026-01-27 04:40:00-05:00,1.187115,1.187275,1.187025,1.18716,-1.0
2026-01-27 04:45:00-05:00,1.18716,1.18716,1.18685,1.18685,-1.0
2026-01-27 04:50:00-05:00,1.18685,1.18895,1.186845,1.188565,-1.0
2026-01-27 04:55:00-05:00,1.188565,1.18899,1.18818,1.1889,-1.0
2026-01-27 05:00:00-05:00,1.1889,1.188955,1.187525,1.187755,-1.0
2026-01-27 05:05:00-05:00,1.187755,1.188005,1.18751,1.18779,-1.0
2026-01-27 05:10:00-05:00,1.18779,1.18788,1.187415,1.18763,-1.0
2026-01-27 05:15:00-05:00,1.18763,1.18811,1.18755,1.18807,-1.0
2026-01-27 05:20:00-05:00,1.18807,1.18833,1.187985,1.18825,-1.0
2026-01-27 05:25:00-05:00,1.18825,1.18825,1.187925,1.1881,-1.0
2026-01-27 05:30:00-05:00,1.1881,1.188175,1.187895,1.18796,-1.0
2026-01-27 05:35:00-05:00,1.18796,1.188135,1.18777,1.187905,-1.0
2026-01-27 05:40:00-05:00,1.187905,1.18871,1.18789,1.188435,-1.0
2026-01-27 05:45:00-05:00,1.188435,1.18893,1.188295,1.18865,-1.0
2026-01-27 05:50:00-05:00,1.18865,1.18867,1.188305,1.18854,-1.0
2026-01-27 05:55:00-05:00,1.18854,1.188995,1.188455,1.18889,-1.0
2026-01-27 06:00:00-05:00,1.18889,1.189095,1.18886,1.18903,-1.0
2026-01-27 06:05:00-05:00,1.18903,1.189235,1.188945,1.18897,-1.0
2026-01-27 06:10:00-05:00,1.18897,1.18908,1.18887,1.189075,-1.0
2026-01-27 06:15:00-05:00,1.189075,1.18915,1.18871,1.18871,-1.0
2026-01-27 06:20:00-05:00,1.18871,1.18889,1.188545,1.188615,-1.0
2026-01-27 06:25:00-05:00,1.188615,1.188895,1.188545,1.188895,-1.0
2026-01-27 06:30:00-05:00,1.188895,1.189175,1.188865,1.18916,-1.0
2026-01-27 06:35:00-05:00,1.18916,1.189235,1.188805,1.188835,-1.0
2026-01-27 06:40:00-05:00,1.188835,1.188965,1.188635,1.18866,-1.0
2026-01-27 06:45:00-05:00,1.18866,1.188775,1.188595,1.18869,-1.0
2026-01-27 06:50:00-05:00,1.18869,1.189345,1.188645,1.189315,-1.0
2026-01-27 06:55:00-05:00,1.189315,1.189715,1.18926,1.189555,-1.0
2026-01-27 07:00:00-05:00,1.189555,1.189755,1.189425,1.18962,-1.0
2026-01-27 07:05:00-05:00,1.18962,1.189775,1.189425,1.18971,-1.0
2026-01-27 07:10:00-05:00,1.18971,1.19083,1.18971,1.190655,-1.0
2026-01-27 07:15:00-05:00,1.190655,1.19113,1.190655,1.19095,-1.0
2026-01-27 07:20:00-05:00,1.19095,1.19171,1.190615,1.191605,-1.0
2026-01-27 07:25:00-05:00,1.191605,1.1933,1.1915,1.1917,-1.0
2026-01-27 07:30:00-05:00,1.1917,1.192015,1.191295,1.19162,-1.0
2026-01-27 07:35:00-05:00,1.19162,1.191735,1.191265,1.191455,-1.0
2026-01-27 07:40:00-05:00,1.191455,1.19263,1.191325,1.19229,-1.0
2026-01-27 07:45:00-05:00,1.19229,1.192975,1.19215,1.192525,-1.0
2026-01-27 07:50:00-05:00,1.192525,1.19343,1.192525,1.19264,-1.0
2026-01-27 07:55:00-05:00,1.19264,1.192885,1.192275,1.19281,-1.0
2026-01-27 08:00:00-05:00,1.19281,1.19387,1.19281,1.19374,-1.0
2026-01-27 08:05:00-05:00,1.19374,1.19374,1.192895,1.1929,-1.0
2026-01-27 08:10:00-05:00,1.1929,1.192935,1.19255,1.192775,-1.0
2026-01-27 08:15:00-05:00,1.192775,1.193245,1.192665,1.19295,-1.0
2026-01-27 08:20:00-05:00,1.19295,1.19312,1.19252,1.192715,-1.0
2026-01-27 08:25:00-05:00,1.192715,1.192725,1.19207,1.19231,-1.0
2026-01-27 08:30:00-05:00,1.19231,1.192565,1.1921,1.19246,-1.0
2026-01-27 08:35:00-05:00,1.19246,1.19324,1.19246,1.193195,-1.0
2026-01-27 08:40:00-05:00,1.193195,1.19367,1.193035,1.193095,-1.0
2026-01-27 08:45:00-05:00,1.193095,1.193375,1.19228,1.19228,-1.0
2026-01-27 08:50:00-05:00,1.19228,1.19239,1.19142,1.19202,-1.0
2026-01-27 08:55:00-05:00,1.19202,1.192635,1.191995,1.19235,-1.0
2026-01-27 09:00:00-05:00,1.19235,1.19258,1.19184,1.19251,-1.0
2026-01-27 09:05:00-05:00,1.19251,1.193075,1.19238,1.19299,-1.0
2026-01-27 09:10:00-05:00,1.19299,1.19308,1.19257,1.192695,-1.0
2026-01-27 09:15:00-05:00,1.192695,1.192965,1.192495,1.192515,-1.0
2026-01-27 09:20:00-05:00,1.192515,1.19317,1.192455,1.193145,-1.0
2026-01-27 09:25:00-05:00,1.193145,1.193485,1.19284,1.19312,-1.0
2026-01-27 09:30:00-05:00,1.19312,1.194765,1.193115,1.194765,-1.0
2026-01-27 09:35:00-05:00,1.194765,1.19524,1.194375,1.194845,-1.0
2026-01-27 09:40:00-05:00,1.194845,1.195605,1.194355,1.19448,-1.0
2026-01-27 09:45:00-05:00,1.19448,1.194685,1.193935,1.19399,-1.0
2026-01-27 09:50:00-05:00,1.19399,1.194245,1.1936,1.193895,-1.0
2026-01-27 09:55:00-05:00,1.193895,1.19464,1.19377,1.194375,-1.0
2026-01-27 10:00:00-05:00,1.194375,1.195825,1.194325,1.19548,-1.0
2026-01-27 10:05:00-05:00,1.19548,1.196235,1.195385,1.195845,-1.0
2026-01-27 10:10:00-05:00,1.195845,1.196695,1.19544,1.19666,-1.0
2026-01-27 10:15:00-05:00,1.19666,1.19713,1.196455,1.196825,-1.0
2026-01-27 10:20:00-05:00,1.196825,1.19702,1.196235,1.196995,-1.0
2026-01-27 10:25:00-05:00,1.196995,1.19726,1.19644,1.19649,-1.0
2026-01-27 10:30:00-05:00,1.19649,1.19649,1.195385,1.195485,-1.0
2026-01-27 10:35:00-05:00,1.195485,1.195975,1.19531,1.19538,-1.0
2026-01-27 10:40:00-05:00,1.19538,1.19539,1.19474,1.195085,-1.0
2026-01-27 10:45:00-05:00,1.195085,1.1958,1.19506,1.195495,-1.0
2026-01-27 10:50:00-05:00,1.195495,1.19619,1.195165,1.19555,-1.0
2026-01-27 10:55:00-05:00,1.19555,1.195795,1.194985,1.195085,-1.0
2026-01-27 11:00:00-05:00,1.195085,1.196055,1.194975,1.19585,-1.0
2026-01-27 11:05:00-05:00,1.19585,1.196535,1.195795,1.1963,-1.0
2026-01-27 11:10:00-05:00,1.1963,1.196475,1.196065,1.196395,-1.0
2026-01-27 11:15:00-05:00,1.196395,1.19722,1.19627,1.197205,-1.0
2026-01-27 11:20:00-05:00,1.197205,1.197465,1.19682,1.19702,-1.0
2026-01-27 11:25:00-05:00,1.19702,1.197225,1.196705,1.197185,-1.0
2026-01-27 11:30:00-05:00,1.197185,1.198015,1.197145,1.19799,-1.0
2026-01-27 11:35:00-05:00,1.19799,1.198605,1.197835,1.198455,-1.0
2026-01-27 11:40:00-05:00,1.198455,1.198815,1.19812,1.198745,-1.0
2026-01-27 11:45:00-05:00,1.198745,1.19902,1.198225,1.19829,-1.0
2026-01-27 11:50:00-05:00,1.19829,1.198295,1.197385,1.197615,-1.0
2026-01-27 11:55:00-05:00,1.197615,1.19816,1.197495,1.19792,-1.0
2026-01-27 12:00:00-05:00,1.19792,1.198195,1.1974,1.198195,-1.0
2026-01-27 12:05:00-05:00,1.198195,1.198375,1.19721,1.19738,-1.0
2026-01-27 12:10:00-05:00,1.19738,1.19753,1.19699,1.19717,-1.0
2026-01-27 12:15:00-05:00,1.19717,1.197285,1.196315,1.19657,-1.0
2026-01-27 12:20:00-05:00,1.19657,1.196675,1.19619,1.19627,-1.0
2026-01-27 12:25:00-05:00,1.19627,1.196405,1.19588,1.19597,-1.0
2026-01-27 12:30:00-05:00,1.19597,1.19631,1.19592,1.19618,-1.0
2026-01-27 12:35:00-05:00,1.19618,1.196455,1.19617,1.196425,-1.0
2026-01-27 12:40:00-05:00,1.196425,1.198125,1.196425,1.198095,-1.0
2026-01-27 12:45:00-05:00,1.198095,1.19826,1.197665,1.198115,-1.0
2026-01-27 12:50:00-05:00,1.198115,1.198115,1.197685,1.19773,-1.0
2026-01-27 12:55:00-05:00,1.19773,1.198045,1.197715,1.19799,-1.0
2026-01-27 13:00:00-05:00,1.19799,1.198735,1.19799,1.19865,-1.0
2026-01-27 13:05:00-05:00,1.19865,1.19865,1.197995,1.19807,-1.0
2026-01-27 13:10:00-05:00,1.19807,1.19808,1.197355,1.1974,-1.0
2026-01-27 13:15:00-05:00,1.1974,1.197665,1.1972,1.1972,-1.0
2026-01-27 13:20:00-05:00,1.1972,1.197915,1.197175,1.197775,-1.0
2026-01-27 13:25:00-05:00,1.197775,1.197785,1.197445,1.197585,-1.0
2026-01-27 13:30:00-05:00,1.197585,1.198075,1.197585,1.19786,-1.0
2026-01-27 13:35:00-05:00,1.19786,1.197995,1.197615,1.197885,-1.0
2026-01-27 13:40:00-05:00,1.197885,1.198045,1.19761,1.197655,-1.0
2026-01-27 13:45:00-05:00,1.197655,1.198015,1.197485,1.197995,-1.0
2026-01-27 13:50:00-05:00,1.197995,1.198595,1.197965,1.1984,-1.0
2026-01-27 13:55:00-05:00,1.1984,1.19846,1.19778,1.19778,-1.0
2026-01-27 14:00:00-05:00,1.19778,1.19793,1.19743,1.19793,-1.0
2026-01-27 14:05:00-05:00,1.19793,1.19807,1.19772,1.19806,-1.0
2026-01-27 14:10:00-05:00,1.19806,1.19808,1.19772,1.197725,-1.0
2026-01-27 14:15:00-05:00,1.197725,1.197835,1.1972,1.197235,-1.0
2026-01-27 14:20:00-05:00,1.197235,1.19787,1.19719,1.19787,-1.0
2026-01-27 14:25:00-05:00,1.19787,1.19787,1.19743,1.197495,-1.0
2026-01-27 14:30:00-05:00,1.197495,1.19772,1.19745,1.197715,-1.0
2026-01-27 14:35:00-05:00,1.197715,1.19792,1.19753,1.19788,-1.0
2026-01-27 14:40:00-05:00,1.19788,1.19799,1.19762,1.197825,-1.0
2026-01-27 14:45:00-05:00,1.197825,1.197825,1.197115,1.19732,-1.0
2026-01-27 14:50:00-05:00,1.19732,1.197805,1.197265,1.19752,-1.0
2026-01-27 14:55:00-05:00,1.19752,1.197785,1.19751,1.197715,-1.0
2026-01-27 15:00:00-05:00,1.197715,1.19793,1.197415,1.197865,-1.0
2026-01-27 15:05:00-05:00,1.197865,1.19798,1.197725,1.1979,-1.0
2026-01-27 15:10:00-05:00,1.1979,1.198075,1.19772,1.197945,-1.0
2026-01-27 15:15:00-05:00,1.197945,1.198365,1.1979,1.198325,-1.0
2026-01-27 15:20:00-05:00,1.198325,1.199095,1.198315,1.198955,-1.0
2026-01-27 15:25:00-05:00,1.198955,1.19912,1.198925,1.19899,-1.0
2026-01-27 15:30:00-05:00,1.19899,1.19899,1.19855,1.198705,-1.0
2026-01-27 15:35:00-05:00,1.198705,1.19873,1.19811,1.19817,-1.0
2026-01-27 15:40:00-05:00,1.19817,1.19875,1.19718,1.198465,-1.0
2026-01-27 15:45:00-05:00,1.198465,1.2083,1.198425,1.205125,-1.0
2026-01-27 15:50:00-05:00,1.205125,1.206595,1.203615,1.205605,-1.0
2026-01-27 15:55:00-05:00,1.205605,1.20668,1.20283,1.20295,-1.0
2026-01-27 16:00:00-05:00,1.20295,1.20342,1.202345,1.202885,-1.0
2026-01-27 16:05:00-05:00,1.202885,1.2041,1.202325,1.20408,-1.0
2026-01-27 16:10:00-05:00,1.20408,1.20469,1.203125,1.204,-1.0
2026-01-27 16:15:00-05:00,1.204,1.204545,1.20341,1.20374,-1.0
2026-01-27 16:20:00-05:00,1.20374,1.20375,1.20289,1.203485,-1.0
2026-01-27 16:25:00-05:00,1.203485,1.204475,1.20342,1.204235,-1.0
2026-01-27 16:30:00-05:00,1.204235,1.204265,1.202995,1.20336,-1.0
2026-01-27 16:35:00-05:00,1.20336,1.204005,1.20317,1.20394,-1.0
2026-01-27 16:40:00-05:00,1.20394,1.204985,1.203895,1.204955,-1.0
2026-01-27 16:45:00-05:00,1.204955,1.20499,1.203575,1.203965,-1.0
2026-01-27 16:50:00-05:00,1.203965,1.204635,1.20389,1.20463,-1.0
2026-01-27 16:55:00-05:00,1.20463,1.20464,1.203595,1.20397,-1.0
2026-01-27 17:15:00-05:00,1.203675,1.203985,1.203675,1.20396,-1.0
2026-01-27 17:20:00-05:00,1.20396,1.204,1.20389,1.20399,-1.0
2026-01-27 17:25:00-05:00,1.20399,1.204005,1.20395,1.20397,-1.0
2026-01-27 17:30:00-05:00,1.20397,1.20433,1.203965,1.204205,-1.0
2026-01-27 17:35:00-05:00,1.204205,1.20437,1.204085,1.204145,-1.0
2026-01-27 17:40:00-05:00,1.204145,1.204145,1.20374,1.20392,-1.0
2026-01-27 17:45:00-05:00,1.20392,1.204025,1.203815,1.20398,-1.0
2026-01-27 17:50:00-05:00,1.20398,1.204255,1.20392,1.20425,-1.0
2026-01-27 17:55:00-05:00,1.20425,1.204275,1.20415,1.204185,-1.0
2026-01-27 18:00:00-05:00,1.204185,1.20458,1.203305,1.20338,-1.0
2026-01-27 18:05:00-05:00,1.20338,1.20352,1.2029,1.203065,-1.0
2026-01-27 18:10:00-05:00,1.203065,1.2034,1.20296,1.20303,-1.0
2026-01-27 18:15:00-05:00,1.20303,1.2035,1.202605,1.20264,-1.0
2026-01-27 18:20:00-05:00,1.20264,1.20282,1.202265,1.20256,-1.0
2026-01-27 18:25:00-05:00,1.20256,1.20257,1.20188,1.201945,-1.0
2026-01-27 18:30:00-05:00,1.201945,1.202715,1.201945,1.20269,-1.0
2026-01-27 18:35:00-05:00,1.20269,1.202785,1.20229,1.202415,-1.0
2026-01-27 18:40:00-05:00,1.202415,1.20288,1.202195,1.2022,-1.0
2026-01-27 18:45:00-05:00,1.2022,1.20265,1.20199,1.202145,-1.0
2026-01-27 18:50:00-05:00,1.202145,1.202265,1.20202,1.2022,-1.0
2026-01-27 18:55:00-05:00,1.2022,1.20235,1.20164,1.202305,-1.0
2026-01-27 19:00:00-05:00,1.202305,1.20231,1.20114,1.201215,-1.0
2026-01-27 19:05:00-05:00,1.201215,1.201425,1.201015,1.20132,-1.0
2026-01-27 19:10:00-05:00,1.20132,1.201415,1.20079,1.20136,-1.0
2026-01-27 19:15:00-05:00,1.20136,1.20205,1.20136,1.20181,-1.0
2026-01-27 19:20:00-05:00,1.20181,1.201865,1.20144,1.201495,-1.0
2026-01-27 19:25:00-05:00,1.201495,1.201495,1.201055,1.201205,-1.0
2026-01-27 19:30:00-05:00,1.201205,1.202055,1.20111,1.202035,-1.0
2026-01-27 19:35:00-05:00,1.202035,1.20236,1.201665,1.20203,-1.0
2026-01-27 19:40:00-05:00,1.20203,1.202075,1.20153,1.20154,-1.0
2026-01-27 19:45:00-05:00,1.20154,1.201705,1.201375,1.201455,-1.0
2026-01-27 19:50:00-05:00,1.201455,1.201715,1.201225,1.20146,-1.0
2026-01-27 19:55:00-05:00,1.20146,1.201645,1.20125,1.201515,-1.0
2026-01-27 20:00:00-05:00,1.201515,1.20161,1.20098,1.20119,-1.0
2026-01-27 20:05:00-05:00,1.20119,1.201355,1.200705,1.200945,-1.0
2026-01-27 20:10:00-05:00,1.200945,1.201115,1.20073,1.20089,-1.0
2026-01-27 20:15:00-05:00,1.20089,1.201135,1.20055,1.20058,-1.0
2026-01-27 20:20:00-05:00,1.20058,1.200645,1.200085,1.20019,-1.0
2026-01-27 20:25:00-05:00,1.20019,1.200525,1.200135,1.200385,-1.0
2026-01-27 20:30:00-05:00,1.200385,1.20072,1.19944,1.19964,-1.0
2026-01-27 20:35:00-05:00,1.19964,1.19971,1.199405,1.199475,-1.0
2026-01-27 20:40:00-05:00,1.199475,1.19999,1.199475,1.19993,-1.0
2026-01-27 20:45:00-05:00,1.19993,1.200365,1.199905,1.200335,-1.0
2026-01-27 20:50:00-05:00,1.200335,1.20055,1.19987,1.19994,-1.0
2026-01-27 20:55:00-05:00,1.19994,1.19994,1.19928,1.199295,-1.0
2026-01-27 21:00:00-05:00,1.199295,1.199755,1.19918,1.19973,-1.0
2026-01-27 21:05:00-05:00,1.19973,1.199835,1.199245,1.199305,-1.0
2026-01-27 21:10:00-05:00,1.199305,1.19936,1.19873,1.198765,-1.0
2026-01-27 21:15:00-05:00,1.198765,1.19938,1.19874,1.19936,-1.0
2026-01-27 21:20:00-05:00,1.19936,1.199505,1.19927,1.199295,-1.0
2026-01-27 21:25:00-05:00,1.199295,1.199535,1.19924,1.199405,-1.0
2026-01-27 21:30:00-05:00,1.199405,1.19969,1.199325,1.19959,-1.0
2026-01-27 21:35:00-05:00,1.19959,1.19971,1.199385,1.19939,-1.0
2026-01-27 21:40:00-05:00,1.19939,1.199545,1.19933,1.19952,-1.0
2026-01-27 21:45:00-05:00,1.19952,1.199755,1.19952,1.199685,-1.0
2026-01-27 21:50:00-05:00,1.199685,1.199895,1.19954,1.199895,-1.0
2026-01-27 21:55:00-05:00,1.199895,1.199995,1.19964,1.19975,-1.0
2026-01-27 22:00:00-05:00,1.19975,1.200005,1.19965,1.19997,-1.0
2026-01-27 22:05:00-05:00,1.19997,1.20007,1.199745,1.199755,-1.0
2026-01-27 22:10:00-05:00,1.199755,1.200305,1.199755,1.20028,-1.0
2026-01-27 22:15:00-05:00,1.20028,1.200505,1.2002,1.200365,-1.0
2026-01-27 22:20:00-05:00,1.200365,1.2004,1.200215,1.20031,-1.0
2026-01-27 22:25:00-05:00,1.20031,1.20033,1.200125,1.20016,-1.0
2026-01-27 22:30:00-05:00,1.20016,1.200175,1.199635,1.199745,-1.0
2026-01-27 22:35:00-05:00,1.199745,1.19981,1.19952,1.19959,-1.0
2026-01-27 22:40:00-05:00,1.19959,1.1997,1.19955,1.199555,-1.0
2026-01-27 22:45:00-05:00,1.199555,1.199855,1.19955,1.199815,-1.0
2026-01-27 22:50:00-05:00,1.199815,1.199955,1.199715,1.199875,-1.0
2026-01-27 22:55:00-05:00,1.199875,1.199895,1.19957,1.199695,-1.0
2026-01-27 23:00:00-05:00,1.199695,1.19976,1.199545,1.19966,-1.0
2026-01-27 23:05:00-05:00,1.19966,1.199665,1.19934,1.199405,-1.0
2026-01-27 23:10:00-05:00,1.199405,1.199475,1.199145,1.199375,-1.0
2026-01-27 23:15:00-05:00,1.199375,1.199525,1.19924,1.19951,-1.0
2026-01-27 23:20:00-05:00,1.19951,1.19955,1.199295,1.199405,-1.0
2026-01-27 23:25:00-05:00,1.199405,1.199475,1.19931,1.199335,-1.0
2026-01-27 23:30:00-05:00,1.199335,1.19946,1.199225,1.19935,-1.0
2026-01-27 23:35:00-05:00,1.19935,1.199575,1.19924,1.19956,-1.0
2026-01-27 23:40:00-05:00,1.19956,1.19958,1.199275,1.19951,-1.0
2026-01-27 23:45:00-05:00,1.19951,1.19989,1.19931,1.19987,-1.0
2026-01-27 23:50:00-05:00,1.19987,1.199905,1.19971,1.199735,-1.0
2026-01-27 23:55:00-05:00,1.199735,1.200175,1.19973,1.20003,-1.0
2026-01-28 00:00:00-05:00,1.20003,1.20009,1.197465,1.198495,-1.0
2026-01-28 00:05:00-05:00,1.198495,1.19882,1.197495,1.19783,-1.0
2026-01-28 00:10:00-05:00,1.19783,1.198455,1.197765,1.198425,-1.0
2026-01-28 00:15:00-05:00,1.198425,1.199005,1.198425,1.198765,-1.0
2026-01-28 00:20:00-05:00,1.198765,1.198785,1.1985,1.198615,-1.0
2026-01-28 00:25:00-05:00,1.198615,1.19923,1.19854,1.199075,-1.0
2026-01-28 00:30:00-05:00,1.199075,1.199345,1.198655,1.19892,-1.0
2026-01-28 00:35:00-05:00,1.19892,1.19903,1.198805,1.19882,-1.0
2026-01-28 00:40:00-05:00,1.19882,1.19941,1.198695,1.19939,-1.0
2026-01-28 00:45:00-05:00,1.19939,1.199575,1.199305,1.19943,-1.0
2026-01-28 00:50:00-05:00,1.19943,1.19945,1.19916,1.19936,-1.0
2026-01-28 00:55:00-05:00,1.19936,1.19974,1.199355,1.199705,-1.0
2026-01-28 01:00:00-05:00,1.199705,1.199895,1.199445,1.199505,-1.0
2026-01-28 01:05:00-05:00,1.199505,1.19964,1.19931,1.19946,-1.0
2026-01-28 01:10:00-05:00,1.19946,1.199815,1.199405,1.19975,-1.0
2026-01-28 01:15:00-05:00,1.19975,1.200255,1.199685,1.200215,-1.0
2026-01-28 01:20:00-05:00,1.200215,1.20027,1.19954,1.19954,-1.0
2026-01-28 01:25:00-05:00,1.19954,1.200175,1.199455,1.20015,-1.0
2026-01-28 01:30:00-05:00,1.20015,1.20071,1.2001,1.200165,-1.0
2026-01-28 01:35:00-05:00,1.200165,1.20043,1.199695,1.199695,-1.0
2026-01-28 01:40:00-05:00,1.199695,1.199755,1.199425,1.199555,-1.0
2026-01-28 01:45:00-05:00,1.199555,1.199595,1.19903,1.199275,-1.0
2026-01-28 01:50:00-05:00,1.199275,1.19949,1.1991,1.199355,-1.0
2026-01-28 01:55:00-05:00,1.199355,1.199715,1.19929,1.19954,-1.0
2026-01-28 02:00:00-05:00,1.19954,1.200005,1.199495,1.19984,-1.0
2026-01-28 02:05:00-05:00,1.19984,1.200125,1.199535,1.199795,-1.0
2026-01-28 02:10:00-05:00,1.199795,1.202155,1.1997,1.202125,-1.0
2026-01-28 02:15:00-05:00,1.202125,1.20258,1.201105,1.20154,-1.0
2026-01-28 02:20:00-05:00,1.20154,1.20156,1.200955,1.200985,-1.0
2026-01-28 02:25:00-05:00,1.200985,1.20127,1.20029,1.200345,-1.0
2026-01-28 02:30:00-05:00,1.200345,1.200345,1.19915,1.199355,-1.0
2026-01-28 02:35:00-05:00,1.199355,1.199445,1.198815,1.19917,-1.0
2026-01-28 02:40:00-05:00,1.19917,1.19937,1.19892,1.199305,-1.0
2026-01-28 02:45:00-05:00,1.199305,1.199355,1.198635,1.19873,-1.0
2026-01-28 02:50:00-05:00,1.19873,1.1989,1.198435,1.198815,-1.0
2026-01-28 02:55:00-05:00,1.198815,1.199415,1.19881,1.19915,-1.0
2026-01-28 03:00:00-05:00,1.19915,1.199385,1.198605,1.19893,-1.0
2026-01-28 03:05:00-05:00,1.19893,1.199755,1.19869,1.19974,-1.0
2026-01-28 03:10:00-05:00,1.19974,1.19974,1.19908,1.199235,-1.0
2026-01-28 03:15:00-05:00,1.199235,1.200035,1.198785,1.20001,-1.0
2026-01-28 03:20:00-05:00,1.20001,1.20048,1.19981,1.19997,-1.0
2026-01-28 03:25:00-05:00,1.19997,1.20015,1.199575,1.19994,-1.0
2026-01-28 03:30:00-05:00,1.19994,1.19996,1.19921,1.199735,-1.0
2026-01-28 03:35:00-05:00,1.199735,1.199835,1.198945,1.19934,-1.0
2026-01-28 03:40:00-05:00,1.19934,1.19955,1.198685,1.198785,-1.0
2026-01-28 03:45:00-05:00,1.198785,1.198785,1.19713,1.19764,-1.0
2026-01-28 03:50:00-05:00,1.19764,1.19784,1.197045,1.19749,-1.0
2026-01-28 03:55:00-05:00,1.19749,1.198205,1.19745,1.198045,-1.0
2026-01-28 04:00:00-05:00,1.198045,1.198585,1.198025,1.198505,-1.0
2026-01-28 04:05:00-05:00,1.198505,1.19864,1.19785,1.19812,-1.0
2026-01-28 04:10:00-05:00,1.19812,1.19812,1.19752,1.19769,-1.0
2026-01-28 04:15:00-05:00,1.19769,1.198225,1.19769,1.198085,-1.0
2026-01-28 04:20:00-05:00,1.198085,1.198265,1.197935,1.19805,-1.0
2026-01-28 04:25:00-05:00,1.19805,1.198445,1.197975,1.198425,-1.0
2026-01-28 04:30:00-05:00,1.198425,1.19899,1.198145,1.19898,-1.0
2026-01-28 04:35:00-05:00,1.19898,1.199275,1.19861,1.19874,-1.0
2026-01-28 04:40:00-05:00,1.19874,1.199,1.198085,1.198445,-1.0
2026-01-28 04:45:00-05:00,1.198445,1.198835,1.198195,1.19863,-1.0
2026-01-28 04:50:00-05:00,1.19863,1.198965,1.19861,1.19896,-1.0
2026-01-28 04:55:00-05:00,1.19896,1.19914,1.198605,1.19869,-1.0
2026-01-28 05:00:00-05:00,1.19869,1.19899,1.19794,1.197975,-1.0
2026-01-28 05:05:00-05:00,1.197975,1.19841,1.197745,1.19834,-1.0
2026-01-28 05:10:00-05:00,1.19834,1.198575,1.19808,1.198575,-1.0
2026-01-28 05:15:00-05:00,1.198575,1.198585,1.197835,1.19801,-1.0
2026-01-28 05:20:00-05:00,1.19801,1.19846,1.197765,1.197895,-1.0
2026-01-28 05:25:00-05:00,1.197895,1.19791,1.197265,1.197505,-1.0
2026-01-28 05:30:00-05:00,1.197505,1.198165,1.197345,1.198075,-1.0
2026-01-28 05:35:00-05:00,1.198075,1.198305,1.197685,1.198255,-1.0
2026-01-28 05:40:00-05:00,1.198255,1.198645,1.198045,1.19864,-1.0
2026-01-28 05:45:00-05:00,1.19864,1.199495,1.19856,1.199315,-1.0
2026-01-28 05:50:00-05:00,1.199315,1.199335,1.19893,1.198945,-1.0
2026-01-28 05:55:00-05:00,1.198945,1.19911,1.19874,1.198895,-1.0
2026-01-28 06:00:00-05:00,1.198895,1.198955,1.197845,1.197845,-1.0
2026-01-28 06:05:00-05:00,1.197845,1.197865,1.19727,1.197635,-1.0
2026-01-28 06:10:00-05:00,1.197635,1.197775,1.19724,1.197435,-1.0
2026-01-28 06:15:00-05:00,1.197435,1.19744,1.196645,1.196665,-1.0
2026-01-28 06:20:00-05:00,1.196665,1.197195,1.19652,1.197195,-1.0
2026-01-28 06:25:00-05:00,1.197195,1.197385,1.19685,1.19688,-1.0
2026-01-28 06:30:00-05:00,1.19688,1.19714,1.19661,1.196625,-1.0
2026-01-28 06:35:00-05:00,1.196625,1.19664,1.19619,1.196355,-1.0
2026-01-28 06:40:00-05:00,1.196355,1.1969,1.196355,1.19667,-1.0
2026-01-28 06:45:00-05:00,1.19667,1.19719,1.19661,1.19711,-1.0
2026-01-28 06:50:00-05:00,1.19711,1.19746,1.19705,1.197285,-1.0
2026-01-28 06:55:00-05:00,1.197285,1.19735,1.19673,1.1968,-1.0
2026-01-28 07:00:00-05:00,1.1968,1.197035,1.19661,1.19685,-1.0
2026-01-28 07:05:00-05:00,1.19685,1.19731,1.19676,1.1972,-1.0
2026-01-28 07:10:00-05:00,1.1972,1.197565,1.197065,1.197295,-1.0
2026-01-28 07:15:00-05:00,1.197295,1.197515,1.197025,1.19749,-1.0
2026-01-28 07:20:00-05:00,1.19749,1.19793,1.19749,1.19793,-1.0
2026-01-28 07:25:00-05:00,1.19793,1.19828,1.197855,1.198165,-1.0
2026-01-28 07:30:00-05:00,1.198165,1.198285,1.197905,1.198235,-1.0
2026-01-28 07:35:00-05:00,1.198235,1.19835,1.198015,1.1983,-1.0
2026-01-28 07:40:00-05:00,1.1983,1.19834,1.197385,1.1974,-1.0
2026-01-28 07:45:00-05:00,1.1974,1.197705,1.197205,1.197695,-1.0
2026-01-28 07:50:00-05:00,1.197695,1.19799,1.19749,1.19786,-1.0
2026-01-28 07:55:00-05:00,1.19786,1.198035,1.197535,1.19799,-1.0
2026-01-28 08:00:00-05:00,1.19799,1.19808,1.197465,1.197695,-1.0
2026-01-28 08:05:00-05:00,1.197695,1.197795,1.197345,1.19744,-1.0
2026-01-28 08:10:00-05:00,1.19744,1.197585,1.196885,1.19726,-1.0
2026-01-28 08:15:00-05:00,1.19726,1.19737,1.19639,1.196435,-1.0
2026-01-28 08:20:00-05:00,1.196435,1.1965,1.19575,1.195925,-1.0
2026-01-28 08:25:00-05:00,1.195925,1.196655,1.195845,1.19624,-1.0
2026-01-28 08:30:00-05:00,1.19624,1.196935,1.196235,1.196695,-1.0
2026-01-28 08:35:00-05:00,1.196695,1.196915,1.19632,1.196325,-1.0
2026-01-28 08:40:00-05:00,1.196325,1.196515,1.195905,1.196285,-1.0
2026-01-28 08:45:00-05:00,1.196285,1.19658,1.19548,1.19569,-1.0
2026-01-28 08:50:00-05:00,1.19569,1.196085,1.195195,1.195375,-1.0
2026-01-28 08:55:00-05:00,1.195375,1.195865,1.195205,1.195755,-1.0
2026-01-28 09:00:00-05:00,1.195755,1.196,1.195255,1.195345,-1.0
2026-01-28 09:05:00-05:00,1.195345,1.195825,1.19531,1.195725,-1.0
2026-01-28 09:10:00-05:00,1.195725,1.19639,1.195675,1.19639,-1.0
2026-01-28 09:15:00-05:00,1.19639,1.196465,1.196035,1.19618,-1.0
2026-01-28 09:20:00-05:00,1.19618,1.196695,1.196085,1.196635,-1.0
2026-01-28 09:25:00-05:00,1.196635,1.196785,1.196515,1.19671,-1.0
2026-01-28 09:30:00-05:00,1.19671,1.196795,1.196355,1.19679,-1.0
2026-01-28 09:35:00-05:00,1.19679,1.197485,1.196705,1.197455,-1.0
2026-01-28 09:40:00-05:00,1.197455,1.197755,1.197085,1.197665,-1.0
2026-01-28 09:45:00-05:00,1.197665,1.197755,1.197265,1.197295,-1.0
2026-01-28 09:50:00-05:00,1.197295,1.19759,1.195865,1.196205,-1.0
2026-01-28 09:55:00-05:00,1.196205,1.19632,1.195535,1.19624,-1.0
2026-01-28 10:00:00-05:00,1.19624,1.197025,1.196185,1.196695,-1.0
2026-01-28 10:05:00-05:00,1.196695,1.19683,1.19232,1.19324,-1.0
2026-01-28 10:10:00-05:00,1.19324,1.19419,1.19282,1.193765,-1.0
2026-01-28 10:15:00-05:00,1.193765,1.194655,1.193255,1.194505,-1.0
2026-01-28 10:20:00-05:00,1.194505,1.194775,1.193365,1.1939,-1.0
2026-01-28 10:25:00-05:00,1.1939,1.19483,1.19382,1.194705,-1.0
2026-01-28 10:30:00-05:00,1.194705,1.195315,1.194475,1.19499,-1.0
2026-01-28 10:35:00-05:00,1.19499,1.1952,1.19435,1.19488,-1.0
2026-01-28 10:40:00-05:00,1.19488,1.195815,1.194865,1.195735,-1.0
2026-01-28 10:45:00-05:00,1.195735,1.19579,1.193955,1.194355,-1.0
2026-01-28 10:50:00-05:00,1.194355,1.195055,1.19319,1.193785,-1.0
2026-01-28 10:55:00-05:00,1.193785,1.194995,1.19369,1.19434,-1.0
2026-01-28 11:00:00-05:00,1.19434,1.194975,1.19429,1.194885,-1.0
2026-01-28 11:05:00-05:00,1.194885,1.19527,1.19435,1.194485,-1.0
2026-01-28 11:10:00-05:00,1.194485,1.1945,1.19363,1.19364,-1.0
2026-01-28 11:15:00-05:00,1.19364,1.194765,1.19364,1.194385,-1.0
2026-01-28 11:20:00-05:00,1.194385,1.194695,1.192915,1.193215,-1.0
2026-01-28 11:25:00-05:00,1.193215,1.19355,1.192695,1.19275,-1.0
2026-01-28 11:30:00-05:00,1.19275,1.192935,1.191875,1.192665,-1.0
2026-01-28 11:35:00-05:00,1.192665,1.193615,1.192485,1.19353,-1.0
2026-01-28 11:40:00-05:00,1.19353,1.193685,1.193115,1.193345,-1.0
2026-01-28 11:45:00-05:00,1.193345,1.193775,1.19322,1.193365,-1.0
2026-01-28 11:50:00-05:00,1.193365,1.193815,1.193255,1.193425,-1.0
2026-01-28 11:55:00-05:00,1.193425,1.19407,1.19337,1.19406,-1.0
2026-01-28 12:00:00-05:00,1.19406,1.194325,1.193875,1.194205,-1.0
2026-01-28 12:05:00-05:00,1.194205,1.194205,1.193415,1.193595,-1.0
2026-01-28 12:10:00-05:00,1.193595,1.19388,1.193485,1.193685,-1.0
2026-01-28 12:15:00-05:00,1.193685,1.193715,1.19301,1.19315,-1.0
2026-01-28 12:20:00-05:00,1.19315,1.19364,1.19314,1.19317,-1.0
2026-01-28 12:25:00-05:00,1.19317,1.193995,1.193085,1.193455,-1.0
2026-01-28 12:30:00-05:00,1.193455,1.193965,1.193435,1.19355,-1.0
2026-01-28 12:35:00-05:00,1.19355,1.19355,1.193185,1.193205,-1.0
2026-01-28 12:40:00-05:00,1.193205,1.193235,1.19281,1.19308,-1.0
2026-01-28 12:45:00-05:00,1.19308,1.193435,1.19296,1.19329,-1.0
2026-01-28 12:50:00-05:00,1.19329,1.193555,1.19319,1.193465,-1.0
2026-01-28 12:55:00-05:00,1.193465,1.19412,1.193435,1.194115,-1.0
2026-01-28 13:00:00-05:00,1.194115,1.19423,1.193755,1.193805,-1.0
2026-01-28 13:05:00-05:00,1.193805,1.19412,1.193635,1.193645,-1.0
2026-01-28 13:10:00-05:00,1.193645,1.193655,1.193135,1.193165,-1.0
2026-01-28 13:15:00-05:00,1.193165,1.19323,1.192815,1.193215,-1.0
2026-01-28 13:20:00-05:00,1.193215,1.19356,1.193205,1.193455,-1.0
2026-01-28 13:25:00-05:00,1.193455,1.19361,1.19337,1.193505,-1.0
2026-01-28 13:30:00-05:00,1.193505,1.193535,1.1927,1.1927,-1.0
2026-01-28 13:35:00-05:00,1.1927,1.192865,1.192265,1.19255,-1.0
2026-01-28 13:40:00-05:00,1.19255,1.192555,1.19211,1.19211,-1.0
2026-01-28 13:45:00-05:00,1.19211,1.192275,1.191445,1.19176,-1.0
2026-01-28 13:50:00-05:00,1.19176,1.19237,1.19172,1.19227,-1.0
2026-01-28 13:55:00-05:00,1.19227,1.19242,1.191935,1.192145,-1.0
2026-01-28 14:00:00-05:00,1.192145,1.19337,1.189585,1.191365,-1.0
2026-01-28 14:05:00-05:00,1.191365,1.19188,1.190535,1.191185,-1.0
2026-01-28 14:10:00-05:00,1.191185,1.19123,1.19023,1.191005,-1.0
2026-01-28 14:15:00-05:00,1.191005,1.19162,1.190955,1.19145,-1.0
2026-01-28 14:20:00-05:00,1.19145,1.19148,1.19052,1.190675,-1.0
2026-01-28 14:25:00-05:00,1.190675,1.190765,1.190205,1.19035,-1.0
2026-01-28 14:30:00-05:00,1.19035,1.191665,1.19016,1.191615,-1.0
2026-01-28 14:35:00-05:00,1.191615,1.192665,1.191485,1.192595,-1.0
2026-01-28 14:40:00-05:00,1.192595,1.19304,1.191345,1.19207,-1.0
2026-01-28 14:45:00-05:00,1.19207,1.193135,1.19181,1.193095,-1.0
2026-01-28 14:50:00-05:00,1.193095,1.193235,1.19268,1.19299,-1.0
2026-01-28 14:55:00-05:00,1.19299,1.19418,1.192725,1.19404,-1.0
2026-01-28 15:00:00-05:00,1.19404,1.194715,1.193995,1.194715,-1.0
2026-01-28 15:05:00-05:00,1.194715,1.19492,1.193725,1.193865,-1.0
2026-01-28 15:10:00-05:00,1.193865,1.194215,1.192945,1.19306,-1.0
2026-01-28 15:15:00-05:00,1.19306,1.193925,1.193045,1.19354,-1.0
2026-01-28 15:20:00-05:00,1.19354,1.1939,1.193305,1.193855,-1.0
2026-01-28 15:25:00-05:00,1.193855,1.19456,1.19384,1.194405,-1.0
2026-01-28 15:30:00-05:00,1.194405,1.19483,1.19439,1.194595,-1.0
2026-01-28 15:35:00-05:00,1.194595,1.19473,1.194305,1.1947,-1.0
2026-01-28 15:40:00-05:00,1.1947,1.19503,1.194625,1.194685,-1.0
2026-01-28 15:45:00-05:00,1.194685,1.19475,1.194455,1.19471,-1.0
2026-01-28 15:50:00-05:00,1.19471,1.194955,1.19454,1.19471,-1.0
2026-01-28 15:55:00-05:00,1.19471,1.194855,1.19443,1.19456,-1.0
2026-01-28 16:00:00-05:00,1.19456,1.194965,1.194465,1.194955,-1.0
2026-01-28 16:05:00-05:00,1.194955,1.195055,1.19481,1.194965,-1.0
2026-01-28 16:10:00-05:00,1.194965,1.195295,1.19491,1.194955,-1.0
2026-01-28 16:15:00-05:00,1.194955,1.195035,1.19471,1.19481,-1.0
2026-01-28 16:20:00-05:00,1.19481,1.19512,1.194705,1.1948,-1.0
2026-01-28 16:25:00-05:00,1.1948,1.1948,1.194215,1.194225,-1.0
2026-01-28 16:30:00-05:00,1.194225,1.194685,1.194175,1.194685,-1.0
2026-01-28 16:35:00-05:00,1.194685,1.194815,1.1946,1.19473,-1.0
2026-01-28 16:40:00-05:00,1.19473,1.195015,1.194725,1.19483,-1.0
2026-01-28 16:45:00-05:00,1.19483,1.195045,1.19482,1.195045,-1.0
2026-01-28 16:50:00-05:00,1.195045,1.195305,1.19504,1.1953,-1.0
2026-01-28 16:55:00-05:00,1.1953,1.195435,1.195185,1.19542,-1.0
2026-01-28 17:15:00-05:00,1.195525,1.19561,1.19547,1.19558,-1.0
2026-01-28 17:20:00-05:00,1.19558,1.195605,1.195535,1.195575,-1.0
2026-01-28 17:25:00-05:00,1.195575,1.195605,1.195565,1.19559,-1.0
2026-01-28 17:30:00-05:00,1.19559,1.19561,1.195565,1.195595,-1.0
2026-01-28 17:35:00-05:00,1.195595,1.19562,1.195565,1.1956,-1.0
2026-01-28 17:40:00-05:00,1.1956,1.19568,1.19555,1.195555,-1.0
2026-01-28 17:45:00-05:00,1.195555,1.195695,1.195555,1.195645,-1.0
2026-01-28 17:50:00-05:00,1.195645,1.195655,1.19563,1.19564,-1.0
2026-01-28 17:55:00-05:00,1.19564,1.19564,1.195595,1.19561,-1.0
2026-01-28 18:00:00-05:00,1.19561,1.19566,1.19541,1.1956,-1.0
2026-01-28 18:05:00-05:00,1.1956,1.195615,1.19524,1.195385,-1.0
2026-01-28 18:10:00-05:00,1.195385,1.195945,1.19537,1.195945,-1.0
2026-01-28 18:15:00-05:00,1.195945,1.19662,1.195945,1.19662,-1.0
2026-01-28 18:20:00-05:00,1.19662,1.196925,1.196515,1.19682,-1.0
2026-01-28 18:25:00-05:00,1.19682,1.19727,1.19668,1.19674,-1.0
2026-01-28 18:30:00-05:00,1.19674,1.1974,1.196725,1.197225,-1.0
2026-01-28 18:35:00-05:00,1.197225,1.19777,1.197185,1.197575,-1.0
2026-01-28 18:40:00-05:00,1.197575,1.197595,1.196985,1.1972,-1.0
2026-01-28 18:45:00-05:00,1.1972,1.19761,1.197005,1.19701,-1.0
2026-01-28 18:50:00-05:00,1.19701,1.19726,1.196635,1.196775,-1.0
2026-01-28 18:55:00-05:00,1.196775,1.19812,1.19657,1.1981,-1.0
2026-01-28 19:00:00-05:00,1.1981,1.1981,1.197005,1.19713,-1.0
2026-01-28 19:05:00-05:00,1.19713,1.197585,1.196905,1.19731,-1.0
2026-01-28 19:10:00-05:00,1.19731,1.19788,1.19731,1.19787,-1.0
2026-01-28 19:15:00-05:00,1.19787,1.198095,1.19766,1.197955,-1.0
2026-01-28 19:20:00-05:00,1.197955,1.19814,1.197815,1.19804,-1.0
2026-01-28 19:25:00-05:00,1.19804,1.198285,1.19798,1.19823,-1.0
2026-01-28 19:30:00-05:00,1.19823,1.198515,1.19817,1.198395,-1.0
2026-01-28 19:35:00-05:00,1.198395,1.19851,1.19766,1.197675,-1.0
2026-01-28 19:40:00-05:00,1.197675,1.197735,1.197365,1.19747,-1.0
2026-01-28 19:45:00-05:00,1.19747,1.19759,1.197375,1.19738,-1.0
2026-01-28 19:50:00-05:00,1.19738,1.19762,1.19738,1.197525,-1.0
2026-01-28 19:55:00-05:00,1.197525,1.197555,1.19731,1.197375,-1.0
2026-01-28 20:00:00-05:00,1.197375,1.197375,1.196505,1.196525,-1.0
2026-01-28 20:05:00-05:00,1.196525,1.19697,1.19652,1.19653,-1.0
2026-01-28 20:10:00-05:00,1.19653,1.19668,1.19608,1.19634,-1.0
2026-01-28 20:15:00-05:00,1.19634,1.19652,1.19612,1.196205,-1.0
2026-01-28 20:20:00-05:00,1.196205,1.19638,1.195935,1.19609,-1.0
2026-01-28 20:25:00-05:00,1.19609,1.19619,1.195685,1.19609,-1.0
2026-01-28 20:30:00-05:00,1.19609,1.1965,1.19609,1.196355,-1.0
2026-01-28 20:35:00-05:00,1.196355,1.19637,1.195945,1.19612,-1.0
2026-01-28 20:40:00-05:00,1.19612,1.196365,1.19612,1.19624,-1.0
2026-01-28 20:45:00-05:00,1.19624,1.19641,1.19608,1.19623,-1.0
2026-01-28 20:50:00-05:00,1.19623,1.196505,1.19598,1.196505,-1.0
2026-01-28 20:55:00-05:00,1.196505,1.196545,1.196055,1.19614,-1.0
2026-01-28 21:00:00-05:00,1.19614,1.196145,1.19567,1.19583,-1.0
2026-01-28 21:05:00-05:00,1.19583,1.195835,1.195325,1.195785,-1.0
2026-01-28 21:10:00-05:00,1.195785,1.19612,1.195785,1.196015,-1.0
2026-01-28 21:15:00-05:00,1.196015,1.196115,1.195845,1.19609,-1.0
2026-01-28 21:20:00-05:00,1.19609,1.19644,1.196055,1.196415,-1.0
2026-01-28 21:25:00-05:00,1.196415,1.196845,1.196365,1.196815,-1.0
2026-01-28 21:30:00-05:00,1.196815,1.197095,1.196765,1.196935,-1.0
2026-01-28 21:35:00-05:00,1.196935,1.1972,1.196915,1.19697,-1.0
2026-01-28 21:40:00-05:00,1.19697,1.197365,1.19692,1.19727,-1.0
2026-01-28 21:45:00-05:00,1.19727,1.197385,1.197105,1.19727,-1.0
2026-01-28 21:50:00-05:00,1.19727,1.19746,1.197115,1.19732,-1.0
2026-01-28 21:55:00-05:00,1.19732,1.19757,1.19718,1.19732,-1.0
2026-01-28 22:00:00-05:00,1.19732,1.197335,1.197055,1.197265,-1.0
2026-01-28 22:05:00-05:00,1.197265,1.19768,1.197225,1.19753,-1.0
2026-01-28 22:10:00-05:00,1.19753,1.19798,1.197515,1.19787,-1.0
2026-01-28 22:15:00-05:00,1.19787,1.19799,1.197825,1.19798,-1.0
2026-01-28 22:20:00-05:00,1.19798,1.19808,1.19766,1.19796,-1.0
2026-01-28 22:25:00-05:00,1.19796,1.198115,1.19785,1.19786,-1.0
2026-01-28 22:30:00-05:00,1.19786,1.19786,1.1975,1.197515,-1.0
2026-01-28 22:35:00-05:00,1.197515,1.197905,1.197515,1.1978,-1.0
2026-01-28 22:40:00-05:00,1.1978,1.198225,1.197795,1.1981,-1.0
2026-01-28 22:45:00-05:00,1.1981,1.19822,1.198045,1.198125,-1.0
2026-01-28 22:50:00-05:00,1.198125,1.19841,1.19812,1.19828,-1.0
2026-01-28 22:55:00-05:00,1.19828,1.19869,1.198275,1.19865,-1.0
2026-01-28 23:00:00-05:00,1.19865,1.19886,1.19851,1.198675,-1.0
2026-01-28 23:05:00-05:00,1.198675,1.19907,1.198635,1.19902,-1.0
2026-01-28 23:10:00-05:00,1.19902,1.19903,1.198265,1.198325,-1.0
2026-01-28 23:15:00-05:00,1.198325,1.198365,1.198105,1.19831,-1.0
2026-01-28 23:20:00-05:00,1.19831,1.198775,1.197525,1.19877,-1.0
2026-01-28 23:25:00-05:00,1.19877,1.198825,1.198485,1.198525,-1.0
2026-01-28 23:30:00-05:00,1.198525,1.198665,1.198295,1.19866,-1.0
2026-01-28 23:35:00-05:00,1.19866,1.198795,1.19844,1.19845,-1.0
2026-01-28 23:40:00-05:00,1.19845,1.19848,1.19823,1.198255,-1.0
2026-01-28 23:45:00-05:00,1.198255,1.198725,1.198245,1.198685,-1.0
2026-01-28 23:50:00-05:00,1.198685,1.19907,1.19862,1.19901,-1.0
2026-01-28 23:55:00-05:00,1.19901,1.199035,1.19881,1.19901,-1.0
2026-01-29 00:00:00-05:00,1.19901,1.19924,1.19895,1.199195,-1.0
2026-01-29 00:05:00-05:00,1.199195,1.19925,1.19896,1.199245,-1.0
2026-01-29 00:10:00-05:00,1.199245,1.19938,1.198645,1.19872,-1.0
2026-01-29 00:15:00-05:00,1.19872,1.19887,1.198525,1.198725,-1.0
2026-01-29 00:20:00-05:00,1.198725,1.19876,1.19819,1.19845,-1.0
2026-01-29 00:25:00-05:00,1.19845,1.19854,1.198365,1.19852,-1.0
2026-01-29 00:30:00-05:00,1.19852,1.19871,1.19834,1.198405,-1.0
2026-01-29 00:35:00-05:00,1.198405,1.19887,1.198395,1.19884,-1.0
2026-01-29 00:40:00-05:00,1.19884,1.19889,1.198505,1.19855,-1.0
2026-01-29 00:45:00-05:00,1.19855,1.19863,1.19818,1.19836,-1.0
2026-01-29 00:50:00-05:00,1.19836,1.198385,1.19818,1.19831,-1.0
2026-01-29 00:55:00-05:00,1.19831,1.19843,1.198055,1.19813,-1.0
2026-01-29 01:00:00-05:00,1.19813,1.198245,1.198045,1.19816,-1.0
2026-01-29 01:05:00-05:00,1.19816,1.198295,1.19791,1.19799,-1.0
2026-01-29 01:10:00-05:00,1.19799,1.19799,1.197535,1.197855,-1.0
2026-01-29 01:15:00-05:00,1.197855,1.19846,1.19781,1.19839,-1.0
2026-01-29 01:20:00-05:00,1.19839,1.19887,1.198225,1.19884,-1.0
2026-01-29 01:25:00-05:00,1.19884,1.198925,1.19846,1.198515,-1.0
2026-01-29 01:30:00-05:00,1.198515,1.19859,1.198305,1.19848,-1.0
2026-01-29 01:35:00-05:00,1.19848,1.19865,1.19845,1.19865,-1.0
2026-01-29 01:40:00-05:00,1.19865,1.19878,1.19854,1.198625,-1.0
2026-01-29 01:45:00-05:00,1.198625,1.198665,1.198475,1.198565,-1.0
2026-01-29 01:50:00-05:00,1.198565,1.198695,1.19845,1.19853,-1.0
2026-01-29 01:55:00-05:00,1.19853,1.19864,1.19843,1.198445,-1.0
2026-01-29 02:00:00-05:00,1.198445,1.19966,1.19842,1.19927,-1.0
2026-01-29 02:05:00-05:00,1.19927,1.199415,1.19869,1.19869,-1.0
2026-01-29 02:10:00-05:00,1.19869,1.198725,1.19841,1.198585,-1.0
2026-01-29 02:15:00-05:00,1.198585,1.198895,1.19845,1.19878,-1.0
2026-01-29 02:20:00-05:00,1.19878,1.19895,1.198505,1.1986,-1.0
2026-01-29 02:25:00-05:00,1.1986,1.19872,1.198125,1.19822,-1.0
2026-01-29 02:30:00-05:00,1.19822,1.198325,1.19732,1.197515,-1.0
2026-01-29 02:35:00-05:00,1.197515,1.19788,1.197255,1.19726,-1.0
2026-01-29 02:40:00-05:00,1.19726,1.197465,1.197025,1.197165,-1.0
2026-01-29 02:45:00-05:00,1.197165,1.197175,1.19673,1.197145,-1.0
2026-01-29 02:50:00-05:00,1.197145,1.197445,1.197075,1.19727,-1.0
2026-01-29 02:55:00-05:00,1.19727,1.197545,1.197165,1.19741,-1.0
2026-01-29 03:00:00-05:00,1.19741,1.19795,1.197325,1.197465,-1.0
2026-01-29 03:05:00-05:00,1.197465,1.19812,1.1974,1.198085,-1.0
2026-01-29 03:10:00-05:00,1.198085,1.19857,1.197875,1.19813,-1.0
2026-01-29 03:15:00-05:00,1.19813,1.19813,1.197205,1.19737,-1.0
2026-01-29 03:20:00-05:00,1.19737,1.198185,1.197355,1.197925,-1.0
2026-01-29 03:25:00-05:00,1.197925,1.198015,1.19737,1.197625,-1.0
2026-01-29 03:30:00-05:00,1.197625,1.19793,1.19689,1.196895,-1.0
2026-01-29 03:35:00-05:00,1.196895,1.196985,1.196415,1.19672,-1.0
2026-01-29 03:40:00-05:00,1.19672,1.1969,1.196415,1.19684,-1.0
2026-01-29 03:45:00-05:00,1.19684,1.1969,1.19652,1.196885,-1.0
2026-01-29 03:50:00-05:00,1.196885,1.19713,1.196455,1.196455,-1.0
2026-01-29 03:55:00-05:00,1.196455,1.196875,1.196145,1.19684,-1.0
2026-01-29 04:00:00-05:00,1.19684,1.197435,1.196665,1.197145,-1.0
2026-01-29 04:05:00-05:00,1.197145,1.197225,1.19691,1.19707,-1.0
2026-01-29 04:10:00-05:00,1.19707,1.197195,1.19676,1.197005,-1.0
2026-01-29 04:15:00-05:00,1.197005,1.197175,1.19652,1.196685,-1.0
2026-01-29 04:20:00-05:00,1.196685,1.19671,1.196235,1.19637,-1.0
2026-01-29 04:25:00-05:00,1.19637,1.196495,1.196125,1.196315,-1.0
2026-01-29 04:30:00-05:00,1.196315,1.19696,1.196235,1.19693,-1.0
2026-01-29 04:35:00-05:00,1.19693,1.197015,1.19639,1.19663,-1.0
2026-01-29 04:40:00-05:00,1.19663,1.19697,1.196355,1.196535,-1.0
2026-01-29 04:45:00-05:00,1.196535,1.196565,1.19579,1.1958,-1.0
2026-01-29 04:50:00-05:00,1.1958,1.1958,1.19521,1.19545,-1.0
2026-01-29 04:55:00-05:00,1.19545,1.19562,1.195155,1.195585,-1.0
2026-01-29 05:00:00-05:00,1.195585,1.19579,1.19545,1.195695,-1.0
2026-01-29 05:05:00-05:00,1.195695,1.195695,1.19528,1.195475,-1.0
2026-01-29 05:10:00-05:00,1.195475,1.19562,1.195035,1.19546,-1.0
2026-01-29 05:15:00-05:00,1.19546,1.195495,1.19466,1.19483,-1.0
2026-01-29 05:20:00-05:00,1.19483,1.195535,1.19482,1.19538,-1.0
2026-01-29 05:25:00-05:00,1.19538,1.195445,1.19519,1.195355,-1.0
2026-01-29 05:30:00-05:00,1.195355,1.19554,1.195075,1.19524,-1.0
2026-01-29 05:35:00-05:00,1.19524,1.195385,1.19502,1.19507,-1.0
2026-01-29 05:40:00-05:00,1.19507,1.19512,1.194815,1.19509,-1.0
2026-01-29 05:45:00-05:00,1.19509,1.19509,1.19426,1.194635,-1.0
2026-01-29 05:50:00-05:00,1.194635,1.1948,1.194515,1.19465,-1.0
2026-01-29 05:55:00-05:00,1.19465,1.19474,1.193875,1.194235,-1.0
2026-01-29 06:00:00-05:00,1.194235,1.19448,1.193815,1.19445,-1.0
2026-01-29 06:05:00-05:00,1.19445,1.19465,1.19428,1.19443,-1.0
2026-01-29 06:10:00-05:00,1.19443,1.194705,1.194385,1.19469,-1.0
2026-01-29 06:15:00-05:00,1.19469,1.1949,1.194365,1.19442,-1.0
2026-01-29 06:20:00-05:00,1.19442,1.195205,1.194375,1.195175,-1.0
2026-01-29 06:25:00-05:00,1.195175,1.19518,1.19481,1.194845,-1.0
2026-01-29 06:30:00-05:00,1.194845,1.19501,1.194575,1.194935,-1.0
2026-01-29 06:35:00-05:00,1.194935,1.19505,1.19456,1.1947,-1.0
2026-01-29 06:40:00-05:00,1.1947,1.19505,1.194665,1.194865,-1.0
2026-01-29 06:45:00-05:00,1.194865,1.19514,1.194835,1.19509,-1.0
2026-01-29 06:50:00-05:00,1.19509,1.19531,1.194915,1.19492,-1.0
2026-01-29 06:55:00-05:00,1.19492,1.194985,1.194625,1.19471,-1.0
2026-01-29 07:00:00-05:00,1.19471,1.19476,1.19437,1.19459,-1.0
2026-01-29 07:05:00-05:00,1.19459,1.19475,1.19421,1.194385,-1.0
2026-01-29 07:10:00-05:00,1.194385,1.19492,1.19434,1.194865,-1.0
2026-01-29 07:15:00-05:00,1.194865,1.195025,1.194735,1.194785,-1.0
2026-01-29 07:20:00-05:00,1.194785,1.195,1.194695,1.194975,-1.0
2026-01-29 07:25:00-05:00,1.194975,1.19518,1.194915,1.195145,-1.0
2026-01-29 07:30:00-05:00,1.195145,1.19518,1.194815,1.1949,-1.0
2026-01-29 07:35:00-05:00,1.1949,1.1951,1.19469,1.194745,-1.0
2026-01-29 07:40:00-05:00,1.194745,1.19481,1.194505,1.19479,-1.0
2026-01-29 07:45:00-05:00,1.19479,1.195295,1.1947,1.195185,-1.0
2026-01-29 07:50:00-05:00,1.195185,1.195915,1.19518,1.195465,-1.0
2026-01-29 07:55:00-05:00,1.195465,1.19623,1.195385,1.196125,-1.0
2026-01-29 08:00:00-05:00,1.196125,1.19652,1.19583,1.19649,-1.0
2026-01-29 08:05:00-05:00,1.19649,1.19685,1.1964,1.19674,-1.0
2026-01-29 08:10:00-05:00,1.19674,1.196785,1.19624,1.196335,-1.0
2026-01-29 08:15:00-05:00,1.196335,1.196755,1.196015,1.196715,-1.0
2026-01-29 08:20:00-05:00,1.196715,1.19685,1.196405,1.19658,-1.0
2026-01-29 08:25:00-05:00,1.19658,1.196855,1.19646,1.19651,-1.0
2026-01-29 08:30:00-05:00,1.19651,1.197105,1.19607,1.196085,-1.0
2026-01-29 08:35:00-05:00,1.196085,1.196105,1.19553,1.19584,-1.0
2026-01-29 08:40:00-05:00,1.19584,1.19685,1.19584,1.19648,-1.0
2026-01-29 08:45:00-05:00,1.19648,1.196485,1.19414,1.194165,-1.0
2026-01-29 08:50:00-05:00,1.194165,1.195935,1.19403,1.195195,-1.0
2026-01-29 08:55:00-05:00,1.195195,1.19564,1.19492,1.195615,-1.0
2026-01-29 09:00:00-05:00,1.195615,1.1958,1.195225,1.195465,-1.0
2026-01-29 09:05:00-05:00,1.195465,1.196125,1.195445,1.19603,-1.0
2026-01-29 09:10:00-05:00,1.19603,1.19649,1.19588,1.19648,-1.0
2026-01-29 09:15:00-05:00,1.19648,1.196685,1.19615,1.19664,-1.0
2026-01-29 09:20:00-05:00,1.19664,1.196685,1.196385,1.1964,-1.0
2026-01-29 09:25:00-05:00,1.1964,1.19705,1.196375,1.196585,-1.0
2026-01-29 09:30:00-05:00,1.196585,1.19684,1.19597,1.196085,-1.0
2026-01-29 09:35:00-05:00,1.196085,1.196765,1.195515,1.19649,-1.0
2026-01-29 09:40:00-05:00,1.19649,1.19692,1.19604,1.196845,-1.0
2026-01-29 09:45:00-05:00,1.196845,1.19693,1.19612,1.196625,-1.0
2026-01-29 09:50:00-05:00,1.196625,1.19687,1.1963,1.196715,-1.0
2026-01-29 09:55:00-05:00,1.196715,1.197145,1.196585,1.19703,-1.0
2026-01-29 10:00:00-05:00,1.19703,1.19726,1.195855,1.196065,-1.0
2026-01-29 10:05:00-05:00,1.196065,1.196335,1.195075,1.195275,-1.0
2026-01-29 10:10:00-05:00,1.195275,1.19563,1.19457,1.194825,-1.0
2026-01-29 10:15:00-05:00,1.194825,1.19483,1.19174,1.19243,-1.0
2026-01-29 10:20:00-05:00,1.19243,1.193305,1.191505,1.192375,-1.0
2026-01-29 10:25:00-05:00,1.192375,1.192715,1.1906,1.190925,-1.0
2026-01-29 10:30:00-05:00,1.190925,1.1923,1.19071,1.191915,-1.0
2026-01-29 10:35:00-05:00,1.191915,1.193485,1.191645,1.192875,-1.0
2026-01-29 10:40:00-05:00,1.192875,1.192875,1.191325,1.191345,-1.0
2026-01-29 10:45:00-05:00,1.191345,1.192625,1.1913,1.192385,-1.0
2026-01-29 10:50:00-05:00,1.192385,1.193015,1.19204,1.192825,-1.0
2026-01-29 10:55:00-05:00,1.192825,1.19302,1.192385,1.19296,-1.0
2026-01-29 11:00:00-05:00,1.19296,1.193605,1.192725,1.19349,-1.0
2026-01-29 11:05:00-05:00,1.19349,1.19429,1.193325,1.19349,-1.0
2026-01-29 11:10:00-05:00,1.19349,1.193865,1.193165,1.19364,-1.0
2026-01-29 11:15:00-05:00,1.19364,1.19402,1.193,1.19301,-1.0
2026-01-29 11:20:00-05:00,1.19301,1.193555,1.192815,1.193235,-1.0
2026-01-29 11:25:00-05:00,1.193235,1.19388,1.193145,1.193645,-1.0
2026-01-29 11:30:00-05:00,1.193645,1.19404,1.19355,1.193835,-1.0
2026-01-29 11:35:00-05:00,1.193835,1.19386,1.19316,1.1936,-1.0
2026-01-29 11:40:00-05:00,1.1936,1.19473,1.19344,1.19443,-1.0
2026-01-29 11:45:00-05:00,1.19443,1.19507,1.194275,1.194985,-1.0
2026-01-29 11:50:00-05:00,1.194985,1.195295,1.19439,1.194735,-1.0
2026-01-29 11:55:00-05:00,1.194735,1.19503,1.194265,1.19427,-1.0
2026-01-29 12:00:00-05:00,1.19427,1.19513,1.19427,1.194945,-1.0
2026-01-29 12:05:00-05:00,1.194945,1.195175,1.19474,1.195085,-1.0
2026-01-29 12:10:00-05:00,1.195085,1.195305,1.194785,1.19481,-1.0
2026-01-29 12:15:00-05:00,1.19481,1.195175,1.19445,1.19483,-1.0
2026-01-29 12:20:00-05:00,1.19483,1.196,1.19483,1.19559,-1.0
2026-01-29 12:25:00-05:00,1.19559,1.19574,1.195245,1.19556,-1.0
2026-01-29 12:30:00-05:00,1.19556,1.19615,1.19555,1.195795,-1.0
2026-01-29 12:35:00-05:00,1.195795,1.195965,1.195465,1.19551,-1.0
2026-01-29 12:40:00-05:00,1.19551,1.196155,1.1955,1.196055,-1.0
2026-01-29 12:45:00-05:00,1.196055,1.19606,1.195515,1.19597,-1.0
2026-01-29 12:50:00-05:00,1.19597,1.19597,1.195055,1.195855,-1.0
2026-01-29 12:55:00-05:00,1.195855,1.195955,1.195275,1.19559,-1.0
2026-01-29 13:00:00-05:00,1.19559,1.19565,1.195135,1.195255,-1.0
2026-01-29 13:05:00-05:00,1.195255,1.19599,1.195235,1.19585,-1.0
2026-01-29 13:10:00-05:00,1.19585,1.195965,1.19558,1.19558,-1.0
2026-01-29 13:15:00-05:00,1.19558,1.195585,1.195275,1.1954,-1.0
2026-01-29 13:20:00-05:00,1.1954,1.195545,1.194965,1.19507,-1.0
2026-01-29 13:25:00-05:00,1.19507,1.195235,1.194845,1.195185,-1.0
2026-01-29 13:30:00-05:00,1.195185,1.195805,1.19509,1.195805,-1.0
2026-01-29 13:35:00-05:00,1.195805,1.196365,1.195575,1.196365,-1.0
2026-01-29 13:40:00-05:00,1.196365,1.19649,1.195915,1.19617,-1.0
2026-01-29 13:45:00-05:00,1.19617,1.19624,1.196055,1.196225,-1.0
2026-01-29 13:50:00-05:00,1.196225,1.19633,1.196045,1.19619,-1.0
2026-01-29 13:55:00-05:00,1.19619,1.196375,1.19579,1.19579,-1.0
2026-01-29 14:00:00-05:00,1.19579,1.1958,1.19535,1.195695,-1.0
2026-01-29 14:05:00-05:00,1.195695,1.1957,1.19529,1.1953,-1.0
2026-01-29 14:10:00-05:00,1.1953,1.195355,1.195015,1.19505,-1.0
2026-01-29 14:15:00-05:00,1.19505,1.195735,1.19505,1.195685,-1.0
2026-01-29 14:20:00-05:00,1.195685,1.196055,1.195595,1.196005,-1.0
2026-01-29 14:25:00-05:00,1.196005,1.19605,1.19579,1.1958,-1.0
2026-01-29 14:30:00-05:00,1.1958,1.1958,1.19518,1.195185,-1.0
2026-01-29 14:35:00-05:00,1.195185,1.19538,1.1951,1.195245,-1.0
2026-01-29 14:40:00-05:00,1.195245,1.195535,1.19523,1.19535,-1.0
2026-01-29 14:45:00-05:00,1.19535,1.19555,1.19518,1.195245,-1.0
2026-01-29 14:50:00-05:00,1.195245,1.19544,1.19509,1.195255,-1.0
2026-01-29 14:55:00-05:00,1.195255,1.19546,1.19513,1.195145,-1.0
2026-01-29 15:00:00-05:00,1.195145,1.195305,1.194585,1.19472,-1.0
2026-01-29 15:05:00-05:00,1.19472,1.194995,1.19469,1.19495,-1.0
2026-01-29 15:10:00-05:00,1.19495,1.195795,1.19494,1.195545,-1.0
2026-01-29 15:15:00-05:00,1.195545,1.1959,1.1955,1.195865,-1.0
2026-01-29 15:20:00-05:00,1.195865,1.19605,1.19579,1.195925,-1.0
2026-01-29 15:25:00-05:00,1.195925,1.1961,1.195875,1.19599,-1.0
2026-01-29 15:30:00-05:00,1.19599,1.19624,1.195895,1.19624,-1.0
2026-01-29 15:35:00-05:00,1.19624,1.196685,1.196125,1.19654,-1.0
2026-01-29 15:40:00-05:00,1.19654,1.196565,1.196335,1.196405,-1.0
2026-01-29 15:45:00-05:00,1.196405,1.196565,1.196385,1.196505,-1.0
2026-01-29 15:50:00-05:00,1.196505,1.19684,1.196505,1.19662,-1.0
2026-01-29 15:55:00-05:00,1.19662,1.19672,1.196375,1.196485,-1.0
2026-01-29 16:00:00-05:00,1.196485,1.1965,1.19623,1.19627,-1.0
2026-01-29 16:05:00-05:00,1.19627,1.19629,1.196195,1.196245,-1.0
2026-01-29 16:10:00-05:00,1.196245,1.196785,1.196225,1.19677,-1.0
2026-01-29 16:15:00-05:00,1.19677,1.196835,1.19661,1.19678,-1.0
2026-01-29 16:20:00-05:00,1.19678,1.196835,1.19669,1.196735,-1.0
2026-01-29 16:25:00-05:00,1.196735,1.19684,1.196685,1.196705,-1.0
2026-01-29 16:30:00-05:00,1.196705,1.196975,1.196675,1.19688,-1.0
2026-01-29 16:35:00-05:00,1.19688,1.196935,1.19677,1.196845,-1.0
2026-01-29 16:40:00-05:00,1.196845,1.19715,1.19678,1.19698,-1.0
2026-01-29 16:45:00-05:00,1.19698,1.19707,1.196875,1.196935,-1.0
2026-01-29 16:50:00-05:00,1.196935,1.19713,1.196925,1.196965,-1.0
2026-01-29 16:55:00-05:00,1.196965,1.19719,1.19695,1.197125,-1.0
2026-01-29 17:15:00-05:00,1.196665,1.19673,1.19665,1.196695,-1.0
2026-01-29 17:20:00-05:00,1.196695,1.19671,1.19669,1.19671,-1.0
2026-01-29 17:25:00-05:00,1.19671,1.196725,1.196645,1.196725,-1.0
2026-01-29 17:30:00-05:00,1.196725,1.196725,1.19671,1.196715,-1.0
2026-01-29 17:35:00-05:00,1.196715,1.19673,1.196675,1.19668,-1.0
2026-01-29 17:40:00-05:00,1.19668,1.196785,1.196675,1.19678,-1.0
2026-01-29 17:45:00-05:00,1.19678,1.19685,1.196775,1.19682,-1.0
2026-01-29 17:50:00-05:00,1.19682,1.1969,1.196735,1.19683,-1.0
2026-01-29 17:55:00-05:00,1.19683,1.197,1.19681,1.19697,-1.0
2026-01-29 18:00:00-05:00,1.19697,1.19711,1.19684,1.196895,-1.0
2026-01-29 18:05:00-05:00,1.196895,1.197165,1.19687,1.19713,-1.0
2026-01-29 18:10:00-05:00,1.19713,1.19713,1.197015,1.197045,-1.0
2026-01-29 18:15:00-05:00,1.197045,1.197165,1.19702,1.197135,-1.0
2026-01-29 18:20:00-05:00,1.197135,1.1972,1.19712,1.197185,-1.0
2026-01-29 18:25:00-05:00,1.197185,1.19745,1.19718,1.1974,-1.0
2026-01-29 18:30:00-05:00,1.1974,1.197415,1.1972,1.197365,-1.0
2026-01-29 18:35:00-05:00,1.197365,1.19747,1.197145,1.197195,-1.0
2026-01-29 18:40:00-05:00,1.197195,1.19725,1.197155,1.197235,-1.0
2026-01-29 18:45:00-05:00,1.197235,1.19725,1.197035,1.19705,-1.0
2026-01-29 18:50:00-05:00,1.19705,1.197085,1.196505,1.19658,-1.0
2026-01-29 18:55:00-05:00,1.19658,1.1968,1.196505,1.19674,-1.0
2026-01-29 19:00:00-05:00,1.19674,1.197105,1.196665,1.196985,-1.0
2026-01-29 19:05:00-05:00,1.196985,1.19731,1.19697,1.19731,-1.0
2026-01-29 19:10:00-05:00,1.19731,1.19731,1.19695,1.196985,-1.0
2026-01-29 19:15:00-05:00,1.196985,1.197035,1.19583,1.195885,-1.0
2026-01-29 19:20:00-05:00,1.195885,1.195975,1.193785,1.194385,-1.0
2026-01-29 19:25:00-05:00,1.194385,1.194695,1.193985,1.194695,-1.0
2026-01-29 19:30:00-05:00,1.194695,1.194845,1.19364,1.194255,-1.0
2026-01-29 19:35:00-05:00,1.194255,1.194715,1.194065,1.194105,-1.0
2026-01-29 19:40:00-05:00,1.194105,1.194225,1.193455,1.193485,-1.0
2026-01-29 19:45:00-05:00,1.193485,1.193605,1.193095,1.193095,-1.0
2026-01-29 19:50:00-05:00,1.193095,1.19358,1.193095,1.193375,-1.0
2026-01-29 19:55:00-05:00,1.193375,1.193565,1.19303,1.19319,-1.0
2026-01-29 20:00:00-05:00,1.19319,1.19343,1.192345,1.19243,-1.0
2026-01-29 20:05:00-05:00,1.19243,1.192955,1.192115,1.192805,-1.0
2026-01-29 20:10:00-05:00,1.192805,1.19289,1.192275,1.19282,-1.0
2026-01-29 20:15:00-05:00,1.19282,1.193975,1.192805,1.19374,-1.0
2026-01-29 20:20:00-05:00,1.19374,1.193955,1.191435,1.19256,-1.0
2026-01-29 20:25:00-05:00,1.19256,1.19328,1.19256,1.192815,-1.0
2026-01-29 20:30:00-05:00,1.192815,1.193375,1.19241,1.19333,-1.0
2026-01-29 20:35:00-05:00,1.19333,1.19339,1.192805,1.193085,-1.0
2026-01-29 20:40:00-05:00,1.193085,1.193855,1.193075,1.19359,-1.0
2026-01-29 20:45:00-05:00,1.19359,1.19364,1.192825,1.19329,-1.0
2026-01-29 20:50:00-05:00,1.19329,1.193565,1.192765,1.19306,-1.0
2026-01-29 20:55:00-05:00,1.19306,1.19307,1.191525,1.19171,-1.0
2026-01-29 21:00:00-05:00,1.19171,1.191845,1.190965,1.1911,-1.0
2026-01-29 21:05:00-05:00,1.1911,1.191695,1.19081,1.19087,-1.0
2026-01-29 21:10:00-05:00,1.19087,1.191655,1.190835,1.191245,-1.0
2026-01-29 21:15:00-05:00,1.191245,1.19267,1.190225,1.191245,-1.0
2026-01-29 21:20:00-05:00,1.191245,1.191325,1.189475,1.19076,-1.0
2026-01-29 21:25:00-05:00,1.19076,1.19133,1.19048,1.190845,-1.0
2026-01-29 21:30:00-05:00,1.190845,1.19137,1.190095,1.190105,-1.0
2026-01-29 21:35:00-05:00,1.190105,1.191085,1.190105,1.190875,-1.0
2026-01-29 21:40:00-05:00,1.190875,1.191355,1.190865,1.191275,-1.0
2026-01-29 21:45:00-05:00,1.191275,1.191945,1.191275,1.191905,-1.0
2026-01-29 21:50:00-05:00,1.191905,1.19195,1.191405,1.191775,-1.0
2026-01-29 21:55:00-05:00,1.191775,1.19188,1.191585,1.191855,-1.0
2026-01-29 22:00:00-05:00,1.191855,1.19199,1.19138,1.191765,-1.0
2026-01-29 22:05:00-05:00,1.191765,1.191805,1.19141,1.19176,-1.0
2026-01-29 22:10:00-05:00,1.19176,1.191995,1.19167,1.191855,-1.0
2026-01-29 22:15:00-05:00,1.191855,1.19206,1.191745,1.191765,-1.0
2026-01-29 22:20:00-05:00,1.191765,1.1919,1.191575,1.19176,-1.0
2026-01-29 22:25:00-05:00,1.19176,1.19195,1.191405,1.191675,-1.0
2026-01-29 22:30:00-05:00,1.191675,1.19219,1.19158,1.191925,-1.0
2026-01-29 22:35:00-05:00,1.191925,1.19194,1.1913,1.191435,-1.0
2026-01-29 22:40:00-05:00,1.191435,1.19159,1.191345,1.19146,-1.0
2026-01-29 22:45:00-05:00,1.19146,1.19192,1.191455,1.19192,-1.0
2026-01-29 22:50:00-05:00,1.19192,1.191945,1.191615,1.19189,-1.0
2026-01-29 22:55:00-05:00,1.19189,1.19232,1.19189,1.19201,-1.0
2026-01-29 23:00:00-05:00,1.19201,1.19263,1.19191,1.192575,-1.0
2026-01-29 23:05:00-05:00,1.192575,1.193435,1.19245,1.193045,-1.0
2026-01-29 23:10:00-05:00,1.193045,1.193285,1.19299,1.193165,-1.0
2026-01-29 23:15:00-05:00,1.193165,1.193255,1.19295,1.19311,-1.0
2026-01-29 23:20:00-05:00,1.19311,1.193255,1.19236,1.19236,-1.0
2026-01-29 23:25:00-05:00,1.19236,1.19254,1.19219,1.192415,-1.0
2026-01-29 23:30:00-05:00,1.192415,1.19276,1.192295,1.192615,-1.0
2026-01-29 23:35:00-05:00,1.192615,1.19278,1.192575,1.192755,-1.0
2026-01-29 23:40:00-05:00,1.192755,1.192755,1.192435,1.19246,-1.0
2026-01-29 23:45:00-05:00,1.19246,1.1925,1.19214,1.192155,-1.0
2026-01-29 23:50:00-05:00,1.192155,1.192155,1.192025,1.19208,-1.0
2026-01-29 23:55:00-05:00,1.19208,1.192535,1.19207,1.192445,-1.0
2026-01-30 00:00:00-05:00,1.192445,1.193065,1.192415,1.193065,-1.0
2026-01-30 00:05:00-05:00,1.193065,1.193075,1.192875,1.193065,-1.0
2026-01-30 00:10:00-05:00,1.193065,1.19347,1.19293,1.193435,-1.0
2026-01-30 00:15:00-05:00,1.193435,1.19351,1.19337,1.193405,-1.0
2026-01-30 00:20:00-05:00,1.193405,1.19341,1.19255,1.19255,-1.0
2026-01-30 00:25:00-05:00,1.19255,1.1928,1.19243,1.19245,-1.0
2026-01-30 00:30:00-05:00,1.19245,1.19253,1.192255,1.19249,-1.0
2026-01-30 00:35:00-05:00,1.19249,1.192585,1.191835,1.192055,-1.0
2026-01-30 00:40:00-05:00,1.192055,1.192115,1.19146,1.191565,-1.0
2026-01-30 00:45:00-05:00,1.191565,1.192115,1.19156,1.191795,-1.0
2026-01-30 00:50:00-05:00,1.191795,1.19213,1.191675,1.192015,-1.0
2026-01-30 00:55:00-05:00,1.192015,1.19257,1.192015,1.192485,-1.0
2026-01-30 01:00:00-05:00,1.192485,1.193025,1.19234,1.19294,-1.0
2026-01-30 01:05:00-05:00,1.19294,1.193325,1.19275,1.19312,-1.0
2026-01-30 01:10:00-05:00,1.19312,1.1932,1.192875,1.1931,-1.0
2026-01-30 01:15:00-05:00,1.1931,1.193215,1.192535,1.19269,-1.0
2026-01-30 01:20:00-05:00,1.19269,1.192805,1.192465,1.19255,-1.0
2026-01-30 01:25:00-05:00,1.19255,1.19267,1.191755,1.19183,-1.0
2026-01-30 01:30:00-05:00,1.19183,1.19221,1.191775,1.192015,-1.0
2026-01-30 01:35:00-05:00,1.192015,1.19282,1.19198,1.192575,-1.0
2026-01-30 01:40:00-05:00,1.192575,1.192625,1.192185,1.19225,-1.0
2026-01-30 01:45:00-05:00,1.19225,1.192255,1.19178,1.1921,-1.0
2026-01-30 01:50:00-05:00,1.1921,1.192325,1.19155,1.19161,-1.0
2026-01-30 01:55:00-05:00,1.19161,1.19192,1.191405,1.1919,-1.0
2026-01-30 02:00:00-05:00,1.1919,1.19199,1.191485,1.1918,-1.0
2026-01-30 02:05:00-05:00,1.1918,1.19259,1.191725,1.19228,-1.0
2026-01-30 02:10:00-05:00,1.19228,1.19262,1.19178,1.19185,-1.0
2026-01-30 02:15:00-05:00,1.19185,1.19263,1.191695,1.19259,-1.0
2026-01-30 02:20:00-05:00,1.19259,1.19263,1.191855,1.19233,-1.0
2026-01-30 02:25:00-05:00,1.19233,1.19286,1.19218,1.19281,-1.0
2026-01-30 02:30:00-05:00,1.19281,1.193025,1.19266,1.19285,-1.0
2026-01-30 02:35:00-05:00,1.19285,1.192865,1.19228,1.19253,-1.0
2026-01-30 02:40:00-05:00,1.19253,1.19306,1.19244,1.193055,-1.0
2026-01-30 02:45:00-05:00,1.193055,1.193375,1.192935,1.19311,-1.0
2026-01-30 02:50:00-05:00,1.19311,1.19356,1.19299,1.19356,-1.0
2026-01-30 02:55:00-05:00,1.19356,1.19428,1.19356,1.19378,-1.0
2026-01-30 03:00:00-05:00,1.19378,1.194325,1.193635,1.19421,-1.0
2026-01-30 03:05:00-05:00,1.19421,1.19421,1.19351,1.19381,-1.0
2026-01-30 03:10:00-05:00,1.19381,1.194045,1.1936,1.194005,-1.0
2026-01-30 03:15:00-05:00,1.194005,1.19401,1.1936,1.19386,-1.0
2026-01-30 03:20:00-05:00,1.19386,1.194175,1.193695,1.193735,-1.0
2026-01-30 03:25:00-05:00,1.193735,1.19386,1.193275,1.19334,-1.0
2026-01-30 03:30:00-05:00,1.19334,1.19355,1.192895,1.19294,-1.0
2026-01-30 03:35:00-05:00,1.19294,1.19294,1.192345,1.19286,-1.0
2026-01-30 03:40:00-05:00,1.19286,1.193195,1.192525,1.19317,-1.0
2026-01-30 03:45:00-05:00,1.19317,1.19354,1.192985,1.19346,-1.0
2026-01-30 03:50:00-05:00,1.19346,1.19358,1.193145,1.193295,-1.0
2026-01-30 03:55:00-05:00,1.193295,1.193555,1.193115,1.19328,-1.0
2026-01-30 04:00:00-05:00,1.19328,1.193815,1.192815,1.193155,-1.0
2026-01-30 04:05:00-05:00,1.193155,1.1934,1.192875,1.193355,-1.0
2026-01-30 04:10:00-05:00,1.193355,1.1934,1.192555,1.1926,-1.0
2026-01-30 04:15:00-05:00,1.1926,1.192945,1.19226,1.19231,-1.0
2026-01-30 04:20:00-05:00,1.19231,1.192555,1.19196,1.192395,-1.0
2026-01-30 04:25:00-05:00,1.192395,1.19246,1.191755,1.19189,-1.0
2026-01-30 04:30:00-05:00,1.19189,1.1926,1.19179,1.19228,-1.0
2026-01-30 04:35:00-05:00,1.19228,1.192335,1.19176,1.19185,-1.0
2026-01-30 04:40:00-05:00,1.19185,1.191985,1.191405,1.19141,-1.0
2026-01-30 04:45:00-05:00,1.19141,1.19143,1.190615,1.190735,-1.0
2026-01-30 04:50:00-05:00,1.190735,1.190735,1.189825,1.18996,-1.0
2026-01-30 04:55:00-05:00,1.18996,1.190955,1.18984,1.19081,-1.0
2026-01-30 05:00:00-05:00,1.19081,1.19127,1.190475,1.19126,-1.0
2026-01-30 05:05:00-05:00,1.19126,1.19147,1.19085,1.191365,-1.0
2026-01-30 05:10:00-05:00,1.191365,1.19162,1.19106,1.191555,-1.0
2026-01-30 05:15:00-05:00,1.191555,1.191995,1.1915,1.19187,-1.0
2026-01-30 05:20:00-05:00,1.19187,1.19197,1.191545,1.191655,-1.0
2026-01-30 05:25:00-05:00,1.191655,1.19197,1.191565,1.191835,-1.0
2026-01-30 05:30:00-05:00,1.191835,1.191945,1.19145,1.19167,-1.0
2026-01-30 05:35:00-05:00,1.19167,1.19185,1.19152,1.19181,-1.0
2026-01-30 05:40:00-05:00,1.19181,1.192025,1.191615,1.19167,-1.0
2026-01-30 05:45:00-05:00,1.19167,1.192525,1.19166,1.1923,-1.0
2026-01-30 05:50:00-05:00,1.1923,1.192465,1.19206,1.192205,-1.0
2026-01-30 05:55:00-05:00,1.192205,1.192285,1.191845,1.192115,-1.0
2026-01-30 06:00:00-05:00,1.192115,1.19233,1.192075,1.19225,-1.0
2026-01-30 06:05:00-05:00,1.19225,1.193065,1.192205,1.19296,-1.0
2026-01-30 06:10:00-05:00,1.19296,1.193445,1.192935,1.19338,-1.0
2026-01-30 06:15:00-05:00,1.19338,1.19355,1.193275,1.193415,-1.0
2026-01-30 06:20:00-05:00,1.193415,1.19346,1.1925,1.19334,-1.0
2026-01-30 06:25:00-05:00,1.19334,1.19349,1.193225,1.19345,-1.0
2026-01-30 06:30:00-05:00,1.19345,1.19367,1.193415,1.193625,-1.0
2026-01-30 06:35:00-05:00,1.193625,1.193795,1.193305,1.19362,-1.0
2026-01-30 06:40:00-05:00,1.19362,1.19394,1.193575,1.19358,-1.0
2026-01-30 06:45:00-05:00,1.19358,1.193815,1.193125,1.19341,-1.0
2026-01-30 06:50:00-05:00,1.19341,1.19473,1.19325,1.19437,-1.0
2026-01-30 06:55:00-05:00,1.19437,1.195065,1.19436,1.19491,-1.0
2026-01-30 07:00:00-05:00,1.19491,1.195465,1.194645,1.194665,-1.0
2026-01-30 07:05:00-05:00,1.194665,1.19505,1.194545,1.195045,-1.0
2026-01-30 07:10:00-05:00,1.195045,1.19527,1.19484,1.1952,-1.0
2026-01-30 07:15:00-05:00,1.1952,1.19521,1.194645,1.19474,-1.0
2026-01-30 07:20:00-05:00,1.19474,1.194805,1.19434,1.19442,-1.0
2026-01-30 07:25:00-05:00,1.19442,1.19456,1.194135,1.19422,-1.0
2026-01-30 07:30:00-05:00,1.19422,1.194425,1.1939,1.193995,-1.0
2026-01-30 07:35:00-05:00,1.193995,1.19426,1.19351,1.19351,-1.0
2026-01-30 07:40:00-05:00,1.19351,1.193625,1.192585,1.192685,-1.0
2026-01-30 07:45:00-05:00,1.192685,1.19273,1.19205,1.19232,-1.0
2026-01-30 07:50:00-05:00,1.19232,1.19259,1.191805,1.191805,-1.0
2026-01-30 07:55:00-05:00,1.191805,1.191975,1.19151,1.191945,-1.0
2026-01-30 08:00:00-05:00,1.191945,1.192415,1.19171,1.19237,-1.0
2026-01-30 08:05:00-05:00,1.19237,1.19241,1.19174,1.19187,-1.0
2026-01-30 08:10:00-05:00,1.19187,1.19221,1.191365,1.191935,-1.0
2026-01-30 08:15:00-05:00,1.191935,1.191985,1.191295,1.19155,-1.0
2026-01-30 08:20:00-05:00,1.19155,1.19182,1.191385,1.191665,-1.0
2026-01-30 08:25:00-05:00,1.191665,1.19246,1.191665,1.19195,-1.0
2026-01-30 08:30:00-05:00,1.19195,1.191965,1.190825,1.19138,-1.0
2026-01-30 08:35:00-05:00,1.19138,1.19175,1.19102,1.19136,-1.0
2026-01-30 08:40:00-05:00,1.19136,1.19225,1.19131,1.192205,-1.0
2026-01-30 08:45:00-05:00,1.192205,1.192205,1.190605,1.1907,-1.0
2026-01-30 08:50:00-05:00,1.1907,1.190825,1.19019,1.190715,-1.0
2026-01-30 08:55:00-05:00,1.190715,1.19149,1.19062,1.191275,-1.0
2026-01-30 09:00:00-05:00,1.191275,1.192115,1.191155,1.19196,-1.0
2026-01-30 09:05:00-05:00,1.19196,1.191965,1.19124,1.191725,-1.0
2026-01-30 09:10:00-05:00,1.191725,1.191745,1.19105,1.19156,-1.0
2026-01-30 09:15:00-05:00,1.19156,1.19193,1.19136,1.191455,-1.0
2026-01-30 09:20:00-05:00,1.191455,1.191525,1.19068,1.19096,-1.0
2026-01-30 09:25:00-05:00,1.19096,1.191055,1.190555,1.190785,-1.0
2026-01-30 09:30:00-05:00,1.190785,1.19171,1.19061,1.191615,-1.0
2026-01-30 09:35:00-05:00,1.191615,1.191645,1.19076,1.191345,-1.0
2026-01-30 09:40:00-05:00,1.191345,1.191555,1.191005,1.1914,-1.0
2026-01-30 09:45:00-05:00,1.1914,1.191615,1.191185,1.191265,-1.0
2026-01-30 09:50:00-05:00,1.191265,1.19165,1.190835,1.19094,-1.0
2026-01-30 09:55:00-05:00,1.19094,1.190955,1.19011,1.190635,-1.0
2026-01-30 10:00:00-05:00,1.190635,1.190635,1.188735,1.18912,-1.0
2026-01-30 10:05:00-05:00,1.18912,1.19049,1.18912,1.190095,-1.0
2026-01-30 10:10:00-05:00,1.190095,1.190275,1.18901,1.18903,-1.0
2026-01-30 10:15:00-05:00,1.18903,1.189525,1.18902,1.18947,-1.0
2026-01-30 10:20:00-05:00,1.18947,1.189825,1.18929,1.189415,-1.0
2026-01-30 10:25:00-05:00,1.189415,1.19008,1.189385,1.189575,-1.0
2026-01-30 10:30:00-05:00,1.189575,1.189655,1.18832,1.188655,-1.0
2026-01-30 10:35:00-05:00,1.188655,1.189755,1.188655,1.189485,-1.0
2026-01-30 10:40:00-05:00,1.189485,1.19043,1.18948,1.19026,-1.0
2026-01-30 10:45:00-05:00,1.19026,1.19033,1.18891,1.1891,-1.0
2026-01-30 10:50:00-05:00,1.1891,1.189855,1.188835,1.18964,-1.0
2026-01-30 10:55:00-05:00,1.18964,1.19019,1.18951,1.18951,-1.0
2026-01-30 11:00:00-05:00,1.18951,1.18976,1.188505,1.18882,-1.0
2026-01-30 11:05:00-05:00,1.18882,1.18927,1.188675,1.18924,-1.0
2026-01-30 11:10:00-05:00,1.18924,1.18952,1.18854,1.18881,-1.0
2026-01-30 11:15:00-05:00,1.18881,1.18885,1.18808,1.18842,-1.0
2026-01-30 11:20:00-05:00,1.18842,1.18856,1.188,1.188005,-1.0
2026-01-30 11:25:00-05:00,1.188005,1.188745,1.187805,1.18796,-1.0
2026-01-30 11:30:00-05:00,1.18796,1.188455,1.187485,1.18756,-1.0
2026-01-30 11:35:00-05:00,1.18756,1.18784,1.187165,1.1875,-1.0
2026-01-30 11:40:00-05:00,1.1875,1.18828,1.18732,1.18821,-1.0
2026-01-30 11:45:00-05:00,1.18821,1.188335,1.187555,1.18767,-1.0
2026-01-30 11:50:00-05:00,1.18767,1.188325,1.18755,1.188145,-1.0
2026-01-30 11:55:00-05:00,1.188145,1.18878,1.18812,1.1886,-1.0
2026-01-30 12:00:00-05:00,1.1886,1.188775,1.18773,1.18836,-1.0
2026-01-30 12:05:00-05:00,1.18836,1.188565,1.18772,1.187815,-1.0
2026-01-30 12:10:00-05:00,1.187815,1.18807,1.1871,1.187165,-1.0
2026-01-30 12:15:00-05:00,1.187165,1.18769,1.186715,1.18674,-1.0
2026-01-30 12:20:00-05:00,1.18674,1.188265,1.1867,1.18803,-1.0
2026-01-30 12:25:00-05:00,1.18803,1.188505,1.187925,1.18836,-1.0
2026-01-30 12:30:00-05:00,1.18836,1.18836,1.187505,1.18778,-1.0
2026-01-30 12:35:00-05:00,1.18778,1.187785,1.18723,1.1873,-1.0
2026-01-30 12:40:00-05:00,1.1873,1.18749,1.187045,1.18731,-1.0
2026-01-30 12:45:00-05:00,1.18731,1.187495,1.187145,1.18719,-1.0
2026-01-30 12:50:00-05:00,1.18719,1.1873,1.18667,1.186925,-1.0
2026-01-30 12:55:00-05:00,1.186925,1.187475,1.186925,1.187245,-1.0
2026-01-30 13:00:00-05:00,1.187245,1.187285,1.186755,1.187025,-1.0
2026-01-30 13:05:00-05:00,1.187025,1.18731,1.18682,1.186825,-1.0
2026-01-30 13:10:00-05:00,1.186825,1.186975,1.186545,1.186825,-1.0
2026-01-30 13:15:00-05:00,1.186825,1.187045,1.186345,1.186745,-1.0
2026-01-30 13:20:00-05:00,1.186745,1.18697,1.1862,1.186325,-1.0
2026-01-30 13:25:00-05:00,1.186325,1.186745,1.185455,1.18577,-1.0
2026-01-30 13:30:00-05:00,1.18577,1.1863,1.185475,1.18617,-1.0
2026-01-30 13:35:00-05:00,1.18617,1.186355,1.18549,1.185775,-1.0
2026-01-30 13:40:00-05:00,1.185775,1.1866,1.185595,1.186545,-1.0
2026-01-30 13:45:00-05:00,1.186545,1.18759,1.186535,1.187585,-1.0
2026-01-30 13:50:00-05:00,1.187585,1.18843,1.187495,1.188175,-1.0
2026-01-30 13:55:00-05:00,1.188175,1.18831,1.18767,1.187835,-1.0
2026-01-30 14:00:00-05:00,1.187835,1.18838,1.187785,1.188135,-1.0
2026-01-30 14:05:00-05:00,1.188135,1.188365,1.188015,1.18833,-1.0
2026-01-30 14:10:00-05:00,1.18833,1.1885,1.18771,1.18771,-1.0
2026-01-30 14:15:00-05:00,1.18771,1.18778,1.18729,1.18737,-1.0
2026-01-30 14:20:00-05:00,1.18737,1.187575,1.187025,1.187255,-1.0
2026-01-30 14:25:00-05:00,1.187255,1.187335,1.187065,1.18721,-1.0
2026-01-30 14:30:00-05:00,1.18721,1.187485,1.186825,1.187305,-1.0
2026-01-30 14:35:00-05:00,1.187305,1.18772,1.187155,1.18766,-1.0
2026-01-30 14:40:00-05:00,1.18766,1.187815,1.187305,1.187705,-1.0
2026-01-30 14:45:00-05:00,1.187705,1.187835,1.18675,1.18682,-1.0
2026-01-30 14:50:00-05:00,1.18682,1.187105,1.186455,1.18687,-1.0
2026-01-30 14:55:00-05:00,1.18687,1.187105,1.186565,1.186945,-1.0
2026-01-30 15:00:00-05:00,1.186945,1.186945,1.18621,1.18661,-1.0
2026-01-30 15:05:00-05:00,1.18661,1.186765,1.1862,1.18642,-1.0
2026-01-30 15:10:00-05:00,1.18642,1.18652,1.18618,1.186245,-1.0
2026-01-30 15:15:00-05:00,1.186245,1.186265,1.185625,1.18571,-1.0
2026-01-30 15:20:00-05:00,1.18571,1.186165,1.185705,1.185855,-1.0
2026-01-30 15:25:00-05:00,1.185855,1.186055,1.18554,1.185715,-1.0
2026-01-30 15:30:00-05:00,1.185715,1.185955,1.185515,1.18592,-1.0
2026-01-30 15:35:00-05:00,1.18592,1.18605,1.18554,1.185905,-1.0
2026-01-30 15:40:00-05:00,1.185905,1.185925,1.185695,1.185915,-1.0
2026-01-30 15:45:00-05:00,1.185915,1.18597,1.18561,1.185865,-1.0
2026-01-30 15:50:00-05:00,1.185865,1.186005,1.185655,1.185955,-1.0
2026-01-30 15:55:00-05:00,1.185955,1.186015,1.18529,1.18529,-1.0
2026-01-30 16:00:00-05:00,1.18529,1.185405,1.185115,1.185295,-1.0
2026-01-30 16:05:00-05:00,1.185295,1.185595,1.18502,1.185585,-1.0
2026-01-30 16:10:00-05:00,1.185585,1.185615,1.185435,1.18554,-1.0
2026-01-30 16:15:00-05:00,1.18554,1.18557,1.185395,1.185425,-1.0
2026-01-30 16:20:00-05:00,1.185425,1.18549,1.185215,1.185275,-1.0
2026-01-30 16:25:00-05:00,1.185275,1.1853,1.18503,1.18512,-1.0
2026-01-30 16:30:00-05:00,1.18512,1.185255,1.18505,1.18517,-1.0
2026-01-30 16:35:00-05:00,1.18517,1.18518,1.184995,1.18502,-1.0
2026-01-30 16:40:00-05:00,1.18502,1.185565,1.18502,1.185465,-1.0
2026-01-30 16:45:00-05:00,1.185465,1.185665,1.185345,1.18535,-1.0
2026-01-30 16:50:00-05:00,1.18535,1.185575,1.18511,1.18513,-1.0
2026-01-30 16:55:00-05:00,1.18513,1.18539,1.18495,1.184995,-1.0
2026-02-01 17:15:00-05:00,1.185145,1.185145,1.185025,1.185085,-1.0
2026-02-01 17:20:00-05:00,1.185085,1.185095,1.18505,1.18508,-1.0
2026-02-01 17:25:00-05:00,1.18508,1.185345,1.185,1.1852,-1.0
2026-02-01 17:30:00-05:00,1.1852,1.18527,1.18514,1.185245,-1.0
2026-02-01 17:35:00-05:00,1.185245,1.185245,1.18518,1.18518,-1.0
2026-02-01 17:40:00-05:00,1.18518,1.185215,1.1851,1.1851,-1.0
2026-02-01 17:45:00-05:00,1.1851,1.18512,1.18487,1.184945,-1.0
2026-02-01 17:50:00-05:00,1.184945,1.185065,1.184805,1.18482,-1.0
2026-02-01 17:55:00-05:00,1.18482,1.18518,1.184715,1.18508,-1.0
2026-02-01 18:00:00-05:00,1.18508,1.18521,1.18447,1.18457,-1.0
2026-02-01 18:05:00-05:00,1.18457,1.18463,1.18409,1.18411,-1.0
2026-02-01 18:10:00-05:00,1.18411,1.184735,1.184025,1.184125,-1.0
2026-02-01 18:15:00-05:00,1.184125,1.18458,1.184025,1.184355,-1.0
2026-02-01 18:20:00-05:00,1.184355,1.18438,1.183965,1.184015,-1.0
2026-02-01 18:25:00-05:00,1.184015,1.18468,1.18401,1.184485,-1.0
2026-02-01 18:30:00-05:00,1.184485,1.184965,1.18442,1.18495,-1.0
2026-02-01 18:35:00-05:00,1.18495,1.18563,1.18473,1.185565,-1.0
2026-02-01 18:40:00-05:00,1.185565,1.1857,1.185145,1.185535,-1.0
2026-02-01 18:45:00-05:00,1.185535,1.18564,1.184875,1.18491,-1.0
2026-02-01 18:50:00-05:00,1.18491,1.185405,1.18476,1.185105,-1.0
2026-02-01 18:55:00-05:00,1.185105,1.185105,1.184565,1.18463,-1.0
2026-02-01 19:00:00-05:00,1.18463,1.186255,1.18463,1.186205,-1.0
2026-02-01 19:05:00-05:00,1.186205,1.186955,1.185885,1.186755,-1.0
2026-02-01 19:10:00-05:00,1.186755,1.187375,1.186755,1.18721,-1.0
2026-02-01 19:15:00-05:00,1.18721,1.187465,1.187155,1.187275,-1.0
2026-02-01 19:20:00-05:00,1.187275,1.187315,1.18687,1.18705,-1.0
2026-02-01 19:25:00-05:00,1.18705,1.187295,1.18697,1.187175,-1.0
2026-02-01 19:30:00-05:00,1.187175,1.187325,1.186785,1.186865,-1.0
2026-02-01 19:35:00-05:00,1.186865,1.18706,1.186755,1.186835,-1.0
2026-02-01 19:40:00-05:00,1.186835,1.187025,1.18662,1.18667,-1.0
2026-02-01 19:45:00-05:00,1.18667,1.186795,1.18641,1.18661,-1.0
2026-02-01 19:50:00-05:00,1.18661,1.186755,1.18642,1.18648,-1.0
2026-02-01 19:55:00-05:00,1.18648,1.186675,1.186135,1.18667,-1.0
2026-02-01 20:00:00-05:00,1.18667,1.18692,1.18627,1.186375,-1.0
2026-02-01 20:05:00-05:00,1.186375,1.18647,1.185745,1.18579,-1.0
2026-02-01 20:10:00-05:00,1.18579,1.18583,1.185285,1.185465,-1.0
2026-02-01 20:15:00-05:00,1.185465,1.186215,1.185295,1.186075,-1.0
2026-02-01 20:20:00-05:00,1.186075,1.18619,1.185535,1.186055,-1.0
2026-02-01 20:25:00-05:00,1.186055,1.186425,1.18603,1.18622,-1.0
2026-02-01 20:30:00-05:00,1.18622,1.18649,1.185975,1.186445,-1.0
2026-02-01 20:35:00-05:00,1.186445,1.186905,1.186445,1.186695,-1.0
2026-02-01 20:40:00-05:00,1.186695,1.18688,1.18633,1.18669,-1.0
2026-02-01 20:45:00-05:00,1.18669,1.187195,1.186685,1.186875,-1.0
2026-02-01 20:50:00-05:00,1.186875,1.187025,1.18664,1.18672,-1.0
2026-02-01 20:55:00-05:00,1.18672,1.187265,1.18672,1.18707,-1.0
2026-02-01 21:00:00-05:00,1.18707,1.18748,1.18693,1.186935,-1.0
2026-02-01 21:05:00-05:00,1.186935,1.187335,1.18668,1.187115,-1.0
2026-02-01 21:10:00-05:00,1.187115,1.18721,1.186745,1.18679,-1.0
2026-02-01 21:15:00-05:00,1.18679,1.18717,1.18675,1.18711,-1.0
2026-02-01 21:20:00-05:00,1.18711,1.187305,1.186815,1.186935,-1.0
2026-02-01 21:25:00-05:00,1.186935,1.18702,1.186705,1.186705,-1.0
2026-02-01 21:30:00-05:00,1.186705,1.187245,1.186705,1.18688,-1.0
2026-02-01 21:35:00-05:00,1.18688,1.18727,1.18676,1.187025,-1.0
2026-02-01 21:40:00-05:00,1.187025,1.18744,1.186935,1.187365,-1.0
2026-02-01 21:45:00-05:00,1.187365,1.187485,1.18672,1.18697,-1.0
2026-02-01 21:50:00-05:00,1.18697,1.187025,1.186705,1.187025,-1.0
2026-02-01 21:55:00-05:00,1.187025,1.18709,1.18631,1.186315,-1.0
2026-02-01 22:00:00-05:00,1.186315,1.18676,1.18631,1.18665,-1.0
2026-02-01 22:05:00-05:00,1.18665,1.18696,1.18663,1.186875,-1.0
2026-02-01 22:10:00-05:00,1.186875,1.18701,1.186545,1.186565,-1.0
2026-02-01 22:15:00-05:00,1.186565,1.186985,1.18633,1.18697,-1.0
2026-02-01 22:20:00-05:00,1.18697,1.18719,1.186875,1.18692,-1.0
2026-02-01 22:25:00-05:00,1.18692,1.186965,1.18676,1.186835,-1.0
2026-02-01 22:30:00-05:00,1.186835,1.18703,1.18666,1.18666,-1.0
2026-02-01 22:35:00-05:00,1.18666,1.186845,1.186435,1.186525,-1.0
2026-02-01 22:40:00-05:00,1.186525,1.18701,1.18634,1.18687,-1.0
2026-02-01 22:45:00-05:00,1.18687,1.18714,1.186755,1.187105,-1.0
2026-02-01 22:50:00-05:00,1.187105,1.187105,1.18672,1.18672,-1.0
2026-02-01 22:55:00-05:00,1.18672,1.186855,1.186365,1.18641,-1.0
2026-02-01 23:00:00-05:00,1.18641,1.18696,1.186305,1.18654,-1.0
2026-02-01 23:05:00-05:00,1.18654,1.187095,1.18654,1.187015,-1.0
2026-02-01 23:10:00-05:00,1.187015,1.18727,1.186685,1.18681,-1.0
2026-02-01 23:15:00-05:00,1.18681,1.186925,1.186625,1.18686,-1.0
2026-02-01 23:20:00-05:00,1.18686,1.18686,1.186585,1.18659,-1.0
2026-02-01 23:25:00-05:00,1.18659,1.186725,1.186295,1.186325,-1.0
2026-02-01 23:30:00-05:00,1.186325,1.18666,1.186135,1.186325,-1.0
2026-02-01 23:35:00-05:00,1.186325,1.186465,1.185975,1.18601,-1.0
2026-02-01 23:40:00-05:00,1.18601,1.18607,1.18579,1.18602,-1.0
2026-02-01 23:45:00-05:00,1.18602,1.186325,1.18602,1.18607,-1.0
2026-02-01 23:50:00-05:00,1.18607,1.1862,1.18598,1.186125,-1.0
2026-02-01 23:55:00-05:00,1.186125,1.186365,1.186035,1.186325,-1.0
2026-02-02 00:00:00-05:00,1.186325,1.186385,1.18611,1.18621,-1.0
2026-02-02 00:05:00-05:00,1.18621,1.18621,1.18586,1.186135,-1.0
2026-02-02 00:10:00-05:00,1.186135,1.186305,1.18602,1.186135,-1.0
2026-02-02 00:15:00-05:00,1.186135,1.18626,1.186075,1.186175,-1.0
2026-02-02 00:20:00-05:00,1.186175,1.18632,1.18605,1.186065,-1.0
2026-02-02 00:25:00-05:00,1.186065,1.186075,1.185215,1.18545,-1.0
2026-02-02 00:30:00-05:00,1.18545,1.18565,1.185285,1.185525,-1.0
2026-02-02 00:35:00-05:00,1.185525,1.18553,1.18535,1.18541,-1.0
2026-02-02 00:40:00-05:00,1.18541,1.18546,1.18511,1.185245,-1.0
2026-02-02 00:45:00-05:00,1.185245,1.18531,1.184515,1.18466,-1.0
2026-02-02 00:50:00-05:00,1.18466,1.184735,1.1841,1.18465,-1.0
2026-02-02 00:55:00-05:00,1.18465,1.185095,1.184605,1.185075,-1.0
2026-02-02 01:00:00-05:00,1.185075,1.185265,1.184705,1.18476,-1.0
2026-02-02 01:05:00-05:00,1.18476,1.185175,1.184485,1.185175,-1.0
2026-02-02 01:10:00-05:00,1.185175,1.18546,1.184645,1.184765,-1.0
2026-02-02 01:15:00-05:00,1.184765,1.185105,1.18466,1.185065,-1.0
2026-02-02 01:20:00-05:00,1.185065,1.185075,1.184355,1.184525,-1.0
2026-02-02 01:25:00-05:00,1.184525,1.184815,1.184325,1.184625,-1.0
2026-02-02 01:30:00-05:00,1.184625,1.185095,1.184625,1.185095,-1.0
2026-02-02 01:35:00-05:00,1.185095,1.18526,1.184725,1.184765,-1.0
2026-02-02 01:40:00-05:00,1.184765,1.185295,1.18458,1.185275,-1.0
2026-02-02 01:45:00-05:00,1.185275,1.18537,1.185025,1.18518,-1.0
2026-02-02 01:50:00-05:00,1.18518,1.18538,1.18497,1.185315,-1.0
2026-02-02 01:55:00-05:00,1.185315,1.185385,1.185065,1.18538,-1.0
2026-02-02 02:00:00-05:00,1.18538,1.185975,1.185195,1.18584,-1.0
2026-02-02 02:05:00-05:00,1.18584,1.186245,1.1857,1.186065,-1.0
2026-02-02 02:10:00-05:00,1.186065,1.18631,1.185705,1.185715,-1.0
2026-02-02 02:15:00-05:00,1.185715,1.185885,1.185415,1.185825,-1.0
2026-02-02 02:20:00-05:00,1.185825,1.186245,1.18568,1.18572,-1.0
2026-02-02 02:25:00-05:00,1.18572,1.186345,1.18572,1.186305,-1.0
2026-02-02 02:30:00-05:00,1.186305,1.186325,1.185445,1.185445,-1.0
2026-02-02 02:35:00-05:00,1.185445,1.185565,1.18517,1.185545,-1.0
2026-02-02 02:40:00-05:00,1.185545,1.185845,1.185425,1.18566,-1.0
2026-02-02 02:45:00-05:00,1.18566,1.18596,1.18546,1.18587,-1.0
2026-02-02 02:50:00-05:00,1.18587,1.18588,1.18521,1.185715,-1.0
2026-02-02 02:55:00-05:00,1.185715,1.186055,1.18533,1.185355,-1.0
2026-02-02 03:00:00-05:00,1.185355,1.18606,1.18531,1.185755,-1.0
2026-02-02 03:05:00-05:00,1.185755,1.18587,1.184815,1.18582,-1.0
2026-02-02 03:10:00-05:00,1.18582,1.1862,1.185555,1.186195,-1.0
2026-02-02 03:15:00-05:00,1.186195,1.186665,1.185805,1.18663,-1.0
2026-02-02 03:20:00-05:00,1.18663,1.18663,1.18611,1.186115,-1.0
2026-02-02 03:25:00-05:00,1.186115,1.1863,1.18572,1.18625,-1.0
2026-02-02 03:30:00-05:00,1.18625,1.186365,1.18587,1.186275,-1.0
2026-02-02 03:35:00-05:00,1.186275,1.18661,1.18594,1.18597,-1.0
2026-02-02 03:40:00-05:00,1.18597,1.186015,1.18552,1.185665,-1.0
2026-02-02 03:45:00-05:00,1.185665,1.18587,1.185515,1.185835,-1.0
2026-02-02 03:50:00-05:00,1.185835,1.18602,1.185085,1.18521,-1.0
2026-02-02 03:55:00-05:00,1.18521,1.18526,1.18437,1.18509,-1.0
2026-02-02 04:00:00-05:00,1.18509,1.18534,1.18447,1.18507,-1.0
2026-02-02 04:05:00-05:00,1.18507,1.185355,1.184935,1.185265,-1.0
2026-02-02 04:10:00-05:00,1.185265,1.18543,1.18508,1.18521,-1.0
2026-02-02 04:15:00-05:00,1.18521,1.185295,1.18483,1.18527,-1.0
2026-02-02 04:20:00-05:00,1.18527,1.185445,1.184785,1.185445,-1.0
2026-02-02 04:25:00-05:00,1.185445,1.186,1.18544,1.185695,-1.0
2026-02-02 04:30:00-05:00,1.185695,1.185875,1.185285,1.185435,-1.0
2026-02-02 04:35:00-05:00,1.185435,1.1856,1.1852,1.185265,-1.0
2026-02-02 04:40:00-05:00,1.185265,1.185765,1.18523,1.185535,-1.0
2026-02-02 04:45:00-05:00,1.185535,1.186225,1.185405,1.186195,-1.0
2026-02-02 04:50:00-05:00,1.186195,1.186515,1.186145,1.18647,-1.0
2026-02-02 04:55:00-05:00,1.18647,1.186505,1.186175,1.18623,-1.0
2026-02-02 05:00:00-05:00,1.18623,1.186745,1.18587,1.18622,-1.0
2026-02-02 05:05:00-05:00,1.18622,1.18667,1.18608,1.18649,-1.0
2026-02-02 05:10:00-05:00,1.18649,1.18692,1.18638,1.18688,-1.0
2026-02-02 05:15:00-05:00,1.18688,1.18696,1.18661,1.18681,-1.0
2026-02-02 05:20:00-05:00,1.18681,1.187035,1.186445,1.186485,-1.0
2026-02-02 05:25:00-05:00,1.186485,1.186755,1.18647,1.186665,-1.0
2026-02-02 05:30:00-05:00,1.186665,1.186715,1.18634,1.186515,-1.0
2026-02-02 05:35:00-05:00,1.186515,1.186515,1.186025,1.18628,-1.0
2026-02-02 05:40:00-05:00,1.18628,1.186455,1.18592,1.186005,-1.0
2026-02-02 05:45:00-05:00,1.186005,1.18635,1.185875,1.18627,-1.0
2026-02-02 05:50:00-05:00,1.18627,1.18648,1.186145,1.18637,-1.0
2026-02-02 05:55:00-05:00,1.18637,1.18682,1.18637,1.18647,-1.0
2026-02-02 06:00:00-05:00,1.18647,1.186925,1.18634,1.186475,-1.0
2026-02-02 06:05:00-05:00,1.186475,1.186765,1.186365,1.18652,-1.0
2026-02-02 06:10:00-05:00,1.18652,1.18663,1.18626,1.186515,-1.0
2026-02-02 06:15:00-05:00,1.186515,1.18661,1.18632,1.186425,-1.0
2026-02-02 06:20:00-05:00,1.186425,1.186715,1.186175,1.1866,-1.0
2026-02-02 06:25:00-05:00,1.1866,1.18681,1.186415,1.18672,-1.0
2026-02-02 06:30:00-05:00,1.18672,1.186995,1.186625,1.18698,-1.0
2026-02-02 06:35:00-05:00,1.18698,1.18714,1.186475,1.18649,-1.0
2026-02-02 06:40:00-05:00,1.18649,1.18649,1.186055,1.186215,-1.0
2026-02-02 06:45:00-05:00,1.186215,1.18632,1.186085,1.18622,-1.0
2026-02-02 06:50:00-05:00,1.18622,1.186405,1.1861,1.186225,-1.0
2026-02-02 06:55:00-05:00,1.186225,1.186575,1.18621,1.186465,-1.0
2026-02-02 07:00:00-05:00,1.186465,1.18701,1.18631,1.18631,-1.0
2026-02-02 07:05:00-05:00,1.18631,1.186315,1.185855,1.186015,-1.0
2026-02-02 07:10:00-05:00,1.186015,1.186095,1.18546,1.18568,-1.0
2026-02-02 07:15:00-05:00,1.18568,1.18569,1.185145,1.18521,-1.0
2026-02-02 07:20:00-05:00,1.18521,1.185615,1.18512,1.1854,-1.0
2026-02-02 07:25:00-05:00,1.1854,1.185535,1.18532,1.18549,-1.0
2026-02-02 07:30:00-05:00,1.18549,1.18554,1.18513,1.18538,-1.0
2026-02-02 07:35:00-05:00,1.18538,1.18542,1.18457,1.18458,-1.0
2026-02-02 07:40:00-05:00,1.18458,1.184915,1.18449,1.184805,-1.0
2026-02-02 07:45:00-05:00,1.184805,1.185085,1.184615,1.184715,-1.0
2026-02-02 07:50:00-05:00,1.184715,1.18515,1.18459,1.18488,-1.0
2026-02-02 07:55:00-05:00,1.18488,1.185,1.184305,1.184985,-1.0
2026-02-02 08:00:00-05:00,1.184985,1.185055,1.18349,1.18412,-1.0
2026-02-02 08:05:00-05:00,1.18412,1.184245,1.183815,1.18398,-1.0
2026-02-02 08:10:00-05:00,1.18398,1.184145,1.1834,1.18377,-1.0
2026-02-02 08:15:00-05:00,1.18377,1.18381,1.183105,1.18316,-1.0
2026-02-02 08:20:00-05:00,1.18316,1.18336,1.183045,1.183215,-1.0
2026-02-02 08:25:00-05:00,1.183215,1.18333,1.183035,1.183075,-1.0
2026-02-02 08:30:00-05:00,1.183075,1.183125,1.182485,1.18258,-1.0
2026-02-02 08:35:00-05:00,1.18258,1.18262,1.181995,1.182075,-1.0
2026-02-02 08:40:00-05:00,1.182075,1.18237,1.181985,1.18237,-1.0
2026-02-02 08:45:00-05:00,1.18237,1.182665,1.18202,1.182525,-1.0
2026-02-02 08:50:00-05:00,1.182525,1.182685,1.18233,1.18237,-1.0
2026-02-02 08:55:00-05:00,1.18237,1.182525,1.181795,1.18209,-1.0
2026-02-02 09:00:00-05:00,1.18209,1.18214,1.181795,1.18193,-1.0
2026-02-02 09:05:00-05:00,1.18193,1.18201,1.181325,1.181435,-1.0
2026-02-02 09:10:00-05:00,1.181435,1.18153,1.180785,1.18085,-1.0
2026-02-02 09:15:00-05:00,1.18085,1.18104,1.180535,1.18069,-1.0
2026-02-02 09:20:00-05:00,1.18069,1.1809,1.180535,1.18078,-1.0
2026-02-02 09:25:00-05:00,1.18078,1.1814,1.18078,1.181285,-1.0
2026-02-02 09:30:00-05:00,1.181285,1.182095,1.18103,1.181865,-1.0
2026-02-02 09:35:00-05:00,1.181865,1.18259,1.18176,1.182255,-1.0
2026-02-02 09:40:00-05:00,1.182255,1.18255,1.18184,1.18235,-1.0
2026-02-02 09:45:00-05:00,1.18235,1.18284,1.182305,1.182325,-1.0
2026-02-02 09:50:00-05:00,1.182325,1.182995,1.182225,1.18277,-1.0
2026-02-02 09:55:00-05:00,1.18277,1.18283,1.182145,1.18218,-1.0
2026-02-02 10:00:00-05:00,1.18218,1.18218,1.18052,1.18142,-1.0
2026-02-02 10:05:00-05:00,1.18142,1.18169,1.181055,1.181675,-1.0
2026-02-02 10:10:00-05:00,1.181675,1.181675,1.180325,1.180695,-1.0
2026-02-02 10:15:00-05:00,1.180695,1.181045,1.18004,1.180465,-1.0
2026-02-02 10:20:00-05:00,1.180465,1.18139,1.180345,1.18122,-1.0
2026-02-02 10:25:00-05:00,1.18122,1.18143,1.180215,1.18043,-1.0
2026-02-02 10:30:00-05:00,1.18043,1.18053,1.18009,1.18024,-1.0
2026-02-02 10:35:00-05:00,1.18024,1.180825,1.180065,1.18038,-1.0
2026-02-02 10:40:00-05:00,1.18038,1.1805,1.179185,1.17929,-1.0
2026-02-02 10:45:00-05:00,1.17929,1.179555,1.17911,1.179225,-1.0
2026-02-02 10:50:00-05:00,1.179225,1.179645,1.179115,1.179395,-1.0
2026-02-02 10:55:00-05:00,1.179395,1.179555,1.17904,1.17924,-1.0
2026-02-02 11:00:00-05:00,1.17924,1.179645,1.17904,1.17932,-1.0
2026-02-02 11:05:00-05:00,1.17932,1.180245,1.179185,1.18018,-1.0
2026-02-02 11:10:00-05:00,1.18018,1.180545,1.179905,1.180395,-1.0
2026-02-02 11:15:00-05:00,1.180395,1.180655,1.180195,1.18058,-1.0
2026-02-02 11:20:00-05:00,1.18058,1.18067,1.180235,1.18028,-1.0
2026-02-02 11:25:00-05:00,1.18028,1.180525,1.1799,1.18026,-1.0
2026-02-02 11:30:00-05:00,1.18026,1.18059,1.179985,1.18049,-1.0
2026-02-02 11:35:00-05:00,1.18049,1.18069,1.180345,1.1805,-1.0
2026-02-02 11:40:00-05:00,1.1805,1.1807,1.18039,1.18063,-1.0
2026-02-02 11:45:00-05:00,1.18063,1.180695,1.179875,1.179995,-1.0
2026-02-02 11:50:00-05:00,1.179995,1.18019,1.179865,1.179935,-1.0
2026-02-02 11:55:00-05:00,1.179935,1.18078,1.179915,1.18063,-1.0
2026-02-02 12:00:00-05:00,1.18063,1.181085,1.180585,1.18102,-1.0
2026-02-02 12:05:00-05:00,1.18102,1.181225,1.180825,1.18122,-1.0
2026-02-02 12:10:00-05:00,1.18122,1.181235,1.180955,1.181215,-1.0
2026-02-02 12:15:00-05:00,1.181215,1.181235,1.18072,1.180775,-1.0
2026-02-02 12:20:00-05:00,1.180775,1.180805,1.180215,1.18037,-1.0
2026-02-02 12:25:00-05:00,1.18037,1.180545,1.180185,1.180435,-1.0
2026-02-02 12:30:00-05:00,1.180435,1.1805,1.179935,1.18013,-1.0
2026-02-02 12:35:00-05:00,1.18013,1.18016,1.17951,1.179825,-1.0
2026-02-02 12:40:00-05:00,1.179825,1.18046,1.1798,1.180355,-1.0
2026-02-02 12:45:00-05:00,1.180355,1.180625,1.18003,1.180585,-1.0
2026-02-02 12:50:00-05:00,1.180585,1.180605,1.179765,1.17991,-1.0
2026-02-02 12:55:00-05:00,1.17991,1.18026,1.17965,1.17999,-1.0
2026-02-02 13:00:00-05:00,1.17999,1.18013,1.179125,1.17917,-1.0
2026-02-02 13:05:00-05:00,1.17917,1.17923,1.178535,1.178885,-1.0
2026-02-02 13:10:00-05:00,1.178885,1.178925,1.17822,1.17828,-1.0
2026-02-02 13:15:00-05:00,1.17828,1.17858,1.17799,1.17801,-1.0
2026-02-02 13:20:00-05:00,1.17801,1.17885,1.178,1.17878,-1.0
2026-02-02 13:25:00-05:00,1.17878,1.178855,1.178565,1.178715,-1.0
2026-02-02 13:30:00-05:00,1.178715,1.179125,1.178715,1.178895,-1.0
2026-02-02 13:35:00-05:00,1.178895,1.179075,1.178415,1.17854,-1.0
2026-02-02 13:40:00-05:00,1.17854,1.17888,1.17854,1.178715,-1.0
2026-02-02 13:45:00-05:00,1.178715,1.178845,1.178595,1.178685,-1.0
2026-02-02 13:50:00-05:00,1.178685,1.178775,1.17777,1.177885,-1.0
2026-02-02 13:55:00-05:00,1.177885,1.17803,1.1778,1.17797,-1.0
2026-02-02 14:00:00-05:00,1.17797,1.17808,1.177635,1.17783,-1.0
2026-02-02 14:05:00-05:00,1.17783,1.17797,1.177615,1.177615,-1.0
2026-02-02 14:10:00-05:00,1.177615,1.17789,1.1776,1.17773,-1.0
2026-02-02 14:15:00-05:00,1.17773,1.1778,1.177615,1.17773,-1.0
2026-02-02 14:20:00-05:00,1.17773,1.177745,1.17763,1.17769,-1.0
2026-02-02 14:25:00-05:00,1.17769,1.17789,1.17765,1.1778,-1.0
2026-02-02 14:30:00-05:00,1.1778,1.177825,1.177635,1.177725,-1.0
2026-02-02 14:35:00-05:00,1.177725,1.17802,1.177635,1.177855,-1.0
2026-02-02 14:40:00-05:00,1.177855,1.17884,1.1778,1.17882,-1.0
2026-02-02 14:45:00-05:00,1.17882,1.178865,1.1785,1.17857,-1.0
2026-02-02 14:50:00-05:00,1.17857,1.178915,1.17857,1.17889,-1.0
2026-02-02 14:55:00-05:00,1.17889,1.179145,1.17878,1.17887,-1.0
2026-02-02 15:00:00-05:00,1.17887,1.17888,1.178475,1.17851,-1.0
2026-02-02 15:05:00-05:00,1.17851,1.179035,1.17851,1.178985,-1.0
2026-02-02 15:10:00-05:00,1.178985,1.17899,1.178595,1.178595,-1.0
2026-02-02 15:15:00-05:00,1.178595,1.178595,1.17804,1.17813,-1.0
2026-02-02 15:20:00-05:00,1.17813,1.17832,1.17813,1.178245,-1.0
2026-02-02 15:25:00-05:00,1.178245,1.178425,1.1781,1.17837,-1.0
2026-02-02 15:30:00-05:00,1.17837,1.17841,1.17812,1.178245,-1.0
2026-02-02 15:35:00-05:00,1.178245,1.178685,1.17824,1.17854,-1.0
2026-02-02 15:40:00-05:00,1.17854,1.178685,1.178495,1.178585,-1.0
2026-02-02 15:45:00-05:00,1.178585,1.17884,1.178505,1.178635,-1.0
2026-02-02 15:50:00-05:00,1.178635,1.17891,1.178635,1.17877,-1.0
2026-02-02 15:55:00-05:00,1.17877,1.17923,1.17877,1.179145,-1.0
2026-02-02 16:00:00-05:00,1.179145,1.17932,1.17902,1.179235,-1.0
2026-02-02 16:05:00-05:00,1.179235,1.17933,1.17914,1.179235,-1.0
2026-02-02 16:10:00-05:00,1.179235,1.17943,1.17923,1.179405,-1.0
2026-02-02 16:15:00-05:00,1.179405,1.17945,1.17923,1.17932,-1.0
2026-02-02 16:20:00-05:00,1.17932,1.17942,1.17929,1.179335,-1.0
2026-02-02 16:25:00-05:00,1.179335,1.17934,1.17922,1.179295,-1.0
2026-02-02 16:30:00-05:00,1.179295,1.17939,1.17921,1.17921,-1.0
2026-02-02 16:35:00-05:00,1.17921,1.17924,1.17918,1.179215,-1.0
2026-02-02 16:40:00-05:00,1.179215,1.179295,1.179215,1.17929,-1.0
2026-02-02 16:45:00-05:00,1.17929,1.179395,1.17929,1.17934,-1.0
2026-02-02 16:50:00-05:00,1.17934,1.179345,1.178935,1.178995,-1.0
2026-02-02 16:55:00-05:00,1.178995,1.179155,1.178865,1.17908,-1.0
2026-02-02 17:15:00-05:00,1.1791,1.1791,1.17899,1.179025,-1.0
2026-02-02 17:20:00-05:00,1.179025,1.17926,1.178945,1.17926,-1.0
2026-02-02 17:25:00-05:00,1.17926,1.179275,1.178895,1.17906,-1.0
2026-02-02 17:30:00-05:00,1.17906,1.17917,1.179055,1.179115,-1.0
2026-02-02 17:35:00-05:00,1.179115,1.179145,1.17906,1.179105,-1.0
2026-02-02 17:40:00-05:00,1.179105,1.17916,1.17907,1.179075,-1.0
2026-02-02 17:45:00-05:00,1.179075,1.179155,1.17906,1.17912,-1.0
2026-02-02 17:50:00-05:00,1.17912,1.1793,1.179045,1.17913,-1.0
2026-02-02 17:55:00-05:00,1.17913,1.17917,1.17895,1.17899,-1.0
2026-02-02 18:00:00-05:00,1.17899,1.17928,1.178735,1.17919,-1.0
2026-02-02 18:05:00-05:00,1.17919,1.179355,1.179085,1.179285,-1.0
2026-02-02 18:10:00-05:00,1.179285,1.179435,1.179235,1.179345,-1.0
2026-02-02 18:15:00-05:00,1.179345,1.17968,1.179345,1.17957,-1.0
2026-02-02 18:20:00-05:00,1.17957,1.179815,1.17951,1.179795,-1.0
2026-02-02 18:25:00-05:00,1.179795,1.179795,1.17959,1.17959,-1.0
2026-02-02 18:30:00-05:00,1.17959,1.17982,1.179495,1.17974,-1.0
2026-02-02 18:35:00-05:00,1.17974,1.179785,1.179635,1.179785,-1.0
2026-02-02 18:40:00-05:00,1.179785,1.179785,1.179545,1.17962,-1.0
2026-02-02 18:45:00-05:00,1.17962,1.179625,1.179395,1.17959,-1.0
2026-02-02 18:50:00-05:00,1.17959,1.179795,1.179535,1.17958,-1.0
2026-02-02 18:55:00-05:00,1.17958,1.1799,1.179545,1.17988,-1.0
2026-02-02 19:00:00-05:00,1.17988,1.180195,1.17982,1.180025,-1.0
2026-02-02 19:05:00-05:00,1.180025,1.18043,1.17989,1.180295,-1.0
2026-02-02 19:10:00-05:00,1.180295,1.180345,1.180145,1.180335,-1.0
2026-02-02 19:15:00-05:00,1.180335,1.180555,1.180225,1.180475,-1.0
2026-02-02 19:20:00-05:00,1.180475,1.18054,1.180395,1.18046,-1.0
2026-02-02 19:25:00-05:00,1.18046,1.180575,1.1804,1.18049,-1.0
2026-02-02 19:30:00-05:00,1.18049,1.180645,1.180475,1.180545,-1.0
2026-02-02 19:35:00-05:00,1.180545,1.18072,1.18048,1.180485,-1.0
2026-02-02 19:40:00-05:00,1.180485,1.180535,1.18031,1.180325,-1.0
2026-02-02 19:45:00-05:00,1.180325,1.180395,1.180185,1.180385,-1.0
2026-02-02 19:50:00-05:00,1.180385,1.180525,1.180245,1.18037,-1.0
2026-02-02 19:55:00-05:00,1.18037,1.180655,1.180205,1.18064,-1.0
2026-02-02 20:00:00-05:00,1.18064,1.180685,1.18024,1.180495,-1.0
2026-02-02 20:05:00-05:00,1.180495,1.180495,1.180165,1.18034,-1.0
2026-02-02 20:10:00-05:00,1.18034,1.18081,1.180325,1.18078,-1.0
2026-02-02 20:15:00-05:00,1.18078,1.181055,1.18076,1.18102,-1.0
2026-02-02 20:20:00-05:00,1.18102,1.1811,1.18075,1.181,-1.0
2026-02-02 20:25:00-05:00,1.181,1.181085,1.18081,1.180835,-1.0
2026-02-02 20:30:00-05:00,1.180835,1.18107,1.18076,1.180995,-1.0
2026-02-02 20:35:00-05:00,1.180995,1.1813,1.180995,1.181135,-1.0
2026-02-02 20:40:00-05:00,1.181135,1.181325,1.181095,1.18126,-1.0
2026-02-02 20:45:00-05:00,1.18126,1.18126,1.18102,1.18103,-1.0
2026-02-02 20:50:00-05:00,1.18103,1.181235,1.180985,1.181145,-1.0
2026-02-02 20:55:00-05:00,1.181145,1.181485,1.181115,1.181405,-1.0
2026-02-02 21:00:00-05:00,1.181405,1.18144,1.18104,1.181085,-1.0
2026-02-02 21:05:00-05:00,1.181085,1.181145,1.180975,1.18114,-1.0
2026-02-02 21:10:00-05:00,1.18114,1.18117,1.180915,1.181035,-1.0
2026-02-02 21:15:00-05:00,1.181035,1.181035,1.180775,1.18086,-1.0
2026-02-02 21:20:00-05:00,1.18086,1.180955,1.180765,1.180955,-1.0
2026-02-02 21:25:00-05:00,1.180955,1.18096,1.180655,1.180655,-1.0
2026-02-02 21:30:00-05:00,1.180655,1.18074,1.18061,1.180645,-1.0
2026-02-02 21:35:00-05:00,1.180645,1.180695,1.18058,1.18065,-1.0
2026-02-02 21:40:00-05:00,1.18065,1.18065,1.18028,1.18031,-1.0
2026-02-02 21:45:00-05:00,1.18031,1.180345,1.180175,1.18021,-1.0
2026-02-02 21:50:00-05:00,1.18021,1.180335,1.18009,1.180335,-1.0
2026-02-02 21:55:00-05:00,1.180335,1.180345,1.1801,1.180165,-1.0
2026-02-02 22:00:00-05:00,1.180165,1.180205,1.180105,1.180155,-1.0
2026-02-02 22:05:00-05:00,1.180155,1.180345,1.180155,1.180335,-1.0
2026-02-02 22:10:00-05:00,1.180335,1.180345,1.180165,1.18019,-1.0
2026-02-02 22:15:00-05:00,1.18019,1.180445,1.18019,1.18024,-1.0
2026-02-02 22:20:00-05:00,1.18024,1.18043,1.180215,1.180295,-1.0
2026-02-02 22:25:00-05:00,1.180295,1.180485,1.18024,1.18043,-1.0
2026-02-02 22:30:00-05:00,1.18043,1.18075,1.180345,1.180695,-1.0
2026-02-02 22:35:00-05:00,1.180695,1.181055,1.18059,1.180975,-1.0
2026-02-02 22:40:00-05:00,1.180975,1.181185,1.180905,1.18109,-1.0
2026-02-02 22:45:00-05:00,1.18109,1.181195,1.18093,1.18096,-1.0
2026-02-02 22:50:00-05:00,1.18096,1.181195,1.180955,1.181195,-1.0
2026-02-02 22:55:00-05:00,1.181195,1.181265,1.180945,1.180945,-1.0
2026-02-02 23:00:00-05:00,1.180945,1.181375,1.180935,1.18116,-1.0
2026-02-02 23:05:00-05:00,1.18116,1.18148,1.18115,1.18148,-1.0
2026-02-02 23:10:00-05:00,1.18148,1.181505,1.181305,1.181335,-1.0
2026-02-02 23:15:00-05:00,1.181335,1.181495,1.181295,1.18145,-1.0
2026-02-02 23:20:00-05:00,1.18145,1.181655,1.18141,1.18141,-1.0
2026-02-02 23:25:00-05:00,1.18141,1.181495,1.181345,1.18139,-1.0
2026-02-02 23:30:00-05:00,1.18139,1.181565,1.181195,1.181195,-1.0
2026-02-02 23:35:00-05:00,1.181195,1.18125,1.18109,1.1811,-1.0
2026-02-02 23:40:00-05:00,1.1811,1.181305,1.181055,1.181145,-1.0
2026-02-02 23:45:00-05:00,1.181145,1.18138,1.181095,1.181215,-1.0
2026-02-02 23:50:00-05:00,1.181215,1.18124,1.180995,1.181035,-1.0
2026-02-02 23:55:00-05:00,1.181035,1.181035,1.180885,1.18093,-1.0
2026-02-03 00:00:00-05:00,1.18093,1.181285,1.180915,1.18115,-1.0
2026-02-03 00:05:00-05:00,1.18115,1.181155,1.181025,1.18105,-1.0
2026-02-03 00:10:00-05:00,1.18105,1.18105,1.18063,1.18065,-1.0
2026-02-03 00:15:00-05:00,1.18065,1.180685,1.180485,1.18053,-1.0
2026-02-03 00:20:00-05:00,1.18053,1.180885,1.18053,1.18087,-1.0
2026-02-03 00:25:00-05:00,1.18087,1.181045,1.180795,1.181035,-1.0
2026-02-03 00:30:00-05:00,1.181035,1.181295,1.180995,1.181295,-1.0
2026-02-03 00:35:00-05:00,1.181295,1.181305,1.181135,1.181195,-1.0
2026-02-03 00:40:00-05:00,1.181195,1.181325,1.18116,1.18116,-1.0
2026-02-03 00:45:00-05:00,1.18116,1.18125,1.18109,1.18115,-1.0
2026-02-03 00:50:00-05:00,1.18115,1.181155,1.18082,1.18086,-1.0
2026-02-03 00:55:00-05:00,1.18086,1.180985,1.1808,1.180895,-1.0
2026-02-03 01:00:00-05:00,1.180895,1.18094,1.18079,1.180885,-1.0
2026-02-03 01:05:00-05:00,1.180885,1.18098,1.18087,1.180965,-1.0
2026-02-03 01:10:00-05:00,1.180965,1.181445,1.18096,1.18138,-1.0
2026-02-03 01:15:00-05:00,1.18138,1.18164,1.181375,1.181485,-1.0
2026-02-03 01:20:00-05:00,1.181485,1.181515,1.181285,1.181395,-1.0
2026-02-03 01:25:00-05:00,1.181395,1.181585,1.18134,1.18154,-1.0
2026-02-03 01:30:00-05:00,1.18154,1.181565,1.18108,1.18132,-1.0
2026-02-03 01:35:00-05:00,1.18132,1.18139,1.181135,1.181225,-1.0
2026-02-03 01:40:00-05:00,1.181225,1.18159,1.18117,1.18154,-1.0
2026-02-03 01:45:00-05:00,1.18154,1.18159,1.18135,1.18141,-1.0
2026-02-03 01:50:00-05:00,1.18141,1.181495,1.18121,1.1814,-1.0
2026-02-03 01:55:00-05:00,1.1814,1.181535,1.181315,1.181375,-1.0
2026-02-03 02:00:00-05:00,1.181375,1.181375,1.180985,1.18107,-1.0
2026-02-03 02:05:00-05:00,1.18107,1.1815,1.181035,1.18144,-1.0
2026-02-03 02:10:00-05:00,1.18144,1.181965,1.18114,1.181945,-1.0
2026-02-03 02:15:00-05:00,1.181945,1.18203,1.181525,1.18156,-1.0
2026-02-03 02:20:00-05:00,1.18156,1.181895,1.181345,1.181485,-1.0
2026-02-03 02:25:00-05:00,1.181485,1.181915,1.18144,1.18164,-1.0
2026-02-03 02:30:00-05:00,1.18164,1.18219,1.181625,1.18208,-1.0
2026-02-03 02:35:00-05:00,1.18208,1.18238,1.181955,1.18207,-1.0
2026-02-03 02:40:00-05:00,1.18207,1.1824,1.182055,1.182235,-1.0
2026-02-03 02:45:00-05:00,1.182235,1.18245,1.182085,1.182195,-1.0
2026-02-03 02:50:00-05:00,1.182195,1.18221,1.181835,1.18189,-1.0
2026-02-03 02:55:00-05:00,1.18189,1.182045,1.181535,1.181535,-1.0
2026-02-03 03:00:00-05:00,1.181535,1.181785,1.181415,1.181625,-1.0
2026-02-03 03:05:00-05:00,1.181625,1.181785,1.181075,1.18172,-1.0
2026-02-03 03:10:00-05:00,1.18172,1.181805,1.181085,1.1812,-1.0
2026-02-03 03:15:00-05:00,1.1812,1.181215,1.180475,1.18063,-1.0
2026-02-03 03:20:00-05:00,1.18063,1.18136,1.18038,1.181015,-1.0
2026-02-03 03:25:00-05:00,1.181015,1.18109,1.18073,1.180875,-1.0
2026-02-03 03:30:00-05:00,1.180875,1.180935,1.18056,1.18069,-1.0
2026-02-03 03:35:00-05:00,1.18069,1.181055,1.180545,1.18094,-1.0
2026-02-03 03:40:00-05:00,1.18094,1.181725,1.180775,1.181395,-1.0
2026-02-03 03:45:00-05:00,1.181395,1.18166,1.18127,1.181555,-1.0
2026-02-03 03:50:00-05:00,1.181555,1.181955,1.181375,1.181755,-1.0
2026-02-03 03:55:00-05:00,1.181755,1.18194,1.181285,1.18129,-1.0
2026-02-03 04:00:00-05:00,1.18129,1.181605,1.18059,1.180665,-1.0
2026-02-03 04:05:00-05:00,1.180665,1.181185,1.180665,1.18113,-1.0
2026-02-03 04:10:00-05:00,1.18113,1.18113,1.18064,1.180645,-1.0
2026-02-03 04:15:00-05:00,1.180645,1.181285,1.180575,1.181155,-1.0
2026-02-03 04:20:00-05:00,1.181155,1.18117,1.180655,1.180895,-1.0
2026-02-03 04:25:00-05:00,1.180895,1.1809,1.180555,1.180695,-1.0
2026-02-03 04:30:00-05:00,1.180695,1.180785,1.18026,1.18034,-1.0
2026-02-03 04:35:00-05:00,1.18034,1.18056,1.180075,1.18008,-1.0
2026-02-03 04:40:00-05:00,1.18008,1.180325,1.179915,1.18008,-1.0
2026-02-03 04:45:00-05:00,1.18008,1.180095,1.17973,1.179975,-1.0
2026-02-03 04:50:00-05:00,1.179975,1.180035,1.17956,1.179635,-1.0
2026-02-03 04:55:00-05:00,1.179635,1.179645,1.17921,1.17921,-1.0
2026-02-03 05:00:00-05:00,1.17921,1.17958,1.17921,1.179345,-1.0
2026-02-03 05:05:00-05:00,1.179345,1.1797,1.179275,1.1797,-1.0
2026-02-03 05:10:00-05:00,1.1797,1.179995,1.179665,1.179775,-1.0
2026-02-03 05:15:00-05:00,1.179775,1.17978,1.178855,1.178975,-1.0
2026-02-03 05:20:00-05:00,1.178975,1.17918,1.178865,1.179035,-1.0
2026-02-03 05:25:00-05:00,1.179035,1.179695,1.179035,1.17947,-1.0
2026-02-03 05:30:00-05:00,1.17947,1.179535,1.17909,1.17914,-1.0
2026-02-03 05:35:00-05:00,1.17914,1.17924,1.17883,1.17907,-1.0
2026-02-03 05:40:00-05:00,1.17907,1.179185,1.17894,1.179055,-1.0
2026-02-03 05:45:00-05:00,1.179055,1.17906,1.17878,1.17891,-1.0
2026-02-03 05:50:00-05:00,1.17891,1.17903,1.17867,1.17892,-1.0
2026-02-03 05:55:00-05:00,1.17892,1.178965,1.17868,1.17872,-1.0
2026-02-03 06:00:00-05:00,1.17872,1.17885,1.178275,1.17854,-1.0
2026-02-03 06:05:00-05:00,1.17854,1.179235,1.17845,1.17886,-1.0
2026-02-03 06:10:00-05:00,1.17886,1.179105,1.178635,1.179015,-1.0
2026-02-03 06:15:00-05:00,1.179015,1.179035,1.17829,1.178535,-1.0
2026-02-03 06:20:00-05:00,1.178535,1.178965,1.178435,1.178695,-1.0
2026-02-03 06:25:00-05:00,1.178695,1.17923,1.17868,1.17914,-1.0
2026-02-03 06:30:00-05:00,1.17914,1.17947,1.179015,1.17947,-1.0
2026-02-03 06:35:00-05:00,1.17947,1.17947,1.17898,1.17914,-1.0
2026-02-03 06:40:00-05:00,1.17914,1.17929,1.17902,1.179035,-1.0
2026-02-03 06:45:00-05:00,1.179035,1.179095,1.178695,1.17878,-1.0
2026-02-03 06:50:00-05:00,1.17878,1.178905,1.17871,1.1789,-1.0
2026-02-03 06:55:00-05:00,1.1789,1.179065,1.178685,1.178715,-1.0
2026-02-03 07:00:00-05:00,1.178715,1.179075,1.17868,1.179035,-1.0
2026-02-03 07:05:00-05:00,1.179035,1.17924,1.17894,1.17924,-1.0
2026-02-03 07:10:00-05:00,1.17924,1.17924,1.17898,1.17905,-1.0
2026-02-03 07:15:00-05:00,1.17905,1.17939,1.179005,1.179355,-1.0
2026-02-03 07:20:00-05:00,1.179355,1.179565,1.179005,1.179115,-1.0
2026-02-03 07:25:00-05:00,1.179115,1.179225,1.179005,1.179165,-1.0
2026-02-03 07:30:00-05:00,1.179165,1.17958,1.179085,1.17958,-1.0
2026-02-03 07:35:00-05:00,1.17958,1.179725,1.17946,1.17951,-1.0
2026-02-03 07:40:00-05:00,1.17951,1.17973,1.179495,1.17971,-1.0
2026-02-03 07:45:00-05:00,1.17971,1.18002,1.179705,1.179805,-1.0
2026-02-03 07:50:00-05:00,1.179805,1.17985,1.179555,1.179675,-1.0
2026-02-03 07:55:00-05:00,1.179675,1.17974,1.17946,1.17965,-1.0
2026-02-03 08:00:00-05:00,1.17965,1.1801,1.17952,1.18009,-1.0
2026-02-03 08:05:00-05:00,1.18009,1.180375,1.18,1.18009,-1.0
2026-02-03 08:10:00-05:00,1.18009,1.180495,1.17996,1.18049,-1.0
2026-02-03 08:15:00-05:00,1.18049,1.18067,1.18029,1.180335,-1.0
2026-02-03 08:20:00-05:00,1.180335,1.180335,1.179765,1.17988,-1.0
2026-02-03 08:25:00-05:00,1.17988,1.17994,1.179575,1.179645,-1.0
2026-02-03 08:30:00-05:00,1.179645,1.179885,1.179515,1.179565,-1.0
2026-02-03 08:35:00-05:00,1.179565,1.17974,1.17927,1.17931,-1.0
2026-02-03 08:40:00-05:00,1.17931,1.17995,1.17931,1.17971,-1.0
2026-02-03 08:45:00-05:00,1.17971,1.18018,1.179675,1.180055,-1.0
2026-02-03 08:50:00-05:00,1.180055,1.180095,1.17973,1.179865,-1.0
2026-02-03 08:55:00-05:00,1.179865,1.179905,1.179585,1.17961,-1.0
2026-02-03 09:00:00-05:00,1.17961,1.179645,1.178515,1.178515,-1.0
2026-02-03 09:05:00-05:00,1.178515,1.17863,1.178065,1.17823,-1.0
2026-02-03 09:10:00-05:00,1.17823,1.17847,1.17801,1.178385,-1.0
2026-02-03 09:15:00-05:00,1.178385,1.178635,1.17819,1.178635,-1.0
2026-02-03 09:20:00-05:00,1.178635,1.178735,1.17837,1.178545,-1.0
2026-02-03 09:25:00-05:00,1.178545,1.17909,1.178545,1.179035,-1.0
2026-02-03 09:30:00-05:00,1.179035,1.179475,1.179005,1.17947,-1.0
2026-02-03 09:35:00-05:00,1.17947,1.17967,1.178955,1.179055,-1.0
2026-02-03 09:40:00-05:00,1.179055,1.179895,1.179055,1.179675,-1.0
2026-02-03 09:45:00-05:00,1.179675,1.1801,1.17944,1.180055,-1.0
2026-02-03 09:50:00-05:00,1.180055,1.180135,1.179445,1.179445,-1.0
2026-02-03 09:55:00-05:00,1.179445,1.179695,1.17909,1.179095,-1.0
2026-02-03 10:00:00-05:00,1.179095,1.179305,1.17862,1.178855,-1.0
2026-02-03 10:05:00-05:00,1.178855,1.17967,1.17883,1.179405,-1.0
2026-02-03 10:10:00-05:00,1.179405,1.17982,1.179315,1.179585,-1.0
2026-02-03 10:15:00-05:00,1.179585,1.180075,1.17953,1.17986,-1.0
2026-02-03 10:20:00-05:00,1.17986,1.18056,1.179635,1.180355,-1.0
2026-02-03 10:25:00-05:00,1.180355,1.18098,1.180235,1.180835,-1.0
2026-02-03 10:30:00-05:00,1.180835,1.180925,1.180295,1.18059,-1.0
2026-02-03 10:35:00-05:00,1.18059,1.180865,1.180525,1.18073,-1.0
2026-02-03 10:40:00-05:00,1.18073,1.180835,1.180275,1.180685,-1.0
2026-02-03 10:45:00-05:00,1.180685,1.181225,1.18037,1.180995,-1.0
2026-02-03 10:50:00-05:00,1.180995,1.18128,1.180975,1.18109,-1.0
2026-02-03 10:55:00-05:00,1.18109,1.18137,1.180785,1.181295,-1.0
2026-02-03 11:00:00-05:00,1.181295,1.181655,1.181185,1.18149,-1.0
2026-02-03 11:05:00-05:00,1.18149,1.181635,1.18129,1.181435,-1.0
2026-02-03 11:10:00-05:00,1.181435,1.18154,1.18105,1.181385,-1.0
2026-02-03 11:15:00-05:00,1.181385,1.18179,1.18108,1.181635,-1.0
2026-02-03 11:20:00-05:00,1.181635,1.181695,1.18108,1.181265,-1.0
2026-02-03 11:25:00-05:00,1.181265,1.181595,1.181025,1.18104,-1.0
2026-02-03 11:30:00-05:00,1.18104,1.181585,1.18103,1.18148,-1.0
2026-02-03 11:35:00-05:00,1.18148,1.18148,1.181075,1.18142,-1.0
2026-02-03 11:40:00-05:00,1.18142,1.181795,1.181165,1.18175,-1.0
2026-02-03 11:45:00-05:00,1.18175,1.18187,1.18149,1.181625,-1.0
2026-02-03 11:50:00-05:00,1.181625,1.182035,1.181515,1.182,-1.0
2026-02-03 11:55:00-05:00,1.182,1.182135,1.181725,1.181775,-1.0
2026-02-03 12:00:00-05:00,1.181775,1.18229,1.181775,1.18218,-1.0
2026-02-03 12:05:00-05:00,1.18218,1.182275,1.181865,1.182055,-1.0
2026-02-03 12:10:00-05:00,1.182055,1.182055,1.18164,1.181925,-1.0
2026-02-03 12:15:00-05:00,1.181925,1.18291,1.181865,1.182705,-1.0
2026-02-03 12:20:00-05:00,1.182705,1.182905,1.181875,1.181935,-1.0
2026-02-03 12:25:00-05:00,1.181935,1.182105,1.181715,1.181885,-1.0
2026-02-03 12:30:00-05:00,1.181885,1.182095,1.18168,1.181995,-1.0
2026-02-03 12:35:00-05:00,1.181995,1.182085,1.181775,1.181935,-1.0
2026-02-03 12:40:00-05:00,1.181935,1.18194,1.181385,1.18144,-1.0
2026-02-03 12:45:00-05:00,1.18144,1.18186,1.181375,1.18178,-1.0
2026-02-03 12:50:00-05:00,1.18178,1.181875,1.18159,1.18164,-1.0
2026-02-03 12:55:00-05:00,1.18164,1.181765,1.181505,1.18162,-1.0
2026-02-03 13:00:00-05:00,1.18162,1.181775,1.181545,1.18167,-1.0
2026-02-03 13:05:00-05:00,1.18167,1.182255,1.181655,1.18182,-1.0
2026-02-03 13:10:00-05:00,1.18182,1.18198,1.181475,1.18154,-1.0
2026-02-03 13:15:00-05:00,1.18154,1.181745,1.181435,1.181565,-1.0
2026-02-03 13:20:00-05:00,1.181565,1.181975,1.181525,1.1817,-1.0
2026-02-03 13:25:00-05:00,1.1817,1.18177,1.181385,1.181405,-1.0
2026-02-03 13:30:00-05:00,1.181405,1.181555,1.181185,1.181405,-1.0
2026-02-03 13:35:00-05:00,1.181405,1.18167,1.181405,1.18157,-1.0
2026-02-03 13:40:00-05:00,1.18157,1.18158,1.18101,1.181295,-1.0
2026-02-03 13:45:00-05:00,1.181295,1.181575,1.18118,1.181255,-1.0
2026-02-03 13:50:00-05:00,1.181255,1.18142,1.181055,1.181335,-1.0
2026-02-03 13:55:00-05:00,1.181335,1.181585,1.18091,1.18091,-1.0
2026-02-03 14:00:00-05:00,1.18091,1.18092,1.18059,1.18059,-1.0
2026-02-03 14:05:00-05:00,1.18059,1.180885,1.18059,1.18078,-1.0
2026-02-03 14:10:00-05:00,1.18078,1.181255,1.18077,1.181085,-1.0
2026-02-03 14:15:00-05:00,1.181085,1.181175,1.18096,1.18109,-1.0
2026-02-03 14:20:00-05:00,1.18109,1.18113,1.18067,1.180785,-1.0
2026-02-03 14:25:00-05:00,1.180785,1.181145,1.180745,1.18113,-1.0
2026-02-03 14:30:00-05:00,1.18113,1.18128,1.181015,1.181065,-1.0
2026-02-03 14:35:00-05:00,1.181065,1.181525,1.181055,1.18148,-1.0
2026-02-03 14:40:00-05:00,1.18148,1.18161,1.181375,1.18139,-1.0
2026-02-03 14:45:00-05:00,1.18139,1.181595,1.181215,1.18146,-1.0
2026-02-03 14:50:00-05:00,1.18146,1.18161,1.181345,1.181495,-1.0
2026-02-03 14:55:00-05:00,1.181495,1.181715,1.18131,1.181355,-1.0
2026-02-03 15:00:00-05:00,1.181355,1.181405,1.18101,1.18103,-1.0
2026-02-03 15:05:00-05:00,1.18103,1.181445,1.18095,1.181405,-1.0
2026-02-03 15:10:00-05:00,1.181405,1.181495,1.18134,1.181455,-1.0
2026-02-03 15:15:00-05:00,1.181455,1.181585,1.181395,1.181435,-1.0
2026-02-03 15:20:00-05:00,1.181435,1.181475,1.18116,1.18132,-1.0
2026-02-03 15:25:00-05:00,1.18132,1.18134,1.181125,1.18121,-1.0
2026-02-03 15:30:00-05:00,1.18121,1.181795,1.181205,1.181745,-1.0
2026-02-03 15:35:00-05:00,1.181745,1.181965,1.18172,1.181805,-1.0
2026-02-03 15:40:00-05:00,1.181805,1.181815,1.181585,1.18164,-1.0
2026-02-03 15:45:00-05:00,1.18164,1.181845,1.181585,1.181805,-1.0
2026-02-03 15:50:00-05:00,1.181805,1.182,1.1818,1.181985,-1.0
2026-02-03 15:55:00-05:00,1.181985,1.182185,1.181985,1.182105,-1.0
2026-02-03 16:00:00-05:00,1.182105,1.18234,1.182015,1.18229,-1.0
2026-02-03 16:05:00-05:00,1.18229,1.182505,1.18222,1.182495,-1.0
2026-02-03 16:10:00-05:00,1.182495,1.182535,1.182345,1.182515,-1.0
2026-02-03 16:15:00-05:00,1.182515,1.182535,1.18222,1.182275,-1.0
2026-02-03 16:20:00-05:00,1.182275,1.182355,1.182235,1.18227,-1.0
2026-02-03 16:25:00-05:00,1.18227,1.1823,1.18217,1.18228,-1.0
2026-02-03 16:30:00-05:00,1.18228,1.182475,1.182265,1.18239,-1.0
2026-02-03 16:35:00-05:00,1.18239,1.18244,1.18232,1.18244,-1.0
2026-02-03 16:40:00-05:00,1.18244,1.182465,1.18237,1.182385,-1.0
2026-02-03 16:45:00-05:00,1.182385,1.18248,1.182265,1.182305,-1.0
2026-02-03 16:50:00-05:00,1.182305,1.18236,1.18219,1.18235,-1.0
2026-02-03 16:55:00-05:00,1.18235,1.182375,1.18176,1.18183,-1.0
2026-02-03 17:15:00-05:00,1.181675,1.1819,1.181675,1.18169,-1.0
2026-02-03 17:20:00-05:00,1.18169,1.181695,1.181685,1.181685,-1.0
2026-02-03 17:25:00-05:00,1.181685,1.18181,1.181685,1.18173,-1.0
2026-02-03 17:30:00-05:00,1.18173,1.18188,1.181725,1.18188,-1.0
2026-02-03 17:35:00-05:00,1.18188,1.18194,1.18186,1.181875,-1.0
2026-02-03 17:40:00-05:00,1.181875,1.18209,1.181875,1.182045,-1.0
2026-02-03 17:45:00-05:00,1.182045,1.182065,1.182,1.182035,-1.0
2026-02-03 17:50:00-05:00,1.182035,1.18205,1.18178,1.18183,-1.0
2026-02-03 17:55:00-05:00,1.18183,1.18188,1.181735,1.1818,-1.0
2026-02-03 18:00:00-05:00,1.1818,1.18205,1.1818,1.181885,-1.0
2026-02-03 18:05:00-05:00,1.181885,1.18194,1.18176,1.18182,-1.0
2026-02-03 18:10:00-05:00,1.18182,1.18188,1.181805,1.18186,-1.0
2026-02-03 18:15:00-05:00,1.18186,1.181875,1.18154,1.181545,-1.0
2026-02-03 18:20:00-05:00,1.181545,1.18162,1.181485,1.181585,-1.0
2026-02-03 18:25:00-05:00,1.181585,1.18162,1.18129,1.1813,-1.0
2026-02-03 18:30:00-05:00,1.1813,1.18153,1.181235,1.18153,-1.0
2026-02-03 18:35:00-05:00,1.18153,1.18163,1.181405,1.18147,-1.0
2026-02-03 18:40:00-05:00,1.18147,1.181515,1.18146,1.181485,-1.0
2026-02-03 18:45:00-05:00,1.181485,1.18158,1.181485,1.18157,-1.0
2026-02-03 18:50:00-05:00,1.18157,1.1817,1.181525,1.181545,-1.0
2026-02-03 18:55:00-05:00,1.181545,1.18159,1.18149,1.181565,-1.0
2026-02-03 19:00:00-05:00,1.181565,1.18162,1.180885,1.18098,-1.0
2026-02-03 19:05:00-05:00,1.18098,1.181255,1.180935,1.18124,-1.0
2026-02-03 19:10:00-05:00,1.18124,1.1813,1.181035,1.181195,-1.0
2026-02-03 19:15:00-05:00,1.181195,1.181395,1.18114,1.18132,-1.0
2026-02-03 19:20:00-05:00,1.18132,1.181545,1.181305,1.18145,-1.0
2026-02-03 19:25:00-05:00,1.18145,1.181505,1.181355,1.181485,-1.0
2026-02-03 19:30:00-05:00,1.181485,1.181605,1.181265,1.1814,-1.0
2026-02-03 19:35:00-05:00,1.1814,1.181475,1.18134,1.18146,-1.0
2026-02-03 19:40:00-05:00,1.18146,1.181505,1.181285,1.18149,-1.0
2026-02-03 19:45:00-05:00,1.18149,1.1816,1.18126,1.18154,-1.0
2026-02-03 19:50:00-05:00,1.18154,1.18175,1.181335,1.181535,-1.0
2026-02-03 19:55:00-05:00,1.181535,1.18163,1.1814,1.18143,-1.0
2026-02-03 20:00:00-05:00,1.18143,1.18158,1.181255,1.181425,-1.0
2026-02-03 20:05:00-05:00,1.181425,1.18148,1.181245,1.18131,-1.0
2026-02-03 20:10:00-05:00,1.18131,1.182195,1.18131,1.18206,-1.0
2026-02-03 20:15:00-05:00,1.18206,1.18256,1.18202,1.18249,-1.0
2026-02-03 20:20:00-05:00,1.18249,1.182565,1.18228,1.182565,-1.0
2026-02-03 20:25:00-05:00,1.182565,1.18266,1.18246,1.182485,-1.0
2026-02-03 20:30:00-05:00,1.182485,1.182495,1.182045,1.182245,-1.0
2026-02-03 20:35:00-05:00,1.182245,1.182625,1.18215,1.1823,-1.0
2026-02-03 20:40:00-05:00,1.1823,1.182815,1.182295,1.18281,-1.0
2026-02-03 20:45:00-05:00,1.18281,1.183195,1.182715,1.183005,-1.0
2026-02-03 20:50:00-05:00,1.183005,1.183015,1.182485,1.18249,-1.0
2026-02-03 20:55:00-05:00,1.18249,1.182775,1.18247,1.1826,-1.0
2026-02-03 21:00:00-05:00,1.1826,1.18276,1.182465,1.18275,-1.0
2026-02-03 21:05:00-05:00,1.18275,1.183165,1.18273,1.182905,-1.0
2026-02-03 21:10:00-05:00,1.182905,1.18294,1.182655,1.18266,-1.0
2026-02-03 21:15:00-05:00,1.18266,1.1827,1.18236,1.182405,-1.0
2026-02-03 21:20:00-05:00,1.182405,1.18251,1.182325,1.182325,-1.0
2026-02-03 21:25:00-05:00,1.182325,1.18262,1.182305,1.18248,-1.0
2026-02-03 21:30:00-05:00,1.18248,1.18258,1.18241,1.18246,-1.0
2026-02-03 21:35:00-05:00,1.18246,1.18255,1.18236,1.182455,-1.0
2026-02-03 21:40:00-05:00,1.182455,1.182645,1.18243,1.182565,-1.0
2026-02-03 21:45:00-05:00,1.182565,1.182595,1.18237,1.18238,-1.0
2026-02-03 21:50:00-05:00,1.18238,1.18238,1.181895,1.1821,-1.0
2026-02-03 21:55:00-05:00,1.1821,1.182265,1.18207,1.182225,-1.0
2026-02-03 22:00:00-05:00,1.182225,1.18244,1.18222,1.182305,-1.0
2026-02-03 22:05:00-05:00,1.182305,1.18249,1.182255,1.18236,-1.0
2026-02-03 22:10:00-05:00,1.18236,1.182495,1.18236,1.182415,-1.0
2026-02-03 22:15:00-05:00,1.182415,1.182415,1.18213,1.18217,-1.0
2026-02-03 22:20:00-05:00,1.18217,1.182345,1.18217,1.18227,-1.0
2026-02-03 22:25:00-05:00,1.18227,1.182465,1.18223,1.18234,-1.0
2026-02-03 22:30:00-05:00,1.18234,1.18237,1.18224,1.182285,-1.0
2026-02-03 22:35:00-05:00,1.182285,1.1823,1.182065,1.18228,-1.0
2026-02-03 22:40:00-05:00,1.18228,1.182285,1.18215,1.182195,-1.0
2026-02-03 22:45:00-05:00,1.182195,1.18241,1.18216,1.18219,-1.0
2026-02-03 22:50:00-05:00,1.18219,1.18272,1.182185,1.182705,-1.0
2026-02-03 22:55:00-05:00,1.182705,1.18281,1.18255,1.182715,-1.0
2026-02-03 23:00:00-05:00,1.182715,1.18272,1.182545,1.182715,-1.0
2026-02-03 23:05:00-05:00,1.182715,1.18286,1.18264,1.182785,-1.0
2026-02-03 23:10:00-05:00,1.182785,1.18306,1.182785,1.183055,-1.0
2026-02-03 23:15:00-05:00,1.183055,1.18306,1.1828,1.182945,-1.0
2026-02-03 23:20:00-05:00,1.182945,1.18298,1.182855,1.182935,-1.0
2026-02-03 23:25:00-05:00,1.182935,1.18298,1.182885,1.182955,-1.0
2026-02-03 23:30:00-05:00,1.182955,1.18311,1.182875,1.18311,-1.0
2026-02-03 23:35:00-05:00,1.18311,1.183145,1.182935,1.183075,-1.0
2026-02-03 23:40:00-05:00,1.183075,1.18324,1.182845,1.182915,-1.0
2026-02-03 23:45:00-05:00,1.182915,1.183085,1.182895,1.18307,-1.0
2026-02-03 23:50:00-05:00,1.18307,1.18342,1.183065,1.1834,-1.0
2026-02-03 23:55:00-05:00,1.1834,1.183585,1.18337,1.18356,-1.0
2026-02-04 00:00:00-05:00,1.18356,1.183575,1.183305,1.183555,-1.0
2026-02-04 00:05:00-05:00,1.183555,1.18356,1.183365,1.18341,-1.0
2026-02-04 00:10:00-05:00,1.18341,1.183555,1.18333,1.18334,-1.0
2026-02-04 00:15:00-05:00,1.18334,1.183355,1.18324,1.183305,-1.0
2026-02-04 00:20:00-05:00,1.183305,1.18339,1.183175,1.18318,-1.0
2026-02-04 00:25:00-05:00,1.18318,1.18344,1.183175,1.18339,-1.0
2026-02-04 00:30:00-05:00,1.18339,1.18345,1.183295,1.18339,-1.0
2026-02-04 00:35:00-05:00,1.18339,1.18345,1.18331,1.183445,-1.0
2026-02-04 00:40:00-05:00,1.183445,1.18359,1.183405,1.18354,-1.0
2026-02-04 00:45:00-05:00,1.18354,1.18362,1.183365,1.1834,-1.0
2026-02-04 00:50:00-05:00,1.1834,1.18346,1.18337,1.18346,-1.0
2026-02-04 00:55:00-05:00,1.18346,1.18346,1.183065,1.183295,-1.0
2026-02-04 01:00:00-05:00,1.183295,1.183425,1.18324,1.183425,-1.0
2026-02-04 01:05:00-05:00,1.183425,1.18349,1.183305,1.183415,-1.0
2026-02-04 01:10:00-05:00,1.183415,1.18359,1.183325,1.183555,-1.0
2026-02-04 01:15:00-05:00,1.183555,1.18362,1.183375,1.183415,-1.0
2026-02-04 01:20:00-05:00,1.183415,1.18342,1.18321,1.183315,-1.0
2026-02-04 01:25:00-05:00,1.183315,1.183405,1.18316,1.1833,-1.0
2026-02-04 01:30:00-05:00,1.1833,1.18349,1.183235,1.183445,-1.0
2026-02-04 01:35:00-05:00,1.183445,1.183515,1.183345,1.18342,-1.0
2026-02-04 01:40:00-05:00,1.18342,1.18344,1.18311,1.183145,-1.0
2026-02-04 01:45:00-05:00,1.183145,1.1833,1.1831,1.18311,-1.0
2026-02-04 01:50:00-05:00,1.18311,1.183175,1.18295,1.183055,-1.0
2026-02-04 01:55:00-05:00,1.183055,1.183055,1.1829,1.182965,-1.0
2026-02-04 02:00:00-05:00,1.182965,1.183395,1.182955,1.18321,-1.0
2026-02-04 02:05:00-05:00,1.18321,1.18325,1.182915,1.18298,-1.0
2026-02-04 02:10:00-05:00,1.18298,1.183155,1.18248,1.18255,-1.0
2026-02-04 02:15:00-05:00,1.18255,1.18284,1.18241,1.18277,-1.0
2026-02-04 02:20:00-05:00,1.18277,1.18335,1.18277,1.183205,-1.0
2026-02-04 02:25:00-05:00,1.183205,1.183205,1.182715,1.182845,-1.0
2026-02-04 02:30:00-05:00,1.182845,1.1829,1.182685,1.182835,-1.0
2026-02-04 02:35:00-05:00,1.182835,1.182915,1.182595,1.1826,-1.0
2026-02-04 02:40:00-05:00,1.1826,1.18302,1.18246,1.182945,-1.0
2026-02-04 02:45:00-05:00,1.182945,1.18329,1.182845,1.183085,-1.0
2026-02-04 02:50:00-05:00,1.183085,1.18316,1.182785,1.18306,-1.0
2026-02-04 02:55:00-05:00,1.18306,1.183335,1.182975,1.1832,-1.0
2026-02-04 03:00:00-05:00,1.1832,1.18329,1.18271,1.18281,-1.0
2026-02-04 03:05:00-05:00,1.18281,1.18336,1.18272,1.183145,-1.0
2026-02-04 03:10:00-05:00,1.183145,1.183805,1.183015,1.183505,-1.0
2026-02-04 03:15:00-05:00,1.183505,1.183555,1.18316,1.18325,-1.0
2026-02-04 03:20:00-05:00,1.18325,1.183305,1.182845,1.182955,-1.0
2026-02-04 03:25:00-05:00,1.182955,1.183215,1.182835,1.18301,-1.0
2026-02-04 03:30:00-05:00,1.18301,1.18303,1.18255,1.182565,-1.0
2026-02-04 03:35:00-05:00,1.182565,1.182715,1.182455,1.18262,-1.0
2026-02-04 03:40:00-05:00,1.18262,1.182915,1.182595,1.18283,-1.0
2026-02-04 03:45:00-05:00,1.18283,1.182905,1.18237,1.182495,-1.0
2026-02-04 03:50:00-05:00,1.182495,1.183105,1.182495,1.182835,-1.0
2026-02-04 03:55:00-05:00,1.182835,1.183055,1.182685,1.18288,-1.0
2026-02-04 04:00:00-05:00,1.18288,1.183265,1.182665,1.1828,-1.0
2026-02-04 04:05:00-05:00,1.1828,1.18287,1.182555,1.182645,-1.0
2026-02-04 04:10:00-05:00,1.182645,1.18327,1.18262,1.182965,-1.0
2026-02-04 04:15:00-05:00,1.182965,1.18297,1.182625,1.18263,-1.0
2026-02-04 04:20:00-05:00,1.18263,1.182845,1.18242,1.182615,-1.0
2026-02-04 04:25:00-05:00,1.182615,1.18272,1.182515,1.182635,-1.0
2026-02-04 04:30:00-05:00,1.182635,1.18266,1.181955,1.182275,-1.0
2026-02-04 04:35:00-05:00,1.182275,1.18229,1.181625,1.18191,-1.0
2026-02-04 04:40:00-05:00,1.18191,1.1821,1.18172,1.181815,-1.0
2026-02-04 04:45:00-05:00,1.181815,1.181835,1.18114,1.18118,-1.0
2026-02-04 04:50:00-05:00,1.18118,1.181805,1.181135,1.181755,-1.0
2026-02-04 04:55:00-05:00,1.181755,1.18189,1.181415,1.181415,-1.0
2026-02-04 05:00:00-05:00,1.181415,1.18178,1.181385,1.18155,-1.0
2026-02-04 05:05:00-05:00,1.18155,1.181695,1.18133,1.18137,-1.0
2026-02-04 05:10:00-05:00,1.18137,1.181475,1.18122,1.18123,-1.0
2026-02-04 05:15:00-05:00,1.18123,1.181585,1.18122,1.18136,-1.0
2026-02-04 05:20:00-05:00,1.18136,1.181545,1.18114,1.18122,-1.0
2026-02-04 05:25:00-05:00,1.18122,1.18129,1.180995,1.181,-1.0
2026-02-04 05:30:00-05:00,1.181,1.18134,1.180685,1.180685,-1.0
2026-02-04 05:35:00-05:00,1.180685,1.180815,1.18048,1.18074,-1.0
2026-02-04 05:40:00-05:00,1.18074,1.18113,1.18064,1.181005,-1.0
2026-02-04 05:45:00-05:00,1.181005,1.18109,1.18084,1.18084,-1.0
2026-02-04 05:50:00-05:00,1.18084,1.181445,1.18084,1.181365,-1.0
2026-02-04 05:55:00-05:00,1.181365,1.18145,1.181135,1.181355,-1.0
2026-02-04 06:00:00-05:00,1.181355,1.18149,1.181195,1.18148,-1.0
2026-02-04 06:05:00-05:00,1.18148,1.18148,1.18114,1.18114,-1.0
2026-02-04 06:10:00-05:00,1.18114,1.18129,1.180835,1.180845,-1.0
2026-02-04 06:15:00-05:00,1.180845,1.181075,1.180595,1.18085,-1.0
2026-02-04 06:20:00-05:00,1.18085,1.18094,1.180655,1.180795,-1.0
2026-02-04 06:25:00-05:00,1.180795,1.180945,1.1807,1.18085,-1.0
2026-02-04 06:30:00-05:00,1.18085,1.181275,1.18084,1.18111,-1.0
2026-02-04 06:35:00-05:00,1.18111,1.18147,1.18111,1.181465,-1.0
2026-02-04 06:40:00-05:00,1.181465,1.181545,1.181295,1.18131,-1.0
2026-02-04 06:45:00-05:00,1.18131,1.18135,1.18101,1.181095,-1.0
2026-02-04 06:50:00-05:00,1.181095,1.18137,1.181085,1.181285,-1.0
2026-02-04 06:55:00-05:00,1.181285,1.18135,1.18099,1.181035,-1.0
2026-02-04 07:00:00-05:00,1.181035,1.181415,1.180965,1.181095,-1.0
2026-02-04 07:05:00-05:00,1.181095,1.18128,1.18101,1.181195,-1.0
2026-02-04 07:10:00-05:00,1.181195,1.181315,1.18114,1.18125,-1.0
2026-02-04 07:15:00-05:00,1.18125,1.181745,1.181245,1.18163,-1.0
2026-02-04 07:20:00-05:00,1.18163,1.18169,1.18148,1.18167,-1.0
2026-02-04 07:25:00-05:00,1.18167,1.181755,1.18145,1.181575,-1.0
2026-02-04 07:30:00-05:00,1.181575,1.182055,1.181575,1.18199,-1.0
2026-02-04 07:35:00-05:00,1.18199,1.1821,1.181825,1.181965,-1.0
2026-02-04 07:40:00-05:00,1.181965,1.182365,1.18194,1.18236,-1.0
2026-02-04 07:45:00-05:00,1.18236,1.1825,1.18219,1.18219,-1.0
2026-02-04 07:50:00-05:00,1.18219,1.182335,1.181905,1.18215,-1.0
2026-02-04 07:55:00-05:00,1.18215,1.18241,1.18199,1.182165,-1.0
2026-02-04 08:00:00-05:00,1.182165,1.18233,1.18193,1.1823,-1.0
2026-02-04 08:05:00-05:00,1.1823,1.182395,1.18193,1.18198,-1.0
2026-02-04 08:10:00-05:00,1.18198,1.182265,1.18187,1.18216,-1.0
2026-02-04 08:15:00-05:00,1.18216,1.182715,1.18131,1.181835,-1.0
2026-02-04 08:20:00-05:00,1.181835,1.182055,1.181395,1.18145,-1.0
2026-02-04 08:25:00-05:00,1.18145,1.181685,1.18134,1.181385,-1.0
2026-02-04 08:30:00-05:00,1.181385,1.18174,1.18113,1.18161,-1.0
2026-02-04 08:35:00-05:00,1.18161,1.18208,1.18135,1.182065,-1.0
2026-02-04 08:40:00-05:00,1.182065,1.182085,1.181575,1.181825,-1.0
2026-02-04 08:45:00-05:00,1.181825,1.182035,1.181525,1.18166,-1.0
2026-02-04 08:50:00-05:00,1.18166,1.18246,1.181655,1.182175,-1.0
2026-02-04 08:55:00-05:00,1.182175,1.18246,1.182155,1.182245,-1.0
2026-02-04 09:00:00-05:00,1.182245,1.182565,1.181705,1.18175,-1.0
2026-02-04 09:05:00-05:00,1.18175,1.181835,1.180755,1.18087,-1.0
2026-02-04 09:10:00-05:00,1.18087,1.181115,1.18054,1.180775,-1.0
2026-02-04 09:15:00-05:00,1.180775,1.181495,1.18075,1.181435,-1.0
2026-02-04 09:20:00-05:00,1.181435,1.18158,1.18123,1.181405,-1.0
2026-02-04 09:25:00-05:00,1.181405,1.18142,1.180685,1.180785,-1.0
2026-02-04 09:30:00-05:00,1.180785,1.180965,1.180245,1.18069,-1.0
2026-02-04 09:35:00-05:00,1.18069,1.181095,1.180565,1.18109,-1.0
2026-02-04 09:40:00-05:00,1.18109,1.18149,1.18087,1.18144,-1.0
2026-02-04 09:45:00-05:00,1.18144,1.18198,1.181365,1.181955,-1.0
2026-02-04 09:50:00-05:00,1.181955,1.182,1.181615,1.181885,-1.0
2026-02-04 09:55:00-05:00,1.181885,1.18192,1.18141,1.18151,-1.0
2026-02-04 10:00:00-05:00,1.18151,1.18221,1.181195,1.18149,-1.0
2026-02-04 10:05:00-05:00,1.18149,1.18184,1.181395,1.18175,-1.0
2026-02-04 10:10:00-05:00,1.18175,1.182105,1.181405,1.18207,-1.0
2026-02-04 10:15:00-05:00,1.18207,1.18219,1.181535,1.18161,-1.0
2026-02-04 10:20:00-05:00,1.18161,1.181735,1.18105,1.181165,-1.0
2026-02-04 10:25:00-05:00,1.181165,1.181305,1.180645,1.18097,-1.0
2026-02-04 10:30:00-05:00,1.18097,1.181015,1.179645,1.17996,-1.0
2026-02-04 10:35:00-05:00,1.17996,1.180755,1.179885,1.18044,-1.0
2026-02-04 10:40:00-05:00,1.18044,1.180745,1.18025,1.18034,-1.0
2026-02-04 10:45:00-05:00,1.18034,1.180575,1.18022,1.180485,-1.0
2026-02-04 10:50:00-05:00,1.180485,1.18058,1.180065,1.180335,-1.0
2026-02-04 10:55:00-05:00,1.180335,1.180345,1.17933,1.179635,-1.0
2026-02-04 11:00:00-05:00,1.179635,1.17993,1.1794,1.17958,-1.0
2026-02-04 11:05:00-05:00,1.17958,1.17985,1.17942,1.179505,-1.0
2026-02-04 11:10:00-05:00,1.179505,1.179715,1.17921,1.179375,-1.0
2026-02-04 11:15:00-05:00,1.179375,1.17951,1.17905,1.17926,-1.0
2026-02-04 11:20:00-05:00,1.17926,1.17956,1.179095,1.17936,-1.0
2026-02-04 11:25:00-05:00,1.17936,1.17991,1.1793,1.179815,-1.0
2026-02-04 11:30:00-05:00,1.179815,1.17995,1.17961,1.17981,-1.0
2026-02-04 11:35:00-05:00,1.17981,1.179915,1.179385,1.17946,-1.0
2026-02-04 11:40:00-05:00,1.17946,1.17965,1.179105,1.179565,-1.0
2026-02-04 11:45:00-05:00,1.179565,1.17977,1.17929,1.17946,-1.0
2026-02-04 11:50:00-05:00,1.17946,1.180435,1.179455,1.180345,-1.0
2026-02-04 11:55:00-05:00,1.180345,1.18057,1.17996,1.180265,-1.0
2026-02-04 12:00:00-05:00,1.180265,1.18082,1.180095,1.18082,-1.0
2026-02-04 12:05:00-05:00,1.18082,1.181095,1.180445,1.181045,-1.0
2026-02-04 12:10:00-05:00,1.181045,1.181145,1.180805,1.18108,-1.0
2026-02-04 12:15:00-05:00,1.18108,1.18122,1.181005,1.181025,-1.0
2026-02-04 12:20:00-05:00,1.181025,1.181505,1.180855,1.1809,-1.0
2026-02-04 12:25:00-05:00,1.1809,1.181005,1.18035,1.180885,-1.0
2026-02-04 12:30:00-05:00,1.180885,1.18096,1.18013,1.180395,-1.0
2026-02-04 12:35:00-05:00,1.180395,1.1804,1.179535,1.179565,-1.0
2026-02-04 12:40:00-05:00,1.179565,1.17998,1.179415,1.179565,-1.0
2026-02-04 12:45:00-05:00,1.179565,1.179955,1.1795,1.17986,-1.0
2026-02-04 12:50:00-05:00,1.17986,1.179945,1.179605,1.179785,-1.0
2026-02-04 12:55:00-05:00,1.179785,1.18014,1.17964,1.179765,-1.0
2026-02-04 13:00:00-05:00,1.179765,1.18,1.17961,1.17995,-1.0
2026-02-04 13:05:00-05:00,1.17995,1.180135,1.17966,1.17973,-1.0
2026-02-04 13:10:00-05:00,1.17973,1.179865,1.17948,1.179485,-1.0
2026-02-04 13:15:00-05:00,1.179485,1.17986,1.17948,1.179715,-1.0
2026-02-04 13:20:00-05:00,1.179715,1.1799,1.17956,1.179705,-1.0
2026-02-04 13:25:00-05:00,1.179705,1.18009,1.179605,1.17964,-1.0
2026-02-04 13:30:00-05:00,1.17964,1.179935,1.179565,1.179875,-1.0
2026-02-04 13:35:00-05:00,1.179875,1.180025,1.179805,1.17997,-1.0
2026-02-04 13:40:00-05:00,1.17997,1.180105,1.17996,1.180065,-1.0
2026-02-04 13:45:00-05:00,1.180065,1.18009,1.1798,1.179875,-1.0
2026-02-04 13:50:00-05:00,1.179875,1.179985,1.179805,1.179865,-1.0
2026-02-04 13:55:00-05:00,1.179865,1.18017,1.179865,1.1801,-1.0
2026-02-04 14:00:00-05:00,1.1801,1.18017,1.179455,1.179565,-1.0
2026-02-04 14:05:00-05:00,1.179565,1.18008,1.179475,1.18002,-1.0
2026-02-04 14:10:00-05:00,1.18002,1.18011,1.179815,1.179915,-1.0
2026-02-04 14:15:00-05:00,1.179915,1.180175,1.179865,1.180125,-1.0
2026-02-04 14:20:00-05:00,1.180125,1.18017,1.179595,1.179955,-1.0
2026-02-04 14:25:00-05:00,1.179955,1.17998,1.17972,1.17996,-1.0
2026-02-04 14:30:00-05:00,1.17996,1.180355,1.179955,1.18034,-1.0
2026-02-04 14:35:00-05:00,1.18034,1.180465,1.180295,1.18036,-1.0
2026-02-04 14:40:00-05:00,1.18036,1.18046,1.180285,1.180335,-1.0
2026-02-04 14:45:00-05:00,1.180335,1.18062,1.180285,1.18044,-1.0
2026-02-04 14:50:00-05:00,1.18044,1.180805,1.18044,1.180545,-1.0
2026-02-04 14:55:00-05:00,1.180545,1.180955,1.18044,1.180915,-1.0
2026-02-04 15:00:00-05:00,1.180915,1.18097,1.180725,1.180765,-1.0
2026-02-04 15:05:00-05:00,1.180765,1.180825,1.180655,1.18074,-1.0
2026-02-04 15:10:00-05:00,1.18074,1.18075,1.180465,1.18061,-1.0
2026-02-04 15:15:00-05:00,1.18061,1.180665,1.18045,1.18045,-1.0
2026-02-04 15:20:00-05:00,1.18045,1.180555,1.18036,1.18039,-1.0
2026-02-04 15:25:00-05:00,1.18039,1.180415,1.180255,1.18026,-1.0
2026-02-04 15:30:00-05:00,1.18026,1.180425,1.18017,1.18041,-1.0
2026-02-04 15:35:00-05:00,1.18041,1.18052,1.180345,1.180415,-1.0
2026-02-04 15:40:00-05:00,1.180415,1.180455,1.18038,1.180425,-1.0
2026-02-04 15:45:00-05:00,1.180425,1.18067,1.180425,1.18049,-1.0
2026-02-04 15:50:00-05:00,1.18049,1.18055,1.18026,1.18028,-1.0
2026-02-04 15:55:00-05:00,1.18028,1.180485,1.18023,1.18037,-1.0
2026-02-04 16:00:00-05:00,1.18037,1.1804,1.18025,1.180335,-1.0
2026-02-04 16:05:00-05:00,1.180335,1.18051,1.18026,1.180285,-1.0
2026-02-04 16:10:00-05:00,1.180285,1.180425,1.18026,1.1804,-1.0
2026-02-04 16:15:00-05:00,1.1804,1.18044,1.18032,1.18043,-1.0
2026-02-04 16:20:00-05:00,1.18043,1.180505,1.18043,1.18047,-1.0
2026-02-04 16:25:00-05:00,1.18047,1.18055,1.18043,1.18055,-1.0
2026-02-04 16:30:00-05:00,1.18055,1.18061,1.18035,1.18042,-1.0
2026-02-04 16:35:00-05:00,1.18042,1.180795,1.18041,1.180795,-1.0
2026-02-04 16:40:00-05:00,1.180795,1.180805,1.180515,1.180515,-1.0
2026-02-04 16:45:00-05:00,1.180515,1.18052,1.180315,1.180425,-1.0
2026-02-04 16:50:00-05:00,1.180425,1.18044,1.18033,1.18038,-1.0
2026-02-04 16:55:00-05:00,1.18038,1.18077,1.18038,1.18072,-1.0
2026-02-04 17:15:00-05:00,1.180525,1.180565,1.18044,1.180475,-1.0
2026-02-04 17:20:00-05:00,1.180475,1.18053,1.180465,1.18053,-1.0
2026-02-04 17:25:00-05:00,1.18053,1.180555,1.18052,1.18054,-1.0
2026-02-04 17:30:00-05:00,1.18054,1.18056,1.1805,1.180525,-1.0
2026-02-04 17:35:00-05:00,1.180525,1.18054,1.18047,1.180475,-1.0
2026-02-04 17:40:00-05:00,1.180475,1.18059,1.180425,1.18056,-1.0
2026-02-04 17:45:00-05:00,1.18056,1.180825,1.180545,1.18082,-1.0
2026-02-04 17:50:00-05:00,1.18082,1.18083,1.18059,1.18068,-1.0
2026-02-04 17:55:00-05:00,1.18068,1.18069,1.180665,1.180665,-1.0
2026-02-04 18:00:00-05:00,1.180665,1.180725,1.180575,1.180695,-1.0
2026-02-04 18:05:00-05:00,1.180695,1.18083,1.180635,1.18074,-1.0
2026-02-04 18:10:00-05:00,1.18074,1.18075,1.18061,1.180705,-1.0
2026-02-04 18:15:00-05:00,1.180705,1.180775,1.180675,1.18068,-1.0
2026-02-04 18:20:00-05:00,1.18068,1.18069,1.180625,1.18063,-1.0
2026-02-04 18:25:00-05:00,1.18063,1.180655,1.18034,1.18037,-1.0
2026-02-04 18:30:00-05:00,1.18037,1.180595,1.18032,1.18057,-1.0
2026-02-04 18:35:00-05:00,1.18057,1.18057,1.180455,1.180465,-1.0
2026-02-04 18:40:00-05:00,1.180465,1.180485,1.180395,1.18043,-1.0
2026-02-04 18:45:00-05:00,1.18043,1.18048,1.180255,1.18028,-1.0
2026-02-04 18:50:00-05:00,1.18028,1.180365,1.18021,1.180245,-1.0
2026-02-04 18:55:00-05:00,1.180245,1.18026,1.18003,1.18016,-1.0
2026-02-04 19:00:00-05:00,1.18016,1.18031,1.18001,1.180185,-1.0
2026-02-04 19:05:00-05:00,1.180185,1.180205,1.18006,1.180105,-1.0
2026-02-04 19:10:00-05:00,1.180105,1.180205,1.18005,1.18012,-1.0
2026-02-04 19:15:00-05:00,1.18012,1.180175,1.18006,1.18008,-1.0
2026-02-04 19:20:00-05:00,1.18008,1.180225,1.180075,1.180125,-1.0
2026-02-04 19:25:00-05:00,1.180125,1.180255,1.180125,1.18023,-1.0
2026-02-04 19:30:00-05:00,1.18023,1.18024,1.180125,1.180165,-1.0
2026-02-04 19:35:00-05:00,1.180165,1.18019,1.18004,1.18004,-1.0
2026-02-04 19:40:00-05:00,1.18004,1.18013,1.179965,1.180075,-1.0
2026-02-04 19:45:00-05:00,1.180075,1.18029,1.180075,1.18027,-1.0
2026-02-04 19:50:00-05:00,1.18027,1.18046,1.18022,1.180355,-1.0
2026-02-04 19:55:00-05:00,1.180355,1.18047,1.18021,1.18044,-1.0
2026-02-04 20:00:00-05:00,1.18044,1.180595,1.180395,1.18056,-1.0
2026-02-04 20:05:00-05:00,1.18056,1.18057,1.18043,1.180525,-1.0
2026-02-04 20:10:00-05:00,1.180525,1.18059,1.180395,1.180545,-1.0
2026-02-04 20:15:00-05:00,1.180545,1.18068,1.18029,1.18044,-1.0
2026-02-04 20:20:00-05:00,1.18044,1.18044,1.18021,1.180385,-1.0
2026-02-04 20:25:00-05:00,1.180385,1.18039,1.180225,1.18035,-1.0
2026-02-04 20:30:00-05:00,1.18035,1.18053,1.180235,1.180385,-1.0
2026-02-04 20:35:00-05:00,1.180385,1.180775,1.18034,1.180765,-1.0
2026-02-04 20:40:00-05:00,1.180765,1.18083,1.18052,1.18053,-1.0
2026-02-04 20:45:00-05:00,1.18053,1.180535,1.180425,1.180505,-1.0
2026-02-04 20:50:00-05:00,1.180505,1.180555,1.180425,1.18048,-1.0
2026-02-04 20:55:00-05:00,1.18048,1.18048,1.180285,1.18038,-1.0
2026-02-04 21:00:00-05:00,1.18038,1.18054,1.18022,1.18023,-1.0
2026-02-04 21:05:00-05:00,1.18023,1.180265,1.17947,1.17988,-1.0
2026-02-04 21:10:00-05:00,1.17988,1.179935,1.179585,1.17968,-1.0
2026-02-04 21:15:00-05:00,1.17968,1.17973,1.17912,1.17944,-1.0
2026-02-04 21:20:00-05:00,1.17944,1.1797,1.179345,1.17961,-1.0
2026-02-04 21:25:00-05:00,1.17961,1.17964,1.179415,1.179475,-1.0
2026-02-04 21:30:00-05:00,1.179475,1.179845,1.17943,1.179785,-1.0
2026-02-04 21:35:00-05:00,1.179785,1.17993,1.179725,1.179725,-1.0
2026-02-04 21:40:00-05:00,1.179725,1.17973,1.179425,1.179545,-1.0
2026-02-04 21:45:00-05:00,1.179545,1.179545,1.17894,1.17907,-1.0
2026-02-04 21:50:00-05:00,1.17907,1.17908,1.178475,1.17878,-1.0
2026-02-04 21:55:00-05:00,1.17878,1.17884,1.17852,1.178565,-1.0
2026-02-04 22:00:00-05:00,1.178565,1.17863,1.17829,1.17862,-1.0
2026-02-04 22:05:00-05:00,1.17862,1.178885,1.17856,1.17888,-1.0
2026-02-04 22:10:00-05:00,1.17888,1.17902,1.17874,1.178775,-1.0
2026-02-04 22:15:00-05:00,1.178775,1.17896,1.17859,1.178945,-1.0
2026-02-04 22:20:00-05:00,1.178945,1.179105,1.17882,1.178855,-1.0
2026-02-04 22:25:00-05:00,1.178855,1.17893,1.17876,1.17884,-1.0
2026-02-04 22:30:00-05:00,1.17884,1.178865,1.178425,1.17862,-1.0
2026-02-04 22:35:00-05:00,1.17862,1.17882,1.178575,1.17873,-1.0
2026-02-04 22:40:00-05:00,1.17873,1.1789,1.17859,1.178775,-1.0
2026-02-04 22:45:00-05:00,1.178775,1.178785,1.178585,1.178655,-1.0
2026-02-04 22:50:00-05:00,1.178655,1.178735,1.17851,1.17866,-1.0
2026-02-04 22:55:00-05:00,1.17866,1.17895,1.17862,1.178935,-1.0
2026-02-04 23:00:00-05:00,1.178935,1.17902,1.17876,1.178775,-1.0
2026-02-04 23:05:00-05:00,1.178775,1.178865,1.178675,1.178725,-1.0
2026-02-04 23:10:00-05:00,1.178725,1.17888,1.178725,1.178805,-1.0
2026-02-04 23:15:00-05:00,1.178805,1.17887,1.178775,1.17887,-1.0
2026-02-04 23:20:00-05:00,1.17887,1.17901,1.17886,1.17886,-1.0
2026-02-04 23:25:00-05:00,1.17886,1.17905,1.17882,1.178995,-1.0
2026-02-04 23:30:00-05:00,1.178995,1.17903,1.17894,1.17903,-1.0
2026-02-04 23:35:00-05:00,1.17903,1.179055,1.17894,1.178965,-1.0
2026-02-04 23:40:00-05:00,1.178965,1.17906,1.17892,1.178995,-1.0
2026-02-04 23:45:00-05:00,1.178995,1.17911,1.17899,1.179085,-1.0
2026-02-04 23:50:00-05:00,1.179085,1.1791,1.178965,1.17899,-1.0
2026-02-04 23:55:00-05:00,1.17899,1.17902,1.17876,1.178765,-1.0
2026-02-05 00:00:00-05:00,1.178765,1.17883,1.17867,1.178765,-1.0
2026-02-05 00:05:00-05:00,1.178765,1.17882,1.17861,1.178645,-1.0
2026-02-05 00:10:00-05:00,1.178645,1.178885,1.178635,1.178675,-1.0
2026-02-05 00:15:00-05:00,1.178675,1.178765,1.178555,1.17862,-1.0
2026-02-05 00:20:00-05:00,1.17862,1.17864,1.17847,1.178565,-1.0
2026-02-05 00:25:00-05:00,1.178565,1.17862,1.178515,1.178615,-1.0
2026-02-05 00:30:00-05:00,1.178615,1.17867,1.178435,1.17861,-1.0
2026-02-05 00:35:00-05:00,1.17861,1.17883,1.178585,1.178755,-1.0
2026-02-05 00:40:00-05:00,1.178755,1.17896,1.178735,1.178865,-1.0
2026-02-05 00:45:00-05:00,1.178865,1.17903,1.17878,1.17878,-1.0
2026-02-05 00:50:00-05:00,1.17878,1.178955,1.178695,1.178845,-1.0
2026-02-05 00:55:00-05:00,1.178845,1.179015,1.178735,1.179015,-1.0
2026-02-05 01:00:00-05:00,1.179015,1.179025,1.17889,1.178985,-1.0
2026-02-05 01:05:00-05:00,1.178985,1.179105,1.178865,1.17889,-1.0
2026-02-05 01:10:00-05:00,1.17889,1.17894,1.17847,1.178535,-1.0
2026-02-05 01:15:00-05:00,1.178535,1.17887,1.17853,1.178685,-1.0
2026-02-05 01:20:00-05:00,1.178685,1.178685,1.17853,1.17858,-1.0
2026-02-05 01:25:00-05:00,1.17858,1.178775,1.17852,1.178735,-1.0
2026-02-05 01:30:00-05:00,1.178735,1.17884,1.17852,1.17874,-1.0
2026-02-05 01:35:00-05:00,1.17874,1.17875,1.17857,1.17868,-1.0
2026-02-05 01:40:00-05:00,1.17868,1.179165,1.17867,1.178995,-1.0
2026-02-05 01:45:00-05:00,1.178995,1.17908,1.17886,1.178975,-1.0
2026-02-05 01:50:00-05:00,1.178975,1.179065,1.178785,1.17898,-1.0
2026-02-05 01:55:00-05:00,1.17898,1.17909,1.17867,1.179055,-1.0
2026-02-05 02:00:00-05:00,1.179055,1.180125,1.17904,1.18004,-1.0
2026-02-05 02:05:00-05:00,1.18004,1.18019,1.179875,1.18015,-1.0
2026-02-05 02:10:00-05:00,1.18015,1.18032,1.179665,1.17967,-1.0
2026-02-05 02:15:00-05:00,1.17967,1.179875,1.179585,1.17976,-1.0
2026-02-05 02:20:00-05:00,1.17976,1.17979,1.179565,1.17962,-1.0
2026-02-05 02:25:00-05:00,1.17962,1.18004,1.17957,1.179995,-1.0
2026-02-05 02:30:00-05:00,1.179995,1.18005,1.17957,1.18004,-1.0
2026-02-05 02:35:00-05:00,1.18004,1.180165,1.179775,1.179825,-1.0
2026-02-05 02:40:00-05:00,1.179825,1.18008,1.17976,1.179765,-1.0
2026-02-05 02:45:00-05:00,1.179765,1.180255,1.179765,1.18017,-1.0
2026-02-05 02:50:00-05:00,1.18017,1.18035,1.18004,1.18008,-1.0
2026-02-05 02:55:00-05:00,1.18008,1.180115,1.17977,1.179885,-1.0
2026-02-05 03:00:00-05:00,1.179885,1.18068,1.179735,1.18064,-1.0
2026-02-05 03:05:00-05:00,1.18064,1.180775,1.180325,1.18064,-1.0
2026-02-05 03:10:00-05:00,1.18064,1.180725,1.18043,1.180575,-1.0
2026-02-05 03:15:00-05:00,1.180575,1.180885,1.18044,1.180745,-1.0
2026-02-05 03:20:00-05:00,1.180745,1.18078,1.18037,1.18049,-1.0
2026-02-05 03:25:00-05:00,1.18049,1.180495,1.180105,1.180235,-1.0
2026-02-05 03:30:00-05:00,1.180235,1.180495,1.180085,1.18044,-1.0
2026-02-05 03:35:00-05:00,1.18044,1.180555,1.18014,1.18037,-1.0
2026-02-05 03:40:00-05:00,1.18037,1.18045,1.180175,1.180215,-1.0
2026-02-05 03:45:00-05:00,1.180215,1.18023,1.179575,1.17958,-1.0
2026-02-05 03:50:00-05:00,1.17958,1.180035,1.17956,1.17971,-1.0
2026-02-05 03:55:00-05:00,1.17971,1.1803,1.17968,1.180285,-1.0
2026-02-05 04:00:00-05:00,1.180285,1.180295,1.179795,1.179805,-1.0
2026-02-05 04:05:00-05:00,1.179805,1.18005,1.17971,1.17974,-1.0
2026-02-05 04:10:00-05:00,1.17974,1.17982,1.17929,1.179295,-1.0
2026-02-05 04:15:00-05:00,1.179295,1.17958,1.179265,1.179565,-1.0
2026-02-05 04:20:00-05:00,1.179565,1.179595,1.179025,1.179285,-1.0
2026-02-05 04:25:00-05:00,1.179285,1.179285,1.17861,1.178775,-1.0
2026-02-05 04:30:00-05:00,1.178775,1.179155,1.178775,1.17889,-1.0
2026-02-05 04:35:00-05:00,1.17889,1.17917,1.17876,1.17889,-1.0
2026-02-05 04:40:00-05:00,1.17889,1.17889,1.178385,1.17869,-1.0
2026-02-05 04:45:00-05:00,1.17869,1.178945,1.178565,1.17866,-1.0
2026-02-05 04:50:00-05:00,1.17866,1.178705,1.17832,1.178425,-1.0
2026-02-05 04:55:00-05:00,1.178425,1.178425,1.17804,1.178075,-1.0
2026-02-05 05:00:00-05:00,1.178075,1.178385,1.178035,1.17838,-1.0
2026-02-05 05:05:00-05:00,1.17838,1.178685,1.178325,1.1786,-1.0
2026-02-05 05:10:00-05:00,1.1786,1.17864,1.178455,1.178575,-1.0
2026-02-05 05:15:00-05:00,1.178575,1.178715,1.178505,1.178585,-1.0
2026-02-05 05:20:00-05:00,1.178585,1.178995,1.17854,1.17892,-1.0
2026-02-05 05:25:00-05:00,1.17892,1.17908,1.178775,1.17908,-1.0
2026-02-05 05:30:00-05:00,1.17908,1.17917,1.178865,1.179085,-1.0
2026-02-05 05:35:00-05:00,1.179085,1.17912,1.17877,1.178775,-1.0
2026-02-05 05:40:00-05:00,1.178775,1.179145,1.17877,1.17901,-1.0
2026-02-05 05:45:00-05:00,1.17901,1.1792,1.17898,1.17908,-1.0
2026-02-05 05:50:00-05:00,1.17908,1.17908,1.17872,1.178855,-1.0
2026-02-05 05:55:00-05:00,1.178855,1.17898,1.17874,1.17877,-1.0
2026-02-05 06:00:00-05:00,1.17877,1.17891,1.17861,1.17874,-1.0
2026-02-05 06:05:00-05:00,1.17874,1.17887,1.17867,1.178785,-1.0
2026-02-05 06:10:00-05:00,1.178785,1.178965,1.17868,1.178935,-1.0
2026-02-05 06:15:00-05:00,1.178935,1.179105,1.17879,1.1788,-1.0
2026-02-05 06:20:00-05:00,1.1788,1.17918,1.178765,1.17917,-1.0
2026-02-05 06:25:00-05:00,1.17917,1.179235,1.179055,1.179065,-1.0
2026-02-05 06:30:00-05:00,1.179065,1.17939,1.17902,1.179385,-1.0
2026-02-05 06:35:00-05:00,1.179385,1.17944,1.179245,1.179285,-1.0
2026-02-05 06:40:00-05:00,1.179285,1.17935,1.179125,1.179165,-1.0
2026-02-05 06:45:00-05:00,1.179165,1.179495,1.17914,1.17949,-1.0
2026-02-05 06:50:00-05:00,1.17949,1.17954,1.17917,1.17918,-1.0
2026-02-05 06:55:00-05:00,1.17918,1.17943,1.1791,1.179375,-1.0
2026-02-05 07:00:00-05:00,1.179375,1.179525,1.17875,1.179475,-1.0
2026-02-05 07:05:00-05:00,1.179475,1.179685,1.179125,1.17959,-1.0
2026-02-05 07:10:00-05:00,1.17959,1.17959,1.179205,1.179265,-1.0
2026-02-05 07:15:00-05:00,1.179265,1.179465,1.17879,1.178805,-1.0
2026-02-05 07:20:00-05:00,1.178805,1.178905,1.178545,1.1789,-1.0
2026-02-05 07:25:00-05:00,1.1789,1.17944,1.178895,1.179395,-1.0
2026-02-05 07:30:00-05:00,1.179395,1.180115,1.17927,1.179305,-1.0
2026-02-05 07:35:00-05:00,1.179305,1.179685,1.17915,1.179675,-1.0
2026-02-05 07:40:00-05:00,1.179675,1.17975,1.17926,1.17951,-1.0
2026-02-05 07:45:00-05:00,1.17951,1.18037,1.179435,1.179695,-1.0
2026-02-05 07:50:00-05:00,1.179695,1.18016,1.179205,1.179435,-1.0
2026-02-05 07:55:00-05:00,1.179435,1.18025,1.179435,1.17997,-1.0
2026-02-05 08:00:00-05:00,1.17997,1.18033,1.17969,1.179815,-1.0
2026-02-05 08:05:00-05:00,1.179815,1.179945,1.17942,1.17978,-1.0
2026-02-05 08:10:00-05:00,1.17978,1.17997,1.17927,1.17947,-1.0
2026-02-05 08:15:00-05:00,1.17947,1.18009,1.17913,1.179835,-1.0
2026-02-05 08:20:00-05:00,1.179835,1.180005,1.179475,1.17995,-1.0
2026-02-05 08:25:00-05:00,1.17995,1.180285,1.179885,1.180225,-1.0
2026-02-05 08:30:00-05:00,1.180225,1.180975,1.180045,1.180375,-1.0
2026-02-05 08:35:00-05:00,1.180375,1.181305,1.18034,1.180425,-1.0
2026-02-05 08:40:00-05:00,1.180425,1.180865,1.18032,1.180535,-1.0
2026-02-05 08:45:00-05:00,1.180535,1.180645,1.18034,1.180485,-1.0
2026-02-05 08:50:00-05:00,1.180485,1.18155,1.180465,1.181475,-1.0
2026-02-05 08:55:00-05:00,1.181475,1.181515,1.181045,1.181185,-1.0
2026-02-05 09:00:00-05:00,1.181185,1.18195,1.18012,1.18102,-1.0
2026-02-05 09:05:00-05:00,1.18102,1.18147,1.180565,1.180905,-1.0
2026-02-05 09:10:00-05:00,1.180905,1.182105,1.180845,1.18205,-1.0
2026-02-05 09:15:00-05:00,1.18205,1.18219,1.180855,1.18119,-1.0
2026-02-05 09:20:00-05:00,1.18119,1.18189,1.181085,1.181885,-1.0
2026-02-05 09:25:00-05:00,1.181885,1.181975,1.18068,1.180755,-1.0
2026-02-05 09:30:00-05:00,1.180755,1.181255,1.18063,1.181165,-1.0
2026-02-05 09:35:00-05:00,1.181165,1.181665,1.18089,1.181275,-1.0
2026-02-05 09:40:00-05:00,1.181275,1.181475,1.180525,1.18074,-1.0
2026-02-05 09:45:00-05:00,1.18074,1.180875,1.180105,1.180185,-1.0
2026-02-05 09:50:00-05:00,1.180185,1.180605,1.18018,1.180345,-1.0
2026-02-05 09:55:00-05:00,1.180345,1.180425,1.179565,1.17983,-1.0
2026-02-05 10:00:00-05:00,1.17983,1.18117,1.17981,1.180615,-1.0
2026-02-05 10:05:00-05:00,1.180615,1.18068,1.17996,1.180555,-1.0
2026-02-05 10:10:00-05:00,1.180555,1.18083,1.18043,1.18075,-1.0
2026-02-05 10:15:00-05:00,1.18075,1.18087,1.180305,1.18032,-1.0
2026-02-05 10:20:00-05:00,1.18032,1.1806,1.179695,1.1797,-1.0
2026-02-05 10:25:00-05:00,1.1797,1.17996,1.17903,1.17921,-1.0
2026-02-05 10:30:00-05:00,1.17921,1.17944,1.178815,1.1789,-1.0
2026-02-05 10:35:00-05:00,1.1789,1.179125,1.17842,1.17887,-1.0
2026-02-05 10:40:00-05:00,1.17887,1.179175,1.178665,1.178665,-1.0
2026-02-05 10:45:00-05:00,1.178665,1.178735,1.178195,1.178725,-1.0
2026-02-05 10:50:00-05:00,1.178725,1.17919,1.17863,1.17903,-1.0
2026-02-05 10:55:00-05:00,1.17903,1.17946,1.17903,1.17912,-1.0
2026-02-05 11:00:00-05:00,1.17912,1.179205,1.17869,1.178765,-1.0
2026-02-05 11:05:00-05:00,1.178765,1.17895,1.178515,1.17877,-1.0
2026-02-05 11:10:00-05:00,1.17877,1.179055,1.17856,1.17868,-1.0
2026-02-05 11:15:00-05:00,1.17868,1.179255,1.17859,1.179115,-1.0
2026-02-05 11:20:00-05:00,1.179115,1.17929,1.17896,1.17914,-1.0
2026-02-05 11:25:00-05:00,1.17914,1.179285,1.178585,1.17876,-1.0
2026-02-05 11:30:00-05:00,1.17876,1.17942,1.17876,1.17921,-1.0
2026-02-05 11:35:00-05:00,1.17921,1.179465,1.17898,1.17931,-1.0
2026-02-05 11:40:00-05:00,1.17931,1.179615,1.1792,1.17959,-1.0
2026-02-05 11:45:00-05:00,1.17959,1.179875,1.179525,1.179875,-1.0
2026-02-05 11:50:00-05:00,1.179875,1.18035,1.179845,1.180135,-1.0
2026-02-05 11:55:00-05:00,1.180135,1.18031,1.1799,1.180135,-1.0
2026-02-05 12:00:00-05:00,1.180135,1.180225,1.17992,1.180215,-1.0
2026-02-05 12:05:00-05:00,1.180215,1.18028,1.179795,1.18014,-1.0
2026-02-05 12:10:00-05:00,1.18014,1.180175,1.17961,1.179845,-1.0
2026-02-05 12:15:00-05:00,1.179845,1.18002,1.17974,1.179865,-1.0
2026-02-05 12:20:00-05:00,1.179865,1.180155,1.179815,1.180055,-1.0
2026-02-05 12:25:00-05:00,1.180055,1.18038,1.180055,1.18038,-1.0
2026-02-05 12:30:00-05:00,1.18038,1.180435,1.180215,1.180305,-1.0
2026-02-05 12:35:00-05:00,1.180305,1.18039,1.1801,1.18022,-1.0
2026-02-05 12:40:00-05:00,1.18022,1.18042,1.179975,1.18036,-1.0
2026-02-05 12:45:00-05:00,1.18036,1.180415,1.179935,1.179985,-1.0
2026-02-05 12:50:00-05:00,1.179985,1.18005,1.17974,1.179875,-1.0
2026-02-05 12:55:00-05:00,1.179875,1.180135,1.17982,1.1801,-1.0
2026-02-05 13:00:00-05:00,1.1801,1.18028,1.18009,1.180215,-1.0
2026-02-05 13:05:00-05:00,1.180215,1.18029,1.18017,1.18024,-1.0
2026-02-05 13:10:00-05:00,1.18024,1.180255,1.17999,1.18,-1.0
2026-02-05 13:15:00-05:00,1.18,1.18017,1.179975,1.180105,-1.0
2026-02-05 13:20:00-05:00,1.180105,1.18012,1.1797,1.17977,-1.0
2026-02-05 13:25:00-05:00,1.17977,1.18002,1.17971,1.17977,-1.0
2026-02-05 13:30:00-05:00,1.17977,1.180255,1.179615,1.180255,-1.0
2026-02-05 13:35:00-05:00,1.180255,1.18026,1.18002,1.180075,-1.0
2026-02-05 13:40:00-05:00,1.180075,1.180085,1.179975,1.180015,-1.0
2026-02-05 13:45:00-05:00,1.180015,1.180025,1.179565,1.17958,-1.0
2026-02-05 13:50:00-05:00,1.17958,1.1797,1.179295,1.17936,-1.0
2026-02-05 13:55:00-05:00,1.17936,1.179545,1.179215,1.179355,-1.0
2026-02-05 14:00:00-05:00,1.179355,1.17969,1.17927,1.179675,-1.0
2026-02-05 14:05:00-05:00,1.179675,1.17971,1.179555,1.17967,-1.0
2026-02-05 14:10:00-05:00,1.17967,1.1797,1.17943,1.17953,-1.0
2026-02-05 14:15:00-05:00,1.17953,1.1797,1.17939,1.17967,-1.0
2026-02-05 14:20:00-05:00,1.17967,1.17975,1.179555,1.179655,-1.0
2026-02-05 14:25:00-05:00,1.179655,1.17971,1.17947,1.17958,-1.0
2026-02-05 14:30:00-05:00,1.17958,1.17971,1.17941,1.179635,-1.0
2026-02-05 14:35:00-05:00,1.179635,1.179635,1.179415,1.17946,-1.0
2026-02-05 14:40:00-05:00,1.17946,1.179605,1.17939,1.17943,-1.0
2026-02-05 14:45:00-05:00,1.17943,1.17972,1.179315,1.179635,-1.0
2026-02-05 14:50:00-05:00,1.179635,1.179635,1.179375,1.17951,-1.0
2026-02-05 14:55:00-05:00,1.17951,1.179635,1.17939,1.179425,-1.0
2026-02-05 15:00:00-05:00,1.179425,1.179475,1.179165,1.1792,-1.0
2026-02-05 15:05:00-05:00,1.1792,1.179375,1.178975,1.17922,-1.0
2026-02-05 15:10:00-05:00,1.17922,1.179265,1.17885,1.178865,-1.0
2026-02-05 15:15:00-05:00,1.178865,1.17899,1.178695,1.178805,-1.0
2026-02-05 15:20:00-05:00,1.178805,1.17907,1.178805,1.178975,-1.0
2026-02-05 15:25:00-05:00,1.178975,1.179105,1.17892,1.1791,-1.0
2026-02-05 15:30:00-05:00,1.1791,1.1791,1.178705,1.17877,-1.0
2026-02-05 15:35:00-05:00,1.17877,1.1788,1.178565,1.178605,-1.0
2026-02-05 15:40:00-05:00,1.178605,1.178715,1.17835,1.178405,-1.0
2026-02-05 15:45:00-05:00,1.178405,1.178495,1.17831,1.17834,-1.0
2026-02-05 15:50:00-05:00,1.17834,1.178395,1.1781,1.178125,-1.0
2026-02-05 15:55:00-05:00,1.178125,1.178235,1.17798,1.178095,-1.0
2026-02-05 16:00:00-05:00,1.178095,1.178165,1.17772,1.17797,-1.0
2026-02-05 16:05:00-05:00,1.17797,1.177975,1.17766,1.17773,-1.0
2026-02-05 16:10:00-05:00,1.17773,1.17786,1.17773,1.17784,-1.0
2026-02-05 16:15:00-05:00,1.17784,1.17798,1.17778,1.17787,-1.0
2026-02-05 16:20:00-05:00,1.17787,1.17789,1.177675,1.177845,-1.0
2026-02-05 16:25:00-05:00,1.177845,1.178025,1.17781,1.178,-1.0
2026-02-05 16:30:00-05:00,1.178,1.17843,1.17772,1.177735,-1.0
2026-02-05 16:35:00-05:00,1.177735,1.177785,1.177495,1.177525,-1.0
2026-02-05 16:40:00-05:00,1.177525,1.17781,1.17752,1.177575,-1.0
2026-02-05 16:45:00-05:00,1.177575,1.17768,1.177505,1.177635,-1.0
2026-02-05 16:50:00-05:00,1.177635,1.177815,1.17752,1.17752,-1.0
2026-02-05 16:55:00-05:00,1.17752,1.177965,1.17752,1.17774,-1.0
2026-02-05 17:15:00-05:00,1.177975,1.178055,1.17795,1.17805,-1.0
2026-02-05 17:20:00-05:00,1.17805,1.17809,1.178045,1.17808,-1.0
2026-02-05 17:25:00-05:00,1.17808,1.1781,1.178065,1.17807,-1.0
2026-02-05 17:30:00-05:00,1.17807,1.178105,1.17799,1.17804,-1.0
2026-02-05 17:35:00-05:00,1.17804,1.178045,1.17803,1.178045,-1.0
2026-02-05 17:40:00-05:00,1.178045,1.178195,1.17803,1.17816,-1.0
2026-02-05 17:45:00-05:00,1.17816,1.178315,1.17808,1.178205,-1.0
2026-02-05 17:50:00-05:00,1.178205,1.178205,1.178195,1.1782,-1.0
2026-02-05 17:55:00-05:00,1.1782,1.178205,1.178145,1.17816,-1.0
2026-02-05 18:00:00-05:00,1.17816,1.17816,1.177655,1.177975,-1.0
2026-02-05 18:05:00-05:00,1.177975,1.177975,1.17783,1.177915,-1.0
2026-02-05 18:10:00-05:00,1.177915,1.17792,1.17765,1.177685,-1.0
2026-02-05 18:15:00-05:00,1.177685,1.17773,1.17752,1.17753,-1.0
2026-02-05 18:20:00-05:00,1.17753,1.17778,1.17751,1.177655,-1.0
2026-02-05 18:25:00-05:00,1.177655,1.177795,1.177575,1.17766,-1.0
2026-02-05 18:30:00-05:00,1.17766,1.177845,1.17754,1.17783,-1.0
2026-02-05 18:35:00-05:00,1.17783,1.17783,1.17763,1.177675,-1.0
2026-02-05 18:40:00-05:00,1.177675,1.177955,1.17764,1.17783,-1.0
2026-02-05 18:45:00-05:00,1.17783,1.17791,1.17774,1.17774,-1.0
2026-02-05 18:50:00-05:00,1.17774,1.17787,1.17773,1.177795,-1.0
2026-02-05 18:55:00-05:00,1.177795,1.17793,1.17764,1.177665,-1.0
2026-02-05 19:00:00-05:00,1.177665,1.177915,1.177635,1.177785,-1.0
2026-02-05 19:05:00-05:00,1.177785,1.17787,1.17758,1.177635,-1.0
2026-02-05 19:10:00-05:00,1.177635,1.177725,1.17744,1.177445,-1.0
2026-02-05 19:15:00-05:00,1.177445,1.177445,1.176695,1.176755,-1.0
2026-02-05 19:20:00-05:00,1.176755,1.177455,1.17658,1.177455,-1.0
2026-02-05 19:25:00-05:00,1.177455,1.17748,1.17717,1.17736,-1.0
2026-02-05 19:30:00-05:00,1.17736,1.177585,1.17732,1.17754,-1.0
2026-02-05 19:35:00-05:00,1.17754,1.17769,1.17741,1.177685,-1.0
2026-02-05 19:40:00-05:00,1.177685,1.177775,1.17761,1.177715,-1.0
2026-02-05 19:45:00-05:00,1.177715,1.177885,1.17766,1.17787,-1.0
2026-02-05 19:50:00-05:00,1.17787,1.17788,1.177675,1.177755,-1.0
2026-02-05 19:55:00-05:00,1.177755,1.178335,1.177695,1.1783,-1.0
2026-02-05 20:00:00-05:00,1.1783,1.178435,1.177985,1.17811,-1.0
2026-02-05 20:05:00-05:00,1.17811,1.178425,1.17805,1.17832,-1.0
2026-02-05 20:10:00-05:00,1.17832,1.178485,1.17815,1.178375,-1.0
2026-02-05 20:15:00-05:00,1.178375,1.178385,1.17787,1.17797,-1.0
2026-02-05 20:20:00-05:00,1.17797,1.17808,1.17794,1.17797,-1.0
2026-02-05 20:25:00-05:00,1.17797,1.178095,1.17788,1.178095,-1.0
2026-02-05 20:30:00-05:00,1.178095,1.17822,1.177935,1.17819,-1.0
2026-02-05 20:35:00-05:00,1.17819,1.178325,1.178045,1.178315,-1.0
2026-02-05 20:40:00-05:00,1.178315,1.17854,1.17829,1.178325,-1.0
2026-02-05 20:45:00-05:00,1.178325,1.178725,1.178275,1.17863,-1.0
2026-02-05 20:50:00-05:00,1.17863,1.178795,1.17863,1.17879,-1.0
2026-02-05 20:55:00-05:00,1.17879,1.17884,1.17824,1.17853,-1.0
2026-02-05 21:00:00-05:00,1.17853,1.178865,1.17848,1.178685,-1.0
2026-02-05 21:05:00-05:00,1.178685,1.178885,1.178645,1.17885,-1.0
2026-02-05 21:10:00-05:00,1.17885,1.178935,1.178715,1.17878,-1.0
2026-02-05 21:15:00-05:00,1.17878,1.17884,1.17851,1.17877,-1.0
2026-02-05 21:20:00-05:00,1.17877,1.17883,1.178685,1.178755,-1.0
2026-02-05 21:25:00-05:00,1.178755,1.179125,1.17873,1.179035,-1.0
2026-02-05 21:30:00-05:00,1.179035,1.17914,1.178835,1.17901,-1.0
2026-02-05 21:35:00-05:00,1.17901,1.17918,1.178955,1.17904,-1.0
2026-02-05 21:40:00-05:00,1.17904,1.17904,1.178885,1.178915,-1.0
2026-02-05 21:45:00-05:00,1.178915,1.17892,1.17866,1.178785,-1.0
2026-02-05 21:50:00-05:00,1.178785,1.17894,1.178775,1.17889,-1.0
2026-02-05 21:55:00-05:00,1.17889,1.178895,1.1787,1.17876,-1.0
2026-02-05 22:00:00-05:00,1.17876,1.178915,1.178695,1.178885,-1.0
2026-02-05 22:05:00-05:00,1.178885,1.17898,1.178835,1.17884,-1.0
2026-02-05 22:10:00-05:00,1.17884,1.17902,1.1788,1.17896,-1.0
2026-02-05 22:15:00-05:00,1.17896,1.17905,1.17894,1.178945,-1.0
2026-02-05 22:20:00-05:00,1.178945,1.17895,1.178665,1.178675,-1.0
2026-02-05 22:25:00-05:00,1.178675,1.1789,1.178605,1.17889,-1.0
2026-02-05 22:30:00-05:00,1.17889,1.178895,1.17874,1.17875,-1.0
2026-02-05 22:35:00-05:00,1.17875,1.178755,1.178605,1.178605,-1.0
2026-02-05 22:40:00-05:00,1.178605,1.178845,1.178575,1.17884,-1.0
2026-02-05 22:45:00-05:00,1.17884,1.17888,1.17879,1.17883,-1.0
2026-02-05 22:50:00-05:00,1.17883,1.178875,1.178705,1.178725,-1.0
2026-02-05 22:55:00-05:00,1.178725,1.178885,1.178725,1.17877,-1.0
2026-02-05 23:00:00-05:00,1.17877,1.178915,1.17877,1.17884,-1.0
2026-02-05 23:05:00-05:00,1.17884,1.17893,1.17878,1.17889,-1.0
2026-02-05 23:10:00-05:00,1.17889,1.178965,1.17885,1.178955,-1.0
2026-02-05 23:15:00-05:00,1.178955,1.17903,1.178875,1.178875,-1.0
2026-02-05 23:20:00-05:00,1.178875,1.178915,1.17873,1.178775,-1.0
2026-02-05 23:25:00-05:00,1.178775,1.179035,1.17874,1.179005,-1.0
2026-02-05 23:30:00-05:00,1.179005,1.17918,1.178935,1.17909,-1.0
2026-02-05 23:35:00-05:00,1.17909,1.179525,1.17902,1.179495,-1.0
2026-02-05 23:40:00-05:00,1.179495,1.179625,1.179475,1.17954,-1.0
2026-02-05 23:45:00-05:00,1.17954,1.179635,1.17942,1.179615,-1.0
2026-02-05 23:50:00-05:00,1.179615,1.179635,1.179345,1.179405,-1.0
2026-02-05 23:55:00-05:00,1.179405,1.17953,1.17935,1.17953,-1.0
2026-02-06 00:00:00-05:00,1.17953,1.17973,1.179475,1.179645,-1.0
2026-02-06 00:05:00-05:00,1.179645,1.17973,1.17953,1.17973,-1.0
2026-02-06 00:10:00-05:00,1.17973,1.17984,1.179695,1.179795,-1.0
2026-02-06 00:15:00-05:00,1.179795,1.18014,1.17978,1.1799,-1.0
2026-02-06 00:20:00-05:00,1.1799,1.17994,1.179825,1.17989,-1.0
2026-02-06 00:25:00-05:00,1.17989,1.17993,1.17973,1.179785,-1.0
2026-02-06 00:30:00-05:00,1.179785,1.179835,1.179625,1.17982,-1.0
2026-02-06 00:35:00-05:00,1.17982,1.17982,1.179695,1.17978,-1.0
2026-02-06 00:40:00-05:00,1.17978,1.179785,1.179555,1.17956,-1.0
2026-02-06 00:45:00-05:00,1.17956,1.17963,1.179525,1.179565,-1.0
2026-02-06 00:50:00-05:00,1.179565,1.17982,1.179565,1.179735,-1.0
2026-02-06 00:55:00-05:00,1.179735,1.179895,1.17969,1.17983,-1.0
2026-02-06 01:00:00-05:00,1.17983,1.17983,1.17956,1.17963,-1.0
2026-02-06 01:05:00-05:00,1.17963,1.179635,1.17945,1.179535,-1.0
2026-02-06 01:10:00-05:00,1.179535,1.180105,1.17945,1.179795,-1.0
2026-02-06 01:15:00-05:00,1.179795,1.179975,1.179735,1.17983,-1.0
2026-02-06 01:20:00-05:00,1.17983,1.17993,1.17975,1.179845,-1.0
2026-02-06 01:25:00-05:00,1.179845,1.180095,1.1798,1.17994,-1.0
2026-02-06 01:30:00-05:00,1.17994,1.180195,1.17985,1.1801,-1.0
2026-02-06 01:35:00-05:00,1.1801,1.180125,1.179605,1.179665,-1.0
2026-02-06 01:40:00-05:00,1.179665,1.179995,1.17961,1.17997,-1.0
2026-02-06 01:45:00-05:00,1.17997,1.18009,1.179845,1.179865,-1.0
2026-02-06 01:50:00-05:00,1.179865,1.17992,1.179555,1.179705,-1.0
2026-02-06 01:55:00-05:00,1.179705,1.179845,1.17967,1.17973,-1.0
2026-02-06 02:00:00-05:00,1.17973,1.179785,1.179535,1.179535,-1.0
2026-02-06 02:05:00-05:00,1.179535,1.17973,1.179415,1.179415,-1.0
2026-02-06 02:10:00-05:00,1.179415,1.17946,1.17916,1.1792,-1.0
2026-02-06 02:15:00-05:00,1.1792,1.179445,1.17916,1.179285,-1.0
2026-02-06 02:20:00-05:00,1.179285,1.17938,1.179145,1.179295,-1.0
2026-02-06 02:25:00-05:00,1.179295,1.17954,1.179295,1.17936,-1.0
2026-02-06 02:30:00-05:00,1.17936,1.179505,1.179235,1.179505,-1.0
2026-02-06 02:35:00-05:00,1.179505,1.17969,1.179235,1.17929,-1.0
2026-02-06 02:40:00-05:00,1.17929,1.179395,1.17908,1.179145,-1.0
2026-02-06 02:45:00-05:00,1.179145,1.17915,1.17887,1.178925,-1.0
2026-02-06 02:50:00-05:00,1.178925,1.179145,1.178925,1.179025,-1.0
2026-02-06 02:55:00-05:00,1.179025,1.179185,1.178925,1.179145,-1.0
2026-02-06 03:00:00-05:00,1.179145,1.179195,1.178855,1.178965,-1.0
2026-02-06 03:05:00-05:00,1.178965,1.17911,1.178775,1.178855,-1.0
2026-02-06 03:10:00-05:00,1.178855,1.17917,1.17858,1.179015,-1.0
2026-02-06 03:15:00-05:00,1.179015,1.179375,1.178845,1.17903,-1.0
2026-02-06 03:20:00-05:00,1.17903,1.17942,1.17875,1.178865,-1.0
2026-02-06 03:25:00-05:00,1.178865,1.179085,1.1787,1.17872,-1.0
2026-02-06 03:30:00-05:00,1.17872,1.17924,1.17872,1.17919,-1.0
2026-02-06 03:35:00-05:00,1.17919,1.17935,1.178995,1.179035,-1.0
2026-02-06 03:40:00-05:00,1.179035,1.179085,1.178875,1.17896,-1.0
2026-02-06 03:45:00-05:00,1.17896,1.17914,1.17881,1.17892,-1.0
2026-02-06 03:50:00-05:00,1.17892,1.179325,1.178815,1.17927,-1.0
2026-02-06 03:55:00-05:00,1.17927,1.17959,1.179125,1.17923,-1.0
2026-02-06 04:00:00-05:00,1.17923,1.1794,1.179075,1.179375,-1.0
2026-02-06 04:05:00-05:00,1.179375,1.179525,1.17926,1.179505,-1.0
2026-02-06 04:10:00-05:00,1.179505,1.179505,1.179185,1.179215,-1.0
2026-02-06 04:15:00-05:00,1.179215,1.17955,1.179015,1.179305,-1.0
2026-02-06 04:20:00-05:00,1.179305,1.179545,1.179235,1.179415,-1.0
2026-02-06 04:25:00-05:00,1.179415,1.179515,1.179195,1.179435,-1.0
2026-02-06 04:30:00-05:00,1.179435,1.17979,1.17943,1.179705,-1.0
2026-02-06 04:35:00-05:00,1.179705,1.179785,1.179385,1.17941,-1.0
2026-02-06 04:40:00-05:00,1.17941,1.179735,1.179345,1.17964,-1.0
2026-02-06 04:45:00-05:00,1.17964,1.17982,1.17952,1.17959,-1.0
2026-02-06 04:50:00-05:00,1.17959,1.17982,1.17956,1.179585,-1.0
2026-02-06 04:55:00-05:00,1.179585,1.17962,1.179185,1.1792,-1.0
2026-02-06 05:00:00-05:00,1.1792,1.179605,1.179185,1.179595,-1.0
2026-02-06 05:05:00-05:00,1.179595,1.17982,1.17958,1.17974,-1.0
2026-02-06 05:10:00-05:00,1.17974,1.17999,1.17971,1.1799,-1.0
2026-02-06 05:15:00-05:00,1.1799,1.179985,1.17962,1.179625,-1.0
2026-02-06 05:20:00-05:00,1.179625,1.179645,1.179465,1.179515,-1.0
2026-02-06 05:25:00-05:00,1.179515,1.179565,1.17916,1.179165,-1.0
2026-02-06 05:30:00-05:00,1.179165,1.179375,1.179075,1.17927,-1.0
2026-02-06 05:35:00-05:00,1.17927,1.179555,1.179225,1.17947,-1.0
2026-02-06 05:40:00-05:00,1.17947,1.17958,1.179315,1.17945,-1.0
2026-02-06 05:45:00-05:00,1.17945,1.17945,1.17907,1.179115,-1.0
2026-02-06 05:50:00-05:00,1.179115,1.179135,1.178985,1.179025,-1.0
2026-02-06 05:55:00-05:00,1.179025,1.17942,1.17901,1.179225,-1.0
2026-02-06 06:00:00-05:00,1.179225,1.17927,1.17884,1.17885,-1.0
2026-02-06 06:05:00-05:00,1.17885,1.179085,1.17875,1.17903,-1.0
2026-02-06 06:10:00-05:00,1.17903,1.179115,1.178925,1.17901,-1.0
2026-02-06 06:15:00-05:00,1.17901,1.179015,1.17858,1.178735,-1.0
2026-02-06 06:20:00-05:00,1.178735,1.179315,1.17866,1.17927,-1.0
2026-02-06 06:25:00-05:00,1.17927,1.17932,1.179125,1.17917,-1.0
2026-02-06 06:30:00-05:00,1.17917,1.17931,1.178985,1.17906,-1.0
2026-02-06 06:35:00-05:00,1.17906,1.17913,1.17878,1.17884,-1.0
2026-02-06 06:40:00-05:00,1.17884,1.17895,1.178795,1.178935,-1.0
2026-02-06 06:45:00-05:00,1.178935,1.17917,1.178875,1.17912,-1.0
2026-02-06 06:50:00-05:00,1.17912,1.179215,1.179015,1.179165,-1.0
2026-02-06 06:55:00-05:00,1.179165,1.17917,1.1789,1.17902,-1.0
2026-02-06 07:00:00-05:00,1.17902,1.179145,1.17894,1.17912,-1.0
2026-02-06 07:05:00-05:00,1.17912,1.179315,1.179,1.179175,-1.0
2026-02-06 07:10:00-05:00,1.179175,1.1792,1.17883,1.179035,-1.0
2026-02-06 07:15:00-05:00,1.179035,1.17911,1.178915,1.178935,-1.0
2026-02-06 07:20:00-05:00,1.178935,1.17909,1.178905,1.17903,-1.0
2026-02-06 07:25:00-05:00,1.17903,1.17918,1.178975,1.17918,-1.0
2026-02-06 07:30:00-05:00,1.17918,1.179245,1.178955,1.179,-1.0
2026-02-06 07:35:00-05:00,1.179,1.179115,1.178985,1.179,-1.0
2026-02-06 07:40:00-05:00,1.179,1.179175,1.178845,1.17902,-1.0
2026-02-06 07:45:00-05:00,1.17902,1.179305,1.17896,1.179275,-1.0
2026-02-06 07:50:00-05:00,1.179275,1.179275,1.178955,1.179195,-1.0
2026-02-06 07:55:00-05:00,1.179195,1.179325,1.179065,1.17927,-1.0
2026-02-06 08:00:00-05:00,1.17927,1.17978,1.179265,1.17955,-1.0
2026-02-06 08:05:00-05:00,1.17955,1.179565,1.179315,1.179375,-1.0
2026-02-06 08:10:00-05:00,1.179375,1.179475,1.179235,1.179375,-1.0
2026-02-06 08:15:00-05:00,1.179375,1.179565,1.179375,1.17955,-1.0
2026-02-06 08:20:00-05:00,1.17955,1.17996,1.1794,1.179955,-1.0
2026-02-06 08:25:00-05:00,1.179955,1.180165,1.179895,1.180115,-1.0
2026-02-06 08:30:00-05:00,1.180115,1.18049,1.180105,1.180435,-1.0
2026-02-06 08:35:00-05:00,1.180435,1.18056,1.180295,1.18035,-1.0
2026-02-06 08:40:00-05:00,1.18035,1.180515,1.18025,1.18034,-1.0
2026-02-06 08:45:00-05:00,1.18034,1.180725,1.180265,1.18053,-1.0
2026-02-06 08:50:00-05:00,1.18053,1.180925,1.18053,1.180775,-1.0
2026-02-06 08:55:00-05:00,1.180775,1.181115,1.180725,1.181045,-1.0
2026-02-06 09:00:00-05:00,1.181045,1.18151,1.181005,1.181335,-1.0
2026-02-06 09:05:00-05:00,1.181335,1.18154,1.181225,1.181315,-1.0
2026-02-06 09:10:00-05:00,1.181315,1.18145,1.181225,1.181235,-1.0
2026-02-06 09:15:00-05:00,1.181235,1.18157,1.181195,1.181435,-1.0
2026-02-06 09:20:00-05:00,1.181435,1.181535,1.181085,1.18117,-1.0
2026-02-06 09:25:00-05:00,1.18117,1.181285,1.181015,1.18127,-1.0
2026-02-06 09:30:00-05:00,1.18127,1.181965,1.18117,1.181835,-1.0
2026-02-06 09:35:00-05:00,1.181835,1.182305,1.181815,1.182195,-1.0
2026-02-06 09:40:00-05:00,1.182195,1.18255,1.18199,1.182355,-1.0
2026-02-06 09:45:00-05:00,1.182355,1.18241,1.18219,1.182375,-1.0
2026-02-06 09:50:00-05:00,1.182375,1.18262,1.182265,1.18236,-1.0
2026-02-06 09:55:00-05:00,1.18236,1.18238,1.181815,1.182095,-1.0
2026-02-06 10:00:00-05:00,1.182095,1.182155,1.181665,1.181755,-1.0
2026-02-06 10:05:00-05:00,1.181755,1.18241,1.181705,1.181995,-1.0
2026-02-06 10:10:00-05:00,1.181995,1.182015,1.181205,1.1814,-1.0
2026-02-06 10:15:00-05:00,1.1814,1.181585,1.181215,1.18123,-1.0
2026-02-06 10:20:00-05:00,1.18123,1.181395,1.180865,1.18087,-1.0
2026-02-06 10:25:00-05:00,1.18087,1.18107,1.18077,1.180775,-1.0
2026-02-06 10:30:00-05:00,1.180775,1.180815,1.18052,1.18069,-1.0
2026-02-06 10:35:00-05:00,1.18069,1.181185,1.18068,1.18118,-1.0
2026-02-06 10:40:00-05:00,1.18118,1.181535,1.181055,1.181405,-1.0
2026-02-06 10:45:00-05:00,1.181405,1.181475,1.18117,1.18129,-1.0
2026-02-06 10:50:00-05:00,1.18129,1.181785,1.181255,1.181495,-1.0
2026-02-06 10:55:00-05:00,1.181495,1.18195,1.181395,1.18193,-1.0
2026-02-06 11:00:00-05:00,1.18193,1.182095,1.1816,1.181665,-1.0
2026-02-06 11:05:00-05:00,1.181665,1.18179,1.181205,1.18122,-1.0
2026-02-06 11:10:00-05:00,1.18122,1.18217,1.18119,1.18152,-1.0
2026-02-06 11:15:00-05:00,1.18152,1.181625,1.18103,1.18132,-1.0
2026-02-06 11:20:00-05:00,1.18132,1.18135,1.18101,1.18131,-1.0
2026-02-06 11:25:00-05:00,1.18131,1.181425,1.18104,1.181385,-1.0
2026-02-06 11:30:00-05:00,1.181385,1.18188,1.181185,1.18176,-1.0
2026-02-06 11:35:00-05:00,1.18176,1.181805,1.181455,1.18153,-1.0
2026-02-06 11:40:00-05:00,1.18153,1.181705,1.18129,1.181685,-1.0
2026-02-06 11:45:00-05:00,1.181685,1.18192,1.18156,1.181785,-1.0
2026-02-06 11:50:00-05:00,1.181785,1.181785,1.181315,1.181445,-1.0
2026-02-06 11:55:00-05:00,1.181445,1.181505,1.18114,1.18123,-1.0
2026-02-06 12:00:00-05:00,1.18123,1.181455,1.18102,1.18144,-1.0
2026-02-06 12:05:00-05:00,1.18144,1.181585,1.181385,1.181405,-1.0
2026-02-06 12:10:00-05:00,1.181405,1.18148,1.18112,1.181145,-1.0
2026-02-06 12:15:00-05:00,1.181145,1.18151,1.181145,1.18151,-1.0
2026-02-06 12:20:00-05:00,1.18151,1.181585,1.1812,1.18122,-1.0
2026-02-06 12:25:00-05:00,1.18122,1.18138,1.181175,1.18123,-1.0
2026-02-06 12:30:00-05:00,1.18123,1.18148,1.18123,1.181445,-1.0
2026-02-06 12:35:00-05:00,1.181445,1.18173,1.18126,1.181655,-1.0
2026-02-06 12:40:00-05:00,1.181655,1.181955,1.181655,1.18181,-1.0
2026-02-06 12:45:00-05:00,1.18181,1.18181,1.181665,1.181765,-1.0
2026-02-06 12:50:00-05:00,1.181765,1.182075,1.181635,1.182045,-1.0
2026-02-06 12:55:00-05:00,1.182045,1.182055,1.18177,1.18181,-1.0
2026-02-06 13:00:00-05:00,1.18181,1.182035,1.181765,1.182005,-1.0
2026-02-06 13:05:00-05:00,1.182005,1.182045,1.181775,1.18193,-1.0
2026-02-06 13:10:00-05:00,1.18193,1.18211,1.181925,1.182095,-1.0
2026-02-06 13:15:00-05:00,1.182095,1.18221,1.182075,1.1821,-1.0
2026-02-06 13:20:00-05:00,1.1821,1.182255,1.18188,1.18188,-1.0
2026-02-06 13:25:00-05:00,1.18188,1.181975,1.181775,1.18197,-1.0
2026-02-06 13:30:00-05:00,1.18197,1.18203,1.18182,1.181825,-1.0
2026-02-06 13:35:00-05:00,1.181825,1.182235,1.181815,1.18222,-1.0
2026-02-06 13:40:00-05:00,1.18222,1.18225,1.18206,1.18225,-1.0
2026-02-06 13:45:00-05:00,1.18225,1.182295,1.18211,1.182215,-1.0
2026-02-06 13:50:00-05:00,1.182215,1.182245,1.182005,1.182095,-1.0
2026-02-06 13:55:00-05:00,1.182095,1.182115,1.18187,1.18191,-1.0
2026-02-06 14:00:00-05:00,1.18191,1.18201,1.18185,1.181895,-1.0
2026-02-06 14:05:00-05:00,1.181895,1.18208,1.181805,1.181865,-1.0
2026-02-06 14:10:00-05:00,1.181865,1.181885,1.18172,1.181775,-1.0
2026-02-06 14:15:00-05:00,1.181775,1.18179,1.18166,1.1817,-1.0
2026-02-06 14:20:00-05:00,1.1817,1.181855,1.1817,1.181825,-1.0
2026-02-06 14:25:00-05:00,1.181825,1.18184,1.181535,1.181545,-1.0
2026-02-06 14:30:00-05:00,1.181545,1.18173,1.181465,1.1817,-1.0
2026-02-06 14:35:00-05:00,1.1817,1.18182,1.181635,1.18181,-1.0
2026-02-06 14:40:00-05:00,1.18181,1.18198,1.1818,1.18187,-1.0
2026-02-06 14:45:00-05:00,1.18187,1.18205,1.18181,1.182005,-1.0
2026-02-06 14:50:00-05:00,1.182005,1.182135,1.18195,1.18201,-1.0
2026-02-06 14:55:00-05:00,1.18201,1.182025,1.18175,1.18193,-1.0
2026-02-06 15:00:00-05:00,1.18193,1.182075,1.18183,1.181915,-1.0
2026-02-06 15:05:00-05:00,1.181915,1.182095,1.181845,1.18207,-1.0
2026-02-06 15:10:00-05:00,1.18207,1.18213,1.18199,1.18206,-1.0
2026-02-06 15:15:00-05:00,1.18206,1.182125,1.18199,1.18205,-1.0
2026-02-06 15:20:00-05:00,1.18205,1.18217,1.18205,1.182125,-1.0
2026-02-06 15:25:00-05:00,1.182125,1.18215,1.182005,1.182135,-1.0
2026-02-06 15:30:00-05:00,1.182135,1.18223,1.182095,1.182135,-1.0
2026-02-06 15:35:00-05:00,1.182135,1.18221,1.182095,1.18219,-1.0
2026-02-06 15:40:00-05:00,1.18219,1.18219,1.18207,1.18209,-1.0
2026-02-06 15:45:00-05:00,1.18209,1.18215,1.181955,1.18201,-1.0
2026-02-06 15:50:00-05:00,1.18201,1.182255,1.182,1.18219,-1.0
2026-02-06 15:55:00-05:00,1.18219,1.182295,1.182155,1.18222,-1.0
2026-02-06 16:00:00-05:00,1.18222,1.18229,1.182165,1.182265,-1.0
2026-02-06 16:05:00-05:00,1.182265,1.182375,1.182255,1.182275,-1.0
2026-02-06 16:10:00-05:00,1.182275,1.18233,1.18224,1.18224,-1.0
2026-02-06 16:15:00-05:00,1.18224,1.18224,1.182115,1.182135,-1.0
2026-02-06 16:20:00-05:00,1.182135,1.182305,1.1821,1.18228,-1.0
2026-02-06 16:25:00-05:00,1.18228,1.18241,1.182125,1.182135,-1.0
2026-02-06 16:30:00-05:00,1.182135,1.18225,1.18207,1.18211,-1.0
2026-02-06 16:35:00-05:00,1.18211,1.18211,1.182,1.18201,-1.0
2026-02-06 16:40:00-05:00,1.18201,1.18201,1.18162,1.181625,-1.0
2026-02-06 16:45:00-05:00,1.181625,1.181625,1.18135,1.18142,-1.0
2026-02-06 16:50:00-05:00,1.18142,1.181515,1.18138,1.181435,-1.0
2026-02-06 16:55:00-05:00,1.181435,1.18162,1.18139,1.18147,-1.0
2026-02-08 17:15:00-05:00,1.181375,1.18145,1.18136,1.1814,-1.0
2026-02-08 17:20:00-05:00,1.1814,1.18143,1.181385,1.18141,-1.0
2026-02-08 17:25:00-05:00,1.18141,1.18143,1.181385,1.181385,-1.0
2026-02-08 17:30:00-05:00,1.181385,1.18145,1.181385,1.18144,-1.0
2026-02-08 17:35:00-05:00,1.18144,1.1815,1.18143,1.181455,-1.0
2026-02-08 17:40:00-05:00,1.181455,1.18147,1.18144,1.181455,-1.0
2026-02-08 17:45:00-05:00,1.181455,1.18147,1.181455,1.18147,-1.0
2026-02-08 17:50:00-05:00,1.18147,1.18147,1.181425,1.18143,-1.0
2026-02-08 17:55:00-05:00,1.18143,1.18156,1.181425,1.181475,-1.0
2026-02-08 18:00:00-05:00,1.181475,1.182215,1.181245,1.18144,-1.0
2026-02-08 18:05:00-05:00,1.18144,1.181635,1.181215,1.181245,-1.0
2026-02-08 18:10:00-05:00,1.181245,1.1813,1.180965,1.181125,-1.0
2026-02-08 18:15:00-05:00,1.181125,1.181285,1.181025,1.18119,-1.0
2026-02-08 18:20:00-05:00,1.18119,1.1813,1.18102,1.181195,-1.0
2026-02-08 18:25:00-05:00,1.181195,1.18148,1.181135,1.181475,-1.0
2026-02-08 18:30:00-05:00,1.181475,1.182015,1.18133,1.181905,-1.0
2026-02-08 18:35:00-05:00,1.181905,1.18209,1.181815,1.182025,-1.0
2026-02-08 18:40:00-05:00,1.182025,1.182125,1.18191,1.182095,-1.0
2026-02-08 18:45:00-05:00,1.182095,1.18232,1.1819,1.182265,-1.0
2026-02-08 18:50:00-05:00,1.182265,1.18239,1.182135,1.18229,-1.0
2026-02-08 18:55:00-05:00,1.18229,1.182795,1.18224,1.182675,-1.0
2026-02-08 19:00:00-05:00,1.182675,1.18326,1.182485,1.182695,-1.0
2026-02-08 19:05:00-05:00,1.182695,1.18307,1.182615,1.183055,-1.0
2026-02-08 19:10:00-05:00,1.183055,1.183365,1.182945,1.183075,-1.0
2026-02-08 19:15:00-05:00,1.183075,1.18308,1.182675,1.182675,-1.0
2026-02-08 19:20:00-05:00,1.182675,1.183065,1.182405,1.183015,-1.0
2026-02-08 19:25:00-05:00,1.183015,1.183065,1.182785,1.18305,-1.0
2026-02-08 19:30:00-05:00,1.18305,1.18307,1.18281,1.182935,-1.0
2026-02-08 19:35:00-05:00,1.182935,1.182965,1.18273,1.182805,-1.0
2026-02-08 19:40:00-05:00,1.182805,1.18284,1.18255,1.182825,-1.0
2026-02-08 19:45:00-05:00,1.182825,1.183,1.18278,1.182805,-1.0
2026-02-08 19:50:00-05:00,1.182805,1.18308,1.182785,1.1829,-1.0
2026-02-08 19:55:00-05:00,1.1829,1.18312,1.182835,1.183075,-1.0
2026-02-08 20:00:00-05:00,1.183075,1.183235,1.182985,1.1831,-1.0
2026-02-08 20:05:00-05:00,1.1831,1.1831,1.18274,1.182815,-1.0
2026-02-08 20:10:00-05:00,1.182815,1.182955,1.18272,1.18279,-1.0
2026-02-08 20:15:00-05:00,1.18279,1.183065,1.182735,1.182885,-1.0
2026-02-08 20:20:00-05:00,1.182885,1.18297,1.18269,1.1828,-1.0
2026-02-08 20:25:00-05:00,1.1828,1.182805,1.182475,1.18267,-1.0
2026-02-08 20:30:00-05:00,1.18267,1.18323,1.182615,1.18318,-1.0
2026-02-08 20:35:00-05:00,1.18318,1.183365,1.182635,1.18264,-1.0
2026-02-08 20:40:00-05:00,1.18264,1.18313,1.182585,1.18299,-1.0
2026-02-08 20:45:00-05:00,1.18299,1.18304,1.18272,1.18298,-1.0
2026-02-08 20:50:00-05:00,1.18298,1.183035,1.18261,1.18262,-1.0
2026-02-08 20:55:00-05:00,1.18262,1.18273,1.182505,1.18256,-1.0
2026-02-08 21:00:00-05:00,1.18256,1.182565,1.182105,1.182125,-1.0
2026-02-08 21:05:00-05:00,1.182125,1.18235,1.181625,1.181695,-1.0
2026-02-08 21:10:00-05:00,1.181695,1.182075,1.18168,1.182035,-1.0
2026-02-08 21:15:00-05:00,1.182035,1.18224,1.181925,1.182105,-1.0
2026-02-08 21:20:00-05:00,1.182105,1.18219,1.181985,1.18215,-1.0
2026-02-08 21:25:00-05:00,1.18215,1.18224,1.1821,1.182175,-1.0
2026-02-08 21:30:00-05:00,1.182175,1.18244,1.182135,1.182325,-1.0
2026-02-08 21:35:00-05:00,1.182325,1.182585,1.182325,1.18257,-1.0
2026-02-08 21:40:00-05:00,1.18257,1.18257,1.18194,1.18206,-1.0
2026-02-08 21:45:00-05:00,1.18206,1.182115,1.181905,1.18206,-1.0
2026-02-08 21:50:00-05:00,1.18206,1.182185,1.182045,1.18217,-1.0
2026-02-08 21:55:00-05:00,1.18217,1.182185,1.181965,1.181965,-1.0
2026-02-08 22:00:00-05:00,1.181965,1.18225,1.181965,1.182165,-1.0
2026-02-08 22:05:00-05:00,1.182165,1.182165,1.182075,1.18214,-1.0
2026-02-08 22:10:00-05:00,1.18214,1.182145,1.18199,1.18204,-1.0
2026-02-08 22:15:00-05:00,1.18204,1.1823,1.181955,1.18219,-1.0
2026-02-08 22:20:00-05:00,1.18219,1.182295,1.182095,1.18226,-1.0
2026-02-08 22:25:00-05:00,1.18226,1.182385,1.18219,1.18229,-1.0
2026-02-08 22:30:00-05:00,1.18229,1.18234,1.182025,1.182075,-1.0
2026-02-08 22:35:00-05:00,1.182075,1.18227,1.18204,1.182265,-1.0
2026-02-08 22:40:00-05:00,1.182265,1.182275,1.182065,1.182275,-1.0
2026-02-08 22:45:00-05:00,1.182275,1.18249,1.18226,1.18247,-1.0
2026-02-08 22:50:00-05:00,1.18247,1.1825,1.182365,1.18248,-1.0
2026-02-08 22:55:00-05:00,1.18248,1.18248,1.18184,1.18189,-1.0
2026-02-08 23:00:00-05:00,1.18189,1.182135,1.18189,1.182125,-1.0
2026-02-08 23:05:00-05:00,1.182125,1.182265,1.182115,1.18218,-1.0
2026-02-08 23:10:00-05:00,1.18218,1.182315,1.182165,1.1822,-1.0
2026-02-08 23:15:00-05:00,1.1822,1.182455,1.182175,1.182375,-1.0
2026-02-08 23:20:00-05:00,1.182375,1.18249,1.182295,1.18243,-1.0
2026-02-08 23:25:00-05:00,1.18243,1.18256,1.182335,1.18238,-1.0
2026-02-08 23:30:00-05:00,1.18238,1.182475,1.18224,1.18245,-1.0
2026-02-08 23:35:00-05:00,1.18245,1.18248,1.182385,1.182435,-1.0
2026-02-08 23:40:00-05:00,1.182435,1.182435,1.182325,1.18233,-1.0
2026-02-08 23:45:00-05:00,1.18233,1.182595,1.18232,1.18254,-1.0
2026-02-08 23:50:00-05:00,1.18254,1.18254,1.182465,1.18254,-1.0
2026-02-08 23:55:00-05:00,1.18254,1.18269,1.18254,1.18266,-1.0
2026-02-09 00:00:00-05:00,1.18266,1.182745,1.182585,1.182735,-1.0
2026-02-09 00:05:00-05:00,1.182735,1.18293,1.182725,1.1829,-1.0
2026-02-09 00:10:00-05:00,1.1829,1.183165,1.182845,1.183105,-1.0
2026-02-09 00:15:00-05:00,1.183105,1.183255,1.183105,1.183235,-1.0
2026-02-09 00:20:00-05:00,1.183235,1.183255,1.18304,1.183105,-1.0
2026-02-09 00:25:00-05:00,1.183105,1.183325,1.183055,1.183325,-1.0
2026-02-09 00:30:00-05:00,1.183325,1.183485,1.18332,1.18345,-1.0
2026-02-09 00:35:00-05:00,1.18345,1.18362,1.18342,1.183495,-1.0
2026-02-09 00:40:00-05:00,1.183495,1.183625,1.183445,1.18358,-1.0
2026-02-09 00:45:00-05:00,1.18358,1.183585,1.183335,1.183425,-1.0
2026-02-09 00:50:00-05:00,1.183425,1.18343,1.183305,1.18342,-1.0
2026-02-09 00:55:00-05:00,1.18342,1.183445,1.18331,1.18333,-1.0
2026-02-09 01:00:00-05:00,1.18333,1.1854,1.18331,1.18518,-1.0
2026-02-09 01:05:00-05:00,1.18518,1.18535,1.18411,1.18423,-1.0
2026-02-09 01:10:00-05:00,1.18423,1.184425,1.18396,1.184035,-1.0
2026-02-09 01:15:00-05:00,1.184035,1.184115,1.18375,1.18396,-1.0
2026-02-09 01:20:00-05:00,1.18396,1.184195,1.18378,1.18414,-1.0
2026-02-09 01:25:00-05:00,1.18414,1.18482,1.18414,1.184795,-1.0
2026-02-09 01:30:00-05:00,1.184795,1.184965,1.18465,1.184805,-1.0
2026-02-09 01:35:00-05:00,1.184805,1.185245,1.184805,1.18519,-1.0
2026-02-09 01:40:00-05:00,1.18519,1.185505,1.18514,1.185445,-1.0
2026-02-09 01:45:00-05:00,1.185445,1.185785,1.18523,1.18573,-1.0
2026-02-09 01:50:00-05:00,1.18573,1.18573,1.18516,1.18529,-1.0
2026-02-09 01:55:00-05:00,1.18529,1.18545,1.185175,1.185195,-1.0
2026-02-09 02:00:00-05:00,1.185195,1.185535,1.18509,1.18527,-1.0
2026-02-09 02:05:00-05:00,1.18527,1.185315,1.184895,1.185185,-1.0
2026-02-09 02:10:00-05:00,1.185185,1.185575,1.18518,1.185335,-1.0
2026-02-09 02:15:00-05:00,1.185335,1.18544,1.18497,1.18509,-1.0
2026-02-09 02:20:00-05:00,1.18509,1.185565,1.18491,1.184915,-1.0
2026-02-09 02:25:00-05:00,1.184915,1.18529,1.184915,1.18509,-1.0
2026-02-09 02:30:00-05:00,1.18509,1.185785,1.185005,1.185535,-1.0
2026-02-09 02:35:00-05:00,1.185535,1.185875,1.185515,1.185825,-1.0
2026-02-09 02:40:00-05:00,1.185825,1.186015,1.185685,1.18597,-1.0
2026-02-09 02:45:00-05:00,1.18597,1.185995,1.18543,1.185625,-1.0
2026-02-09 02:50:00-05:00,1.185625,1.18563,1.18471,1.18477,-1.0
2026-02-09 02:55:00-05:00,1.18477,1.185655,1.18472,1.18559,-1.0
2026-02-09 03:00:00-05:00,1.18559,1.186175,1.185465,1.18614,-1.0
2026-02-09 03:05:00-05:00,1.18614,1.186165,1.18575,1.185925,-1.0
2026-02-09 03:10:00-05:00,1.185925,1.18623,1.185775,1.185795,-1.0
2026-02-09 03:15:00-05:00,1.185795,1.186445,1.18573,1.18603,-1.0
2026-02-09 03:20:00-05:00,1.18603,1.18605,1.18557,1.185725,-1.0
2026-02-09 03:25:00-05:00,1.185725,1.185725,1.18521,1.185225,-1.0
2026-02-09 03:30:00-05:00,1.185225,1.185635,1.185165,1.1856,-1.0
2026-02-09 03:35:00-05:00,1.1856,1.185635,1.185345,1.18555,-1.0
2026-02-09 03:40:00-05:00,1.18555,1.18606,1.185235,1.185885,-1.0
2026-02-09 03:45:00-05:00,1.185885,1.18619,1.185855,1.186085,-1.0
2026-02-09 03:50:00-05:00,1.186085,1.18627,1.186005,1.18601,-1.0
2026-02-09 03:55:00-05:00,1.18601,1.1865,1.185935,1.18643,-1.0
2026-02-09 04:00:00-05:00,1.18643,1.186955,1.186375,1.18691,-1.0
2026-02-09 04:05:00-05:00,1.18691,1.186985,1.18641,1.18657,-1.0
2026-02-09 04:10:00-05:00,1.18657,1.186785,1.186445,1.186465,-1.0
2026-02-09 04:15:00-05:00,1.186465,1.186535,1.186285,1.18648,-1.0
2026-02-09 04:20:00-05:00,1.18648,1.186945,1.18637,1.186875,-1.0
2026-02-09 04:25:00-05:00,1.186875,1.186985,1.186655,1.18683,-1.0
2026-02-09 04:30:00-05:00,1.18683,1.186955,1.186635,1.18679,-1.0
2026-02-09 04:35:00-05:00,1.18679,1.18692,1.18643,1.186875,-1.0
2026-02-09 04:40:00-05:00,1.186875,1.186955,1.186625,1.186745,-1.0
2026-02-09 04:45:00-05:00,1.186745,1.18678,1.18625,1.18625,-1.0
2026-02-09 04:50:00-05:00,1.18625,1.18643,1.18602,1.18623,-1.0
2026-02-09 04:55:00-05:00,1.18623,1.18628,1.18606,1.18622,-1.0
2026-02-09 05:00:00-05:00,1.18622,1.18633,1.186025,1.18614,-1.0
2026-02-09 05:05:00-05:00,1.18614,1.18695,1.186125,1.18675,-1.0
2026-02-09 05:10:00-05:00,1.18675,1.186975,1.186565,1.18663,-1.0
2026-02-09 05:15:00-05:00,1.18663,1.186875,1.18657,1.18664,-1.0
2026-02-09 05:20:00-05:00,1.18664,1.186815,1.186525,1.18667,-1.0
2026-02-09 05:25:00-05:00,1.18667,1.186675,1.18618,1.18622,-1.0
2026-02-09 05:30:00-05:00,1.18622,1.186255,1.185695,1.185695,-1.0
2026-02-09 05:35:00-05:00,1.185695,1.185865,1.18551,1.18574,-1.0
2026-02-09 05:40:00-05:00,1.18574,1.185935,1.18565,1.185735,-1.0
2026-02-09 05:45:00-05:00,1.185735,1.186575,1.185725,1.186065,-1.0
2026-02-09 05:50:00-05:00,1.186065,1.18612,1.18568,1.18579,-1.0
2026-02-09 05:55:00-05:00,1.18579,1.186115,1.18576,1.18602,-1.0
2026-02-09 06:00:00-05:00,1.18602,1.18603,1.185565,1.185875,-1.0
2026-02-09 06:05:00-05:00,1.185875,1.186265,1.185865,1.18612,-1.0
2026-02-09 06:10:00-05:00,1.18612,1.186435,1.185955,1.186235,-1.0
2026-02-09 06:15:00-05:00,1.186235,1.18644,1.186085,1.18613,-1.0
2026-02-09 06:20:00-05:00,1.18613,1.18635,1.186025,1.186195,-1.0
2026-02-09 06:25:00-05:00,1.186195,1.18643,1.18617,1.18637,-1.0
2026-02-09 06:30:00-05:00,1.18637,1.186525,1.186325,1.1865,-1.0
2026-02-09 06:35:00-05:00,1.1865,1.18673,1.186425,1.18672,-1.0
2026-02-09 06:40:00-05:00,1.18672,1.18696,1.18663,1.18689,-1.0
2026-02-09 06:45:00-05:00,1.18689,1.18695,1.186585,1.186615,-1.0
2026-02-09 06:50:00-05:00,1.186615,1.187005,1.18656,1.186895,-1.0
2026-02-09 06:55:00-05:00,1.186895,1.18721,1.186845,1.18693,-1.0
2026-02-09 07:00:00-05:00,1.18693,1.187445,1.18692,1.187375,-1.0
2026-02-09 07:05:00-05:00,1.187375,1.18751,1.18728,1.18733,-1.0
2026-02-09 07:10:00-05:00,1.18733,1.18748,1.18728,1.18742,-1.0
2026-02-09 07:15:00-05:00,1.18742,1.187685,1.18739,1.187555,-1.0
2026-02-09 07:20:00-05:00,1.187555,1.18774,1.187505,1.18765,-1.0
2026-02-09 07:25:00-05:00,1.18765,1.18776,1.187405,1.187505,-1.0
2026-02-09 07:30:00-05:00,1.187505,1.18766,1.187325,1.187445,-1.0
2026-02-09 07:35:00-05:00,1.187445,1.18769,1.187415,1.18753,-1.0
2026-02-09 07:40:00-05:00,1.18753,1.187765,1.18751,1.187725,-1.0
2026-02-09 07:45:00-05:00,1.187725,1.187915,1.187715,1.18779,-1.0
2026-02-09 07:50:00-05:00,1.18779,1.18816,1.187695,1.18813,-1.0
2026-02-09 07:55:00-05:00,1.18813,1.1883,1.187875,1.188135,-1.0
2026-02-09 08:00:00-05:00,1.188135,1.188545,1.188135,1.18821,-1.0
2026-02-09 08:05:00-05:00,1.18821,1.18883,1.18816,1.18864,-1.0
2026-02-09 08:10:00-05:00,1.18864,1.189165,1.18858,1.18916,-1.0
2026-02-09 08:15:00-05:00,1.18916,1.189265,1.18897,1.189265,-1.0
2026-02-09 08:20:00-05:00,1.189265,1.189965,1.18897,1.189925,-1.0
2026-02-09 08:25:00-05:00,1.189925,1.190295,1.18952,1.18961,-1.0
2026-02-09 08:30:00-05:00,1.18961,1.190255,1.189575,1.18979,-1.0
2026-02-09 08:35:00-05:00,1.18979,1.189935,1.18933,1.18956,-1.0
2026-02-09 08:40:00-05:00,1.18956,1.18967,1.189275,1.189335,-1.0
2026-02-09 08:45:00-05:00,1.189335,1.189855,1.18922,1.189825,-1.0
2026-02-09 08:50:00-05:00,1.189825,1.19044,1.189585,1.190215,-1.0
2026-02-09 08:55:00-05:00,1.190215,1.19058,1.19009,1.19037,-1.0
2026-02-09 09:00:00-05:00,1.19037,1.190905,1.190275,1.19056,-1.0
2026-02-09 09:05:00-05:00,1.19056,1.190915,1.190385,1.190675,-1.0
2026-02-09 09:10:00-05:00,1.190675,1.19129,1.19066,1.191135,-1.0
2026-02-09 09:15:00-05:00,1.191135,1.191295,1.190805,1.191145,-1.0
2026-02-09 09:20:00-05:00,1.191145,1.191495,1.19102,1.191375,-1.0
2026-02-09 09:25:00-05:00,1.191375,1.1918,1.191305,1.191635,-1.0
2026-02-09 09:30:00-05:00,1.191635,1.191695,1.190955,1.19102,-1.0
2026-02-09 09:35:00-05:00,1.19102,1.191095,1.190705,1.19105,-1.0
2026-02-09 09:40:00-05:00,1.19105,1.19143,1.190855,1.19138,-1.0
2026-02-09 09:45:00-05:00,1.19138,1.19143,1.190945,1.191005,-1.0
2026-02-09 09:50:00-05:00,1.191005,1.19126,1.19062,1.191185,-1.0
2026-02-09 09:55:00-05:00,1.191185,1.191855,1.191185,1.19184,-1.0
2026-02-09 10:00:00-05:00,1.19184,1.19267,1.191815,1.192035,-1.0
2026-02-09 10:05:00-05:00,1.192035,1.19216,1.191345,1.191625,-1.0
2026-02-09 10:10:00-05:00,1.191625,1.19181,1.19111,1.19116,-1.0
2026-02-09 10:15:00-05:00,1.19116,1.191255,1.190435,1.190435,-1.0
2026-02-09 10:20:00-05:00,1.190435,1.19081,1.190345,1.19077,-1.0
2026-02-09 10:25:00-05:00,1.19077,1.191125,1.190755,1.191,-1.0
2026-02-09 10:30:00-05:00,1.191,1.191545,1.191,1.19145,-1.0
2026-02-09 10:35:00-05:00,1.19145,1.19154,1.19121,1.191405,-1.0
2026-02-09 10:40:00-05:00,1.191405,1.191435,1.19064,1.190835,-1.0
2026-02-09 10:45:00-05:00,1.190835,1.19135,1.19071,1.19095,-1.0
2026-02-09 10:50:00-05:00,1.19095,1.19154,1.190855,1.19116,-1.0
2026-02-09 10:55:00-05:00,1.19116,1.191245,1.19097,1.191225,-1.0
2026-02-09 11:00:00-05:00,1.191225,1.191775,1.191215,1.191255,-1.0
2026-02-09 11:05:00-05:00,1.191255,1.19131,1.190565,1.190795,-1.0
2026-02-09 11:10:00-05:00,1.190795,1.191085,1.190765,1.1909,-1.0
2026-02-09 11:15:00-05:00,1.1909,1.190975,1.190235,1.19026,-1.0
2026-02-09 11:20:00-05:00,1.19026,1.19036,1.19013,1.190155,-1.0
2026-02-09 11:25:00-05:00,1.190155,1.190365,1.189675,1.18973,-1.0
2026-02-09 11:30:00-05:00,1.18973,1.189795,1.18929,1.18956,-1.0
2026-02-09 11:35:00-05:00,1.18956,1.189725,1.189415,1.18971,-1.0
2026-02-09 11:40:00-05:00,1.18971,1.190325,1.18968,1.189915,-1.0
2026-02-09 11:45:00-05:00,1.189915,1.190035,1.189745,1.18976,-1.0
2026-02-09 11:50:00-05:00,1.18976,1.189785,1.18951,1.18954,-1.0
2026-02-09 11:55:00-05:00,1.18954,1.18978,1.189435,1.189745,-1.0
2026-02-09 12:00:00-05:00,1.189745,1.19013,1.189725,1.19012,-1.0
2026-02-09 12:05:00-05:00,1.19012,1.19024,1.189945,1.19,-1.0
2026-02-09 12:10:00-05:00,1.19,1.19039,1.189985,1.19028,-1.0
2026-02-09 12:15:00-05:00,1.19028,1.19052,1.189795,1.189915,-1.0
2026-02-09 12:20:00-05:00,1.189915,1.19018,1.189865,1.190175,-1.0
2026-02-09 12:25:00-05:00,1.190175,1.190225,1.190005,1.19004,-1.0
2026-02-09 12:30:00-05:00,1.19004,1.190205,1.19,1.19008,-1.0
2026-02-09 12:35:00-05:00,1.19008,1.19067,1.190005,1.19056,-1.0
2026-02-09 12:40:00-05:00,1.19056,1.1908,1.190465,1.190795,-1.0
2026-02-09 12:45:00-05:00,1.190795,1.190935,1.190735,1.190875,-1.0
2026-02-09 12:50:00-05:00,1.190875,1.191005,1.19083,1.191,-1.0
2026-02-09 12:55:00-05:00,1.191,1.19109,1.190835,1.190865,-1.0
2026-02-09 13:00:00-05:00,1.190865,1.191275,1.190825,1.19123,-1.0
2026-02-09 13:05:00-05:00,1.19123,1.19142,1.19114,1.191305,-1.0
2026-02-09 13:10:00-05:00,1.191305,1.191425,1.191225,1.19128,-1.0
2026-02-09 13:15:00-05:00,1.19128,1.1914,1.19099,1.190995,-1.0
2026-02-09 13:20:00-05:00,1.190995,1.19115,1.19036,1.19087,-1.0
2026-02-09 13:25:00-05:00,1.19087,1.19123,1.19071,1.191185,-1.0
2026-02-09 13:30:00-05:00,1.191185,1.191335,1.191085,1.19121,-1.0
2026-02-09 13:35:00-05:00,1.19121,1.1913,1.19114,1.191295,-1.0
2026-02-09 13:40:00-05:00,1.191295,1.19134,1.191125,1.19128,-1.0
2026-02-09 13:45:00-05:00,1.19128,1.19137,1.19115,1.19132,-1.0
2026-02-09 13:50:00-05:00,1.19132,1.19146,1.19126,1.19127,-1.0
2026-02-09 13:55:00-05:00,1.19127,1.191735,1.191255,1.191595,-1.0
2026-02-09 14:00:00-05:00,1.191595,1.19162,1.19124,1.19137,-1.0
2026-02-09 14:05:00-05:00,1.19137,1.191515,1.19129,1.1913,-1.0
2026-02-09 14:10:00-05:00,1.1913,1.191685,1.191285,1.19161,-1.0
2026-02-09 14:15:00-05:00,1.19161,1.1918,1.19153,1.191715,-1.0
2026-02-09 14:20:00-05:00,1.191715,1.191785,1.19143,1.191455,-1.0
2026-02-09 14:25:00-05:00,1.191455,1.191755,1.191455,1.19173,-1.0
2026-02-09 14:30:00-05:00,1.19173,1.192105,1.191715,1.19207,-1.0
2026-02-09 14:35:00-05:00,1.19207,1.19219,1.191995,1.19206,-1.0
2026-02-09 14:40:00-05:00,1.19206,1.19222,1.19192,1.19207,-1.0
2026-02-09 14:45:00-05:00,1.19207,1.192225,1.191985,1.19203,-1.0
2026-02-09 14:50:00-05:00,1.19203,1.192035,1.191765,1.191975,-1.0
2026-02-09 14:55:00-05:00,1.191975,1.19214,1.191915,1.192025,-1.0
2026-02-09 15:00:00-05:00,1.192025,1.192125,1.191975,1.19202,-1.0
2026-02-09 15:05:00-05:00,1.19202,1.19207,1.191925,1.19198,-1.0
2026-02-09 15:10:00-05:00,1.19198,1.19199,1.19177,1.191835,-1.0
2026-02-09 15:15:00-05:00,1.191835,1.191915,1.191595,1.19171,-1.0
2026-02-09 15:20:00-05:00,1.19171,1.191805,1.191505,1.191595,-1.0
2026-02-09 15:25:00-05:00,1.191595,1.191745,1.191545,1.19169,-1.0
2026-02-09 15:30:00-05:00,1.19169,1.191875,1.19167,1.19184,-1.0
2026-02-09 15:35:00-05:00,1.19184,1.191905,1.19164,1.191855,-1.0
2026-02-09 15:40:00-05:00,1.191855,1.191925,1.191815,1.19191,-1.0
2026-02-09 15:45:00-05:00,1.19191,1.19191,1.191615,1.191615,-1.0
2026-02-09 15:50:00-05:00,1.191615,1.19169,1.19142,1.19143,-1.0
2026-02-09 15:55:00-05:00,1.19143,1.19169,1.191405,1.19147,-1.0
2026-02-09 16:00:00-05:00,1.19147,1.19151,1.19139,1.19148,-1.0
2026-02-09 16:05:00-05:00,1.19148,1.19148,1.191255,1.19127,-1.0
2026-02-09 16:10:00-05:00,1.19127,1.19135,1.191195,1.191205,-1.0
2026-02-09 16:15:00-05:00,1.191205,1.1914,1.19117,1.19137,-1.0
2026-02-09 16:20:00-05:00,1.19137,1.19137,1.191195,1.191255,-1.0
2026-02-09 16:25:00-05:00,1.191255,1.191285,1.191095,1.1912,-1.0
2026-02-09 16:30:00-05:00,1.1912,1.191295,1.191105,1.191105,-1.0
2026-02-09 16:35:00-05:00,1.191105,1.191305,1.191055,1.1913,-1.0
2026-02-09 16:40:00-05:00,1.1913,1.191425,1.191255,1.191425,-1.0
2026-02-09 16:45:00-05:00,1.191425,1.191575,1.19142,1.19153,-1.0
2026-02-09 16:50:00-05:00,1.19153,1.19153,1.19126,1.191385,-1.0
2026-02-09 16:55:00-05:00,1.191385,1.191605,1.19123,1.19123,-1.0
2026-02-09 17:15:00-05:00,1.191335,1.191535,1.191225,1.1914,-1.0
2026-02-09 17:20:00-05:00,1.1914,1.19141,1.1914,1.1914,-1.0
2026-02-09 17:25:00-05:00,1.1914,1.1914,1.19113,1.191265,-1.0
2026-02-09 17:30:00-05:00,1.191265,1.191265,1.19123,1.19124,-1.0
2026-02-09 17:35:00-05:00,1.19124,1.19124,1.191225,1.191225,-1.0
2026-02-09 17:40:00-05:00,1.191225,1.191225,1.191215,1.191215,-1.0
2026-02-09 17:45:00-05:00,1.191215,1.191225,1.191205,1.191225,-1.0
2026-02-09 17:50:00-05:00,1.191225,1.191365,1.191215,1.191315,-1.0
2026-02-09 17:55:00-05:00,1.191315,1.19146,1.19117,1.19131,-1.0
2026-02-09 18:00:00-05:00,1.19131,1.19152,1.19131,1.19139,-1.0
2026-02-09 18:05:00-05:00,1.19139,1.19146,1.19122,1.19124,-1.0
2026-02-09 18:10:00-05:00,1.19124,1.191265,1.19106,1.19106,-1.0
2026-02-09 18:15:00-05:00,1.19106,1.191115,1.190875,1.19093,-1.0
2026-02-09 18:20:00-05:00,1.19093,1.190965,1.190715,1.190715,-1.0
2026-02-09 18:25:00-05:00,1.190715,1.19072,1.19056,1.190615,-1.0
2026-02-09 18:30:00-05:00,1.190615,1.190655,1.190455,1.19065,-1.0
2026-02-09 18:35:00-05:00,1.19065,1.190655,1.19045,1.190455,-1.0
2026-02-09 18:40:00-05:00,1.190455,1.19064,1.190435,1.190575,-1.0
2026-02-09 18:45:00-05:00,1.190575,1.1906,1.190485,1.190505,-1.0
2026-02-09 18:50:00-05:00,1.190505,1.19054,1.190435,1.190455,-1.0
2026-02-09 18:55:00-05:00,1.190455,1.190465,1.19017,1.19038,-1.0
2026-02-09 19:00:00-05:00,1.19038,1.190555,1.190345,1.19041,-1.0
2026-02-09 19:05:00-05:00,1.19041,1.19046,1.190175,1.19021,-1.0
2026-02-09 19:10:00-05:00,1.19021,1.19028,1.19014,1.190255,-1.0
2026-02-09 19:15:00-05:00,1.190255,1.190325,1.19019,1.190235,-1.0
2026-02-09 19:20:00-05:00,1.190235,1.19054,1.190225,1.19052,-1.0
2026-02-09 19:25:00-05:00,1.19052,1.190565,1.19033,1.190365,-1.0
2026-02-09 19:30:00-05:00,1.190365,1.19037,1.19014,1.190165,-1.0
2026-02-09 19:35:00-05:00,1.190165,1.19017,1.18997,1.189985,-1.0
2026-02-09 19:40:00-05:00,1.189985,1.190035,1.189875,1.189915,-1.0
2026-02-09 19:45:00-05:00,1.189915,1.19008,1.189865,1.18992,-1.0
2026-02-09 19:50:00-05:00,1.18992,1.19018,1.18986,1.190095,-1.0
2026-02-09 19:55:00-05:00,1.190095,1.190325,1.190055,1.190185,-1.0
2026-02-09 20:00:00-05:00,1.190185,1.190355,1.19011,1.190125,-1.0
2026-02-09 20:05:00-05:00,1.190125,1.190265,1.18997,1.19024,-1.0
2026-02-09 20:10:00-05:00,1.19024,1.190385,1.19018,1.190265,-1.0
2026-02-09 20:15:00-05:00,1.190265,1.19046,1.189945,1.190035,-1.0
2026-02-09 20:20:00-05:00,1.190035,1.19007,1.189815,1.189815,-1.0
2026-02-09 20:25:00-05:00,1.189815,1.189825,1.189665,1.18977,-1.0
2026-02-09 20:30:00-05:00,1.18977,1.1903,1.18973,1.19022,-1.0
2026-02-09 20:35:00-05:00,1.19022,1.19052,1.1901,1.190465,-1.0
2026-02-09 20:40:00-05:00,1.190465,1.19087,1.19046,1.19057,-1.0
2026-02-09 20:45:00-05:00,1.19057,1.191045,1.190455,1.19086,-1.0
2026-02-09 20:50:00-05:00,1.19086,1.190915,1.1907,1.190735,-1.0
2026-02-09 20:55:00-05:00,1.190735,1.190795,1.19042,1.19058,-1.0
2026-02-09 21:00:00-05:00,1.19058,1.190765,1.19058,1.1907,-1.0
2026-02-09 21:05:00-05:00,1.1907,1.19088,1.19068,1.19082,-1.0
2026-02-09 21:10:00-05:00,1.19082,1.190955,1.19072,1.190795,-1.0
2026-02-09 21:15:00-05:00,1.190795,1.1909,1.190605,1.19064,-1.0
2026-02-09 21:20:00-05:00,1.19064,1.190805,1.19063,1.190775,-1.0
2026-02-09 21:25:00-05:00,1.190775,1.19091,1.1907,1.19091,-1.0
2026-02-09 21:30:00-05:00,1.19091,1.191005,1.19079,1.190825,-1.0
2026-02-09 21:35:00-05:00,1.190825,1.19099,1.19076,1.19083,-1.0
2026-02-09 21:40:00-05:00,1.19083,1.191065,1.190825,1.191025,-1.0
2026-02-09 21:45:00-05:00,1.191025,1.191205,1.191005,1.191105,-1.0
2026-02-09 21:50:00-05:00,1.191105,1.191435,1.191035,1.191165,-1.0
2026-02-09 21:55:00-05:00,1.191165,1.191355,1.191135,1.191355,-1.0
2026-02-09 22:00:00-05:00,1.191355,1.19168,1.19126,1.191645,-1.0
2026-02-09 22:05:00-05:00,1.191645,1.191675,1.191435,1.19167,-1.0
2026-02-09 22:10:00-05:00,1.19167,1.19168,1.191495,1.191525,-1.0
2026-02-09 22:15:00-05:00,1.191525,1.191525,1.191195,1.191225,-1.0
2026-02-09 22:20:00-05:00,1.191225,1.19149,1.191225,1.191455,-1.0
2026-02-09 22:25:00-05:00,1.191455,1.1915,1.191135,1.191135,-1.0
2026-02-09 22:30:00-05:00,1.191135,1.191575,1.191135,1.19155,-1.0
2026-02-09 22:35:00-05:00,1.19155,1.19161,1.191415,1.191485,-1.0
2026-02-09 22:40:00-05:00,1.191485,1.19162,1.191425,1.19149,-1.0
2026-02-09 22:45:00-05:00,1.19149,1.191595,1.191455,1.19157,-1.0
2026-02-09 22:50:00-05:00,1.19157,1.191705,1.19145,1.191485,-1.0
2026-02-09 22:55:00-05:00,1.191485,1.191485,1.191,1.19115,-1.0
2026-02-09 23:00:00-05:00,1.19115,1.19128,1.191105,1.19111,-1.0
2026-02-09 23:05:00-05:00,1.19111,1.19111,1.191005,1.19104,-1.0
2026-02-09 23:10:00-05:00,1.19104,1.191125,1.190955,1.190955,-1.0
2026-02-09 23:15:00-05:00,1.190955,1.190995,1.19076,1.19076,-1.0
2026-02-09 23:20:00-05:00,1.19076,1.190835,1.19071,1.19071,-1.0
2026-02-09 23:25:00-05:00,1.19071,1.190755,1.190645,1.19066,-1.0
2026-02-09 23:30:00-05:00,1.19066,1.19071,1.190595,1.19066,-1.0
2026-02-09 23:35:00-05:00,1.19066,1.190775,1.190615,1.190765,-1.0
2026-02-09 23:40:00-05:00,1.190765,1.191025,1.19076,1.19093,-1.0
2026-02-09 23:45:00-05:00,1.19093,1.19094,1.190785,1.19086,-1.0
2026-02-09 23:50:00-05:00,1.19086,1.190865,1.190715,1.190825,-1.0
2026-02-09 23:55:00-05:00,1.190825,1.190915,1.1907,1.1907,-1.0
2026-02-10 00:00:00-05:00,1.1907,1.190765,1.19054,1.19062,-1.0
2026-02-10 00:05:00-05:00,1.19062,1.190765,1.19056,1.190705,-1.0
2026-02-10 00:10:00-05:00,1.190705,1.19079,1.19063,1.190785,-1.0
2026-02-10 00:15:00-05:00,1.190785,1.190885,1.1907,1.19088,-1.0
2026-02-10 00:20:00-05:00,1.19088,1.19105,1.190855,1.19087,-1.0
2026-02-10 00:25:00-05:00,1.19087,1.19087,1.19058,1.190695,-1.0
2026-02-10 00:30:00-05:00,1.190695,1.190865,1.190645,1.1907,-1.0
2026-02-10 00:35:00-05:00,1.1907,1.19071,1.190515,1.190595,-1.0
2026-02-10 00:40:00-05:00,1.190595,1.190605,1.19038,1.19048,-1.0
2026-02-10 00:45:00-05:00,1.19048,1.19056,1.19037,1.1904,-1.0
2026-02-10 00:50:00-05:00,1.1904,1.190695,1.19039,1.190625,-1.0
2026-02-10 00:55:00-05:00,1.190625,1.19079,1.190615,1.19072,-1.0
2026-02-10 01:00:00-05:00,1.19072,1.19073,1.19048,1.190685,-1.0
2026-02-10 01:05:00-05:00,1.190685,1.19132,1.190665,1.19092,-1.0
2026-02-10 01:10:00-05:00,1.19092,1.191115,1.19089,1.190895,-1.0
2026-02-10 01:15:00-05:00,1.190895,1.190895,1.19059,1.190595,-1.0
2026-02-10 01:20:00-05:00,1.190595,1.19067,1.190485,1.190485,-1.0
2026-02-10 01:25:00-05:00,1.190485,1.1906,1.190335,1.19052,-1.0
2026-02-10 01:30:00-05:00,1.19052,1.19056,1.19026,1.190405,-1.0
2026-02-10 01:35:00-05:00,1.190405,1.190875,1.190395,1.190705,-1.0
2026-02-10 01:40:00-05:00,1.190705,1.190705,1.19039,1.190445,-1.0
2026-02-10 01:45:00-05:00,1.190445,1.190515,1.19017,1.190255,-1.0
2026-02-10 01:50:00-05:00,1.190255,1.190285,1.19013,1.19026,-1.0
2026-02-10 01:55:00-05:00,1.19026,1.190465,1.19017,1.190315,-1.0
2026-02-10 02:00:00-05:00,1.190315,1.190675,1.19025,1.19044,-1.0
2026-02-10 02:05:00-05:00,1.19044,1.190565,1.19017,1.19049,-1.0
2026-02-10 02:10:00-05:00,1.19049,1.190915,1.190475,1.190565,-1.0
2026-02-10 02:15:00-05:00,1.190565,1.191055,1.190535,1.19102,-1.0
2026-02-10 02:20:00-05:00,1.19102,1.191055,1.19047,1.190505,-1.0
2026-02-10 02:25:00-05:00,1.190505,1.190515,1.190145,1.19017,-1.0
2026-02-10 02:30:00-05:00,1.19017,1.190355,1.19013,1.19014,-1.0
2026-02-10 02:35:00-05:00,1.19014,1.190275,1.189945,1.19012,-1.0
2026-02-10 02:40:00-05:00,1.19012,1.19043,1.19012,1.190345,-1.0
2026-02-10 02:45:00-05:00,1.190345,1.1907,1.190275,1.190615,-1.0
2026-02-10 02:50:00-05:00,1.190615,1.19078,1.190555,1.19064,-1.0
2026-02-10 02:55:00-05:00,1.19064,1.190875,1.19052,1.190865,-1.0
2026-02-10 03:00:00-05:00,1.190865,1.191165,1.19057,1.191135,-1.0
2026-02-10 03:05:00-05:00,1.191135,1.191165,1.190605,1.190675,-1.0
2026-02-10 03:10:00-05:00,1.190675,1.191055,1.190515,1.19053,-1.0
2026-02-10 03:15:00-05:00,1.19053,1.191105,1.190475,1.190485,-1.0
2026-02-10 03:20:00-05:00,1.190485,1.190575,1.18997,1.190565,-1.0
2026-02-10 03:25:00-05:00,1.190565,1.191045,1.19052,1.19077,-1.0
2026-02-10 03:30:00-05:00,1.19077,1.19088,1.19061,1.19067,-1.0
2026-02-10 03:35:00-05:00,1.19067,1.191065,1.190625,1.191055,-1.0
2026-02-10 03:40:00-05:00,1.191055,1.191525,1.191045,1.191365,-1.0
2026-02-10 03:45:00-05:00,1.191365,1.191455,1.19111,1.191185,-1.0
2026-02-10 03:50:00-05:00,1.191185,1.191205,1.19101,1.191025,-1.0
