date,open,high,low,close,volume
2023-02-12 17:15:00-05:00,1.06825,1.06825,1.06716,1.067735,-1.0
2023-02-12 19:00:00-05:00,1.067735,1.067905,1.065565,1.06608,-1.0
2023-02-12 23:00:00-05:00,1.06608,1.068995,1.06607,1.06831,-1.0
2023-02-13 03:00:00-05:00,1.06831,1.06856,1.066325,1.067585,-1.0
2023-02-13 07:00:00-05:00,1.067585,1.072755,1.067385,1.071975,-1.0
2023-02-13 11:00:00-05:00,1.071975,1.072995,1.071025,1.071725,-1.0
2023-02-13 15:00:00-05:00,1.071725,1.07254,1.071405,1.07232,-1.0
2023-02-13 17:15:00-05:00,1.07215,1.07325,1.07209,1.07311,-1.0
2023-02-13 19:00:00-05:00,1.07311,1.073695,1.072545,1.073455,-1.0
2023-02-13 23:00:00-05:00,1.073455,1.074665,1.072875,1.0732,-1.0
2023-02-14 03:00:00-05:00,1.0732,1.076705,1.0729,1.075525,-1.0
2023-02-14 07:00:00-05:00,1.075525,1.08047,1.07067,1.07158,-1.0
2023-02-14 11:00:00-05:00,1.07158,1.07456,1.071255,1.073945,-1.0
2023-02-14 15:00:00-05:00,1.073945,1.07424,1.073235,1.07368,-1.0
2023-02-14 17:15:00-05:00,1.073475,1.07398,1.07334,1.07352,-1.0
2023-02-14 19:00:00-05:00,1.07352,1.07446,1.07171,1.07182,-1.0
2023-02-14 23:00:00-05:00,1.07182,1.07212,1.070005,1.07082,-1.0
2023-02-15 03:00:00-05:00,1.07082,1.073305,1.070485,1.071105,-1.0
2023-02-15 07:00:00-05:00,1.071105,1.07183,1.066505,1.067595,-1.0
2023-02-15 11:00:00-05:00,1.067595,1.06878,1.066055,1.068095,-1.0
2023-02-15 15:00:00-05:00,1.068095,1.06915,1.067975,1.068735,-1.0
2023-02-15 17:15:00-05:00,1.069075,1.069235,1.06845,1.069145,-1.0
2023-02-15 19:00:00-05:00,1.069145,1.071495,1.06847,1.07096,-1.0
2023-02-15 23:00:00-05:00,1.07096,1.07106,1.06963,1.070895,-1.0
2023-02-16 03:00:00-05:00,1.070895,1.072255,1.068895,1.070525,-1.0
2023-02-16 07:00:00-05:00,1.070525,1.07088,1.06547,1.067325,-1.0
2023-02-16 11:00:00-05:00,1.067325,1.069755,1.06684,1.069035,-1.0
2023-02-16 15:00:00-05:00,1.069035,1.06917,1.066935,1.067385,-1.0
2023-02-16 17:15:00-05:00,1.0675,1.06758,1.06624,1.06655,-1.0
2023-02-16 19:00:00-05:00,1.06655,1.066575,1.06488,1.065275,-1.0
2023-02-16 23:00:00-05:00,1.065275,1.065315,1.062955,1.064395,-1.0
2023-02-17 03:00:00-05:00,1.064395,1.066145,1.062375,1.06257,-1.0
2023-02-17 07:00:00-05:00,1.06257,1.06823,1.061285,1.066225,-1.0
2023-02-17 11:00:00-05:00,1.066225,1.069695,1.06569,1.06964,-1.0
2023-02-17 15:00:00-05:00,1.06964,1.06985,1.069275,1.06949,-1.0
2023-02-19 17:15:00-05:00,1.06906,1.06946,1.06824,1.068415,-1.0
2023-02-19 19:00:00-05:00,1.068415,1.068675,1.06732,1.06818,-1.0
2023-02-19 23:00:00-05:00,1.06818,1.070375,1.068155,1.07018,-1.0
2023-02-20 03:00:00-05:00,1.07018,1.07046,1.06782,1.068525,-1.0
2023-02-20 07:00:00-05:00,1.068525,1.069395,1.06702,1.068625,-1.0
2023-02-20 11:00:00-05:00,1.068625,1.06905,1.06832,1.068735,-1.0
2023-02-20 15:00:00-05:00,1.068735,1.06876,1.068245,1.068515,-1.0
2023-02-20 17:15:00-05:00,1.068425,1.068885,1.068215,1.068215,-1.0
2023-02-20 19:00:00-05:00,1.068215,1.068515,1.06622,1.06668,-1.0
2023-02-20 23:00:00-05:00,1.06668,1.067415,1.066015,1.066965,-1.0
2023-02-21 03:00:00-05:00,1.066965,1.06885,1.06428,1.06574,-1.0
2023-02-21 07:00:00-05:00,1.06574,1.06983,1.064395,1.06854,-1.0
2023-02-21 11:00:00-05:00,1.06854,1.06857,1.063745,1.06486,-1.0
2023-02-21 15:00:00-05:00,1.06486,1.065265,1.06432,1.06484,-1.0
2023-02-21 17:15:00-05:00,1.065075,1.065365,1.064625,1.065145,-1.0
2023-02-21 19:00:00-05:00,1.065145,1.066405,1.06487,1.065975,-1.0
2023-02-21 23:00:00-05:00,1.065975,1.06636,1.06512,1.065365,-1.0
2023-02-22 03:00:00-05:00,1.065365,1.065785,1.062465,1.063045,-1.0
2023-02-22 07:00:00-05:00,1.063045,1.06605,1.0625,1.062675,-1.0
2023-02-22 11:00:00-05:00,1.062675,1.06361,1.059935,1.06009,-1.0
2023-02-22 15:00:00-05:00,1.06009,1.06072,1.05992,1.060395,-1.0
2023-02-22 17:15:00-05:00,1.060555,1.06102,1.06033,1.060555,-1.0
2023-02-22 19:00:00-05:00,1.060555,1.06249,1.060545,1.062265,-1.0
2023-02-22 23:00:00-05:00,1.062265,1.06278,1.061045,1.061665,-1.0
2023-02-23 03:00:00-05:00,1.061665,1.06177,1.05859,1.060415,-1.0
2023-02-23 07:00:00-05:00,1.060415,1.062105,1.058745,1.059705,-1.0
2023-02-23 11:00:00-05:00,1.059705,1.06029,1.05772,1.05956,-1.0
2023-02-23 15:00:00-05:00,1.05956,1.060345,1.05932,1.05949,-1.0
2023-02-23 17:15:00-05:00,1.05978,1.060185,1.059245,1.059755,-1.0
2023-02-23 19:00:00-05:00,1.059755,1.061445,1.059355,1.060005,-1.0
2023-02-23 23:00:00-05:00,1.060005,1.06023,1.05884,1.058935,-1.0
2023-02-24 03:00:00-05:00,1.058935,1.05961,1.057355,1.05797,-1.0
2023-02-24 07:00:00-05:00,1.05797,1.057975,1.05362,1.054235,-1.0
2023-02-24 11:00:00-05:00,1.054235,1.05598,1.054015,1.05508,-1.0
2023-02-24 15:00:00-05:00,1.05508,1.055575,1.054415,1.05485,-1.0
2023-02-26 17:15:00-05:00,1.0548,1.055545,1.0546,1.05534,-1.0
2023-02-26 19:00:00-05:00,1.05534,1.056005,1.05401,1.05443,-1.0
2023-02-26 23:00:00-05:00,1.05443,1.055295,1.0533,1.05479,-1.0
2023-02-27 03:00:00-05:00,1.05479,1.056925,1.05479,1.05622,-1.0
2023-02-27 07:00:00-05:00,1.05622,1.062,1.05504,1.06011,-1.0
2023-02-27 11:00:00-05:00,1.06011,1.061285,1.05796,1.060765,-1.0
2023-02-27 15:00:00-05:00,1.060765,1.06104,1.06044,1.06092,-1.0
2023-02-27 17:15:00-05:00,1.0605,1.06107,1.060255,1.060975,-1.0
2023-02-27 19:00:00-05:00,1.060975,1.061505,1.05856,1.05926,-1.0
2023-02-27 23:00:00-05:00,1.05926,1.05969,1.058195,1.059335,-1.0
2023-02-28 03:00:00-05:00,1.059335,1.062635,1.059335,1.06091,-1.0
2023-02-28 07:00:00-05:00,1.06091,1.06454,1.06017,1.060525,-1.0
2023-02-28 11:00:00-05:00,1.060525,1.06172,1.058255,1.058385,-1.0
2023-02-28 15:00:00-05:00,1.058385,1.058395,1.057425,1.05752,-1.0
2023-02-28 17:15:00-05:00,1.057825,1.058055,1.05747,1.057705,-1.0
2023-02-28 19:00:00-05:00,1.057705,1.059565,1.056535,1.05933,-1.0
2023-02-28 23:00:00-05:00,1.05933,1.06453,1.058815,1.06416,-1.0
2023-03-01 03:00:00-05:00,1.06416,1.067405,1.062575,1.06699,-1.0
2023-03-01 07:00:00-05:00,1.06699,1.06916,1.06434,1.067225,-1.0
2023-03-01 11:00:00-05:00,1.067225,1.06785,1.06465,1.065725,-1.0
2023-03-01 15:00:00-05:00,1.065725,1.06713,1.065635,1.0668,-1.0
2023-03-01 17:15:00-05:00,1.066875,1.06728,1.06658,1.06686,-1.0
2023-03-01 19:00:00-05:00,1.06686,1.06729,1.064475,1.06459,-1.0
2023-03-01 23:00:00-05:00,1.06459,1.065095,1.06324,1.06366,-1.0
2023-03-02 03:00:00-05:00,1.06366,1.0643,1.061295,1.062505,-1.0
2023-03-02 07:00:00-05:00,1.062505,1.063125,1.0582,1.06087,-1.0
2023-03-02 11:00:00-05:00,1.06087,1.06129,1.057655,1.05904,-1.0
2023-03-02 15:00:00-05:00,1.05904,1.06066,1.05862,1.05967,-1.0
2023-03-02 17:15:00-05:00,1.05978,1.06009,1.0596,1.05984,-1.0
2023-03-02 19:00:00-05:00,1.05984,1.0615,1.059695,1.06064,-1.0
2023-03-02 23:00:00-05:00,1.06064,1.062315,1.06053,1.061005,-1.0
2023-03-03 03:00:00-05:00,1.061005,1.06292,1.060045,1.06147,-1.0
2023-03-03 07:00:00-05:00,1.06147,1.062965,1.058835,1.05978,-1.0
2023-03-03 11:00:00-05:00,1.05978,1.06357,1.05926,1.063465,-1.0
2023-03-03 15:00:00-05:00,1.063465,1.063875,1.063035,1.06351,-1.0
2023-03-05 17:15:00-05:00,1.06255,1.06294,1.062325,1.06259,-1.0
2023-03-05 19:00:00-05:00,1.06259,1.06502,1.062425,1.064575,-1.0
2023-03-05 23:00:00-05:00,1.064575,1.065685,1.06373,1.06484,-1.0
2023-03-06 03:00:00-05:00,1.06484,1.06574,1.062225,1.063945,-1.0
2023-03-06 07:00:00-05:00,1.063945,1.068965,1.063245,1.06788,-1.0
2023-03-06 11:00:00-05:00,1.06788,1.06945,1.066845,1.06758,-1.0
2023-03-06 15:00:00-05:00,1.06758,1.068395,1.067205,1.06799,-1.0
2023-03-06 17:15:00-05:00,1.067975,1.068695,1.06773,1.068565,-1.0
2023-03-06 19:00:00-05:00,1.068565,1.06928,1.06764,1.069105,-1.0
2023-03-06 23:00:00-05:00,1.069105,1.069455,1.067455,1.068555,-1.0
2023-03-07 03:00:00-05:00,1.068555,1.06866,1.065435,1.065675,-1.0
2023-03-07 07:00:00-05:00,1.065675,1.0672,1.057395,1.058545,-1.0
2023-03-07 11:00:00-05:00,1.058545,1.059595,1.054605,1.055165,-1.0
2023-03-07 15:00:00-05:00,1.055165,1.055735,1.054725,1.05495,-1.0
2023-03-07 17:15:00-05:00,1.054825,1.0556,1.0548,1.05484,-1.0
2023-03-07 19:00:00-05:00,1.05484,1.05507,1.052765,1.052955,-1.0
2023-03-07 23:00:00-05:00,1.052955,1.054705,1.052445,1.054365,-1.0
2023-03-08 03:00:00-05:00,1.054365,1.05487,1.05341,1.05378,-1.0
2023-03-08 07:00:00-05:00,1.05378,1.05739,1.05296,1.05528,-1.0
2023-03-08 11:00:00-05:00,1.05528,1.05679,1.05398,1.054595,-1.0
2023-03-08 15:00:00-05:00,1.054595,1.055005,1.05413,1.05454,-1.0
2023-03-08 17:15:00-05:00,1.054825,1.05499,1.053965,1.05491,-1.0
2023-03-08 19:00:00-05:00,1.05491,1.055345,1.05381,1.054935,-1.0
2023-03-08 23:00:00-05:00,1.054935,1.055975,1.054595,1.05563,-1.0
2023-03-09 03:00:00-05:00,1.05563,1.058145,1.054815,1.05711,-1.0
2023-03-09 07:00:00-05:00,1.05711,1.05864,1.05526,1.056885,-1.0
2023-03-09 11:00:00-05:00,1.056885,1.05913,1.056375,1.05758,-1.0
2023-03-09 15:00:00-05:00,1.05758,1.058345,1.057245,1.058065,-1.0
2023-03-09 17:15:00-05:00,1.058275,1.05866,1.05786,1.05858,-1.0
2023-03-09 19:00:00-05:00,1.05858,1.05996,1.05794,1.059685,-1.0
2023-03-09 23:00:00-05:00,1.059685,1.0607,1.058125,1.059475,-1.0
2023-03-10 03:00:00-05:00,1.059475,1.060385,1.057395,1.058965,-1.0
2023-03-10 07:00:00-05:00,1.058965,1.07009,1.05807,1.06873,-1.0
2023-03-10 11:00:00-05:00,1.06873,1.068745,1.0636,1.06435,-1.0
2023-03-10 15:00:00-05:00,1.06435,1.064805,1.06367,1.06418,-1.0
2023-03-12 17:15:00-04:00,1.067875,1.070405,1.067795,1.068115,-1.0
2023-03-12 20:00:00-04:00,1.068115,1.07369,1.0664,1.071715,-1.0
2023-03-13 00:00:00-04:00,1.071715,1.073725,1.071335,1.072525,-1.0
2023-03-13 04:00:00-04:00,1.072525,1.07291,1.06574,1.066415,-1.0
2023-03-13 08:00:00-04:00,1.066415,1.073365,1.06503,1.07334,-1.0
2023-03-13 12:00:00-04:00,1.07334,1.07486,1.072105,1.072975,-1.0
2023-03-13 16:00:00-04:00,1.072975,1.073325,1.07259,1.07312,-1.0
2023-03-13 17:15:00-04:00,1.07285,1.073455,1.07228,1.072305,-1.0
2023-03-13 20:00:00-04:00,1.072305,1.07243,1.069895,1.07029,-1.0
2023-03-14 00:00:00-04:00,1.07029,1.071565,1.067885,1.069005,-1.0
2023-03-14 04:00:00-04:00,1.069005,1.072825,1.06832,1.07219,-1.0
2023-03-14 08:00:00-04:00,1.07219,1.07493,1.069815,1.07213,-1.0
2023-03-14 12:00:00-04:00,1.07213,1.07497,1.07105,1.07417,-1.0
2023-03-14 16:00:00-04:00,1.07417,1.07424,1.07322,1.073285,-1.0
2023-03-14 17:15:00-04:00,1.073575,1.073595,1.072545,1.07269,-1.0
2023-03-14 20:00:00-04:00,1.07269,1.075985,1.072525,1.075115,-1.0
2023-03-15 00:00:00-04:00,1.075115,1.075395,1.072765,1.073755,-1.0
2023-03-15 04:00:00-04:00,1.073755,1.074365,1.05806,1.058755,-1.0
2023-03-15 08:00:00-04:00,1.058755,1.05961,1.051615,1.053375,-1.0
2023-03-15 12:00:00-04:00,1.053375,1.05925,1.05276,1.05805,-1.0
2023-03-15 16:00:00-04:00,1.05805,1.058335,1.057435,1.05766,-1.0
2023-03-15 17:15:00-04:00,1.05784,1.05889,1.057485,1.05818,-1.0
2023-03-15 20:00:00-04:00,1.05818,1.05993,1.057305,1.059875,-1.0
2023-03-16 00:00:00-04:00,1.059875,1.06282,1.05928,1.062515,-1.0
2023-03-16 04:00:00-04:00,1.062515,1.06357,1.06002,1.061305,-1.0
2023-03-16 08:00:00-04:00,1.061305,1.06268,1.05512,1.06215,-1.0
2023-03-16 12:00:00-04:00,1.06215,1.06251,1.059155,1.06149,-1.0
2023-03-16 16:00:00-04:00,1.06149,1.061715,1.06099,1.061,-1.0
2023-03-16 17:15:00-04:00,1.061005,1.061725,1.060925,1.061365,-1.0
2023-03-16 20:00:00-04:00,1.061365,1.06448,1.06117,1.064025,-1.0
2023-03-17 00:00:00-04:00,1.064025,1.066945,1.063895,1.066265,-1.0
2023-03-17 04:00:00-04:00,1.066265,1.067,1.06156,1.06297,-1.0
2023-03-17 08:00:00-04:00,1.06297,1.064825,1.061215,1.06463,-1.0
2023-03-17 12:00:00-04:00,1.06463,1.068535,1.064225,1.066135,-1.0
2023-03-17 16:00:00-04:00,1.066135,1.06752,1.06578,1.065885,-1.0
2023-03-19 17:15:00-04:00,1.068685,1.068885,1.06662,1.068075,-1.0
2023-03-19 20:00:00-04:00,1.068075,1.069,1.066465,1.06693,-1.0
2023-03-20 00:00:00-04:00,1.06693,1.06811,1.064175,1.06556,-1.0
2023-03-20 04:00:00-04:00,1.06556,1.070875,1.063135,1.070705,-1.0
2023-03-20 08:00:00-04:00,1.070705,1.073085,1.07017,1.072125,-1.0
2023-03-20 12:00:00-04:00,1.072125,1.072845,1.070685,1.072325,-1.0
2023-03-20 16:00:00-04:00,1.072325,1.072415,1.072035,1.07211,-1.0
2023-03-20 17:15:00-04:00,1.07198,1.072445,1.07158,1.071865,-1.0
2023-03-20 20:00:00-04:00,1.071865,1.072615,1.071405,1.071585,-1.0
2023-03-21 00:00:00-04:00,1.071585,1.072215,1.070405,1.071905,-1.0
2023-03-21 04:00:00-04:00,1.071905,1.078475,1.07161,1.07786,-1.0
2023-03-21 08:00:00-04:00,1.07786,1.07887,1.076075,1.07687,-1.0
2023-03-21 12:00:00-04:00,1.07687,1.077845,1.075615,1.076945,-1.0
2023-03-21 16:00:00-04:00,1.076945,1.077205,1.076565,1.076685,-1.0
2023-03-21 17:15:00-04:00,1.07692,1.077395,1.076795,1.07728,-1.0
2023-03-21 20:00:00-04:00,1.07728,1.07769,1.07653,1.077,-1.0
2023-03-22 00:00:00-04:00,1.077,1.07751,1.0759,1.07657,-1.0
2023-03-22 04:00:00-04:00,1.07657,1.0798,1.076505,1.07972,-1.0
2023-03-22 08:00:00-04:00,1.07972,1.08001,1.077565,1.079115,-1.0
2023-03-22 12:00:00-04:00,1.079115,1.091255,1.07887,1.086555,-1.0
2023-03-22 16:00:00-04:00,1.086555,1.086565,1.08546,1.085585,-1.0
2023-03-22 17:15:00-04:00,1.085945,1.08721,1.085715,1.0869,-1.0
2023-03-22 20:00:00-04:00,1.0869,1.090575,1.08685,1.090095,-1.0
2023-03-23 00:00:00-04:00,1.090095,1.09298,1.089495,1.09062,-1.0
2023-03-23 04:00:00-04:00,1.09062,1.091045,1.08669,1.087585,-1.0
2023-03-23 08:00:00-04:00,1.087585,1.09079,1.086975,1.088995,-1.0
2023-03-23 12:00:00-04:00,1.088995,1.08988,1.08241,1.084005,-1.0
2023-03-23 16:00:00-04:00,1.084005,1.084085,1.08307,1.08308,-1.0
2023-03-23 17:15:00-04:00,1.0832,1.0839,1.082725,1.08346,-1.0
2023-03-23 20:00:00-04:00,1.08346,1.08352,1.08173,1.08287,-1.0
2023-03-24 00:00:00-04:00,1.08287,1.08372,1.08228,1.08282,-1.0
2023-03-24 04:00:00-04:00,1.08282,1.08311,1.07132,1.073835,-1.0
2023-03-24 08:00:00-04:00,1.073835,1.07676,1.07231,1.076125,-1.0
2023-03-24 12:00:00-04:00,1.076125,1.07676,1.07513,1.07589,-1.0
2023-03-24 16:00:00-04:00,1.07589,1.076305,1.07584,1.07584,-1.0
2023-03-26 17:15:00-04:00,1.077225,1.07799,1.076575,1.077765,-1.0
2023-03-26 20:00:00-04:00,1.077765,1.07777,1.075765,1.077155,-1.0
2023-03-27 00:00:00-04:00,1.077155,1.078215,1.074505,1.075215,-1.0
2023-03-27 04:00:00-04:00,1.075215,1.078085,1.075055,1.07717,-1.0
2023-03-27 08:00:00-04:00,1.07717,1.079485,1.076795,1.07878,-1.0
2023-03-27 12:00:00-04:00,1.07878,1.079875,1.078615,1.07974,-1.0
2023-03-27 16:00:00-04:00,1.07974,1.080015,1.079635,1.079755,-1.0
2023-03-27 17:15:00-04:00,1.07965,1.080795,1.079585,1.08064,-1.0
2023-03-27 20:00:00-04:00,1.08064,1.081955,1.08037,1.081515,-1.0
2023-03-28 00:00:00-04:00,1.081515,1.08341,1.08062,1.08205,-1.0
2023-03-28 04:00:00-04:00,1.08205,1.08367,1.08103,1.08314,-1.0
2023-03-28 08:00:00-04:00,1.08314,1.084695,1.08164,1.08428,-1.0
2023-03-28 12:00:00-04:00,1.08428,1.08486,1.083145,1.08478,-1.0
2023-03-28 16:00:00-04:00,1.08478,1.08478,1.08437,1.08449,-1.0
2023-03-28 17:15:00-04:00,1.08435,1.08453,1.083655,1.083915,-1.0
2023-03-28 20:00:00-04:00,1.083915,1.08496,1.083455,1.083655,-1.0
2023-03-29 00:00:00-04:00,1.083655,1.0844,1.081775,1.08368,-1.0
2023-03-29 04:00:00-04:00,1.08368,1.087155,1.08267,1.08552,-1.0
2023-03-29 08:00:00-04:00,1.08552,1.08601,1.082465,1.082505,-1.0
2023-03-29 12:00:00-04:00,1.082505,1.084825,1.082345,1.08394,-1.0
2023-03-29 16:00:00-04:00,1.08394,1.084555,1.08384,1.084425,-1.0
2023-03-29 17:15:00-04:00,1.084225,1.08487,1.08394,1.08427,-1.0
2023-03-29 20:00:00-04:00,1.08427,1.08434,1.08265,1.083305,-1.0
2023-03-30 00:00:00-04:00,1.083305,1.085795,1.082365,1.08549,-1.0
2023-03-30 04:00:00-04:00,1.08549,1.08846,1.08505,1.087895,-1.0
2023-03-30 08:00:00-04:00,1.087895,1.09264,1.08788,1.089815,-1.0
2023-03-30 12:00:00-04:00,1.089815,1.09079,1.08921,1.09068,-1.0
2023-03-30 16:00:00-04:00,1.09068,1.090755,1.09022,1.090545,-1.0
2023-03-30 17:15:00-04:00,1.090575,1.09071,1.090205,1.09042,-1.0
2023-03-30 20:00:00-04:00,1.09042,1.092575,1.090125,1.0907,-1.0
2023-03-31 00:00:00-04:00,1.0907,1.091075,1.088005,1.08847,-1.0
2023-03-31 04:00:00-04:00,1.08847,1.08961,1.08642,1.086715,-1.0
2023-03-31 08:00:00-04:00,1.086715,1.09019,1.08577,1.087185,-1.0
2023-03-31 12:00:00-04:00,1.087185,1.08724,1.084315,1.08459,-1.0
2023-03-31 16:00:00-04:00,1.08459,1.084615,1.0837,1.084075,-1.0
2023-04-02 17:15:00-04:00,1.0844,1.08448,1.08012,1.080255,-1.0
2023-04-02 20:00:00-04:00,1.080255,1.081705,1.07883,1.07901,-1.0
2023-04-03 00:00:00-04:00,1.07901,1.084195,1.078925,1.08391,-1.0
2023-04-03 04:00:00-04:00,1.08391,1.08779,1.08299,1.08767,-1.0
2023-04-03 08:00:00-04:00,1.08767,1.09167,1.08617,1.089035,-1.0
2023-04-03 12:00:00-04:00,1.089035,1.090745,1.088005,1.090625,-1.0
2023-04-03 16:00:00-04:00,1.090625,1.090825,1.089895,1.089895,-1.0
2023-04-03 17:15:00-04:00,1.0905,1.09097,1.090085,1.09068,-1.0
2023-04-03 20:00:00-04:00,1.09068,1.09099,1.088845,1.088875,-1.0
2023-04-04 00:00:00-04:00,1.088875,1.093815,1.088285,1.092515,-1.0
2023-04-04 04:00:00-04:00,1.092515,1.0936,1.08959,1.089755,-1.0
2023-04-04 08:00:00-04:00,1.089755,1.09733,1.088695,1.095075,-1.0
2023-04-04 12:00:00-04:00,1.095075,1.095775,1.094325,1.095725,-1.0
2023-04-04 16:00:00-04:00,1.095725,1.09581,1.095315,1.09537,-1.0
2023-04-04 17:15:00-04:00,1.09535,1.096155,1.095315,1.09576,-1.0
2023-04-04 20:00:00-04:00,1.09576,1.09696,1.095545,1.095975,-1.0
2023-04-05 00:00:00-04:00,1.095975,1.096745,1.09466,1.09504,-1.0
2023-04-05 04:00:00-04:00,1.09504,1.096045,1.093505,1.094125,-1.0
2023-04-05 08:00:00-04:00,1.094125,1.096695,1.090275,1.091735,-1.0
2023-04-05 12:00:00-04:00,1.091735,1.091985,1.089115,1.090375,-1.0
2023-04-05 16:00:00-04:00,1.090375,1.090775,1.09012,1.09026,-1.0
2023-04-05 17:15:00-04:00,1.09027,1.09106,1.09013,1.09032,-1.0
2023-04-05 20:00:00-04:00,1.09032,1.09046,1.088465,1.089195,-1.0
2023-04-06 00:00:00-04:00,1.089195,1.091735,1.08897,1.090685,-1.0
2023-04-06 04:00:00-04:00,1.090685,1.09169,1.089235,1.091525,-1.0
2023-04-06 08:00:00-04:00,1.091525,1.092845,1.088595,1.092605,-1.0
2023-04-06 12:00:00-04:00,1.092605,1.09377,1.092135,1.092305,-1.0
2023-04-06 16:00:00-04:00,1.092305,1.09235,1.091665,1.092175,-1.0
2023-04-06 17:15:00-04:00,1.092205,1.09222,1.09157,1.09197,-1.0
2023-04-06 20:00:00-04:00,1.09197,1.0924,1.09142,1.091975,-1.0
2023-04-07 00:00:00-04:00,1.091975,1.092085,1.09115,1.091555,-1.0
2023-04-07 04:00:00-04:00,1.091555,1.09218,1.091055,1.09176,-1.0
2023-04-07 08:00:00-04:00,1.09176,1.091765,1.087625,1.0912,-1.0
2023-04-07 12:00:00-04:00,1.0912,1.09128,1.090135,1.09059,-1.0
2023-04-07 16:00:00-04:00,1.09059,1.090975,1.090025,1.090675,-1.0
2023-04-09 20:00:00-04:00,1.091315,1.091465,1.089695,1.089925,-1.0
2023-04-10 00:00:00-04:00,1.089925,1.091725,1.08908,1.091685,-1.0
2023-04-10 04:00:00-04:00,1.091685,1.09173,1.088645,1.088895,-1.0
2023-04-10 08:00:00-04:00,1.088895,1.089145,1.08313,1.08392,-1.0
2023-04-10 12:00:00-04:00,1.08392,1.08632,1.083805,1.086305,-1.0
2023-04-10 16:00:00-04:00,1.086305,1.086315,1.08589,1.08592,-1.0
2023-04-10 17:15:00-04:00,1.086125,1.087015,1.0854,1.08689,-1.0
2023-04-10 20:00:00-04:00,1.08689,1.088785,1.08671,1.088165,-1.0
2023-04-11 00:00:00-04:00,1.088165,1.09046,1.08809,1.089575,-1.0
2023-04-11 04:00:00-04:00,1.089575,1.09267,1.089455,1.090495,-1.0
2023-04-11 08:00:00-04:00,1.090495,1.092805,1.090225,1.090485,-1.0
2023-04-11 12:00:00-04:00,1.090485,1.091695,1.08962,1.091415,-1.0
2023-04-11 16:00:00-04:00,1.091415,1.091565,1.091185,1.09129,-1.0
2023-04-11 17:15:00-04:00,1.091175,1.091775,1.09116,1.09164,-1.0
2023-04-11 20:00:00-04:00,1.09164,1.092885,1.09148,1.09243,-1.0
2023-04-12 00:00:00-04:00,1.09243,1.09374,1.091605,1.09268,-1.0
2023-04-12 04:00:00-04:00,1.09268,1.093605,1.09182,1.09226,-1.0
2023-04-12 08:00:00-04:00,1.09226,1.1,1.091985,1.098665,-1.0
2023-04-12 12:00:00-04:00,1.098665,1.100055,1.0985,1.09884,-1.0
2023-04-12 16:00:00-04:00,1.09884,1.099205,1.09867,1.09919,-1.0
2023-04-12 17:15:00-04:00,1.099115,1.099965,1.098965,1.09969,-1.0
2023-04-12 20:00:00-04:00,1.09969,1.10051,1.09837,1.098845,-1.0
2023-04-13 00:00:00-04:00,1.098845,1.100075,1.097665,1.099935,-1.0
2023-04-13 04:00:00-04:00,1.099935,1.10319,1.099935,1.10101,-1.0
2023-04-13 08:00:00-04:00,1.10101,1.10678,1.10084,1.105295,-1.0
2023-04-13 12:00:00-04:00,1.105295,1.10599,1.104415,1.104665,-1.0
2023-04-13 16:00:00-04:00,1.104665,1.10488,1.104615,1.10463,-1.0
2023-04-13 17:15:00-04:00,1.104625,1.10519,1.10459,1.10519,-1.0
2023-04-13 20:00:00-04:00,1.10519,1.107525,1.104875,1.107045,-1.0
2023-04-14 00:00:00-04:00,1.107045,1.107585,1.10595,1.10654,-1.0
2023-04-14 04:00:00-04:00,1.10654,1.106675,1.104775,1.10539,-1.0
2023-04-14 08:00:00-04:00,1.10539,1.10743,1.097525,1.097885,-1.0
2023-04-14 12:00:00-04:00,1.097885,1.09993,1.097245,1.099665,-1.0
2023-04-14 16:00:00-04:00,1.099665,1.0998,1.099155,1.099355,-1.0
2023-04-16 17:15:00-04:00,1.099375,1.0998,1.09834,1.098445,-1.0
2023-04-16 20:00:00-04:00,1.098445,1.09916,1.09617,1.09764,-1.0
2023-04-17 00:00:00-04:00,1.09764,1.099985,1.097565,1.099195,-1.0
2023-04-17 04:00:00-04:00,1.099195,1.099335,1.096415,1.09769,-1.0
2023-04-17 08:00:00-04:00,1.09769,1.09844,1.090935,1.091395,-1.0
2023-04-17 12:00:00-04:00,1.091395,1.09314,1.091065,1.0931,-1.0
2023-04-17 16:00:00-04:00,1.0931,1.093105,1.09257,1.09257,-1.0
2023-04-17 17:15:00-04:00,1.092475,1.092895,1.092345,1.092455,-1.0
2023-04-17 20:00:00-04:00,1.092455,1.093915,1.092245,1.09358,-1.0
2023-04-18 00:00:00-04:00,1.09358,1.097105,1.093395,1.097035,-1.0
2023-04-18 04:00:00-04:00,1.097035,1.09831,1.096575,1.096635,-1.0
2023-04-18 08:00:00-04:00,1.096635,1.097825,1.09429,1.095725,-1.0
2023-04-18 12:00:00-04:00,1.095725,1.097485,1.09548,1.097095,-1.0
2023-04-18 16:00:00-04:00,1.097095,1.097445,1.096995,1.0972,-1.0
2023-04-18 17:15:00-04:00,1.09687,1.097665,1.096855,1.097505,-1.0
2023-04-18 20:00:00-04:00,1.097505,1.09841,1.096505,1.09743,-1.0
2023-04-19 00:00:00-04:00,1.09743,1.097465,1.094645,1.096265,-1.0
2023-04-19 04:00:00-04:00,1.096265,1.09633,1.09174,1.09313,-1.0
2023-04-19 08:00:00-04:00,1.09313,1.097945,1.092745,1.095325,-1.0
2023-04-19 12:00:00-04:00,1.095325,1.096685,1.095175,1.09549,-1.0
2023-04-19 16:00:00-04:00,1.09549,1.09572,1.09517,1.09544,-1.0
2023-04-19 17:15:00-04:00,1.095475,1.095995,1.094705,1.095175,-1.0
2023-04-19 20:00:00-04:00,1.095175,1.09618,1.094955,1.09596,-1.0
2023-04-20 00:00:00-04:00,1.09596,1.097315,1.095,1.096135,-1.0
2023-04-20 04:00:00-04:00,1.096135,1.097845,1.09538,1.095485,-1.0
2023-04-20 08:00:00-04:00,1.095485,1.098975,1.09334,1.096955,-1.0
2023-04-20 12:00:00-04:00,1.096955,1.097265,1.095635,1.09636,-1.0
2023-04-20 16:00:00-04:00,1.09636,1.097165,1.096335,1.09694,-1.0
2023-04-20 17:15:00-04:00,1.0966,1.09721,1.096575,1.096765,-1.0
2023-04-20 20:00:00-04:00,1.096765,1.097335,1.09619,1.096415,-1.0
2023-04-21 00:00:00-04:00,1.096415,1.096415,1.093795,1.095635,-1.0
2023-04-21 04:00:00-04:00,1.095635,1.098595,1.094905,1.098145,-1.0
2023-04-21 08:00:00-04:00,1.098145,1.099385,1.094265,1.09721,-1.0
2023-04-21 12:00:00-04:00,1.09721,1.09903,1.096925,1.09902,-1.0
2023-04-21 16:00:00-04:00,1.09902,1.09929,1.097975,1.0986,-1.0
2023-04-23 17:15:00-04:00,1.09905,1.099635,1.098765,1.099185,-1.0
2023-04-23 20:00:00-04:00,1.099185,1.0995,1.09799,1.098175,-1.0
2023-04-24 00:00:00-04:00,1.098175,1.098835,1.0966,1.09871,-1.0
2023-04-24 04:00:00-04:00,1.09871,1.102055,1.098385,1.100235,-1.0
2023-04-24 08:00:00-04:00,1.100235,1.10369,1.099935,1.102595,-1.0
2023-04-24 12:00:00-04:00,1.102595,1.10502,1.10248,1.104325,-1.0
2023-04-24 16:00:00-04:00,1.104325,1.104685,1.104325,1.10462,-1.0
2023-04-24 17:15:00-04:00,1.104285,1.105725,1.104285,1.10572,-1.0
2023-04-24 20:00:00-04:00,1.10572,1.106705,1.10515,1.105295,-1.0
2023-04-25 00:00:00-04:00,1.105295,1.10588,1.10246,1.103275,-1.0
2023-04-25 04:00:00-04:00,1.103275,1.10441,1.10096,1.101695,-1.0
2023-04-25 08:00:00-04:00,1.101695,1.102935,1.096865,1.09687,-1.0
2023-04-25 12:00:00-04:00,1.09687,1.097625,1.09642,1.09699,-1.0
2023-04-25 16:00:00-04:00,1.09699,1.09756,1.096955,1.097265,-1.0
2023-04-25 17:15:00-04:00,1.097225,1.098055,1.096985,1.097805,-1.0
2023-04-25 20:00:00-04:00,1.097805,1.09801,1.09684,1.097535,-1.0
2023-04-26 00:00:00-04:00,1.097535,1.1026,1.09722,1.101935,-1.0
2023-04-26 04:00:00-04:00,1.101935,1.10626,1.10161,1.104625,-1.0
2023-04-26 08:00:00-04:00,1.104625,1.109565,1.10356,1.1051,-1.0
2023-04-26 12:00:00-04:00,1.1051,1.105295,1.103245,1.103565,-1.0
2023-04-26 16:00:00-04:00,1.103565,1.10423,1.10352,1.10393,-1.0
2023-04-26 17:15:00-04:00,1.1038,1.104655,1.103525,1.104535,-1.0
2023-04-26 20:00:00-04:00,1.104535,1.105395,1.1039,1.104585,-1.0
2023-04-27 00:00:00-04:00,1.104585,1.10635,1.104005,1.104975,-1.0
2023-04-27 04:00:00-04:00,1.104975,1.10594,1.10306,1.10345,-1.0
2023-04-27 08:00:00-04:00,1.10345,1.10579,1.09921,1.10156,-1.0
2023-04-27 12:00:00-04:00,1.10156,1.102995,1.10055,1.102425,-1.0
2023-04-27 16:00:00-04:00,1.102425,1.102975,1.102335,1.102845,-1.0
2023-04-27 17:15:00-04:00,1.10275,1.103405,1.10252,1.103155,-1.0
2023-04-27 20:00:00-04:00,1.103155,1.103965,1.101255,1.101945,-1.0
2023-04-28 00:00:00-04:00,1.101945,1.103665,1.099405,1.100875,-1.0
2023-04-28 04:00:00-04:00,1.100875,1.10099,1.097245,1.0974,-1.0
2023-04-28 08:00:00-04:00,1.0974,1.1045,1.096245,1.10395,-1.0
2023-04-28 12:00:00-04:00,1.10395,1.104085,1.10121,1.101955,-1.0
2023-04-28 16:00:00-04:00,1.101955,1.102055,1.101395,1.10205,-1.0
2023-04-30 17:15:00-04:00,1.102075,1.10243,1.101015,1.10107,-1.0
2023-04-30 20:00:00-04:00,1.10107,1.10145,1.100085,1.101405,-1.0
2023-05-01 00:00:00-04:00,1.101405,1.101445,1.099485,1.10034,-1.0
2023-05-01 04:00:00-04:00,1.10034,1.101435,1.098835,1.10134,-1.0
2023-05-01 08:00:00-04:00,1.10134,1.103575,1.096625,1.096945,-1.0
2023-05-01 12:00:00-04:00,1.096945,1.097575,1.096425,1.097295,-1.0
2023-05-01 16:00:00-04:00,1.097295,1.097725,1.097145,1.0976,-1.0
2023-05-01 17:15:00-04:00,1.0976,1.09774,1.09673,1.09688,-1.0
2023-05-01 20:00:00-04:00,1.09688,1.09946,1.09686,1.09841,-1.0
2023-05-02 00:00:00-04:00,1.09841,1.10067,1.097915,1.09858,-1.0
2023-05-02 04:00:00-04:00,1.09858,1.098675,1.094815,1.096775,-1.0
2023-05-02 08:00:00-04:00,1.096775,1.09976,1.09422,1.099675,-1.0
2023-05-02 12:00:00-04:00,1.099675,1.10081,1.09941,1.10058,-1.0
2023-05-02 16:00:00-04:00,1.10058,1.100695,1.099775,1.09978,-1.0
2023-05-02 17:15:00-04:00,1.1002,1.101385,1.099955,1.10108,-1.0
2023-05-02 20:00:00-04:00,1.10108,1.102995,1.10048,1.102965,-1.0
2023-05-03 00:00:00-04:00,1.102965,1.104135,1.10142,1.10344,-1.0
2023-05-03 04:00:00-04:00,1.10344,1.104695,1.10297,1.10397,-1.0
2023-05-03 08:00:00-04:00,1.10397,1.10593,1.10228,1.10478,-1.0
2023-05-03 12:00:00-04:00,1.10478,1.109195,1.10373,1.10545,-1.0
2023-05-03 16:00:00-04:00,1.10545,1.106385,1.105175,1.106245,-1.0
2023-05-03 17:15:00-04:00,1.105925,1.10783,1.105835,1.10687,-1.0
2023-05-03 20:00:00-04:00,1.10687,1.108775,1.10687,1.10814,-1.0
2023-05-04 00:00:00-04:00,1.10814,1.109165,1.105215,1.1058,-1.0
2023-05-04 04:00:00-04:00,1.1058,1.10767,1.103655,1.107455,-1.0
2023-05-04 08:00:00-04:00,1.107455,1.108445,1.09862,1.100835,-1.0
2023-05-04 12:00:00-04:00,1.100835,1.10317,1.10081,1.10147,-1.0
2023-05-04 16:00:00-04:00,1.10147,1.101555,1.101155,1.10123,-1.0
2023-05-04 17:15:00-04:00,1.101225,1.10246,1.100975,1.1023,-1.0
2023-05-04 20:00:00-04:00,1.1023,1.104475,1.101895,1.10442,-1.0
2023-05-05 00:00:00-04:00,1.10442,1.10479,1.10257,1.102685,-1.0
2023-05-05 04:00:00-04:00,1.102685,1.103205,1.10085,1.100945,-1.0
2023-05-05 08:00:00-04:00,1.100945,1.102685,1.096685,1.10248,-1.0
2023-05-05 12:00:00-04:00,1.10248,1.103675,1.10097,1.101825,-1.0
2023-05-05 16:00:00-04:00,1.101825,1.101995,1.101685,1.101975,-1.0
2023-05-07 17:15:00-04:00,1.10215,1.102355,1.10143,1.10184,-1.0
2023-05-07 20:00:00-04:00,1.10184,1.103995,1.101695,1.103915,-1.0
2023-05-08 00:00:00-04:00,1.103915,1.105065,1.103675,1.104935,-1.0
2023-05-08 04:00:00-04:00,1.104935,1.10538,1.102295,1.103515,-1.0
2023-05-08 08:00:00-04:00,1.103515,1.104435,1.101165,1.10197,-1.0
2023-05-08 12:00:00-04:00,1.10197,1.10293,1.100015,1.10019,-1.0
2023-05-08 16:00:00-04:00,1.10019,1.100565,1.10002,1.10041,-1.0
2023-05-08 17:15:00-04:00,1.1001,1.100695,1.09954,1.09966,-1.0
2023-05-08 20:00:00-04:00,1.09966,1.099755,1.0985,1.099375,-1.0
2023-05-09 00:00:00-04:00,1.099375,1.100085,1.09728,1.09782,-1.0
2023-05-09 04:00:00-04:00,1.09782,1.09863,1.095925,1.096375,-1.0
2023-05-09 08:00:00-04:00,1.096375,1.096725,1.09411,1.095285,-1.0
2023-05-09 12:00:00-04:00,1.095285,1.09726,1.094925,1.096285,-1.0
2023-05-09 16:00:00-04:00,1.096285,1.09641,1.095965,1.09606,-1.0
2023-05-09 17:15:00-04:00,1.096525,1.0969,1.09453,1.09647,-1.0
2023-05-09 20:00:00-04:00,1.09647,1.09774,1.096465,1.09763,-1.0
2023-05-10 00:00:00-04:00,1.09763,1.098265,1.09624,1.096485,-1.0
2023-05-10 04:00:00-04:00,1.096485,1.09649,1.09459,1.09493,-1.0
2023-05-10 08:00:00-04:00,1.09493,1.10071,1.09416,1.096525,-1.0
2023-05-10 12:00:00-04:00,1.096525,1.098495,1.09616,1.098245,-1.0
2023-05-10 16:00:00-04:00,1.098245,1.098465,1.09807,1.098195,-1.0
2023-05-10 17:15:00-04:00,1.098145,1.098735,1.098145,1.09828,-1.0
2023-05-10 20:00:00-04:00,1.09828,1.09981,1.09736,1.09745,-1.0
2023-05-11 00:00:00-04:00,1.09745,1.09824,1.09242,1.093015,-1.0
2023-05-11 04:00:00-04:00,1.093015,1.09384,1.09179,1.093165,-1.0
2023-05-11 08:00:00-04:00,1.093165,1.09482,1.09002,1.091565,-1.0
2023-05-11 12:00:00-04:00,1.091565,1.092905,1.091075,1.091715,-1.0
2023-05-11 16:00:00-04:00,1.091715,1.091775,1.09151,1.09154,-1.0
2023-05-11 17:15:00-04:00,1.09215,1.092215,1.09114,1.091245,-1.0
2023-05-11 20:00:00-04:00,1.091245,1.092545,1.09123,1.092225,-1.0
2023-05-12 00:00:00-04:00,1.092225,1.09357,1.090625,1.09077,-1.0
2023-05-12 04:00:00-04:00,1.09077,1.091745,1.088925,1.08921,-1.0
2023-05-12 08:00:00-04:00,1.08921,1.08975,1.08543,1.085565,-1.0
2023-05-12 12:00:00-04:00,1.085565,1.085695,1.08486,1.085185,-1.0
2023-05-12 16:00:00-04:00,1.085185,1.085225,1.084785,1.084975,-1.0
2023-05-14 17:15:00-04:00,1.0854,1.0856,1.08457,1.0853,-1.0
2023-05-14 20:00:00-04:00,1.0853,1.086445,1.08482,1.086,-1.0
2023-05-15 00:00:00-04:00,1.086,1.08771,1.08574,1.08739,-1.0
2023-05-15 04:00:00-04:00,1.08739,1.088065,1.085555,1.087765,-1.0
2023-05-15 08:00:00-04:00,1.087765,1.089095,1.08639,1.087325,-1.0
2023-05-15 12:00:00-04:00,1.087325,1.087905,1.08677,1.087515,-1.0
2023-05-15 16:00:00-04:00,1.087515,1.08764,1.087295,1.08745,-1.0
2023-05-15 17:15:00-04:00,1.087445,1.087745,1.08733,1.087375,-1.0
2023-05-15 20:00:00-04:00,1.087375,1.088465,1.086835,1.088255,-1.0
2023-05-16 00:00:00-04:00,1.088255,1.08946,1.08629,1.088855,-1.0
2023-05-16 04:00:00-04:00,1.088855,1.090475,1.08851,1.088695,-1.0
2023-05-16 08:00:00-04:00,1.088695,1.08898,1.085495,1.086465,-1.0
2023-05-16 12:00:00-04:00,1.086465,1.08722,1.08581,1.0863,-1.0
2023-05-16 16:00:00-04:00,1.0863,1.086475,1.086065,1.0863,-1.0
2023-05-16 17:15:00-04:00,1.086375,1.08658,1.08608,1.086545,-1.0
2023-05-16 20:00:00-04:00,1.086545,1.087365,1.086215,1.086565,-1.0
2023-05-17 00:00:00-04:00,1.086565,1.086785,1.083135,1.08319,-1.0
2023-05-17 04:00:00-04:00,1.08319,1.084815,1.082075,1.082525,-1.0
2023-05-17 08:00:00-04:00,1.082525,1.083915,1.08103,1.082945,-1.0
2023-05-17 12:00:00-04:00,1.082945,1.08492,1.08291,1.08398,-1.0
2023-05-17 16:00:00-04:00,1.08398,1.08401,1.083695,1.08396,-1.0
2023-05-17 17:15:00-04:00,1.08398,1.08458,1.08348,1.083795,-1.0
2023-05-17 20:00:00-04:00,1.083795,1.08481,1.0835,1.083985,-1.0
2023-05-18 00:00:00-04:00,1.083985,1.084055,1.08091,1.081635,-1.0
2023-05-18 04:00:00-04:00,1.081635,1.08222,1.08054,1.081505,-1.0
2023-05-18 08:00:00-04:00,1.081505,1.081795,1.076325,1.07755,-1.0
2023-05-18 12:00:00-04:00,1.07755,1.078115,1.07626,1.077405,-1.0
2023-05-18 16:00:00-04:00,1.077405,1.077495,1.076975,1.077,-1.0
2023-05-18 17:15:00-04:00,1.07703,1.07769,1.07699,1.07751,-1.0
2023-05-18 20:00:00-04:00,1.07751,1.078015,1.076,1.07685,-1.0
2023-05-19 00:00:00-04:00,1.07685,1.079215,1.07606,1.07777,-1.0
2023-05-19 04:00:00-04:00,1.07777,1.080925,1.077095,1.080875,-1.0
2023-05-19 08:00:00-04:00,1.080875,1.082675,1.07823,1.081905,-1.0
2023-05-19 12:00:00-04:00,1.081905,1.08289,1.079775,1.080595,-1.0
2023-05-19 16:00:00-04:00,1.080595,1.080835,1.080125,1.08025,-1.0
2023-05-21 17:15:00-04:00,1.080555,1.082435,1.080545,1.08221,-1.0
2023-05-21 20:00:00-04:00,1.08221,1.082995,1.081675,1.08211,-1.0
2023-05-22 00:00:00-04:00,1.08211,1.082425,1.079555,1.080705,-1.0
2023-05-22 04:00:00-04:00,1.080705,1.082955,1.07992,1.082175,-1.0
2023-05-22 08:00:00-04:00,1.082175,1.083135,1.079625,1.08053,-1.0
2023-05-22 12:00:00-04:00,1.08053,1.08217,1.0803,1.08112,-1.0
2023-05-22 16:00:00-04:00,1.08112,1.081375,1.08097,1.081265,-1.0
2023-05-22 17:15:00-04:00,1.08155,1.08157,1.08064,1.08106,-1.0
2023-05-22 20:00:00-04:00,1.08106,1.08206,1.08027,1.08081,-1.0
2023-05-23 00:00:00-04:00,1.08081,1.08131,1.07852,1.08035,-1.0
2023-05-23 04:00:00-04:00,1.08035,1.08081,1.076985,1.07729,-1.0
2023-05-23 08:00:00-04:00,1.07729,1.07956,1.076305,1.077085,-1.0
2023-05-23 12:00:00-04:00,1.077085,1.078085,1.076035,1.076755,-1.0
2023-05-23 16:00:00-04:00,1.076755,1.07716,1.07668,1.076965,-1.0
2023-05-23 17:15:00-04:00,1.077155,1.077395,1.07688,1.076935,-1.0
2023-05-23 20:00:00-04:00,1.076935,1.07799,1.076775,1.0779,-1.0
2023-05-24 00:00:00-04:00,1.0779,1.078935,1.077025,1.078385,-1.0
2023-05-24 04:00:00-04:00,1.078385,1.079505,1.07483,1.07808,-1.0
2023-05-24 08:00:00-04:00,1.07808,1.080135,1.07548,1.075835,-1.0
2023-05-24 12:00:00-04:00,1.075835,1.076595,1.074945,1.074975,-1.0
2023-05-24 16:00:00-04:00,1.074975,1.075395,1.07489,1.074985,-1.0
2023-05-24 17:15:00-04:00,1.07525,1.075685,1.07422,1.075565,-1.0
2023-05-24 20:00:00-04:00,1.075565,1.07559,1.073605,1.07376,-1.0
2023-05-25 00:00:00-04:00,1.07376,1.0744,1.071405,1.072105,-1.0
2023-05-25 04:00:00-04:00,1.072105,1.073825,1.07198,1.07331,-1.0
2023-05-25 08:00:00-04:00,1.07331,1.07404,1.070735,1.07243,-1.0
2023-05-25 12:00:00-04:00,1.07243,1.07293,1.071145,1.07208,-1.0
2023-05-25 16:00:00-04:00,1.07208,1.07258,1.072065,1.072495,-1.0
2023-05-25 17:15:00-04:00,1.072625,1.07286,1.072255,1.07236,-1.0
2023-05-25 20:00:00-04:00,1.07236,1.073865,1.071905,1.07376,-1.0
2023-05-26 00:00:00-04:00,1.07376,1.074455,1.072545,1.074045,-1.0
2023-05-26 04:00:00-04:00,1.074045,1.075865,1.072575,1.075265,-1.0
2023-05-26 08:00:00-04:00,1.075265,1.07576,1.07018,1.07121,-1.0
2023-05-26 12:00:00-04:00,1.07121,1.07328,1.071185,1.072975,-1.0
2023-05-26 16:00:00-04:00,1.072975,1.073025,1.07214,1.07214,-1.0
2023-05-28 17:15:00-04:00,1.072375,1.07294,1.071825,1.072165,-1.0
2023-05-28 20:00:00-04:00,1.072165,1.07356,1.07172,1.073055,-1.0
2023-05-29 00:00:00-04:00,1.073055,1.07436,1.07246,1.07282,-1.0
2023-05-29 04:00:00-04:00,1.07282,1.072935,1.071055,1.071065,-1.0
2023-05-29 08:00:00-04:00,1.071065,1.07159,1.070595,1.071405,-1.0
2023-05-29 12:00:00-04:00,1.071405,1.071505,1.0709,1.070925,-1.0
2023-05-29 16:00:00-04:00,1.070925,1.071025,1.07054,1.07078,-1.0
2023-05-29 17:15:00-04:00,1.071045,1.07138,1.070615,1.070695,-1.0
2023-05-29 20:00:00-04:00,1.070695,1.072645,1.07013,1.070665,-1.0
2023-05-30 00:00:00-04:00,1.070665,1.070885,1.06725,1.069035,-1.0
2023-05-30 04:00:00-04:00,1.069035,1.07448,1.06874,1.07441,-1.0
2023-05-30 08:00:00-04:00,1.07441,1.074665,1.07185,1.072165,-1.0
2023-05-30 12:00:00-04:00,1.072165,1.073045,1.071435,1.072995,-1.0
2023-05-30 16:00:00-04:00,1.072995,1.07349,1.07272,1.07347,-1.0
2023-05-30 17:15:00-04:00,1.0732,1.073575,1.07304,1.073165,-1.0
2023-05-30 20:00:00-04:00,1.073165,1.07357,1.06944,1.06979,-1.0
2023-05-31 00:00:00-04:00,1.06979,1.070085,1.06699,1.067405,-1.0
2023-05-31 04:00:00-04:00,1.067405,1.06873,1.06586,1.067975,-1.0
2023-05-31 08:00:00-04:00,1.067975,1.070545,1.06509,1.065265,-1.0
2023-05-31 12:00:00-04:00,1.065265,1.068925,1.063515,1.068645,-1.0
2023-05-31 16:00:00-04:00,1.068645,1.069235,1.068575,1.06892,-1.0
2023-05-31 17:15:00-04:00,1.068625,1.069735,1.068215,1.069355,-1.0
2023-05-31 20:00:00-04:00,1.069355,1.069525,1.06803,1.06871,-1.0
2023-06-01 00:00:00-04:00,1.06871,1.069175,1.06619,1.06704,-1.0
2023-06-01 04:00:00-04:00,1.06704,1.071565,1.06646,1.070615,-1.0
2023-06-01 08:00:00-04:00,1.070615,1.075375,1.068465,1.075085,-1.0
2023-06-01 12:00:00-04:00,1.075085,1.07685,1.07477,1.07624,-1.0
2023-06-01 16:00:00-04:00,1.07624,1.07637,1.07587,1.07614,-1.0
2023-06-01 17:15:00-04:00,1.075925,1.076565,1.075875,1.07605,-1.0
2023-06-01 20:00:00-04:00,1.07605,1.076915,1.07581,1.07681,-1.0
2023-06-02 00:00:00-04:00,1.07681,1.07791,1.07601,1.076185,-1.0
2023-06-02 04:00:00-04:00,1.076185,1.077715,1.075765,1.07577,-1.0
2023-06-02 08:00:00-04:00,1.07577,1.077115,1.071755,1.07232,-1.0
2023-06-02 12:00:00-04:00,1.07232,1.07238,1.070565,1.07079,-1.0
2023-06-02 16:00:00-04:00,1.07079,1.070875,1.070505,1.07078,-1.0
2023-06-04 17:15:00-04:00,1.070925,1.07099,1.06938,1.06969,-1.0
2023-06-04 20:00:00-04:00,1.06969,1.070475,1.069035,1.07027,-1.0
2023-06-05 00:00:00-04:00,1.07027,1.07037,1.068335,1.068985,-1.0
2023-06-05 04:00:00-04:00,1.068985,1.06991,1.068485,1.068975,-1.0
2023-06-05 08:00:00-04:00,1.068975,1.07226,1.06745,1.072075,-1.0
2023-06-05 12:00:00-04:00,1.072075,1.07212,1.07074,1.07124,-1.0
2023-06-05 16:00:00-04:00,1.07124,1.07136,1.070975,1.07119,-1.0
2023-06-05 17:15:00-04:00,1.07125,1.07147,1.070745,1.071155,-1.0
2023-06-05 20:00:00-04:00,1.071155,1.072485,1.07099,1.07159,-1.0
2023-06-06 00:00:00-04:00,1.07159,1.073295,1.07072,1.071455,-1.0
2023-06-06 04:00:00-04:00,1.071455,1.0715,1.06763,1.06769,-1.0
2023-06-06 08:00:00-04:00,1.06769,1.069695,1.066715,1.069445,-1.0
2023-06-06 12:00:00-04:00,1.069445,1.06978,1.068225,1.069195,-1.0
2023-06-06 16:00:00-04:00,1.069195,1.069345,1.069035,1.069255,-1.0
2023-06-06 17:15:00-04:00,1.06955,1.069915,1.06924,1.069865,-1.0
2023-06-06 20:00:00-04:00,1.069865,1.07045,1.068875,1.069295,-1.0
2023-06-07 00:00:00-04:00,1.069295,1.069575,1.066835,1.068425,-1.0
2023-06-07 04:00:00-04:00,1.068425,1.072325,1.067935,1.071545,-1.0
2023-06-07 08:00:00-04:00,1.071545,1.073975,1.069525,1.070115,-1.0
2023-06-07 12:00:00-04:00,1.070115,1.070675,1.069105,1.069365,-1.0
2023-06-07 16:00:00-04:00,1.069365,1.07,1.069365,1.06986,-1.0
2023-06-07 17:15:00-04:00,1.06995,1.070715,1.069675,1.070695,-1.0
2023-06-07 20:00:00-04:00,1.070695,1.071165,1.070315,1.070835,-1.0
2023-06-08 00:00:00-04:00,1.070835,1.07192,1.070105,1.07132,-1.0
2023-06-08 04:00:00-04:00,1.07132,1.073935,1.070985,1.07357,-1.0
2023-06-08 08:00:00-04:00,1.07357,1.07834,1.07335,1.0779,-1.0
2023-06-08 12:00:00-04:00,1.0779,1.078715,1.077365,1.077915,-1.0
2023-06-08 16:00:00-04:00,1.077915,1.078335,1.077895,1.07823,-1.0
2023-06-08 17:15:00-04:00,1.07811,1.078525,1.078045,1.07818,-1.0
2023-06-08 20:00:00-04:00,1.07818,1.07852,1.07756,1.077785,-1.0
2023-06-09 00:00:00-04:00,1.077785,1.07841,1.07676,1.077555,-1.0
2023-06-09 04:00:00-04:00,1.077555,1.078175,1.075645,1.07732,-1.0
2023-06-09 08:00:00-04:00,1.07732,1.078415,1.07466,1.07479,-1.0
2023-06-09 12:00:00-04:00,1.07479,1.07525,1.07428,1.07442,-1.0
2023-06-09 16:00:00-04:00,1.07442,1.075005,1.074395,1.074765,-1.0
2023-06-11 17:15:00-04:00,1.074975,1.07515,1.07432,1.075,-1.0
2023-06-11 20:00:00-04:00,1.075,1.07505,1.07331,1.074095,-1.0
2023-06-12 00:00:00-04:00,1.074095,1.07724,1.07391,1.07696,-1.0
2023-06-12 04:00:00-04:00,1.07696,1.079025,1.07614,1.07629,-1.0
2023-06-12 08:00:00-04:00,1.07629,1.077165,1.0743,1.07462,-1.0
2023-06-12 12:00:00-04:00,1.07462,1.076335,1.07439,1.07602,-1.0
2023-06-12 16:00:00-04:00,1.07602,1.07605,1.07559,1.07559,-1.0
2023-06-12 17:15:00-04:00,1.0755,1.076425,1.075475,1.076225,-1.0
2023-06-12 20:00:00-04:00,1.076225,1.078015,1.075935,1.07791,-1.0
2023-06-13 00:00:00-04:00,1.07791,1.080765,1.07761,1.079975,-1.0
2023-06-13 04:00:00-04:00,1.079975,1.08106,1.079195,1.07943,-1.0
2023-06-13 08:00:00-04:00,1.07943,1.08235,1.07782,1.079125,-1.0
2023-06-13 12:00:00-04:00,1.079125,1.080455,1.078295,1.079185,-1.0
2023-06-13 16:00:00-04:00,1.079185,1.07934,1.07904,1.07934,-1.0
2023-06-13 17:15:00-04:00,1.0793,1.0793,1.078825,1.078955,-1.0
2023-06-13 20:00:00-04:00,1.078955,1.07962,1.078585,1.078995,-1.0
2023-06-14 00:00:00-04:00,1.078995,1.079695,1.077385,1.07896,-1.0
2023-06-14 04:00:00-04:00,1.07896,1.081015,1.078595,1.08035,-1.0
2023-06-14 08:00:00-04:00,1.08035,1.08581,1.08035,1.085795,-1.0
2023-06-14 12:00:00-04:00,1.085795,1.08642,1.080135,1.082685,-1.0
2023-06-14 16:00:00-04:00,1.082685,1.083555,1.08249,1.082895,-1.0
2023-06-14 17:15:00-04:00,1.082795,1.084305,1.08269,1.084285,-1.0
2023-06-14 20:00:00-04:00,1.084285,1.084455,1.08083,1.081345,-1.0
2023-06-15 00:00:00-04:00,1.081345,1.08289,1.080385,1.0827,-1.0
2023-06-15 04:00:00-04:00,1.0827,1.08489,1.081775,1.081785,-1.0
2023-06-15 08:00:00-04:00,1.081785,1.09357,1.08145,1.093275,-1.0
2023-06-15 12:00:00-04:00,1.093275,1.095275,1.09322,1.09477,-1.0
2023-06-15 16:00:00-04:00,1.09477,1.094935,1.094485,1.094485,-1.0
2023-06-15 17:15:00-04:00,1.094425,1.09514,1.09418,1.094565,-1.0
2023-06-15 20:00:00-04:00,1.094565,1.09509,1.09356,1.093815,-1.0
2023-06-16 00:00:00-04:00,1.093815,1.09625,1.093395,1.09427,-1.0
2023-06-16 04:00:00-04:00,1.09427,1.096565,1.09382,1.09602,-1.0
2023-06-16 08:00:00-04:00,1.09602,1.097065,1.091795,1.09242,-1.0
2023-06-16 12:00:00-04:00,1.09242,1.094555,1.092415,1.09352,-1.0
2023-06-16 16:00:00-04:00,1.09352,1.09443,1.09304,1.09304,-1.0
2023-06-18 17:15:00-04:00,1.0936,1.09432,1.09335,1.093985,-1.0
2023-06-18 20:00:00-04:00,1.093985,1.094645,1.09336,1.093705,-1.0
2023-06-19 00:00:00-04:00,1.093705,1.094145,1.09252,1.092935,-1.0
2023-06-19 04:00:00-04:00,1.092935,1.09387,1.090715,1.092135,-1.0
2023-06-19 08:00:00-04:00,1.092135,1.09295,1.091235,1.09221,-1.0
2023-06-19 12:00:00-04:00,1.09221,1.09263,1.09158,1.091855,-1.0
2023-06-19 16:00:00-04:00,1.091855,1.092245,1.091745,1.09215,-1.0
2023-06-19 17:15:00-04:00,1.092075,1.092645,1.091915,1.09237,-1.0
2023-06-19 20:00:00-04:00,1.09237,1.092625,1.09107,1.091985,-1.0
2023-06-20 00:00:00-04:00,1.091985,1.094635,1.091185,1.094395,-1.0
2023-06-20 04:00:00-04:00,1.094395,1.09449,1.09221,1.09288,-1.0
2023-06-20 08:00:00-04:00,1.09288,1.09359,1.08922,1.089975,-1.0
2023-06-20 12:00:00-04:00,1.089975,1.091765,1.08954,1.091275,-1.0
2023-06-20 16:00:00-04:00,1.091275,1.09186,1.091225,1.091795,-1.0
2023-06-20 17:15:00-04:00,1.091855,1.092235,1.09174,1.09201,-1.0
2023-06-20 20:00:00-04:00,1.09201,1.092115,1.09119,1.09149,-1.0
2023-06-21 00:00:00-04:00,1.09149,1.09199,1.090575,1.09128,-1.0
2023-06-21 04:00:00-04:00,1.09128,1.093385,1.09094,1.092445,-1.0
2023-06-21 08:00:00-04:00,1.092445,1.096415,1.09083,1.09507,-1.0
2023-06-21 12:00:00-04:00,1.09507,1.099,1.094975,1.098795,-1.0
2023-06-21 16:00:00-04:00,1.098795,1.099085,1.098525,1.09863,-1.0
2023-06-21 17:15:00-04:00,1.098575,1.09925,1.09841,1.099145,-1.0
2023-06-21 20:00:00-04:00,1.099145,1.0995,1.09867,1.099305,-1.0
2023-06-22 00:00:00-04:00,1.099305,1.100015,1.097975,1.09944,-1.0
2023-06-22 04:00:00-04:00,1.09944,1.101245,1.09873,1.098925,-1.0
2023-06-22 08:00:00-04:00,1.098925,1.100185,1.095225,1.095275,-1.0
2023-06-22 12:00:00-04:00,1.095275,1.09617,1.09485,1.095815,-1.0
2023-06-22 16:00:00-04:00,1.095815,1.09586,1.095315,1.09559,-1.0
2023-06-22 17:15:00-04:00,1.09593,1.09593,1.095285,1.09555,-1.0
2023-06-22 20:00:00-04:00,1.09555,1.095905,1.09323,1.093565,-1.0
2023-06-23 00:00:00-04:00,1.093565,1.0937,1.08537,1.08688,-1.0
2023-06-23 04:00:00-04:00,1.08688,1.08793,1.08444,1.087615,-1.0
2023-06-23 08:00:00-04:00,1.087615,1.090305,1.087615,1.088625,-1.0
2023-06-23 12:00:00-04:00,1.088625,1.08964,1.08827,1.089115,-1.0
2023-06-23 16:00:00-04:00,1.089115,1.08965,1.089025,1.089175,-1.0
2023-06-25 17:15:00-04:00,1.09015,1.090745,1.08971,1.090635,-1.0
2023-06-25 20:00:00-04:00,1.090635,1.090985,1.08989,1.090605,-1.0
2023-06-26 00:00:00-04:00,1.090605,1.09111,1.08955,1.090255,-1.0
2023-06-26 04:00:00-04:00,1.090255,1.0918,1.08873,1.091785,-1.0
2023-06-26 08:00:00-04:00,1.091785,1.09201,1.09028,1.090945,-1.0
2023-06-26 12:00:00-04:00,1.090945,1.09154,1.089985,1.090625,-1.0
2023-06-26 16:00:00-04:00,1.090625,1.09086,1.090415,1.09059,-1.0
2023-06-26 17:15:00-04:00,1.090945,1.09122,1.09061,1.09099,-1.0
2023-06-26 20:00:00-04:00,1.09099,1.09352,1.090215,1.092675,-1.0
2023-06-27 00:00:00-04:00,1.092675,1.094155,1.091625,1.093955,-1.0
2023-06-27 04:00:00-04:00,1.093955,1.095285,1.092615,1.094465,-1.0
2023-06-27 08:00:00-04:00,1.094465,1.09767,1.094235,1.095995,-1.0
2023-06-27 12:00:00-04:00,1.095995,1.09656,1.095515,1.096265,-1.0
2023-06-27 16:00:00-04:00,1.096265,1.096335,1.095985,1.09604,-1.0
2023-06-27 17:15:00-04:00,1.096075,1.0963,1.09548,1.09576,-1.0
2023-06-27 20:00:00-04:00,1.09576,1.09615,1.094225,1.09509,-1.0
2023-06-28 00:00:00-04:00,1.09509,1.09571,1.093605,1.095275,-1.0
2023-06-28 04:00:00-04:00,1.095275,1.096235,1.09376,1.094045,-1.0
2023-06-28 08:00:00-04:00,1.094045,1.09447,1.089665,1.09034,-1.0
2023-06-28 12:00:00-04:00,1.09034,1.092395,1.090305,1.091595,-1.0
2023-06-28 16:00:00-04:00,1.091595,1.09169,1.091135,1.091315,-1.0
2023-06-28 17:15:00-04:00,1.0916,1.091895,1.091365,1.091525,-1.0
2023-06-28 20:00:00-04:00,1.091525,1.091625,1.089055,1.08931,-1.0
2023-06-29 00:00:00-04:00,1.08931,1.092075,1.088085,1.091665,-1.0
2023-06-29 04:00:00-04:00,1.091665,1.093975,1.091055,1.093875,-1.0
2023-06-29 08:00:00-04:00,1.093875,1.094145,1.086025,1.088035,-1.0
2023-06-29 12:00:00-04:00,1.088035,1.088375,1.086565,1.08693,-1.0
2023-06-29 16:00:00-04:00,1.08693,1.086955,1.08627,1.08643,-1.0
2023-06-29 17:15:00-04:00,1.0867,1.08681,1.08626,1.08675,-1.0
2023-06-29 20:00:00-04:00,1.08675,1.087555,1.086025,1.087145,-1.0
2023-06-30 00:00:00-04:00,1.087145,1.08755,1.08534,1.08564,-1.0
2023-06-30 04:00:00-04:00,1.08564,1.08593,1.083525,1.085355,-1.0
2023-06-30 08:00:00-04:00,1.085355,1.093185,1.085315,1.091915,-1.0
2023-06-30 12:00:00-04:00,1.091915,1.0923,1.09094,1.09129,-1.0
2023-06-30 16:00:00-04:00,1.09129,1.091325,1.090805,1.09115,-1.0
2023-07-02 17:15:00-04:00,1.09125,1.091375,1.09065,1.090755,-1.0
2023-07-02 20:00:00-04:00,1.090755,1.091775,1.09006,1.091275,-1.0
2023-07-03 00:00:00-04:00,1.091275,1.09183,1.08701,1.08751,-1.0
2023-07-03 04:00:00-04:00,1.08751,1.090465,1.08732,1.089895,-1.0
2023-07-03 08:00:00-04:00,1.089895,1.093405,1.089395,1.091825,-1.0
2023-07-03 12:00:00-04:00,1.091825,1.09213,1.090845,1.09093,-1.0
2023-07-03 16:00:00-04:00,1.09093,1.09149,1.090895,1.091205,-1.0
2023-07-03 17:15:00-04:00,1.091295,1.091555,1.09113,1.0913,-1.0
2023-07-03 20:00:00-04:00,1.0913,1.091645,1.09025,1.09045,-1.0
2023-07-04 00:00:00-04:00,1.09045,1.09148,1.08941,1.090305,-1.0
2023-07-04 04:00:00-04:00,1.090305,1.09046,1.088965,1.089835,-1.0
2023-07-04 08:00:00-04:00,1.089835,1.090745,1.089365,1.09012,-1.0
2023-07-04 12:00:00-04:00,1.09012,1.090135,1.088085,1.08834,-1.0
2023-07-04 16:00:00-04:00,1.08834,1.08837,1.08768,1.087925,-1.0
2023-07-04 17:15:00-04:00,1.0884,1.0884,1.087735,1.088255,-1.0
2023-07-04 20:00:00-04:00,1.088255,1.08909,1.087505,1.08774,-1.0
2023-07-05 00:00:00-04:00,1.08774,1.0908,1.086775,1.088645,-1.0
2023-07-05 04:00:00-04:00,1.088645,1.08958,1.086635,1.08793,-1.0
2023-07-05 08:00:00-04:00,1.08793,1.090205,1.086495,1.08671,-1.0
2023-07-05 12:00:00-04:00,1.08671,1.08672,1.08511,1.085515,-1.0
2023-07-05 16:00:00-04:00,1.085515,1.08558,1.08531,1.085445,-1.0
2023-07-05 17:15:00-04:00,1.08575,1.08577,1.08523,1.085535,-1.0
2023-07-05 20:00:00-04:00,1.085535,1.08561,1.083995,1.084025,-1.0
2023-07-06 00:00:00-04:00,1.084025,1.08756,1.083385,1.085575,-1.0
2023-07-06 04:00:00-04:00,1.085575,1.089795,1.084545,1.089535,-1.0
2023-07-06 08:00:00-04:00,1.089535,1.090065,1.08335,1.08724,-1.0
2023-07-06 12:00:00-04:00,1.08724,1.088885,1.087085,1.088835,-1.0
2023-07-06 16:00:00-04:00,1.088835,1.089275,1.088525,1.0889,-1.0
2023-07-06 17:15:00-04:00,1.08882,1.08951,1.088815,1.088965,-1.0
2023-07-06 20:00:00-04:00,1.088965,1.08916,1.088255,1.08878,-1.0
2023-07-07 00:00:00-04:00,1.08878,1.09005,1.08716,1.087615,-1.0
2023-07-07 04:00:00-04:00,1.087615,1.08971,1.08669,1.088755,-1.0
2023-07-07 08:00:00-04:00,1.088755,1.09635,1.087465,1.096315,-1.0
2023-07-07 12:00:00-04:00,1.096315,1.097335,1.09631,1.09667,-1.0
2023-07-07 16:00:00-04:00,1.09667,1.097005,1.096495,1.096535,-1.0
2023-07-09 17:15:00-04:00,1.096625,1.097,1.09624,1.09671,-1.0
2023-07-09 20:00:00-04:00,1.09671,1.09695,1.09529,1.09559,-1.0
2023-07-10 00:00:00-04:00,1.09559,1.096555,1.09451,1.095455,-1.0
2023-07-10 04:00:00-04:00,1.095455,1.097325,1.095295,1.0954,-1.0
2023-07-10 08:00:00-04:00,1.0954,1.09929,1.094355,1.098995,-1.0
2023-07-10 12:00:00-04:00,1.098995,1.100035,1.098265,1.09981,-1.0
2023-07-10 16:00:00-04:00,1.09981,1.100155,1.099685,1.10013,-1.0
2023-07-10 17:15:00-04:00,1.10015,1.100595,1.099605,1.10054,-1.0
2023-07-10 20:00:00-04:00,1.10054,1.10202,1.100165,1.101745,-1.0
2023-07-11 00:00:00-04:00,1.101745,1.102715,1.100615,1.10082,-1.0
2023-07-11 04:00:00-04:00,1.10082,1.101565,1.09832,1.09838,-1.0
2023-07-11 08:00:00-04:00,1.09838,1.099475,1.097695,1.099185,-1.0
2023-07-11 12:00:00-04:00,1.099185,1.100915,1.099105,1.100635,-1.0
2023-07-11 16:00:00-04:00,1.100635,1.10093,1.100495,1.10089,-1.0
2023-07-11 17:15:00-04:00,1.10063,1.101445,1.100625,1.101375,-1.0
2023-07-11 20:00:00-04:00,1.101375,1.10336,1.101205,1.102965,-1.0
2023-07-12 00:00:00-04:00,1.102965,1.10369,1.10205,1.10274,-1.0
2023-07-12 04:00:00-04:00,1.10274,1.103065,1.101355,1.10148,-1.0
2023-07-12 08:00:00-04:00,1.10148,1.11254,1.10148,1.11222,-1.0
2023-07-12 12:00:00-04:00,1.11222,1.114045,1.112045,1.113715,-1.0
2023-07-12 16:00:00-04:00,1.113715,1.1138,1.112875,1.11294,-1.0
2023-07-12 17:15:00-04:00,1.11329,1.11407,1.112815,1.11406,-1.0
2023-07-12 20:00:00-04:00,1.11406,1.114885,1.113645,1.11457,-1.0
2023-07-13 00:00:00-04:00,1.11457,1.11579,1.112985,1.11554,-1.0
2023-07-13 04:00:00-04:00,1.11554,1.1178,1.11504,1.11744,-1.0
2023-07-13 08:00:00-04:00,1.11744,1.119665,1.116165,1.119285,-1.0
2023-07-13 12:00:00-04:00,1.119285,1.122705,1.119185,1.12264,-1.0
2023-07-13 16:00:00-04:00,1.12264,1.1228,1.12242,1.12265,-1.0
2023-07-13 17:15:00-04:00,1.122175,1.122965,1.121965,1.12235,-1.0
2023-07-13 20:00:00-04:00,1.12235,1.124305,1.121345,1.124135,-1.0
2023-07-14 00:00:00-04:00,1.124135,1.124135,1.12042,1.122155,-1.0
2023-07-14 04:00:00-04:00,1.122155,1.124485,1.121555,1.12244,-1.0
2023-07-14 08:00:00-04:00,1.12244,1.124435,1.12102,1.123565,-1.0
2023-07-14 12:00:00-04:00,1.123565,1.12431,1.122585,1.122595,-1.0
2023-07-14 16:00:00-04:00,1.122595,1.12297,1.12246,1.122575,-1.0
2023-07-16 17:15:00-04:00,1.122955,1.123295,1.122345,1.12274,-1.0
2023-07-16 20:00:00-04:00,1.12274,1.12297,1.121465,1.122665,-1.0
2023-07-17 00:00:00-04:00,1.122665,1.12451,1.122225,1.12449,-1.0
2023-07-17 04:00:00-04:00,1.12449,1.124885,1.122925,1.123385,-1.0
2023-07-17 08:00:00-04:00,1.123385,1.123795,1.12034,1.12352,-1.0
2023-07-17 12:00:00-04:00,1.12352,1.124615,1.123015,1.124395,-1.0
2023-07-17 16:00:00-04:00,1.124395,1.12441,1.123525,1.12355,-1.0
2023-07-17 17:15:00-04:00,1.124035,1.124065,1.1237,1.12375,-1.0
2023-07-17 20:00:00-04:00,1.12375,1.125605,1.12347,1.12539,-1.0
2023-07-18 00:00:00-04:00,1.12539,1.127575,1.124045,1.1254,-1.0
2023-07-18 04:00:00-04:00,1.1254,1.12601,1.122805,1.125345,-1.0
2023-07-18 08:00:00-04:00,1.125345,1.12702,1.12167,1.122235,-1.0
2023-07-18 12:00:00-04:00,1.122235,1.12311,1.12089,1.123025,-1.0
2023-07-18 16:00:00-04:00,1.123025,1.12317,1.122705,1.12283,-1.0
2023-07-18 17:15:00-04:00,1.122695,1.123275,1.122525,1.122835,-1.0
2023-07-18 20:00:00-04:00,1.122835,1.12328,1.12162,1.122625,-1.0
2023-07-19 00:00:00-04:00,1.122625,1.12373,1.119605,1.122715,-1.0
2023-07-19 04:00:00-04:00,1.122715,1.124025,1.121005,1.121315,-1.0
2023-07-19 08:00:00-04:00,1.121315,1.122465,1.117435,1.119405,-1.0
2023-07-19 12:00:00-04:00,1.119405,1.120515,1.11802,1.120375,-1.0
2023-07-19 16:00:00-04:00,1.120375,1.12046,1.119955,1.11996,-1.0
2023-07-19 17:15:00-04:00,1.12015,1.12052,1.11966,1.1205,-1.0
2023-07-19 20:00:00-04:00,1.1205,1.122915,1.120405,1.12259,-1.0
2023-07-20 00:00:00-04:00,1.12259,1.12268,1.11981,1.120555,-1.0
2023-07-20 04:00:00-04:00,1.120555,1.121675,1.119885,1.120715,-1.0
2023-07-20 08:00:00-04:00,1.120715,1.12072,1.113195,1.113485,-1.0
2023-07-20 12:00:00-04:00,1.113485,1.11389,1.111845,1.1132,-1.0
2023-07-20 16:00:00-04:00,1.1132,1.11325,1.11284,1.11294,-1.0
2023-07-20 17:15:00-04:00,1.113305,1.1138,1.11304,1.113455,-1.0
2023-07-20 20:00:00-04:00,1.113455,1.11418,1.11298,1.113625,-1.0
2023-07-21 00:00:00-04:00,1.113625,1.11451,1.1125,1.112795,-1.0
2023-07-21 04:00:00-04:00,1.112795,1.11378,1.11173,1.111825,-1.0
2023-07-21 08:00:00-04:00,1.111825,1.11381,1.110795,1.11196,-1.0
2023-07-21 12:00:00-04:00,1.11196,1.11304,1.11155,1.112545,-1.0
2023-07-21 16:00:00-04:00,1.112545,1.112935,1.112325,1.112345,-1.0
2023-07-23 17:15:00-04:00,1.11265,1.11318,1.1124,1.112445,-1.0
2023-07-23 20:00:00-04:00,1.112445,1.11329,1.11196,1.11256,-1.0
2023-07-24 00:00:00-04:00,1.11256,1.1147,1.10747,1.10811,-1.0
2023-07-24 04:00:00-04:00,1.10811,1.110925,1.106575,1.10974,-1.0
2023-07-24 08:00:00-04:00,1.10974,1.11047,1.106915,1.108205,-1.0
2023-07-24 12:00:00-04:00,1.108205,1.108455,1.10603,1.106035,-1.0
2023-07-24 16:00:00-04:00,1.106035,1.10654,1.106035,1.106435,-1.0
2023-07-24 17:15:00-04:00,1.1065,1.10693,1.105985,1.106305,-1.0
2023-07-24 20:00:00-04:00,1.106305,1.10816,1.10628,1.10784,-1.0
2023-07-25 00:00:00-04:00,1.10784,1.108695,1.10688,1.107115,-1.0
2023-07-25 04:00:00-04:00,1.107115,1.107115,1.103925,1.104955,-1.0
2023-07-25 08:00:00-04:00,1.104955,1.105345,1.10208,1.10492,-1.0
2023-07-25 12:00:00-04:00,1.10492,1.105475,1.10354,1.10521,-1.0
2023-07-25 16:00:00-04:00,1.10521,1.105615,1.10513,1.10534,-1.0
2023-07-25 17:15:00-04:00,1.10545,1.10579,1.104865,1.105005,-1.0
2023-07-25 20:00:00-04:00,1.105005,1.10532,1.103785,1.10495,-1.0
2023-07-26 00:00:00-04:00,1.10495,1.10749,1.10464,1.10696,-1.0
2023-07-26 04:00:00-04:00,1.10696,1.10863,1.106,1.10628,-1.0
2023-07-26 08:00:00-04:00,1.10628,1.107975,1.10575,1.107675,-1.0
2023-07-26 12:00:00-04:00,1.107675,1.11068,1.105645,1.109645,-1.0
2023-07-26 16:00:00-04:00,1.109645,1.109665,1.10849,1.108595,-1.0
2023-07-26 17:15:00-04:00,1.10858,1.10897,1.107785,1.1078,-1.0
2023-07-26 20:00:00-04:00,1.1078,1.1118,1.10775,1.11003,-1.0
2023-07-27 00:00:00-04:00,1.11003,1.113425,1.10881,1.11286,-1.0
2023-07-27 04:00:00-04:00,1.11286,1.11497,1.112445,1.11386,-1.0
2023-07-27 08:00:00-04:00,1.11386,1.113915,1.098385,1.09971,-1.0
2023-07-27 12:00:00-04:00,1.09971,1.10106,1.096595,1.09671,-1.0
2023-07-27 16:00:00-04:00,1.09671,1.097765,1.09663,1.097655,-1.0
2023-07-27 17:15:00-04:00,1.0978,1.09838,1.09762,1.097825,-1.0
2023-07-27 20:00:00-04:00,1.097825,1.09885,1.097165,1.09766,-1.0
2023-07-28 00:00:00-04:00,1.09766,1.099145,1.094365,1.09517,-1.0
2023-07-28 04:00:00-04:00,1.09517,1.10183,1.09478,1.100925,-1.0
2023-07-28 08:00:00-04:00,1.100925,1.10476,1.09932,1.10384,-1.0
2023-07-28 12:00:00-04:00,1.10384,1.10431,1.10151,1.10231,-1.0
2023-07-28 16:00:00-04:00,1.10231,1.102365,1.101375,1.101445,-1.0
2023-07-30 17:15:00-04:00,1.102075,1.102835,1.101805,1.102385,-1.0
2023-07-30 20:00:00-04:00,1.102385,1.10279,1.10092,1.101255,-1.0
2023-07-31 00:00:00-04:00,1.101255,1.10291,1.100525,1.10199,-1.0
2023-07-31 04:00:00-04:00,1.10199,1.10402,1.10116,1.102685,-1.0
2023-07-31 08:00:00-04:00,1.102685,1.10459,1.10123,1.10184,-1.0
2023-07-31 12:00:00-04:00,1.10184,1.10204,1.09938,1.099535,-1.0
2023-07-31 16:00:00-04:00,1.099535,1.0998,1.09935,1.099705,-1.0
2023-07-31 17:15:00-04:00,1.099575,1.1003,1.09948,1.09967,-1.0
2023-07-31 20:00:00-04:00,1.09967,1.10017,1.09806,1.098565,-1.0
2023-08-01 00:00:00-04:00,1.098565,1.100035,1.09703,1.09798,-1.0
2023-08-01 04:00:00-04:00,1.09798,1.09868,1.096595,1.097575,-1.0
2023-08-01 08:00:00-04:00,1.097575,1.09893,1.09524,1.097035,-1.0
2023-08-01 12:00:00-04:00,1.097035,1.09853,1.096275,1.09827,-1.0
2023-08-01 16:00:00-04:00,1.09827,1.09855,1.09806,1.098455,-1.0
2023-08-01 17:15:00-04:00,1.09825,1.10202,1.098225,1.100765,-1.0
2023-08-01 20:00:00-04:00,1.100765,1.10081,1.098035,1.098705,-1.0
2023-08-02 00:00:00-04:00,1.098705,1.100075,1.098135,1.099015,-1.0
2023-08-02 04:00:00-04:00,1.099015,1.09929,1.09683,1.09785,-1.0
2023-08-02 08:00:00-04:00,1.09785,1.098725,1.09178,1.09382,-1.0
2023-08-02 12:00:00-04:00,1.09382,1.095765,1.093475,1.09396,-1.0
2023-08-02 16:00:00-04:00,1.09396,1.09396,1.093545,1.09381,-1.0
2023-08-02 17:15:00-04:00,1.09385,1.094575,1.09374,1.094355,-1.0
2023-08-02 20:00:00-04:00,1.094355,1.094925,1.093045,1.093475,-1.0
2023-08-03 00:00:00-04:00,1.093475,1.094325,1.09139,1.0919,-1.0
2023-08-03 04:00:00-04:00,1.0919,1.09489,1.091235,1.09351,-1.0
2023-08-03 08:00:00-04:00,1.09351,1.095635,1.09155,1.09467,-1.0
2023-08-03 12:00:00-04:00,1.09467,1.096295,1.09384,1.094395,-1.0
2023-08-03 16:00:00-04:00,1.094395,1.09502,1.09436,1.09491,-1.0
2023-08-03 17:15:00-04:00,1.094495,1.09535,1.094425,1.09511,-1.0
2023-08-03 20:00:00-04:00,1.09511,1.096165,1.09464,1.095425,-1.0
2023-08-04 00:00:00-04:00,1.095425,1.095845,1.094425,1.094755,-1.0
2023-08-04 04:00:00-04:00,1.094755,1.09528,1.093515,1.0938,-1.0
2023-08-04 08:00:00-04:00,1.0938,1.104205,1.09347,1.103475,-1.0
2023-08-04 12:00:00-04:00,1.103475,1.10394,1.10038,1.10077,-1.0
2023-08-04 16:00:00-04:00,1.10077,1.101175,1.100395,1.100745,-1.0
2023-08-06 17:15:00-04:00,1.101825,1.101915,1.100125,1.10026,-1.0
2023-08-06 20:00:00-04:00,1.10026,1.101175,1.09952,1.09957,-1.0
2023-08-07 00:00:00-04:00,1.09957,1.09974,1.09709,1.099285,-1.0
2023-08-07 04:00:00-04:00,1.099285,1.09929,1.096545,1.098395,-1.0
2023-08-07 08:00:00-04:00,1.098395,1.10117,1.097975,1.099895,-1.0
2023-08-07 12:00:00-04:00,1.099895,1.101025,1.09923,1.100455,-1.0
2023-08-07 16:00:00-04:00,1.100455,1.100455,1.099915,1.100245,-1.0
2023-08-07 17:15:00-04:00,1.1004,1.10064,1.10013,1.100275,-1.0
2023-08-07 20:00:00-04:00,1.100275,1.100555,1.097685,1.09818,-1.0
2023-08-08 00:00:00-04:00,1.09818,1.101135,1.097385,1.09791,-1.0
2023-08-08 04:00:00-04:00,1.09791,1.09874,1.09368,1.09414,-1.0
2023-08-08 08:00:00-04:00,1.09414,1.09562,1.09291,1.09503,-1.0
2023-08-08 12:00:00-04:00,1.09503,1.09621,1.09478,1.09572,-1.0
2023-08-08 16:00:00-04:00,1.09572,1.095795,1.095325,1.095665,-1.0
2023-08-08 17:15:00-04:00,1.095595,1.09596,1.0952,1.09593,-1.0
2023-08-08 20:00:00-04:00,1.09593,1.097085,1.09553,1.09666,-1.0
2023-08-09 00:00:00-04:00,1.09666,1.098485,1.09633,1.098425,-1.0
2023-08-09 04:00:00-04:00,1.098425,1.09888,1.096945,1.097005,-1.0
2023-08-09 08:00:00-04:00,1.097005,1.09954,1.09621,1.097425,-1.0
2023-08-09 12:00:00-04:00,1.097425,1.099175,1.09733,1.09734,-1.0
2023-08-09 16:00:00-04:00,1.09734,1.0975,1.097125,1.097415,-1.0
2023-08-09 17:15:00-04:00,1.097575,1.09789,1.09738,1.09773,-1.0
2023-08-09 20:00:00-04:00,1.09773,1.098195,1.096735,1.097925,-1.0
2023-08-10 00:00:00-04:00,1.097925,1.10187,1.097865,1.10084,-1.0
2023-08-10 04:00:00-04:00,1.10084,1.102975,1.10082,1.101665,-1.0
2023-08-10 08:00:00-04:00,1.101665,1.106535,1.100765,1.101525,-1.0
2023-08-10 12:00:00-04:00,1.101525,1.10193,1.097625,1.09792,-1.0
2023-08-10 16:00:00-04:00,1.09792,1.098215,1.097785,1.098085,-1.0
2023-08-10 17:15:00-04:00,1.09825,1.098475,1.0979,1.098175,-1.0
2023-08-10 20:00:00-04:00,1.098175,1.099795,1.09798,1.09872,-1.0
2023-08-11 00:00:00-04:00,1.09872,1.100225,1.0984,1.09926,-1.0
2023-08-11 04:00:00-04:00,1.09926,1.10032,1.097635,1.09974,-1.0
2023-08-11 08:00:00-04:00,1.09974,1.100505,1.09511,1.09562,-1.0
2023-08-11 12:00:00-04:00,1.09562,1.09648,1.0943,1.094695,-1.0
2023-08-11 16:00:00-04:00,1.094695,1.094945,1.09447,1.09475,-1.0
2023-08-13 17:15:00-04:00,1.095375,1.095475,1.09403,1.09433,-1.0
2023-08-13 20:00:00-04:00,1.09433,1.09468,1.092935,1.09321,-1.0
2023-08-14 00:00:00-04:00,1.09321,1.09563,1.09263,1.0952,-1.0
2023-08-14 04:00:00-04:00,1.0952,1.09602,1.09367,1.093915,-1.0
2023-08-14 08:00:00-04:00,1.093915,1.094115,1.087475,1.092075,-1.0
2023-08-14 12:00:00-04:00,1.092075,1.093605,1.09028,1.090295,-1.0
2023-08-14 16:00:00-04:00,1.090295,1.09075,1.090275,1.09057,-1.0
2023-08-14 17:15:00-04:00,1.091,1.09116,1.090435,1.09079,-1.0
2023-08-14 20:00:00-04:00,1.09079,1.091765,1.090045,1.091455,-1.0
2023-08-15 00:00:00-04:00,1.091455,1.09306,1.090635,1.092355,-1.0
2023-08-15 04:00:00-04:00,1.092355,1.09449,1.091805,1.092925,-1.0
2023-08-15 08:00:00-04:00,1.092925,1.09525,1.08969,1.092695,-1.0
2023-08-15 12:00:00-04:00,1.092695,1.09286,1.089915,1.090605,-1.0
2023-08-15 16:00:00-04:00,1.090605,1.090605,1.090235,1.090585,-1.0
2023-08-15 17:15:00-04:00,1.09035,1.09083,1.09019,1.09039,-1.0
2023-08-15 20:00:00-04:00,1.09039,1.09119,1.0899,1.090645,-1.0
2023-08-16 00:00:00-04:00,1.090645,1.09272,1.0906,1.092345,-1.0
2023-08-16 04:00:00-04:00,1.092345,1.093465,1.090655,1.09133,-1.0
2023-08-16 08:00:00-04:00,1.09133,1.09235,1.089615,1.09031,-1.0
2023-08-16 12:00:00-04:00,1.09031,1.090485,1.087165,1.087445,-1.0
2023-08-16 16:00:00-04:00,1.087445,1.08798,1.087425,1.08794,-1.0
2023-08-16 17:15:00-04:00,1.087825,1.088345,1.08735,1.08745,-1.0
2023-08-16 20:00:00-04:00,1.08745,1.0875,1.08619,1.08642,-1.0
2023-08-17 00:00:00-04:00,1.08642,1.088675,1.086265,1.08805,-1.0
2023-08-17 04:00:00-04:00,1.08805,1.089585,1.086385,1.089455,-1.0
2023-08-17 08:00:00-04:00,1.089455,1.091845,1.086685,1.08736,-1.0
2023-08-17 12:00:00-04:00,1.08736,1.088965,1.08564,1.087195,-1.0
2023-08-17 16:00:00-04:00,1.087195,1.08735,1.086995,1.087225,-1.0
2023-08-17 17:15:00-04:00,1.086725,1.087565,1.08663,1.08745,-1.0
2023-08-17 20:00:00-04:00,1.08745,1.0894,1.08717,1.08861,-1.0
2023-08-18 00:00:00-04:00,1.08861,1.088805,1.08645,1.087315,-1.0
2023-08-18 04:00:00-04:00,1.087315,1.087695,1.086025,1.086315,-1.0
2023-08-18 08:00:00-04:00,1.086315,1.08815,1.084505,1.08744,-1.0
2023-08-18 12:00:00-04:00,1.08744,1.08813,1.086805,1.087265,-1.0
2023-08-18 16:00:00-04:00,1.087265,1.08743,1.08683,1.08732,-1.0
2023-08-20 17:15:00-04:00,1.08725,1.08787,1.08716,1.08751,-1.0
2023-08-20 20:00:00-04:00,1.08751,1.08843,1.086965,1.088045,-1.0
2023-08-21 00:00:00-04:00,1.088045,1.08888,1.08724,1.088875,-1.0
2023-08-21 04:00:00-04:00,1.088875,1.091385,1.088225,1.09093,-1.0
2023-08-21 08:00:00-04:00,1.09093,1.091315,1.087535,1.08879,-1.0
2023-08-21 12:00:00-04:00,1.08879,1.09044,1.08876,1.08962,-1.0
2023-08-21 16:00:00-04:00,1.08962,1.08963,1.089285,1.08959,-1.0
2023-08-21 17:15:00-04:00,1.08955,1.09016,1.08922,1.089765,-1.0
2023-08-21 20:00:00-04:00,1.089765,1.09159,1.089345,1.09152,-1.0
2023-08-22 00:00:00-04:00,1.09152,1.093045,1.09046,1.09257,-1.0
2023-08-22 04:00:00-04:00,1.09257,1.09287,1.08806,1.08849,-1.0
2023-08-22 08:00:00-04:00,1.08849,1.089085,1.0833,1.084565,-1.0
2023-08-22 12:00:00-04:00,1.084565,1.08554,1.084345,1.084595,-1.0
2023-08-22 16:00:00-04:00,1.084595,1.084905,1.084535,1.084565,-1.0
2023-08-22 17:15:00-04:00,1.0844,1.08481,1.084315,1.08464,-1.0
2023-08-22 20:00:00-04:00,1.08464,1.085965,1.08447,1.08575,-1.0
2023-08-23 00:00:00-04:00,1.08575,1.087165,1.08118,1.08182,-1.0
2023-08-23 04:00:00-04:00,1.08182,1.083045,1.08039,1.081135,-1.0
2023-08-23 08:00:00-04:00,1.081135,1.086285,1.080245,1.086145,-1.0
2023-08-23 12:00:00-04:00,1.086145,1.08702,1.08558,1.08639,-1.0
2023-08-23 16:00:00-04:00,1.08639,1.086585,1.086095,1.086295,-1.0
2023-08-23 17:15:00-04:00,1.08665,1.08675,1.086095,1.086545,-1.0
2023-08-23 20:00:00-04:00,1.086545,1.08753,1.085845,1.08659,-1.0
2023-08-24 00:00:00-04:00,1.08659,1.087675,1.085215,1.085625,-1.0
2023-08-24 04:00:00-04:00,1.085625,1.086445,1.084165,1.08422,-1.0
2023-08-24 08:00:00-04:00,1.08422,1.084885,1.081425,1.08255,-1.0
2023-08-24 12:00:00-04:00,1.08255,1.08278,1.080565,1.08059,-1.0
2023-08-24 16:00:00-04:00,1.08059,1.081165,1.080505,1.081045,-1.0
2023-08-24 17:15:00-04:00,1.081075,1.08163,1.079255,1.07992,-1.0
2023-08-24 20:00:00-04:00,1.07992,1.08041,1.07799,1.07804,-1.0
2023-08-25 00:00:00-04:00,1.07804,1.07922,1.076845,1.07715,-1.0
2023-08-25 04:00:00-04:00,1.07715,1.081155,1.076615,1.080275,-1.0
2023-08-25 08:00:00-04:00,1.080275,1.084185,1.07658,1.078625,-1.0
2023-08-25 12:00:00-04:00,1.078625,1.081265,1.078565,1.080305,-1.0
2023-08-25 16:00:00-04:00,1.080305,1.080335,1.07915,1.07961,-1.0
2023-08-27 17:15:00-04:00,1.079625,1.080125,1.079355,1.079695,-1.0
2023-08-27 20:00:00-04:00,1.079695,1.081015,1.079615,1.080945,-1.0
2023-08-28 00:00:00-04:00,1.080945,1.082095,1.08053,1.080885,-1.0
2023-08-28 04:00:00-04:00,1.080885,1.08223,1.07994,1.080425,-1.0
2023-08-28 08:00:00-04:00,1.080425,1.08142,1.07989,1.08091,-1.0
2023-08-28 12:00:00-04:00,1.08091,1.082005,1.08039,1.081795,-1.0
2023-08-28 16:00:00-04:00,1.081795,1.081955,1.081505,1.08189,-1.0
2023-08-28 17:15:00-04:00,1.0816,1.082995,1.081475,1.08257,-1.0
2023-08-28 20:00:00-04:00,1.08257,1.08384,1.082135,1.083635,-1.0
2023-08-29 00:00:00-04:00,1.083635,1.08364,1.08084,1.082045,-1.0
2023-08-29 04:00:00-04:00,1.082045,1.082285,1.08037,1.08042,-1.0
2023-08-29 08:00:00-04:00,1.08042,1.08571,1.078225,1.08501,-1.0
2023-08-29 12:00:00-04:00,1.08501,1.0892,1.084675,1.088535,-1.0
2023-08-29 16:00:00-04:00,1.088535,1.08855,1.087835,1.08801,-1.0
2023-08-29 17:15:00-04:00,1.0876,1.0885,1.086865,1.08692,-1.0
2023-08-29 20:00:00-04:00,1.08692,1.08723,1.086375,1.086935,-1.0
2023-08-30 00:00:00-04:00,1.086935,1.087675,1.085585,1.086485,-1.0
2023-08-30 04:00:00-04:00,1.086485,1.08937,1.085515,1.087895,-1.0
2023-08-30 08:00:00-04:00,1.087895,1.09457,1.08747,1.09259,-1.0
2023-08-30 12:00:00-04:00,1.09259,1.093295,1.091685,1.09217,-1.0
2023-08-30 16:00:00-04:00,1.09217,1.092405,1.092095,1.09232,-1.0
2023-08-30 17:15:00-04:00,1.092505,1.09317,1.092175,1.09295,-1.0
2023-08-30 20:00:00-04:00,1.09295,1.093955,1.092015,1.092045,-1.0
2023-08-31 00:00:00-04:00,1.092045,1.092475,1.088995,1.08927,-1.0
2023-08-31 04:00:00-04:00,1.08927,1.089315,1.08575,1.08683,-1.0
2023-08-31 08:00:00-04:00,1.08683,1.088515,1.083675,1.083865,-1.0
2023-08-31 12:00:00-04:00,1.083865,1.08543,1.083505,1.08437,-1.0
2023-08-31 16:00:00-04:00,1.08437,1.084705,1.08413,1.084345,-1.0
2023-08-31 17:15:00-04:00,1.08487,1.08487,1.084095,1.08424,-1.0
2023-08-31 20:00:00-04:00,1.08424,1.08542,1.08363,1.084185,-1.0
2023-09-01 00:00:00-04:00,1.084185,1.08596,1.082855,1.085605,-1.0
2023-09-01 04:00:00-04:00,1.085605,1.08566,1.08332,1.08332,-1.0
2023-09-01 08:00:00-04:00,1.08332,1.088215,1.07863,1.07866,-1.0
2023-09-01 12:00:00-04:00,1.07866,1.078915,1.077215,1.077505,-1.0
2023-09-01 16:00:00-04:00,1.077505,1.078165,1.077225,1.07816,-1.0
2023-09-03 17:15:00-04:00,1.07785,1.0782,1.07716,1.077565,-1.0
2023-09-03 20:00:00-04:00,1.077565,1.078735,1.077325,1.078575,-1.0
2023-09-04 00:00:00-04:00,1.078575,1.080695,1.078125,1.079525,-1.0
2023-09-04 04:00:00-04:00,1.079525,1.08089,1.07908,1.080025,-1.0
2023-09-04 08:00:00-04:00,1.080025,1.08055,1.078335,1.079885,-1.0
2023-09-04 12:00:00-04:00,1.079885,1.08001,1.079225,1.07939,-1.0
2023-09-04 16:00:00-04:00,1.07939,1.079695,1.07939,1.079505,-1.0
2023-09-04 17:15:00-04:00,1.07925,1.079795,1.07913,1.07914,-1.0
2023-09-04 20:00:00-04:00,1.07914,1.079845,1.07808,1.07886,-1.0
2023-09-05 00:00:00-04:00,1.07886,1.0794,1.075455,1.075655,-1.0
2023-09-05 04:00:00-04:00,1.075655,1.075885,1.07293,1.07326,-1.0
2023-09-05 08:00:00-04:00,1.07326,1.074885,1.07062,1.07267,-1.0
2023-09-05 12:00:00-04:00,1.07267,1.073215,1.07194,1.072145,-1.0
2023-09-05 16:00:00-04:00,1.072145,1.07231,1.07192,1.07222,-1.0
2023-09-05 17:15:00-04:00,1.0724,1.072825,1.07222,1.072455,-1.0
2023-09-05 20:00:00-04:00,1.072455,1.07345,1.071335,1.073335,-1.0
2023-09-06 00:00:00-04:00,1.073335,1.074825,1.072425,1.072915,-1.0
2023-09-06 04:00:00-04:00,1.072915,1.07489,1.07237,1.074395,-1.0
2023-09-06 08:00:00-04:00,1.074395,1.074555,1.07027,1.0713,-1.0
2023-09-06 12:00:00-04:00,1.0713,1.07295,1.071135,1.072625,-1.0
2023-09-06 16:00:00-04:00,1.072625,1.07282,1.07238,1.07274,-1.0
2023-09-06 17:15:00-04:00,1.072425,1.07277,1.07223,1.07239,-1.0
2023-09-06 20:00:00-04:00,1.07239,1.07318,1.07192,1.07299,-1.0
2023-09-07 00:00:00-04:00,1.07299,1.07303,1.070825,1.07158,-1.0
2023-09-07 04:00:00-04:00,1.07158,1.07179,1.07031,1.07054,-1.0
2023-09-07 08:00:00-04:00,1.07054,1.071075,1.068605,1.070325,-1.0
2023-09-07 12:00:00-04:00,1.070325,1.07097,1.06939,1.0695,-1.0
2023-09-07 16:00:00-04:00,1.0695,1.069875,1.06948,1.069635,-1.0
2023-09-07 17:15:00-04:00,1.069775,1.069865,1.06943,1.06975,-1.0
2023-09-07 20:00:00-04:00,1.06975,1.07234,1.06971,1.07165,-1.0
2023-09-08 00:00:00-04:00,1.07165,1.072815,1.070765,1.07088,-1.0
2023-09-08 04:00:00-04:00,1.07088,1.071755,1.06942,1.06992,-1.0
2023-09-08 08:00:00-04:00,1.06992,1.074395,1.06978,1.07088,-1.0
2023-09-08 12:00:00-04:00,1.07088,1.071355,1.069705,1.06993,-1.0
2023-09-08 16:00:00-04:00,1.06993,1.07031,1.0699,1.069915,-1.0
2023-09-10 17:15:00-04:00,1.071375,1.072115,1.07085,1.071625,-1.0
2023-09-10 20:00:00-04:00,1.071625,1.07281,1.07101,1.07226,-1.0
2023-09-11 00:00:00-04:00,1.07226,1.074145,1.07217,1.072605,-1.0
2023-09-11 04:00:00-04:00,1.072605,1.07344,1.07183,1.071975,-1.0
2023-09-11 08:00:00-04:00,1.071975,1.07594,1.071555,1.07427,-1.0
2023-09-11 12:00:00-04:00,1.07427,1.075795,1.07427,1.074895,-1.0
2023-09-11 16:00:00-04:00,1.074895,1.07508,1.074795,1.075025,-1.0
2023-09-11 17:15:00-04:00,1.074775,1.075395,1.074745,1.074755,-1.0
2023-09-11 20:00:00-04:00,1.074755,1.07693,1.073765,1.074645,-1.0
2023-09-12 00:00:00-04:00,1.074645,1.07466,1.071225,1.07136,-1.0
2023-09-12 04:00:00-04:00,1.07136,1.07261,1.070865,1.07181,-1.0
2023-09-12 08:00:00-04:00,1.07181,1.073025,1.070555,1.072555,-1.0
2023-09-12 12:00:00-04:00,1.072555,1.07376,1.072165,1.072825,-1.0
2023-09-12 16:00:00-04:00,1.072825,1.0765,1.07277,1.075395,-1.0
2023-09-12 17:15:00-04:00,1.0754,1.076385,1.07527,1.07532,-1.0
2023-09-12 20:00:00-04:00,1.07532,1.0765,1.07446,1.074735,-1.0
2023-09-13 00:00:00-04:00,1.074735,1.07547,1.07312,1.07439,-1.0
2023-09-13 04:00:00-04:00,1.07439,1.07448,1.072855,1.07367,-1.0
2023-09-13 08:00:00-04:00,1.07367,1.07618,1.07109,1.073575,-1.0
2023-09-13 12:00:00-04:00,1.073575,1.074925,1.072795,1.07318,-1.0
2023-09-13 16:00:00-04:00,1.07318,1.07321,1.072915,1.07296,-1.0
2023-09-13 17:15:00-04:00,1.07305,1.07347,1.072915,1.07329,-1.0
2023-09-13 20:00:00-04:00,1.07329,1.074655,1.073025,1.07446,-1.0
2023-09-14 00:00:00-04:00,1.07446,1.075215,1.073315,1.073375,-1.0
2023-09-14 04:00:00-04:00,1.073375,1.07402,1.07246,1.073045,-1.0
2023-09-14 08:00:00-04:00,1.073045,1.07482,1.065395,1.06588,-1.0
2023-09-14 12:00:00-04:00,1.06588,1.066315,1.063195,1.06427,-1.0
2023-09-14 16:00:00-04:00,1.06427,1.064685,1.06418,1.06431,-1.0
2023-09-14 17:15:00-04:00,1.064355,1.064455,1.0635,1.063515,-1.0
2023-09-14 20:00:00-04:00,1.063515,1.06483,1.063335,1.06476,-1.0
2023-09-15 00:00:00-04:00,1.06476,1.06675,1.06445,1.066365,-1.0
2023-09-15 04:00:00-04:00,1.066365,1.06694,1.065305,1.065465,-1.0
2023-09-15 08:00:00-04:00,1.065465,1.068785,1.06452,1.06723,-1.0
2023-09-15 12:00:00-04:00,1.06723,1.06803,1.06597,1.065975,-1.0
2023-09-15 16:00:00-04:00,1.065975,1.066315,1.065565,1.065625,-1.0
2023-09-17 17:15:00-04:00,1.066325,1.06694,1.066255,1.06681,-1.0
2023-09-17 20:00:00-04:00,1.06681,1.06738,1.06611,1.066425,-1.0
2023-09-18 00:00:00-04:00,1.066425,1.06779,1.065795,1.06623,-1.0
2023-09-18 04:00:00-04:00,1.06623,1.067485,1.065635,1.066325,-1.0
2023-09-18 08:00:00-04:00,1.066325,1.069875,1.06547,1.06941,-1.0
2023-09-18 12:00:00-04:00,1.06941,1.06981,1.06779,1.06868,-1.0
2023-09-18 16:00:00-04:00,1.06868,1.06926,1.068625,1.069185,-1.0
2023-09-18 17:15:00-04:00,1.06915,1.069425,1.068915,1.069205,-1.0
2023-09-18 20:00:00-04:00,1.069205,1.069665,1.068085,1.068275,-1.0
2023-09-19 00:00:00-04:00,1.068275,1.06953,1.067515,1.06943,-1.0
2023-09-19 04:00:00-04:00,1.06943,1.070985,1.06822,1.07089,-1.0
2023-09-19 08:00:00-04:00,1.07089,1.0718,1.068005,1.06832,-1.0
2023-09-19 12:00:00-04:00,1.06832,1.069175,1.067625,1.068065,-1.0
2023-09-19 16:00:00-04:00,1.068065,1.068135,1.06786,1.067925,-1.0
2023-09-19 17:15:00-04:00,1.06785,1.06836,1.06785,1.068155,-1.0
2023-09-19 20:00:00-04:00,1.068155,1.06898,1.06783,1.06796,-1.0
2023-09-20 00:00:00-04:00,1.06796,1.069305,1.06729,1.06906,-1.0
2023-09-20 04:00:00-04:00,1.06906,1.070515,1.06897,1.070175,-1.0
2023-09-20 08:00:00-04:00,1.070175,1.07273,1.069215,1.07143,-1.0
2023-09-20 12:00:00-04:00,1.07143,1.07369,1.0658,1.06587,-1.0
2023-09-20 16:00:00-04:00,1.06587,1.066255,1.065015,1.066085,-1.0
2023-09-20 17:15:00-04:00,1.06603,1.06647,1.06478,1.064995,-1.0
2023-09-20 20:00:00-04:00,1.064995,1.06504,1.06169,1.063675,-1.0
2023-09-21 00:00:00-04:00,1.063675,1.065815,1.063275,1.065525,-1.0
2023-09-21 04:00:00-04:00,1.065525,1.06647,1.06337,1.06357,-1.0
2023-09-21 08:00:00-04:00,1.06357,1.067365,1.062505,1.066335,-1.0
2023-09-21 12:00:00-04:00,1.066335,1.067095,1.06545,1.065925,-1.0
2023-09-21 16:00:00-04:00,1.065925,1.06631,1.06575,1.06616,-1.0
2023-09-21 17:15:00-04:00,1.065925,1.06638,1.0658,1.06604,-1.0
2023-09-21 20:00:00-04:00,1.06604,1.06627,1.064095,1.06516,-1.0
2023-09-22 00:00:00-04:00,1.06516,1.066795,1.06151,1.06458,-1.0
2023-09-22 04:00:00-04:00,1.06458,1.065175,1.063415,1.06364,-1.0
2023-09-22 08:00:00-04:00,1.06364,1.06719,1.06364,1.06594,-1.0
2023-09-22 12:00:00-04:00,1.06594,1.066175,1.06393,1.064375,-1.0
2023-09-22 16:00:00-04:00,1.064375,1.0656,1.064155,1.0656,-1.0
2023-09-24 17:15:00-04:00,1.0652,1.06536,1.064455,1.064835,-1.0
2023-09-24 20:00:00-04:00,1.064835,1.065565,1.064305,1.06482,-1.0
2023-09-25 00:00:00-04:00,1.06482,1.065335,1.063175,1.06381,-1.0
2023-09-25 04:00:00-04:00,1.06381,1.06436,1.062405,1.063055,-1.0
2023-09-25 08:00:00-04:00,1.063055,1.06347,1.05754,1.05901,-1.0
2023-09-25 12:00:00-04:00,1.05901,1.05989,1.05855,1.059285,-1.0
2023-09-25 16:00:00-04:00,1.059285,1.05949,1.059105,1.05931,-1.0
2023-09-25 17:15:00-04:00,1.05942,1.059685,1.059,1.059135,-1.0
2023-09-25 20:00:00-04:00,1.059135,1.0592,1.05785,1.05859,-1.0
2023-09-26 00:00:00-04:00,1.05859,1.0593,1.057005,1.058505,-1.0
2023-09-26 04:00:00-04:00,1.058505,1.060345,1.058275,1.05996,-1.0
2023-09-26 08:00:00-04:00,1.05996,1.060915,1.056765,1.057265,-1.0
2023-09-26 12:00:00-04:00,1.057265,1.05769,1.056205,1.05701,-1.0
2023-09-26 16:00:00-04:00,1.05701,1.057555,1.056935,1.057255,-1.0
2023-09-26 17:15:00-04:00,1.057005,1.057435,1.056775,1.05692,-1.0
2023-09-26 20:00:00-04:00,1.05692,1.05721,1.0556,1.056215,-1.0
2023-09-27 00:00:00-04:00,1.056215,1.057425,1.055485,1.056525,-1.0
2023-09-27 04:00:00-04:00,1.056525,1.05699,1.05344,1.053955,-1.0
2023-09-27 08:00:00-04:00,1.053955,1.055145,1.05081,1.050875,-1.0
2023-09-27 12:00:00-04:00,1.050875,1.05189,1.04882,1.05058,-1.0
2023-09-27 16:00:00-04:00,1.05058,1.050585,1.049845,1.05024,-1.0
2023-09-27 17:15:00-04:00,1.0508,1.05087,1.05022,1.050525,-1.0
2023-09-27 20:00:00-04:00,1.050525,1.05162,1.04988,1.05041,-1.0
2023-09-28 00:00:00-04:00,1.05041,1.051905,1.04911,1.050855,-1.0
2023-09-28 04:00:00-04:00,1.050855,1.05484,1.05048,1.05415,-1.0
2023-09-28 08:00:00-04:00,1.05415,1.057895,1.05178,1.05763,-1.0
2023-09-28 12:00:00-04:00,1.05763,1.057845,1.05499,1.05641,-1.0
2023-09-28 16:00:00-04:00,1.05641,1.056735,1.056285,1.056555,-1.0
2023-09-28 17:15:00-04:00,1.056225,1.056765,1.0562,1.056225,-1.0
2023-09-28 20:00:00-04:00,1.056225,1.05829,1.055805,1.05756,-1.0
2023-09-29 00:00:00-04:00,1.05756,1.06108,1.057435,1.060645,-1.0
2023-09-29 04:00:00-04:00,1.060645,1.06171,1.05901,1.059435,-1.0
2023-09-29 08:00:00-04:00,1.059435,1.06106,1.057005,1.058345,-1.0
2023-09-29 12:00:00-04:00,1.058345,1.05868,1.056405,1.05724,-1.0
2023-09-29 16:00:00-04:00,1.05724,1.057635,1.056945,1.057405,-1.0
2023-10-01 17:15:00-04:00,1.057175,1.057355,1.05579,1.05642,-1.0
2023-10-01 20:00:00-04:00,1.05642,1.0571,1.05622,1.05698,-1.0
2023-10-02 00:00:00-04:00,1.05698,1.059195,1.05601,1.057245,-1.0
2023-10-02 04:00:00-04:00,1.057245,1.057815,1.05303,1.053145,-1.0
2023-10-02 08:00:00-04:00,1.053145,1.053765,1.049225,1.049895,-1.0
2023-10-02 12:00:00-04:00,1.049895,1.05052,1.04807,1.04809,-1.0
2023-10-02 16:00:00-04:00,1.04809,1.048275,1.0477,1.047725,-1.0
2023-10-02 17:15:00-04:00,1.047975,1.048285,1.04754,1.04799,-1.0
2023-10-02 20:00:00-04:00,1.04799,1.04805,1.046385,1.046835,-1.0
2023-10-03 00:00:00-04:00,1.046835,1.04843,1.04598,1.048255,-1.0
2023-10-03 04:00:00-04:00,1.048255,1.049355,1.046925,1.047345,-1.0
2023-10-03 08:00:00-04:00,1.047345,1.04858,1.04483,1.045255,-1.0
2023-10-03 12:00:00-04:00,1.045255,1.047975,1.045185,1.047155,-1.0
2023-10-03 16:00:00-04:00,1.047155,1.04738,1.046465,1.04665,-1.0
2023-10-03 17:15:00-04:00,1.04685,1.04698,1.046315,1.046865,-1.0
2023-10-03 20:00:00-04:00,1.046865,1.04757,1.04572,1.045925,-1.0
2023-10-04 00:00:00-04:00,1.045925,1.048545,1.045145,1.04846,-1.0
2023-10-04 04:00:00-04:00,1.04846,1.051655,1.047905,1.04981,-1.0
2023-10-04 08:00:00-04:00,1.04981,1.053225,1.0483,1.051775,-1.0
2023-10-04 12:00:00-04:00,1.051775,1.05218,1.04979,1.051535,-1.0
2023-10-04 16:00:00-04:00,1.051535,1.051605,1.05029,1.05039,-1.0
2023-10-04 17:15:00-04:00,1.05068,1.05093,1.05052,1.0507,-1.0
2023-10-04 20:00:00-04:00,1.0507,1.05289,1.05022,1.052525,-1.0
2023-10-05 00:00:00-04:00,1.052525,1.052635,1.050165,1.050875,-1.0
2023-10-05 04:00:00-04:00,1.050875,1.052535,1.050285,1.05238,-1.0
2023-10-05 08:00:00-04:00,1.05238,1.053755,1.050005,1.05259,-1.0
2023-10-05 12:00:00-04:00,1.05259,1.055175,1.05242,1.054955,-1.0
2023-10-05 16:00:00-04:00,1.054955,1.055185,1.054795,1.05494,-1.0
2023-10-05 17:15:00-04:00,1.054725,1.055085,1.05462,1.054635,-1.0
2023-10-05 20:00:00-04:00,1.054635,1.05479,1.05383,1.05424,-1.0
2023-10-06 00:00:00-04:00,1.05424,1.055125,1.053155,1.05499,-1.0
2023-10-06 04:00:00-04:00,1.05499,1.05673,1.054215,1.056605,-1.0
2023-10-06 08:00:00-04:00,1.056605,1.06,1.04826,1.059485,-1.0
2023-10-06 12:00:00-04:00,1.059485,1.059955,1.05756,1.058975,-1.0
2023-10-06 16:00:00-04:00,1.058975,1.058975,1.058245,1.058535,-1.0
2023-10-08 17:15:00-04:00,1.055325,1.05685,1.055035,1.056625,-1.0
2023-10-08 20:00:00-04:00,1.056625,1.057445,1.055165,1.05524,-1.0
2023-10-09 00:00:00-04:00,1.05524,1.05587,1.05196,1.05231,-1.0
2023-10-09 04:00:00-04:00,1.05231,1.054505,1.05203,1.052835,-1.0
2023-10-09 08:00:00-04:00,1.052835,1.055775,1.05227,1.05398,-1.0
2023-10-09 12:00:00-04:00,1.05398,1.057015,1.053455,1.05693,-1.0
2023-10-09 16:00:00-04:00,1.05693,1.057235,1.05649,1.05668,-1.0
2023-10-09 17:15:00-04:00,1.05675,1.057975,1.05656,1.05787,-1.0
2023-10-09 20:00:00-04:00,1.05787,1.05836,1.05661,1.05697,-1.0
2023-10-10 00:00:00-04:00,1.05697,1.05726,1.05544,1.057185,-1.0
2023-10-10 04:00:00-04:00,1.057185,1.061115,1.056985,1.05758,-1.0
2023-10-10 08:00:00-04:00,1.05758,1.061965,1.057425,1.061715,-1.0
2023-10-10 12:00:00-04:00,1.061715,1.061985,1.05925,1.06047,-1.0
2023-10-10 16:00:00-04:00,1.06047,1.060655,1.060215,1.060525,-1.0
2023-10-10 17:15:00-04:00,1.06045,1.061095,1.0603,1.060435,-1.0
2023-10-10 20:00:00-04:00,1.060435,1.061435,1.06014,1.06049,-1.0
2023-10-11 00:00:00-04:00,1.06049,1.06284,1.059545,1.05999,-1.0
2023-10-11 04:00:00-04:00,1.05999,1.061485,1.05933,1.060395,-1.0
2023-10-11 08:00:00-04:00,1.060395,1.063475,1.058165,1.06128,-1.0
2023-10-11 12:00:00-04:00,1.06128,1.061585,1.058505,1.06126,-1.0
2023-10-11 16:00:00-04:00,1.06126,1.06203,1.061165,1.06196,-1.0
2023-10-11 17:15:00-04:00,1.062,1.062575,1.061725,1.062345,-1.0
2023-10-11 20:00:00-04:00,1.062345,1.06292,1.06201,1.062875,-1.0
2023-10-12 00:00:00-04:00,1.062875,1.063975,1.062005,1.062005,-1.0
2023-10-12 04:00:00-04:00,1.062005,1.06274,1.061315,1.061965,-1.0
2023-10-12 08:00:00-04:00,1.061965,1.062845,1.05445,1.0552,-1.0
2023-10-12 12:00:00-04:00,1.0552,1.0561,1.05258,1.053075,-1.0
2023-10-12 16:00:00-04:00,1.053075,1.05315,1.052765,1.052835,-1.0
2023-10-12 17:15:00-04:00,1.0529,1.05376,1.05274,1.05356,-1.0
2023-10-12 20:00:00-04:00,1.05356,1.05482,1.053455,1.05456,-1.0
2023-10-13 00:00:00-04:00,1.05456,1.055795,1.05316,1.055195,-1.0
2023-10-13 04:00:00-04:00,1.055195,1.055855,1.051405,1.05245,-1.0
2023-10-13 08:00:00-04:00,1.05245,1.05475,1.04955,1.050075,-1.0
2023-10-13 12:00:00-04:00,1.050075,1.051585,1.04993,1.051385,-1.0
2023-10-13 16:00:00-04:00,1.051385,1.051405,1.050575,1.051105,-1.0
2023-10-15 17:15:00-04:00,1.051275,1.05256,1.051035,1.0522,-1.0
2023-10-15 20:00:00-04:00,1.0522,1.052585,1.051565,1.05236,-1.0
2023-10-16 00:00:00-04:00,1.05236,1.05384,1.052235,1.05342,-1.0
2023-10-16 04:00:00-04:00,1.05342,1.0543,1.05236,1.05366,-1.0
2023-10-16 08:00:00-04:00,1.05366,1.055555,1.052565,1.054485,-1.0
2023-10-16 12:00:00-04:00,1.054485,1.05628,1.054035,1.056275,-1.0
2023-10-16 16:00:00-04:00,1.056275,1.05628,1.05584,1.05604,-1.0
2023-10-16 17:15:00-04:00,1.05595,1.05621,1.0553,1.055435,-1.0
2023-10-16 20:00:00-04:00,1.055435,1.056075,1.054615,1.054995,-1.0
2023-10-17 00:00:00-04:00,1.054995,1.055485,1.05341,1.05487,-1.0
2023-10-17 04:00:00-04:00,1.05487,1.057935,1.0533,1.05753,-1.0
2023-10-17 08:00:00-04:00,1.05753,1.059285,1.05385,1.059225,-1.0
2023-10-17 12:00:00-04:00,1.059225,1.059495,1.056405,1.05771,-1.0
2023-10-17 16:00:00-04:00,1.05771,1.057785,1.057345,1.05772,-1.0
2023-10-17 17:15:00-04:00,1.057705,1.05775,1.057185,1.05728,-1.0
2023-10-17 20:00:00-04:00,1.05728,1.05791,1.056055,1.05755,-1.0
2023-10-18 00:00:00-04:00,1.05755,1.059425,1.057055,1.05789,-1.0
2023-10-18 04:00:00-04:00,1.05789,1.05868,1.055215,1.05607,-1.0
2023-10-18 08:00:00-04:00,1.05607,1.057455,1.052585,1.05313,-1.0
2023-10-18 12:00:00-04:00,1.05313,1.05538,1.052315,1.053555,-1.0
2023-10-18 16:00:00-04:00,1.053555,1.053765,1.05342,1.053665,-1.0
2023-10-18 17:15:00-04:00,1.05353,1.053975,1.05351,1.053795,-1.0
2023-10-18 20:00:00-04:00,1.053795,1.0542,1.053245,1.0534,-1.0
2023-10-19 00:00:00-04:00,1.0534,1.054835,1.05282,1.053765,-1.0
2023-10-19 04:00:00-04:00,1.053765,1.05638,1.052945,1.05579,-1.0
2023-10-19 08:00:00-04:00,1.05579,1.058165,1.055615,1.05698,-1.0
2023-10-19 12:00:00-04:00,1.05698,1.06166,1.055615,1.058815,-1.0
2023-10-19 16:00:00-04:00,1.058815,1.058815,1.058035,1.05825,-1.0
2023-10-19 17:15:00-04:00,1.058275,1.058675,1.057835,1.058645,-1.0
2023-10-19 20:00:00-04:00,1.058645,1.058665,1.05684,1.057615,-1.0
2023-10-20 00:00:00-04:00,1.057615,1.057885,1.056495,1.057075,-1.0
2023-10-20 04:00:00-04:00,1.057075,1.05991,1.05684,1.0591,-1.0
2023-10-20 08:00:00-04:00,1.0591,1.06009,1.05652,1.05912,-1.0
2023-10-20 12:00:00-04:00,1.05912,1.060375,1.05814,1.059225,-1.0
2023-10-20 16:00:00-04:00,1.059225,1.059695,1.059155,1.05945,-1.0
2023-10-22 17:15:00-04:00,1.059675,1.059775,1.058865,1.058955,-1.0
2023-10-22 20:00:00-04:00,1.058955,1.059045,1.05733,1.057515,-1.0
2023-10-23 00:00:00-04:00,1.057515,1.05977,1.05715,1.05977,-1.0
2023-10-23 04:00:00-04:00,1.05977,1.061495,1.059045,1.06018,-1.0
2023-10-23 08:00:00-04:00,1.06018,1.064675,1.05912,1.064525,-1.0
2023-10-23 12:00:00-04:00,1.064525,1.067805,1.064095,1.06656,-1.0
2023-10-23 16:00:00-04:00,1.06656,1.06699,1.06636,1.06699,-1.0
2023-10-23 17:15:00-04:00,1.066675,1.067205,1.066605,1.06701,-1.0
2023-10-23 20:00:00-04:00,1.06701,1.06872,1.06669,1.06826,-1.0
2023-10-24 00:00:00-04:00,1.06826,1.06945,1.065705,1.066295,-1.0
2023-10-24 04:00:00-04:00,1.066295,1.0663,1.062175,1.063535,-1.0
2023-10-24 08:00:00-04:00,1.063535,1.06366,1.058305,1.059385,-1.0
2023-10-24 12:00:00-04:00,1.059385,1.06023,1.05836,1.05919,-1.0
2023-10-24 16:00:00-04:00,1.05919,1.05944,1.058895,1.059,-1.0
2023-10-24 17:15:00-04:00,1.059425,1.05951,1.05898,1.0595,-1.0
2023-10-24 20:00:00-04:00,1.0595,1.06052,1.058965,1.06021,-1.0
2023-10-25 00:00:00-04:00,1.06021,1.060685,1.05784,1.058725,-1.0
2023-10-25 04:00:00-04:00,1.058725,1.059685,1.056585,1.05728,-1.0
2023-10-25 08:00:00-04:00,1.05728,1.059575,1.056695,1.05831,-1.0
2023-10-25 12:00:00-04:00,1.05831,1.0586,1.056575,1.056785,-1.0
2023-10-25 16:00:00-04:00,1.056785,1.05699,1.05658,1.056645,-1.0
2023-10-25 17:15:00-04:00,1.056875,1.056905,1.056035,1.056625,-1.0
2023-10-25 20:00:00-04:00,1.056625,1.056925,1.054135,1.054685,-1.0
2023-10-26 00:00:00-04:00,1.054685,1.054955,1.0533,1.05484,-1.0
2023-10-26 04:00:00-04:00,1.05484,1.055265,1.05312,1.053625,-1.0
2023-10-26 08:00:00-04:00,1.053625,1.05605,1.05219,1.053175,-1.0
2023-10-26 12:00:00-04:00,1.053175,1.056475,1.0525,1.05567,-1.0
2023-10-26 16:00:00-04:00,1.05567,1.05644,1.055515,1.056255,-1.0
2023-10-26 17:15:00-04:00,1.056155,1.05661,1.05597,1.0564,-1.0
2023-10-26 20:00:00-04:00,1.0564,1.056665,1.055245,1.05645,-1.0
2023-10-27 00:00:00-04:00,1.05645,1.057,1.055215,1.055845,-1.0
2023-10-27 04:00:00-04:00,1.055845,1.056715,1.05354,1.05371,-1.0
2023-10-27 08:00:00-04:00,1.05371,1.059715,1.053565,1.059135,-1.0
2023-10-27 12:00:00-04:00,1.059135,1.059655,1.055725,1.05706,-1.0
2023-10-27 16:00:00-04:00,1.05706,1.057095,1.056285,1.05636,-1.0
2023-10-29 17:15:00-04:00,1.05642,1.057505,1.055905,1.05621,-1.0
2023-10-29 20:00:00-04:00,1.05621,1.05659,1.055525,1.05605,-1.0
2023-10-30 00:00:00-04:00,1.05605,1.056755,1.055295,1.055675,-1.0
2023-10-30 04:00:00-04:00,1.055675,1.05964,1.054725,1.058535,-1.0
2023-10-30 08:00:00-04:00,1.058535,1.062525,1.05821,1.061915,-1.0
2023-10-30 12:00:00-04:00,1.061915,1.06217,1.060025,1.061695,-1.0
2023-10-30 16:00:00-04:00,1.061695,1.06175,1.06141,1.061525,-1.0
2023-10-30 17:15:00-04:00,1.061605,1.061745,1.0612,1.061395,-1.0
2023-10-30 20:00:00-04:00,1.061395,1.061445,1.059065,1.05945,-1.0
2023-10-31 00:00:00-04:00,1.05945,1.06259,1.05908,1.06213,-1.0
2023-10-31 04:00:00-04:00,1.06213,1.067505,1.061545,1.06558,-1.0
2023-10-31 08:00:00-04:00,1.06558,1.066105,1.056625,1.056745,-1.0
2023-10-31 12:00:00-04:00,1.056745,1.058585,1.055765,1.05807,-1.0
2023-10-31 16:00:00-04:00,1.05807,1.05837,1.057295,1.05744,-1.0
2023-10-31 17:15:00-04:00,1.057505,1.05805,1.057275,1.057805,-1.0
2023-10-31 20:00:00-04:00,1.057805,1.05807,1.056655,1.05705,-1.0
2023-11-01 00:00:00-04:00,1.05705,1.05776,1.055895,1.056475,-1.0
2023-11-01 04:00:00-04:00,1.056475,1.05682,1.0541,1.0543,-1.0
2023-11-01 08:00:00-04:00,1.0543,1.057095,1.05216,1.053725,-1.0
2023-11-01 12:00:00-04:00,1.053725,1.05707,1.051675,1.056745,-1.0
2023-11-01 16:00:00-04:00,1.056745,1.057595,1.05674,1.05702,-1.0
2023-11-01 17:15:00-04:00,1.057045,1.05869,1.05678,1.05868,-1.0
2023-11-01 20:00:00-04:00,1.05868,1.06021,1.05838,1.059995,-1.0
2023-11-02 00:00:00-04:00,1.059995,1.061035,1.059375,1.060345,-1.0
2023-11-02 04:00:00-04:00,1.060345,1.063885,1.05912,1.06338,-1.0
2023-11-02 08:00:00-04:00,1.06338,1.06676,1.06169,1.061745,-1.0
2023-11-02 12:00:00-04:00,1.061745,1.06325,1.061055,1.062325,-1.0
2023-11-02 16:00:00-04:00,1.062325,1.06235,1.0617,1.062175,-1.0
2023-11-02 17:15:00-04:00,1.061805,1.0625,1.061555,1.06157,-1.0
2023-11-02 20:00:00-04:00,1.06157,1.06289,1.06149,1.06255,-1.0
2023-11-03 00:00:00-04:00,1.06255,1.063395,1.062475,1.062935,-1.0
2023-11-03 04:00:00-04:00,1.062935,1.065275,1.061985,1.064675,-1.0
2023-11-03 08:00:00-04:00,1.064675,1.073545,1.064545,1.073225,-1.0
2023-11-03 12:00:00-04:00,1.073225,1.074665,1.07224,1.072475,-1.0
2023-11-03 16:00:00-04:00,1.072475,1.07328,1.072475,1.07298,-1.0
2023-11-05 17:15:00-05:00,1.0726,1.07335,1.072385,1.07315,-1.0
2023-11-05 19:00:00-05:00,1.07315,1.073435,1.072245,1.073435,-1.0
2023-11-05 23:00:00-05:00,1.073435,1.074385,1.073175,1.07331,-1.0
2023-11-06 03:00:00-05:00,1.07331,1.075635,1.07316,1.075165,-1.0
2023-11-06 07:00:00-05:00,1.075165,1.07542,1.07262,1.07437,-1.0
2023-11-06 11:00:00-05:00,1.07437,1.07493,1.072225,1.07243,-1.0
2023-11-06 15:00:00-05:00,1.07243,1.07243,1.071625,1.07173,-1.0
2023-11-06 17:15:00-05:00,1.07165,1.07225,1.07165,1.071835,-1.0
2023-11-06 19:00:00-05:00,1.071835,1.07194,1.070595,1.070895,-1.0
2023-11-06 23:00:00-05:00,1.070895,1.071175,1.06919,1.069705,-1.0
2023-11-07 03:00:00-05:00,1.069705,1.07064,1.06655,1.06739,-1.0
2023-11-07 07:00:00-05:00,1.06739,1.068985,1.06642,1.068495,-1.0
2023-11-07 11:00:00-05:00,1.068495,1.070485,1.067255,1.06953,-1.0
2023-11-07 15:00:00-05:00,1.06953,1.070095,1.068955,1.07001,-1.0
2023-11-07 17:15:00-05:00,1.070125,1.070125,1.069535,1.06957,-1.0
2023-11-07 19:00:00-05:00,1.06957,1.069935,1.06865,1.069,-1.0
2023-11-07 23:00:00-05:00,1.069,1.0693,1.067545,1.06803,-1.0
2023-11-08 03:00:00-05:00,1.06803,1.068285,1.065935,1.067725,-1.0
2023-11-08 07:00:00-05:00,1.067725,1.07077,1.06601,1.07053,-1.0
2023-11-08 11:00:00-05:00,1.07053,1.071595,1.070115,1.07023,-1.0
2023-11-08 15:00:00-05:00,1.07023,1.071105,1.07,1.070925,-1.0
2023-11-08 17:15:00-05:00,1.07088,1.071135,1.070575,1.071135,-1.0
2023-11-08 19:00:00-05:00,1.071135,1.07158,1.07024,1.07079,-1.0
2023-11-08 23:00:00-05:00,1.07079,1.071185,1.07015,1.07053,-1.0
2023-11-09 03:00:00-05:00,1.07053,1.070995,1.068035,1.068835,-1.0
2023-11-09 07:00:00-05:00,1.068835,1.072555,1.06867,1.0715,-1.0
2023-11-09 11:00:00-05:00,1.0715,1.071715,1.06602,1.066725,-1.0
2023-11-09 15:00:00-05:00,1.066725,1.067565,1.066255,1.066785,-1.0
2023-11-09 17:15:00-05:00,1.066875,1.06713,1.06644,1.066705,-1.0
2023-11-09 19:00:00-05:00,1.066705,1.067515,1.06631,1.067005,-1.0
2023-11-09 23:00:00-05:00,1.067005,1.0672,1.06562,1.066315,-1.0
2023-11-10 03:00:00-05:00,1.066315,1.068905,1.066305,1.067705,-1.0
2023-11-10 07:00:00-05:00,1.067705,1.06928,1.06625,1.066995,-1.0
2023-11-10 11:00:00-05:00,1.066995,1.06876,1.066315,1.067975,-1.0
2023-11-10 15:00:00-05:00,1.067975,1.06875,1.06772,1.068355,-1.0
2023-11-12 17:15:00-05:00,1.068375,1.069085,1.068255,1.069075,-1.0
2023-11-12 19:00:00-05:00,1.069075,1.069075,1.06812,1.068575,-1.0
2023-11-12 23:00:00-05:00,1.068575,1.069755,1.06836,1.06927,-1.0
2023-11-13 03:00:00-05:00,1.06927,1.070145,1.06851,1.068735,-1.0
2023-11-13 07:00:00-05:00,1.068735,1.069285,1.0665,1.068875,-1.0
2023-11-13 11:00:00-05:00,1.068875,1.07062,1.068535,1.07021,-1.0
2023-11-13 15:00:00-05:00,1.07021,1.07043,1.06975,1.069835,-1.0
2023-11-13 17:15:00-05:00,1.06993,1.070185,1.069775,1.070135,-1.0
2023-11-13 19:00:00-05:00,1.070135,1.07024,1.069475,1.06966,-1.0
2023-11-13 23:00:00-05:00,1.06966,1.070975,1.0693,1.070625,-1.0
2023-11-14 03:00:00-05:00,1.070625,1.073065,1.06961,1.07194,-1.0
2023-11-14 07:00:00-05:00,1.07194,1.084255,1.0706,1.083765,-1.0
2023-11-14 11:00:00-05:00,1.083765,1.08828,1.083645,1.088155,-1.0
2023-11-14 15:00:00-05:00,1.088155,1.08875,1.08756,1.0879,-1.0
2023-11-14 17:15:00-05:00,1.087875,1.08829,1.08739,1.08778,-1.0
2023-11-14 19:00:00-05:00,1.08778,1.088285,1.08657,1.08822,-1.0
2023-11-14 23:00:00-05:00,1.08822,1.088375,1.08648,1.087285,-1.0
2023-11-15 03:00:00-05:00,1.087285,1.087945,1.0844,1.08662,-1.0
2023-11-15 07:00:00-05:00,1.08662,1.088635,1.08317,1.086525,-1.0
2023-11-15 11:00:00-05:00,1.086525,1.08688,1.084115,1.08463,-1.0
2023-11-15 15:00:00-05:00,1.08463,1.0848,1.084235,1.084725,-1.0
2023-11-15 17:15:00-05:00,1.08485,1.085425,1.084635,1.085415,-1.0
2023-11-15 19:00:00-05:00,1.085415,1.08558,1.083015,1.083255,-1.0
2023-11-15 23:00:00-05:00,1.083255,1.08461,1.08322,1.084085,-1.0
2023-11-16 03:00:00-05:00,1.084085,1.086085,1.08385,1.085225,-1.0
2023-11-16 07:00:00-05:00,1.085225,1.08956,1.08392,1.087825,-1.0
2023-11-16 11:00:00-05:00,1.087825,1.088295,1.084645,1.08557,-1.0
2023-11-16 15:00:00-05:00,1.08557,1.08581,1.084495,1.085225,-1.0
2023-11-16 17:15:00-05:00,1.0848,1.085575,1.0848,1.08531,-1.0
2023-11-16 19:00:00-05:00,1.08531,1.08571,1.08489,1.08541,-1.0
2023-11-16 23:00:00-05:00,1.08541,1.08564,1.083515,1.08385,-1.0
2023-11-17 03:00:00-05:00,1.08385,1.08748,1.082485,1.086615,-1.0
2023-11-17 07:00:00-05:00,1.086615,1.08934,1.085745,1.088685,-1.0
2023-11-17 11:00:00-05:00,1.088685,1.09046,1.087485,1.08997,-1.0
2023-11-17 15:00:00-05:00,1.08997,1.09158,1.089745,1.090715,-1.0
2023-11-19 17:15:00-05:00,1.0911,1.091185,1.09056,1.09056,-1.0
2023-11-19 19:00:00-05:00,1.09056,1.0925,1.089755,1.09239,-1.0
2023-11-19 23:00:00-05:00,1.09239,1.09359,1.09131,1.091605,-1.0
2023-11-20 03:00:00-05:00,1.091605,1.094025,1.09153,1.092285,-1.0
2023-11-20 07:00:00-05:00,1.092285,1.094585,1.09188,1.09382,-1.0
2023-11-20 11:00:00-05:00,1.09382,1.095185,1.09353,1.09465,-1.0
2023-11-20 15:00:00-05:00,1.09465,1.09476,1.093945,1.09402,-1.0
2023-11-20 17:15:00-05:00,1.093975,1.094695,1.093845,1.094485,-1.0
2023-11-20 19:00:00-05:00,1.094485,1.09642,1.094225,1.09636,-1.0
2023-11-20 23:00:00-05:00,1.09636,1.09652,1.09509,1.095395,-1.0
2023-11-21 03:00:00-05:00,1.095395,1.096395,1.093905,1.093935,-1.0
2023-11-21 07:00:00-05:00,1.093935,1.096135,1.09314,1.09344,-1.0
2023-11-21 11:00:00-05:00,1.09344,1.09439,1.090015,1.091525,-1.0
2023-11-21 15:00:00-05:00,1.091525,1.09167,1.091015,1.09108,-1.0
2023-11-21 17:15:00-05:00,1.091,1.09186,1.09093,1.09172,-1.0
2023-11-21 19:00:00-05:00,1.09172,1.0923,1.090905,1.091445,-1.0
2023-11-21 23:00:00-05:00,1.091445,1.091675,1.089575,1.091465,-1.0
2023-11-22 03:00:00-05:00,1.091465,1.091995,1.08827,1.090005,-1.0
2023-11-22 07:00:00-05:00,1.090005,1.09179,1.085235,1.086575,-1.0
2023-11-22 11:00:00-05:00,1.086575,1.08879,1.086155,1.08839,-1.0
2023-11-22 15:00:00-05:00,1.08839,1.08896,1.08818,1.08883,-1.0
2023-11-22 17:15:00-05:00,1.08878,1.08884,1.08835,1.088795,-1.0
2023-11-22 19:00:00-05:00,1.088795,1.090585,1.088795,1.09051,-1.0
2023-11-22 23:00:00-05:00,1.09051,1.09178,1.09011,1.09138,-1.0
2023-11-23 03:00:00-05:00,1.09138,1.09309,1.089565,1.09147,-1.0
2023-11-23 07:00:00-05:00,1.09147,1.091525,1.088715,1.090965,-1.0
2023-11-23 11:00:00-05:00,1.090965,1.090995,1.09024,1.090385,-1.0
2023-11-23 15:00:00-05:00,1.090385,1.09069,1.09028,1.09045,-1.0
2023-11-23 17:15:00-05:00,1.090225,1.090735,1.090225,1.090395,-1.0
2023-11-23 19:00:00-05:00,1.090395,1.09105,1.089505,1.0899,-1.0
2023-11-23 23:00:00-05:00,1.0899,1.09121,1.089755,1.0908,-1.0
2023-11-24 03:00:00-05:00,1.0908,1.092085,1.09016,1.09142,-1.0
2023-11-24 07:00:00-05:00,1.09142,1.094545,1.09069,1.093975,-1.0
2023-11-24 11:00:00-05:00,1.093975,1.094865,1.092825,1.09459,-1.0
2023-11-24 15:00:00-05:00,1.09459,1.094785,1.09359,1.093705,-1.0
2023-11-26 17:15:00-05:00,1.094345,1.09477,1.09386,1.093975,-1.0
2023-11-26 19:00:00-05:00,1.093975,1.094985,1.09268,1.094535,-1.0
2023-11-26 23:00:00-05:00,1.094535,1.09593,1.094195,1.094765,-1.0
2023-11-27 03:00:00-05:00,1.094765,1.09566,1.093925,1.09537,-1.0
2023-11-27 07:00:00-05:00,1.09537,1.095535,1.092515,1.09327,-1.0
2023-11-27 11:00:00-05:00,1.09327,1.095675,1.092785,1.09563,-1.0
2023-11-27 15:00:00-05:00,1.09563,1.09575,1.095065,1.09534,-1.0
2023-11-27 17:15:00-05:00,1.095375,1.09592,1.09489,1.095905,-1.0
2023-11-27 19:00:00-05:00,1.095905,1.09629,1.095355,1.09551,-1.0
2023-11-27 23:00:00-05:00,1.09551,1.09553,1.093445,1.093595,-1.0
2023-11-28 03:00:00-05:00,1.093595,1.095765,1.093595,1.094985,-1.0
2023-11-28 07:00:00-05:00,1.094985,1.1002,1.09454,1.09809,-1.0
2023-11-28 11:00:00-05:00,1.09809,1.100895,1.09733,1.09911,-1.0
2023-11-28 15:00:00-05:00,1.09911,1.099565,1.0976,1.09926,-1.0
2023-11-28 17:15:00-05:00,1.09949,1.100565,1.09927,1.100405,-1.0
2023-11-28 19:00:00-05:00,1.100405,1.101725,1.099765,1.09986,-1.0
2023-11-28 23:00:00-05:00,1.09986,1.10047,1.0982,1.09847,-1.0
2023-11-29 03:00:00-05:00,1.09847,1.09985,1.096895,1.098475,-1.0
2023-11-29 07:00:00-05:00,1.098475,1.099485,1.09602,1.09748,-1.0
2023-11-29 11:00:00-05:00,1.09748,1.099475,1.096165,1.09831,-1.0
2023-11-29 15:00:00-05:00,1.09831,1.098395,1.096855,1.09692,-1.0
2023-11-29 17:15:00-05:00,1.0969,1.09743,1.09688,1.09735,-1.0
2023-11-29 19:00:00-05:00,1.09735,1.098395,1.09672,1.09743,-1.0
2023-11-29 23:00:00-05:00,1.09743,1.098185,1.09403,1.09516,-1.0
2023-11-30 03:00:00-05:00,1.09516,1.095935,1.090905,1.091575,-1.0
2023-11-30 07:00:00-05:00,1.091575,1.09503,1.089225,1.09109,-1.0
2023-11-30 11:00:00-05:00,1.09109,1.09171,1.08836,1.089025,-1.0
2023-11-30 15:00:00-05:00,1.089025,1.08921,1.08794,1.08878,-1.0
2023-11-30 17:15:00-05:00,1.0885,1.08947,1.0885,1.08918,-1.0
2023-11-30 19:00:00-05:00,1.08918,1.09128,1.08918,1.09007,-1.0
2023-11-30 23:00:00-05:00,1.09007,1.091235,1.089455,1.089475,-1.0
2023-12-01 03:00:00-05:00,1.089475,1.090475,1.08827,1.089735,-1.0
2023-12-01 07:00:00-05:00,1.089735,1.090115,1.08327,1.083785,-1.0
2023-12-01 11:00:00-05:00,1.083785,1.089295,1.08288,1.08721,-1.0
2023-12-01 15:00:00-05:00,1.08721,1.08857,1.087085,1.088345,-1.0
2023-12-03 17:15:00-05:00,1.0883,1.08949,1.08804,1.08861,-1.0
2023-12-03 19:00:00-05:00,1.08861,1.08867,1.086665,1.08802,-1.0
2023-12-03 23:00:00-05:00,1.08802,1.08805,1.08499,1.085395,-1.0
2023-12-04 03:00:00-05:00,1.085395,1.088085,1.085385,1.08692,-1.0
2023-12-04 07:00:00-05:00,1.08692,1.087605,1.080405,1.081475,-1.0
2023-12-04 11:00:00-05:00,1.081475,1.082925,1.081165,1.082765,-1.0
2023-12-04 15:00:00-05:00,1.082765,1.08369,1.082765,1.08362,-1.0
2023-12-04 17:15:00-05:00,1.083275,1.083785,1.083245,1.083735,-1.0
2023-12-04 19:00:00-05:00,1.083735,1.08463,1.083465,1.084045,-1.0
2023-12-04 23:00:00-05:00,1.084045,1.084755,1.080415,1.08072,-1.0
2023-12-05 03:00:00-05:00,1.08072,1.084265,1.0806,1.081865,-1.0
2023-12-05 07:00:00-05:00,1.081865,1.08389,1.079885,1.080575,-1.0
2023-12-05 11:00:00-05:00,1.080575,1.08133,1.077815,1.07839,-1.0
2023-12-05 15:00:00-05:00,1.07839,1.07989,1.07817,1.07964,-1.0
2023-12-05 17:15:00-05:00,1.079495,1.079915,1.07908,1.079335,-1.0
2023-12-05 19:00:00-05:00,1.079335,1.079865,1.07879,1.079685,-1.0
2023-12-05 23:00:00-05:00,1.079685,1.080185,1.07781,1.079015,-1.0
2023-12-06 03:00:00-05:00,1.079015,1.079785,1.077505,1.07799,-1.0
2023-12-06 07:00:00-05:00,1.07799,1.080465,1.077245,1.079015,-1.0
2023-12-06 11:00:00-05:00,1.079015,1.080035,1.07672,1.076845,-1.0
2023-12-06 15:00:00-05:00,1.076845,1.07696,1.075875,1.07642,-1.0
2023-12-06 17:15:00-05:00,1.0765,1.076965,1.076395,1.07663,-1.0
2023-12-06 19:00:00-05:00,1.07663,1.077235,1.07594,1.075975,-1.0
2023-12-06 23:00:00-05:00,1.075975,1.078125,1.075525,1.07809,-1.0
2023-12-07 03:00:00-05:00,1.07809,1.078465,1.076365,1.07708,-1.0
2023-12-07 07:00:00-05:00,1.07708,1.0798,1.07594,1.078405,-1.0
2023-12-07 11:00:00-05:00,1.078405,1.081775,1.07839,1.07983,-1.0
2023-12-07 15:00:00-05:00,1.07983,1.080385,1.079045,1.07938,-1.0
2023-12-07 17:15:00-05:00,1.07944,1.0797,1.07895,1.078965,-1.0
2023-12-07 19:00:00-05:00,1.078965,1.08007,1.078385,1.079205,-1.0
2023-12-07 23:00:00-05:00,1.079205,1.079215,1.0773,1.07791,-1.0
2023-12-08 03:00:00-05:00,1.07791,1.07913,1.077235,1.078285,-1.0
2023-12-08 07:00:00-05:00,1.078285,1.078605,1.07234,1.076835,-1.0
2023-12-08 11:00:00-05:00,1.076835,1.077055,1.074025,1.07588,-1.0
2023-12-08 15:00:00-05:00,1.07588,1.07665,1.075715,1.0765,-1.0
2023-12-10 17:15:00-05:00,1.076125,1.07678,1.075855,1.07653,-1.0
2023-12-10 19:00:00-05:00,1.07653,1.077385,1.07636,1.076505,-1.0
2023-12-10 23:00:00-05:00,1.076505,1.077105,1.075305,1.07558,-1.0
2023-12-11 03:00:00-05:00,1.07558,1.0779,1.07513,1.076825,-1.0
2023-12-11 07:00:00-05:00,1.076825,1.07705,1.074185,1.07442,-1.0
2023-12-11 11:00:00-05:00,1.07442,1.07698,1.074165,1.076135,-1.0
2023-12-11 15:00:00-05:00,1.076135,1.07652,1.07607,1.07647,-1.0
2023-12-11 17:15:00-05:00,1.07617,1.076555,1.07606,1.076535,-1.0
2023-12-11 19:00:00-05:00,1.076535,1.07703,1.076125,1.07683,-1.0
2023-12-11 23:00:00-05:00,1.07683,1.078325,1.07642,1.077785,-1.0
2023-12-12 03:00:00-05:00,1.077785,1.080735,1.07732,1.079655,-1.0
2023-12-12 07:00:00-05:00,1.079655,1.08285,1.076715,1.078435,-1.0
2023-12-12 11:00:00-05:00,1.078435,1.07987,1.07812,1.07904,-1.0
2023-12-12 15:00:00-05:00,1.07904,1.07993,1.07893,1.07943,-1.0
2023-12-12 17:15:00-05:00,1.07954,1.079925,1.079345,1.079835,-1.0
2023-12-12 19:00:00-05:00,1.079835,1.07999,1.07842,1.07873,-1.0
2023-12-12 23:00:00-05:00,1.07873,1.07923,1.07802,1.078535,-1.0
2023-12-13 03:00:00-05:00,1.078535,1.079285,1.077315,1.07838,-1.0
2023-12-13 07:00:00-05:00,1.07838,1.080945,1.07811,1.07946,-1.0
2023-12-13 11:00:00-05:00,1.07946,1.089165,1.077995,1.0888,-1.0
2023-12-13 15:00:00-05:00,1.0888,1.089665,1.086495,1.087425,-1.0
2023-12-13 17:15:00-05:00,1.087625,1.08849,1.087345,1.088255,-1.0
2023-12-13 19:00:00-05:00,1.088255,1.09154,1.08792,1.090595,-1.0
2023-12-13 23:00:00-05:00,1.090595,1.09096,1.088095,1.08813,-1.0
2023-12-14 03:00:00-05:00,1.08813,1.093205,1.088,1.09297,-1.0
2023-12-14 07:00:00-05:00,1.09297,1.09973,1.090665,1.099345,-1.0
2023-12-14 11:00:00-05:00,1.099345,1.100935,1.097955,1.099225,-1.0
2023-12-14 15:00:00-05:00,1.099225,1.09969,1.09881,1.099365,-1.0
2023-12-14 17:15:00-05:00,1.09925,1.09968,1.099,1.09935,-1.0
2023-12-14 19:00:00-05:00,1.09935,1.100075,1.09769,1.099895,-1.0
2023-12-14 23:00:00-05:00,1.099895,1.100375,1.098075,1.09939,-1.0
2023-12-15 03:00:00-05:00,1.09939,1.099935,1.094625,1.096845,-1.0
2023-12-15 07:00:00-05:00,1.096845,1.096945,1.09042,1.09157,-1.0
2023-12-15 11:00:00-05:00,1.09157,1.09167,1.088865,1.08997,-1.0
2023-12-15 15:00:00-05:00,1.08997,1.090915,1.08922,1.089625,-1.0
2023-12-17 17:15:00-05:00,1.089625,1.08975,1.08922,1.089505,-1.0
2023-12-17 19:00:00-05:00,1.089505,1.09137,1.089395,1.091105,-1.0
2023-12-17 23:00:00-05:00,1.091105,1.093,1.09091,1.09217,-1.0
2023-12-18 03:00:00-05:00,1.09217,1.092825,1.09072,1.09128,-1.0
2023-12-18 07:00:00-05:00,1.09128,1.093125,1.090925,1.091415,-1.0
2023-12-18 11:00:00-05:00,1.091415,1.092805,1.09132,1.09168,-1.0
2023-12-18 15:00:00-05:00,1.09168,1.09243,1.09137,1.092355,-1.0
2023-12-18 17:15:00-05:00,1.092025,1.09248,1.091745,1.09233,-1.0
2023-12-18 19:00:00-05:00,1.09233,1.092905,1.091485,1.092555,-1.0
2023-12-18 23:00:00-05:00,1.092555,1.09414,1.09202,1.092845,-1.0
2023-12-19 03:00:00-05:00,1.092845,1.094945,1.092745,1.093735,-1.0
2023-12-19 07:00:00-05:00,1.093735,1.09874,1.093705,1.098595,-1.0
2023-12-19 11:00:00-05:00,1.098595,1.098625,1.09695,1.097615,-1.0
2023-12-19 15:00:00-05:00,1.097615,1.0981,1.097215,1.09806,-1.0
2023-12-19 17:15:00-05:00,1.098525,1.098525,1.097785,1.097945,-1.0
2023-12-19 19:00:00-05:00,1.097945,1.09795,1.096725,1.096995,-1.0
2023-12-19 23:00:00-05:00,1.096995,1.0971,1.09508,1.09669,-1.0
2023-12-20 03:00:00-05:00,1.09669,1.09713,1.093565,1.09376,-1.0
2023-12-20 07:00:00-05:00,1.09376,1.09749,1.093405,1.0974,-1.0
2023-12-20 11:00:00-05:00,1.0974,1.09757,1.094245,1.09466,-1.0
2023-12-20 15:00:00-05:00,1.09466,1.094875,1.09298,1.09415,-1.0
2023-12-20 17:15:00-05:00,1.094125,1.0947,1.093785,1.094335,-1.0
2023-12-20 19:00:00-05:00,1.094335,1.095445,1.094105,1.094915,-1.0
2023-12-20 23:00:00-05:00,1.094915,1.095585,1.09426,1.0947,-1.0
2023-12-21 03:00:00-05:00,1.0947,1.098485,1.09353,1.098,-1.0
2023-12-21 07:00:00-05:00,1.098,1.100235,1.09727,1.09898,-1.0
2023-12-21 11:00:00-05:00,1.09898,1.100105,1.097805,1.099925,-1.0
2023-12-21 15:00:00-05:00,1.099925,1.10127,1.09929,1.10111,-1.0
2023-12-21 17:15:00-05:00,1.10049,1.10125,1.100405,1.10057,-1.0
2023-12-21 19:00:00-05:00,1.10057,1.10099,1.099555,1.099775,-1.0
2023-12-21 23:00:00-05:00,1.099775,1.10077,1.099385,1.100025,-1.0
2023-12-22 03:00:00-05:00,1.100025,1.102995,1.099935,1.10258,-1.0
2023-12-22 07:00:00-05:00,1.10258,1.104025,1.100175,1.10114,-1.0
2023-12-22 11:00:00-05:00,1.10114,1.102395,1.10002,1.10155,-1.0
2023-12-22 15:00:00-05:00,1.10155,1.10159,1.10078,1.101265,-1.0
2023-12-25 19:00:00-05:00,1.10189,1.102885,1.10158,1.102775,-1.0
2023-12-25 23:00:00-05:00,1.102775,1.10279,1.102105,1.102245,-1.0
2023-12-26 03:00:00-05:00,1.102245,1.102665,1.10097,1.101375,-1.0
2023-12-26 07:00:00-05:00,1.101375,1.103265,1.100875,1.10249,-1.0
2023-12-26 11:00:00-05:00,1.10249,1.104505,1.10241,1.10444,-1.0
2023-12-26 15:00:00-05:00,1.10444,1.10451,1.104035,1.104235,-1.0
2023-12-26 17:15:00-05:00,1.1042,1.104415,1.104065,1.10424,-1.0
2023-12-26 19:00:00-05:00,1.10424,1.104245,1.102855,1.103655,-1.0
2023-12-26 23:00:00-05:00,1.103655,1.104925,1.103645,1.104125,-1.0
2023-12-27 03:00:00-05:00,1.104125,1.105965,1.1038,1.105895,-1.0
2023-12-27 07:00:00-05:00,1.105895,1.11157,1.104865,1.11073,-1.0
2023-12-27 11:00:00-05:00,1.11073,1.112275,1.10989,1.11016,-1.0
2023-12-27 15:00:00-05:00,1.11016,1.11077,1.11011,1.110515,-1.0
2023-12-27 17:15:00-05:00,1.1102,1.11098,1.110075,1.110835,-1.0
2023-12-27 19:00:00-05:00,1.110835,1.112255,1.110815,1.111865,-1.0
2023-12-27 23:00:00-05:00,1.111865,1.112565,1.11048,1.11169,-1.0
2023-12-28 03:00:00-05:00,1.11169,1.11395,1.110435,1.112005,-1.0
2023-12-28 07:00:00-05:00,1.112005,1.112015,1.10723,1.110675,-1.0
2023-12-28 11:00:00-05:00,1.110675,1.11068,1.105525,1.106465,-1.0
2023-12-28 15:00:00-05:00,1.106465,1.107065,1.105995,1.10613,-1.0
2023-12-28 17:15:00-05:00,1.106725,1.1068,1.106185,1.1068,-1.0
2023-12-28 19:00:00-05:00,1.1068,1.108445,1.10639,1.10653,-1.0
2023-12-28 23:00:00-05:00,1.10653,1.107635,1.10609,1.1066,-1.0
2023-12-29 03:00:00-05:00,1.1066,1.107755,1.10442,1.10765,-1.0
2023-12-29 07:00:00-05:00,1.10765,1.10808,1.104245,1.104735,-1.0
2023-12-29 11:00:00-05:00,1.104735,1.10669,1.10382,1.104085,-1.0
2023-12-29 15:00:00-05:00,1.104085,1.105085,1.103865,1.104095,-1.0
2024-01-01 19:00:00-05:00,1.10366,1.104335,1.10178,1.10246,-1.0
2024-01-01 23:00:00-05:00,1.10246,1.103805,1.101515,1.10154,-1.0
2024-01-02 03:00:00-05:00,1.10154,1.103895,1.09667,1.09693,-1.0
2024-01-02 07:00:00-05:00,1.09693,1.09719,1.094095,1.09436,-1.0
2024-01-02 11:00:00-05:00,1.09436,1.09617,1.09409,1.09466,-1.0
2024-01-02 15:00:00-05:00,1.09466,1.095125,1.09383,1.094105,-1.0
2024-01-02 17:15:00-05:00,1.0943,1.094455,1.09398,1.094165,-1.0
2024-01-02 19:00:00-05:00,1.094165,1.09624,1.094135,1.09609,-1.0
2024-01-02 23:00:00-05:00,1.09609,1.096285,1.095125,1.096045,-1.0
2024-01-03 03:00:00-05:00,1.096045,1.09655,1.091565,1.09196,-1.0
2024-01-03 07:00:00-05:00,1.09196,1.093875,1.08981,1.090455,-1.0
2024-01-03 11:00:00-05:00,1.090455,1.092575,1.08931,1.091785,-1.0
2024-01-03 15:00:00-05:00,1.091785,1.092365,1.09149,1.09216,-1.0
2024-01-03 17:15:00-05:00,1.09182,1.092755,1.09182,1.092595,-1.0
2024-01-03 19:00:00-05:00,1.092595,1.09309,1.091605,1.092625,-1.0
2024-01-03 23:00:00-05:00,1.092625,1.094375,1.092105,1.09377,-1.0
2024-01-04 03:00:00-05:00,1.09377,1.09722,1.093465,1.0948,-1.0
2024-01-04 07:00:00-05:00,1.0948,1.09652,1.09328,1.095515,-1.0
2024-01-04 11:00:00-05:00,1.095515,1.096395,1.09421,1.09471,-1.0
2024-01-04 15:00:00-05:00,1.09471,1.095015,1.094305,1.094475,-1.0
2024-01-04 17:15:00-05:00,1.094975,1.09509,1.094335,1.094645,-1.0
2024-01-04 19:00:00-05:00,1.094645,1.09559,1.09392,1.09393,-1.0
2024-01-04 23:00:00-05:00,1.09393,1.09413,1.092265,1.092335,-1.0
2024-01-05 03:00:00-05:00,1.092335,1.09306,1.090285,1.091415,-1.0
2024-01-05 07:00:00-05:00,1.091415,1.099855,1.087695,1.09783,-1.0
2024-01-05 11:00:00-05:00,1.09783,1.09806,1.09353,1.09453,-1.0
2024-01-05 15:00:00-05:00,1.09453,1.094735,1.093585,1.09404,-1.0
2024-01-07 17:15:00-05:00,1.094425,1.094605,1.093485,1.094155,-1.0
2024-01-07 19:00:00-05:00,1.094155,1.095325,1.09316,1.0933,-1.0
2024-01-07 23:00:00-05:00,1.0933,1.095235,1.09307,1.09454,-1.0
2024-01-08 03:00:00-05:00,1.09454,1.095075,1.09227,1.09379,-1.0
2024-01-08 07:00:00-05:00,1.09379,1.097465,1.093735,1.09697,-1.0
2024-01-08 11:00:00-05:00,1.09697,1.097885,1.094905,1.09611,-1.0
2024-01-08 15:00:00-05:00,1.09611,1.09611,1.094955,1.095035,-1.0
2024-01-08 17:15:00-05:00,1.0956,1.0956,1.094955,1.094975,-1.0
2024-01-08 19:00:00-05:00,1.094975,1.096635,1.09494,1.096295,-1.0
2024-01-08 23:00:00-05:00,1.096295,1.09631,1.09462,1.095665,-1.0
2024-01-09 03:00:00-05:00,1.095665,1.095675,1.09287,1.093145,-1.0
2024-01-09 07:00:00-05:00,1.093145,1.095135,1.09177,1.09178,-1.0
2024-01-09 11:00:00-05:00,1.09178,1.094015,1.091025,1.09253,-1.0
2024-01-09 15:00:00-05:00,1.09253,1.09315,1.092485,1.0931,-1.0
2024-01-09 17:15:00-05:00,1.092925,1.0933,1.09276,1.093185,-1.0
2024-01-09 19:00:00-05:00,1.093185,1.093645,1.09262,1.09293,-1.0
2024-01-09 23:00:00-05:00,1.09293,1.094545,1.092365,1.092625,-1.0
2024-01-10 03:00:00-05:00,1.092625,1.09555,1.092285,1.09459,-1.0
2024-01-10 07:00:00-05:00,1.09459,1.096915,1.093215,1.09674,-1.0
2024-01-10 11:00:00-05:00,1.09674,1.09708,1.09524,1.09704,-1.0
2024-01-10 15:00:00-05:00,1.09704,1.097325,1.096165,1.09727,-1.0
2024-01-10 17:15:00-05:00,1.0971,1.097485,1.09699,1.09742,-1.0
2024-01-10 19:00:00-05:00,1.09742,1.09849,1.09731,1.098035,-1.0
2024-01-10 23:00:00-05:00,1.098035,1.09886,1.09747,1.097885,-1.0
2024-01-11 03:00:00-05:00,1.097885,1.098255,1.095875,1.097875,-1.0
2024-01-11 07:00:00-05:00,1.097875,1.100055,1.093025,1.094645,-1.0
2024-01-11 11:00:00-05:00,1.094645,1.0983,1.09366,1.09821,-1.0
2024-01-11 15:00:00-05:00,1.09821,1.09827,1.09562,1.097225,-1.0
2024-01-11 17:15:00-05:00,1.097305,1.098265,1.09708,1.098245,-1.0
2024-01-11 19:00:00-05:00,1.098245,1.098535,1.09726,1.09778,-1.0
2024-01-11 23:00:00-05:00,1.09778,1.09804,1.09609,1.096645,-1.0
2024-01-12 03:00:00-05:00,1.096645,1.098285,1.09467,1.09497,-1.0
2024-01-12 07:00:00-05:00,1.09497,1.098695,1.093595,1.09663,-1.0
2024-01-12 11:00:00-05:00,1.09663,1.0974,1.09471,1.0956,-1.0
2024-01-12 15:00:00-05:00,1.0956,1.09565,1.09483,1.09509,-1.0
2024-01-14 17:15:00-05:00,1.09485,1.095155,1.09442,1.09452,-1.0
2024-01-14 19:00:00-05:00,1.09452,1.096765,1.094075,1.096425,-1.0
2024-01-14 23:00:00-05:00,1.096425,1.09667,1.09516,1.09534,-1.0
2024-01-15 03:00:00-05:00,1.09534,1.096515,1.093355,1.094545,-1.0
2024-01-15 07:00:00-05:00,1.094545,1.095895,1.09382,1.09498,-1.0
2024-01-15 11:00:00-05:00,1.09498,1.09537,1.09463,1.09506,-1.0
2024-01-15 15:00:00-05:00,1.09506,1.0952,1.094925,1.09505,-1.0
2024-01-15 17:15:00-05:00,1.094925,1.095115,1.094485,1.094495,-1.0
2024-01-15 19:00:00-05:00,1.094495,1.09463,1.09155,1.091895,-1.0
2024-01-15 23:00:00-05:00,1.091895,1.09267,1.090865,1.09185,-1.0
2024-01-16 03:00:00-05:00,1.09185,1.092345,1.087385,1.08923,-1.0
2024-01-16 07:00:00-05:00,1.08923,1.0898,1.08657,1.08858,-1.0
2024-01-16 11:00:00-05:00,1.08858,1.089485,1.086205,1.087375,-1.0
2024-01-16 15:00:00-05:00,1.087375,1.08776,1.087005,1.087535,-1.0
2024-01-16 17:15:00-05:00,1.087375,1.08787,1.087195,1.08785,-1.0
2024-01-16 19:00:00-05:00,1.08785,1.088465,1.086515,1.086635,-1.0
2024-01-16 23:00:00-05:00,1.086635,1.087385,1.085555,1.08702,-1.0
2024-01-17 03:00:00-05:00,1.08702,1.088405,1.086105,1.08786,-1.0
2024-01-17 07:00:00-05:00,1.08786,1.088135,1.084455,1.084905,-1.0
2024-01-17 11:00:00-05:00,1.084905,1.08788,1.084775,1.08739,-1.0
2024-01-17 15:00:00-05:00,1.08739,1.088285,1.08704,1.088285,-1.0
2024-01-17 17:15:00-05:00,1.088175,1.08862,1.08801,1.08862,-1.0
2024-01-17 19:00:00-05:00,1.08862,1.090305,1.088035,1.089545,-1.0
2024-01-17 23:00:00-05:00,1.089545,1.09069,1.088645,1.088825,-1.0
2024-01-18 03:00:00-05:00,1.088825,1.089955,1.087665,1.08892,-1.0
2024-01-18 07:00:00-05:00,1.08892,1.0894,1.08467,1.085215,-1.0
2024-01-18 11:00:00-05:00,1.085215,1.087015,1.08502,1.08618,-1.0
2024-01-18 15:00:00-05:00,1.08618,1.087755,1.086065,1.087645,-1.0
2024-01-18 17:15:00-05:00,1.087325,1.088045,1.0872,1.088,-1.0
2024-01-18 19:00:00-05:00,1.088,1.088975,1.08762,1.088905,-1.0
2024-01-18 23:00:00-05:00,1.088905,1.088945,1.087465,1.087945,-1.0
2024-01-19 03:00:00-05:00,1.087945,1.089315,1.08681,1.088735,-1.0
2024-01-19 07:00:00-05:00,1.088735,1.08901,1.08657,1.088245,-1.0
2024-01-19 11:00:00-05:00,1.088245,1.08964,1.088015,1.08923,-1.0
2024-01-19 15:00:00-05:00,1.08923,1.08988,1.089005,1.089755,-1.0
2024-01-21 17:15:00-05:00,1.089115,1.089775,1.08902,1.089205,-1.0
2024-01-21 19:00:00-05:00,1.089205,1.090935,1.08912,1.090205,-1.0
2024-01-21 23:00:00-05:00,1.090205,1.090955,1.089745,1.08978,-1.0
2024-01-22 03:00:00-05:00,1.08978,1.090245,1.088165,1.089,-1.0
2024-01-22 07:00:00-05:00,1.089,1.089965,1.088,1.088525,-1.0
2024-01-22 11:00:00-05:00,1.088525,1.090005,1.088035,1.088485,-1.0
2024-01-22 15:00:00-05:00,1.088485,1.088565,1.08804,1.088275,-1.0
2024-01-22 17:15:00-05:00,1.0884,1.088535,1.0877,1.087735,-1.0
2024-01-22 19:00:00-05:00,1.087735,1.089505,1.087585,1.08929,-1.0
2024-01-22 23:00:00-05:00,1.08929,1.09163,1.08917,1.09083,-1.0
2024-01-23 03:00:00-05:00,1.09083,1.091065,1.08602,1.08665,-1.0
2024-01-23 07:00:00-05:00,1.08665,1.08759,1.08217,1.08309,-1.0
2024-01-23 11:00:00-05:00,1.08309,1.08477,1.082425,1.08453,-1.0
2024-01-23 15:00:00-05:00,1.08453,1.085615,1.084365,1.085435,-1.0
2024-01-23 17:15:00-05:00,1.08508,1.085935,1.085035,1.085735,-1.0
2024-01-23 19:00:00-05:00,1.085735,1.08615,1.08515,1.085905,-1.0
2024-01-23 23:00:00-05:00,1.085905,1.087955,1.08583,1.087345,-1.0
2024-01-24 03:00:00-05:00,1.087345,1.09078,1.086275,1.089275,-1.0
2024-01-24 07:00:00-05:00,1.089275,1.09324,1.088745,1.090085,-1.0
2024-01-24 11:00:00-05:00,1.090085,1.09087,1.08814,1.088845,-1.0
2024-01-24 15:00:00-05:00,1.088845,1.08906,1.08778,1.088485,-1.0
2024-01-24 17:15:00-05:00,1.088575,1.088695,1.088115,1.088125,-1.0
2024-01-24 19:00:00-05:00,1.088125,1.088185,1.08703,1.087795,-1.0
2024-01-24 23:00:00-05:00,1.087795,1.08914,1.08745,1.08879,-1.0
2024-01-25 03:00:00-05:00,1.08879,1.08998,1.088295,1.089485,-1.0
2024-01-25 07:00:00-05:00,1.089485,1.090205,1.08293,1.08317,-1.0
2024-01-25 11:00:00-05:00,1.08317,1.08521,1.08216,1.083595,-1.0
2024-01-25 15:00:00-05:00,1.083595,1.08482,1.083345,1.08462,-1.0
2024-01-25 17:15:00-05:00,1.08473,1.084815,1.0843,1.084555,-1.0
2024-01-25 19:00:00-05:00,1.084555,1.08489,1.083755,1.084495,-1.0
2024-01-25 23:00:00-05:00,1.084495,1.0845,1.08129,1.08196,-1.0
2024-01-26 03:00:00-05:00,1.08196,1.087615,1.08175,1.08746,-1.0
2024-01-26 07:00:00-05:00,1.08746,1.088595,1.085515,1.086405,-1.0
2024-01-26 11:00:00-05:00,1.086405,1.087055,1.085395,1.085815,-1.0
2024-01-26 15:00:00-05:00,1.085815,1.08622,1.085195,1.085355,-1.0
2024-01-28 17:15:00-05:00,1.084705,1.08496,1.084195,1.084235,-1.0
2024-01-28 19:00:00-05:00,1.084235,1.084905,1.08394,1.08451,-1.0
2024-01-28 23:00:00-05:00,1.08451,1.08502,1.0835,1.083715,-1.0
2024-01-29 03:00:00-05:00,1.083715,1.08421,1.081395,1.0823,-1.0
2024-01-29 07:00:00-05:00,1.0823,1.083695,1.07962,1.07974,-1.0
2024-01-29 11:00:00-05:00,1.07974,1.08201,1.079595,1.081895,-1.0
2024-01-29 15:00:00-05:00,1.081895,1.08406,1.081895,1.083215,-1.0
2024-01-29 17:15:00-05:00,1.0834,1.08369,1.082995,1.083385,-1.0
2024-01-29 19:00:00-05:00,1.083385,1.084225,1.083005,1.083065,-1.0
2024-01-29 23:00:00-05:00,1.083065,1.08335,1.0812,1.082275,-1.0
2024-01-30 03:00:00-05:00,1.082275,1.08481,1.081635,1.084185,-1.0
2024-01-30 07:00:00-05:00,1.084185,1.085745,1.082815,1.0837,-1.0
2024-01-30 11:00:00-05:00,1.0837,1.084735,1.083165,1.08461,-1.0
2024-01-30 15:00:00-05:00,1.08461,1.08487,1.084085,1.08455,-1.0
2024-01-30 17:15:00-05:00,1.0842,1.08461,1.084075,1.084305,-1.0
2024-01-30 19:00:00-05:00,1.084305,1.084825,1.0816,1.08186,-1.0
2024-01-30 23:00:00-05:00,1.08186,1.082235,1.08062,1.08161,-1.0
2024-01-31 03:00:00-05:00,1.08161,1.08405,1.080925,1.083905,-1.0
2024-01-31 07:00:00-05:00,1.083905,1.088755,1.08335,1.08614,-1.0
2024-01-31 11:00:00-05:00,1.08614,1.086785,1.081575,1.08404,-1.0
2024-01-31 15:00:00-05:00,1.08404,1.08419,1.07949,1.08183,-1.0
2024-01-31 17:15:00-05:00,1.0819,1.082075,1.080325,1.080405,-1.0
2024-01-31 19:00:00-05:00,1.080405,1.08218,1.080175,1.08118,-1.0
2024-01-31 23:00:00-05:00,1.08118,1.08137,1.078385,1.079335,-1.0
2024-02-01 03:00:00-05:00,1.079335,1.081335,1.07799,1.08085,-1.0
2024-02-01 07:00:00-05:00,1.08085,1.0832,1.08058,1.082655,-1.0
2024-02-01 11:00:00-05:00,1.082655,1.08748,1.08265,1.08719,-1.0
2024-02-01 15:00:00-05:00,1.08719,1.08748,1.08681,1.08716,-1.0
2024-02-01 17:15:00-05:00,1.087245,1.08764,1.086705,1.087425,-1.0
2024-02-01 19:00:00-05:00,1.087425,1.087975,1.087015,1.087685,-1.0
2024-02-01 23:00:00-05:00,1.087685,1.08871,1.0872,1.088095,-1.0
2024-02-02 03:00:00-05:00,1.088095,1.089765,1.08736,1.088375,-1.0
2024-02-02 07:00:00-05:00,1.088375,1.08862,1.078325,1.080255,-1.0
2024-02-02 11:00:00-05:00,1.080255,1.080375,1.07805,1.079265,-1.0
2024-02-02 15:00:00-05:00,1.079265,1.079745,1.078525,1.078805,-1.0
2024-02-04 17:15:00-05:00,1.078375,1.078735,1.077005,1.07797,-1.0
2024-02-04 19:00:00-05:00,1.07797,1.07832,1.076735,1.07791,-1.0
2024-02-04 23:00:00-05:00,1.07791,1.07849,1.077265,1.078025,-1.0
2024-02-05 03:00:00-05:00,1.078025,1.078615,1.07471,1.075495,-1.0
2024-02-05 07:00:00-05:00,1.075495,1.075775,1.072325,1.07253,-1.0
2024-02-05 11:00:00-05:00,1.07253,1.07466,1.07247,1.0743,-1.0
2024-02-05 15:00:00-05:00,1.0743,1.07443,1.07369,1.07427,-1.0
2024-02-05 17:15:00-05:00,1.07405,1.074445,1.07386,1.074125,-1.0
2024-02-05 19:00:00-05:00,1.074125,1.074915,1.074125,1.074395,-1.0
2024-02-05 23:00:00-05:00,1.074395,1.076245,1.074345,1.075195,-1.0
2024-02-06 03:00:00-05:00,1.075195,1.07601,1.07243,1.07387,-1.0
2024-02-06 07:00:00-05:00,1.07387,1.074845,1.072265,1.07433,-1.0
2024-02-06 11:00:00-05:00,1.07433,1.075565,1.07389,1.074945,-1.0
2024-02-06 15:00:00-05:00,1.074945,1.075745,1.07494,1.07541,-1.0
2024-02-06 17:15:00-05:00,1.075625,1.075705,1.075165,1.075685,-1.0
2024-02-06 19:00:00-05:00,1.075685,1.07665,1.075615,1.07589,-1.0
2024-02-06 23:00:00-05:00,1.07589,1.07729,1.07567,1.077265,-1.0
2024-02-07 03:00:00-05:00,1.077265,1.077395,1.075795,1.07712,-1.0
2024-02-07 07:00:00-05:00,1.07712,1.078405,1.07557,1.07567,-1.0
2024-02-07 11:00:00-05:00,1.07567,1.07755,1.07562,1.077205,-1.0
2024-02-07 15:00:00-05:00,1.077205,1.07749,1.077095,1.07719,-1.0
2024-02-07 17:15:00-05:00,1.077205,1.07771,1.07717,1.07756,-1.0
2024-02-07 19:00:00-05:00,1.07756,1.07849,1.07746,1.078245,-1.0
2024-02-07 23:00:00-05:00,1.078245,1.078895,1.077685,1.078015,-1.0
2024-02-08 03:00:00-05:00,1.078015,1.078555,1.07611,1.076315,-1.0
2024-02-08 07:00:00-05:00,1.076315,1.07676,1.07416,1.07612,-1.0
2024-02-08 11:00:00-05:00,1.07612,1.0783,1.076025,1.07749,-1.0
2024-02-08 15:00:00-05:00,1.07749,1.077995,1.07749,1.07775,-1.0
2024-02-08 17:15:00-05:00,1.077875,1.078025,1.077385,1.07777,-1.0
2024-02-08 19:00:00-05:00,1.07777,1.07788,1.077015,1.077105,-1.0
2024-02-08 23:00:00-05:00,1.077105,1.07828,1.076945,1.078025,-1.0
2024-02-09 03:00:00-05:00,1.078025,1.078475,1.076225,1.077175,-1.0
2024-02-09 07:00:00-05:00,1.077175,1.07957,1.076305,1.078645,-1.0
2024-02-09 11:00:00-05:00,1.078645,1.079095,1.077925,1.07825,-1.0
2024-02-09 15:00:00-05:00,1.07825,1.078875,1.077975,1.078415,-1.0
2024-02-11 17:15:00-05:00,1.078505,1.07984,1.078345,1.07981,-1.0
2024-02-11 19:00:00-05:00,1.07981,1.07999,1.07912,1.07918,-1.0
2024-02-11 23:00:00-05:00,1.07918,1.08055,1.07895,1.080325,-1.0
2024-02-12 03:00:00-05:00,1.080325,1.080335,1.07632,1.07694,-1.0
2024-02-12 07:00:00-05:00,1.07694,1.07743,1.075595,1.07674,-1.0
2024-02-12 11:00:00-05:00,1.07674,1.07861,1.07653,1.07694,-1.0
2024-02-12 15:00:00-05:00,1.07694,1.07751,1.07694,1.07718,-1.0
2024-02-12 17:15:00-05:00,1.0773,1.0776,1.07706,1.077195,-1.0
2024-02-12 19:00:00-05:00,1.077195,1.077455,1.07607,1.07619,-1.0
2024-02-12 23:00:00-05:00,1.07619,1.07778,1.07613,1.077125,-1.0
2024-02-13 03:00:00-05:00,1.077125,1.078185,1.075685,1.077785,-1.0
2024-02-13 07:00:00-05:00,1.077785,1.07989,1.070065,1.071685,-1.0
2024-02-13 11:00:00-05:00,1.071685,1.0722,1.07006,1.07013,-1.0
2024-02-13 15:00:00-05:00,1.07013,1.07103,1.07007,1.07086,-1.0
2024-02-13 17:15:00-05:00,1.07105,1.07131,1.070795,1.07084,-1.0
2024-02-13 19:00:00-05:00,1.07084,1.071455,1.070335,1.07125,-1.0
2024-02-13 23:00:00-05:00,1.07125,1.07188,1.07053,1.07076,-1.0
2024-02-14 03:00:00-05:00,1.07076,1.071045,1.0695,1.07079,-1.0
2024-02-14 07:00:00-05:00,1.07079,1.072535,1.07011,1.072125,-1.0
2024-02-14 11:00:00-05:00,1.072125,1.07345,1.071915,1.07282,-1.0
2024-02-14 15:00:00-05:00,1.07282,1.072895,1.072545,1.072725,-1.0
2024-02-14 17:15:00-05:00,1.072625,1.07323,1.072625,1.0732,-1.0
2024-02-14 19:00:00-05:00,1.0732,1.07355,1.07251,1.07257,-1.0
2024-02-14 23:00:00-05:00,1.07257,1.074155,1.072475,1.073295,-1.0
2024-02-15 03:00:00-05:00,1.073295,1.074005,1.07281,1.07355,-1.0
2024-02-15 07:00:00-05:00,1.07355,1.078485,1.07354,1.07612,-1.0
2024-02-15 11:00:00-05:00,1.07612,1.077235,1.07553,1.07688,-1.0
2024-02-15 15:00:00-05:00,1.07688,1.077395,1.07681,1.077225,-1.0
2024-02-15 17:15:00-05:00,1.077235,1.07769,1.07705,1.077285,-1.0
2024-02-15 19:00:00-05:00,1.077285,1.077375,1.07592,1.076005,-1.0
2024-02-15 23:00:00-05:00,1.076005,1.0768,1.075755,1.07607,-1.0
2024-02-16 03:00:00-05:00,1.07607,1.078,1.075955,1.077755,-1.0
2024-02-16 07:00:00-05:00,1.077755,1.077805,1.07321,1.07708,-1.0
2024-02-16 11:00:00-05:00,1.07708,1.07875,1.076275,1.077705,-1.0
2024-02-16 15:00:00-05:00,1.077705,1.07784,1.0773,1.077555,-1.0
2024-02-18 17:15:00-05:00,1.07765,1.078515,1.07735,1.078405,-1.0
2024-02-18 19:00:00-05:00,1.078405,1.0789,1.077505,1.07756,-1.0
2024-02-18 23:00:00-05:00,1.07756,1.078945,1.07749,1.07826,-1.0
2024-02-19 03:00:00-05:00,1.07826,1.078745,1.07723,1.077705,-1.0
2024-02-19 07:00:00-05:00,1.077705,1.077955,1.076205,1.076745,-1.0
2024-02-19 11:00:00-05:00,1.076745,1.078385,1.076275,1.07785,-1.0
2024-02-19 15:00:00-05:00,1.07785,1.07826,1.07777,1.07795,-1.0
2024-02-19 17:15:00-05:00,1.0778,1.078055,1.07738,1.077555,-1.0
2024-02-19 19:00:00-05:00,1.077555,1.07769,1.07617,1.07678,-1.0
2024-02-19 23:00:00-05:00,1.07678,1.077495,1.076535,1.076975,-1.0
2024-02-20 03:00:00-05:00,1.076975,1.08095,1.076885,1.07984,-1.0
2024-02-20 07:00:00-05:00,1.07984,1.08388,1.07954,1.08227,-1.0
2024-02-20 11:00:00-05:00,1.08227,1.082505,1.08063,1.080635,-1.0
2024-02-20 15:00:00-05:00,1.080635,1.081275,1.08045,1.08078,-1.0
2024-02-20 17:15:00-05:00,1.080725,1.081115,1.080655,1.080985,-1.0
2024-02-20 19:00:00-05:00,1.080985,1.0819,1.08056,1.081795,-1.0
2024-02-20 23:00:00-05:00,1.081795,1.08193,1.080645,1.081085,-1.0
2024-02-21 03:00:00-05:00,1.081085,1.08147,1.079005,1.07991,-1.0
2024-02-21 07:00:00-05:00,1.07991,1.082,1.079645,1.08052,-1.0
2024-02-21 11:00:00-05:00,1.08052,1.08245,1.080005,1.081655,-1.0
2024-02-21 15:00:00-05:00,1.081655,1.0821,1.081255,1.08188,-1.0
2024-02-21 17:15:00-05:00,1.08194,1.08228,1.081825,1.08203,-1.0
2024-02-21 19:00:00-05:00,1.08203,1.083215,1.08191,1.08259,-1.0
2024-02-21 23:00:00-05:00,1.08259,1.085395,1.08254,1.08532,-1.0
2024-02-22 03:00:00-05:00,1.08532,1.08886,1.084485,1.085745,-1.0
2024-02-22 07:00:00-05:00,1.085745,1.08587,1.08028,1.08103,-1.0
2024-02-22 11:00:00-05:00,1.08103,1.08262,1.08089,1.08225,-1.0
2024-02-22 15:00:00-05:00,1.08225,1.082375,1.08186,1.082285,-1.0
2024-02-22 17:15:00-05:00,1.082425,1.082605,1.081875,1.082545,-1.0
2024-02-22 19:00:00-05:00,1.082545,1.083205,1.08148,1.08254,-1.0
2024-02-22 23:00:00-05:00,1.08254,1.083185,1.082115,1.08295,-1.0
2024-02-23 03:00:00-05:00,1.08295,1.083265,1.08141,1.082715,-1.0
2024-02-23 07:00:00-05:00,1.082715,1.083965,1.08119,1.08207,-1.0
2024-02-23 11:00:00-05:00,1.08207,1.082965,1.0815,1.0823,-1.0
2024-02-23 15:00:00-05:00,1.0823,1.08246,1.081775,1.08205,-1.0
2024-02-25 17:15:00-05:00,1.082025,1.08253,1.08191,1.08191,-1.0
2024-02-25 19:00:00-05:00,1.08191,1.08203,1.08127,1.08186,-1.0
2024-02-25 23:00:00-05:00,1.08186,1.083685,1.081755,1.08321,-1.0
2024-02-26 03:00:00-05:00,1.08321,1.08541,1.08271,1.085195,-1.0
2024-02-26 07:00:00-05:00,1.085195,1.08598,1.08387,1.085095,-1.0
2024-02-26 11:00:00-05:00,1.085095,1.08556,1.083975,1.08462,-1.0
2024-02-26 15:00:00-05:00,1.08462,1.085275,1.08462,1.085125,-1.0
2024-02-26 17:15:00-05:00,1.08495,1.08515,1.084785,1.085045,-1.0
2024-02-26 19:00:00-05:00,1.085045,1.08536,1.08455,1.085275,-1.0
2024-02-26 23:00:00-05:00,1.085275,1.08628,1.084715,1.08561,-1.0
2024-02-27 03:00:00-05:00,1.08561,1.086595,1.084195,1.085765,-1.0
2024-02-27 07:00:00-05:00,1.085765,1.086315,1.0833,1.084695,-1.0
2024-02-27 11:00:00-05:00,1.084695,1.085795,1.084085,1.084435,-1.0
2024-02-27 15:00:00-05:00,1.084435,1.08477,1.08421,1.084395,-1.0
2024-02-27 17:15:00-05:00,1.084725,1.08481,1.08411,1.08411,-1.0
2024-02-27 19:00:00-05:00,1.08411,1.084575,1.083275,1.08344,-1.0
2024-02-27 23:00:00-05:00,1.08344,1.083575,1.081645,1.082325,-1.0
2024-02-28 03:00:00-05:00,1.082325,1.08241,1.079665,1.08155,-1.0
2024-02-28 07:00:00-05:00,1.08155,1.08379,1.08067,1.08343,-1.0
2024-02-28 11:00:00-05:00,1.08343,1.084585,1.083125,1.08337,-1.0
2024-02-28 15:00:00-05:00,1.08337,1.08399,1.083305,1.083825,-1.0
2024-02-28 17:15:00-05:00,1.083625,1.08412,1.083465,1.083835,-1.0
2024-02-28 19:00:00-05:00,1.083835,1.084045,1.0828,1.083695,-1.0
2024-02-28 23:00:00-05:00,1.083695,1.083955,1.082595,1.08288,-1.0
2024-02-29 03:00:00-05:00,1.08288,1.08543,1.082865,1.083435,-1.0
2024-02-29 07:00:00-05:00,1.083435,1.085595,1.081915,1.08225,-1.0
2024-02-29 11:00:00-05:00,1.08225,1.082505,1.079595,1.08027,-1.0
2024-02-29 15:00:00-05:00,1.08027,1.08096,1.08027,1.080545,-1.0
2024-02-29 17:15:00-05:00,1.080575,1.080645,1.080235,1.080575,-1.0
2024-02-29 19:00:00-05:00,1.080575,1.082185,1.08053,1.08169,-1.0
2024-02-29 23:00:00-05:00,1.08169,1.08176,1.080825,1.081245,-1.0
2024-03-01 03:00:00-05:00,1.081245,1.082275,1.07984,1.081865,-1.0
2024-03-01 07:00:00-05:00,1.081865,1.084165,1.07981,1.083515,-1.0
2024-03-01 11:00:00-05:00,1.083515,1.084325,1.08233,1.084125,-1.0
2024-03-01 15:00:00-05:00,1.084125,1.08413,1.083335,1.083555,-1.0
2024-03-03 17:15:00-05:00,1.08395,1.084425,1.083885,1.08417,-1.0
2024-03-03 19:00:00-05:00,1.08417,1.08481,1.083855,1.0844,-1.0
2024-03-03 23:00:00-05:00,1.0844,1.0854,1.084285,1.085375,-1.0
2024-03-04 03:00:00-05:00,1.085375,1.0858,1.08378,1.08563,-1.0
2024-03-04 07:00:00-05:00,1.08563,1.086365,1.084015,1.086325,-1.0
2024-03-04 11:00:00-05:00,1.086325,1.086685,1.08554,1.085655,-1.0
2024-03-04 15:00:00-05:00,1.085655,1.08597,1.0855,1.08558,-1.0
2024-03-04 17:15:00-05:00,1.08555,1.08581,1.0854,1.08541,-1.0
2024-03-04 19:00:00-05:00,1.08541,1.085525,1.084755,1.085425,-1.0
2024-03-04 23:00:00-05:00,1.085425,1.08543,1.08414,1.08464,-1.0
2024-03-05 03:00:00-05:00,1.08464,1.085585,1.084305,1.08498,-1.0
2024-03-05 07:00:00-05:00,1.08498,1.087615,1.084025,1.08713,-1.0
2024-03-05 11:00:00-05:00,1.08713,1.087205,1.08514,1.085285,-1.0
2024-03-05 15:00:00-05:00,1.085285,1.085905,1.08491,1.08567,-1.0
2024-03-05 17:15:00-05:00,1.085655,1.0859,1.0855,1.08555,-1.0
2024-03-05 19:00:00-05:00,1.08555,1.085575,1.08422,1.08508,-1.0
2024-03-05 23:00:00-05:00,1.08508,1.086645,1.08496,1.086205,-1.0
2024-03-06 03:00:00-05:00,1.086205,1.08795,1.085915,1.087575,-1.0
2024-03-06 07:00:00-05:00,1.087575,1.090875,1.086755,1.090525,-1.0
2024-03-06 11:00:00-05:00,1.090525,1.091535,1.089325,1.089665,-1.0
2024-03-06 15:00:00-05:00,1.089665,1.089965,1.089295,1.089875,-1.0
2024-03-06 17:15:00-05:00,1.08995,1.090215,1.089685,1.089955,-1.0
2024-03-06 19:00:00-05:00,1.089955,1.09074,1.089365,1.09006,-1.0
2024-03-06 23:00:00-05:00,1.09006,1.090565,1.089135,1.08938,-1.0
2024-03-07 03:00:00-05:00,1.08938,1.09028,1.08878,1.0894,-1.0
2024-03-07 07:00:00-05:00,1.0894,1.093095,1.08679,1.093,-1.0
2024-03-07 11:00:00-05:00,1.093,1.094885,1.092475,1.094685,-1.0
2024-03-07 15:00:00-05:00,1.094685,1.09493,1.094245,1.094785,-1.0
2024-03-07 17:15:00-05:00,1.094675,1.095145,1.09457,1.095105,-1.0
2024-03-07 19:00:00-05:00,1.095105,1.095575,1.094415,1.09474,-1.0
2024-03-07 23:00:00-05:00,1.09474,1.09511,1.09318,1.09337,-1.0
2024-03-08 03:00:00-05:00,1.09337,1.0939,1.09262,1.093475,-1.0
2024-03-08 07:00:00-05:00,1.093475,1.098125,1.091855,1.09608,-1.0
2024-03-08 11:00:00-05:00,1.09608,1.09615,1.093355,1.094175,-1.0
2024-03-08 15:00:00-05:00,1.094175,1.094395,1.093455,1.09395,-1.0
2024-03-10 17:15:00-04:00,1.093975,1.094375,1.093585,1.094285,-1.0
2024-03-10 20:00:00-04:00,1.094285,1.09467,1.09374,1.094135,-1.0
2024-03-11 00:00:00-04:00,1.094135,1.09474,1.093535,1.094195,-1.0
2024-03-11 04:00:00-04:00,1.094195,1.094815,1.09331,1.094295,-1.0
2024-03-11 08:00:00-04:00,1.094295,1.09433,1.09146,1.092735,-1.0
2024-03-11 12:00:00-04:00,1.092735,1.09303,1.09183,1.09262,-1.0
2024-03-11 16:00:00-04:00,1.09262,1.09274,1.09253,1.092565,-1.0
2024-03-11 17:15:00-04:00,1.0925,1.093105,1.09245,1.09307,-1.0
2024-03-11 20:00:00-04:00,1.09307,1.093805,1.09268,1.09363,-1.0
2024-03-12 00:00:00-04:00,1.09363,1.09394,1.09316,1.0932,-1.0
2024-03-12 04:00:00-04:00,1.0932,1.09355,1.092135,1.093355,-1.0
2024-03-12 08:00:00-04:00,1.093355,1.09439,1.090225,1.091775,-1.0
2024-03-12 12:00:00-04:00,1.091775,1.0926,1.091285,1.092575,-1.0
2024-03-12 16:00:00-04:00,1.092575,1.092745,1.092505,1.092665,-1.0
2024-03-12 17:15:00-04:00,1.0927,1.09291,1.092605,1.092685,-1.0
2024-03-12 20:00:00-04:00,1.092685,1.093075,1.092345,1.092795,-1.0
2024-03-13 00:00:00-04:00,1.092795,1.09318,1.09209,1.09268,-1.0
2024-03-13 04:00:00-04:00,1.09268,1.094585,1.092015,1.094225,-1.0
2024-03-13 08:00:00-04:00,1.094225,1.094745,1.093145,1.094355,-1.0
2024-03-13 12:00:00-04:00,1.094355,1.096385,1.09401,1.094725,-1.0
2024-03-13 16:00:00-04:00,1.094725,1.09493,1.094715,1.09477,-1.0
2024-03-13 17:15:00-04:00,1.095175,1.095325,1.094795,1.09531,-1.0
2024-03-13 20:00:00-04:00,1.09531,1.095485,1.09414,1.094235,-1.0
2024-03-14 00:00:00-04:00,1.094235,1.09432,1.09318,1.093535,-1.0
2024-03-14 04:00:00-04:00,1.093535,1.09454,1.09353,1.094145,-1.0
2024-03-14 08:00:00-04:00,1.094145,1.094485,1.088295,1.088765,-1.0
2024-03-14 12:00:00-04:00,1.088765,1.089265,1.088075,1.08911,-1.0
2024-03-14 16:00:00-04:00,1.08911,1.08919,1.08826,1.088305,-1.0
2024-03-14 17:15:00-04:00,1.088525,1.08867,1.08825,1.088275,-1.0
2024-03-14 20:00:00-04:00,1.088275,1.088465,1.0873,1.0877,-1.0
2024-03-15 00:00:00-04:00,1.0877,1.088495,1.08733,1.088095,-1.0
2024-03-15 04:00:00-04:00,1.088095,1.089965,1.0878,1.08937,-1.0
2024-03-15 08:00:00-04:00,1.08937,1.089495,1.08814,1.088765,-1.0
2024-03-15 12:00:00-04:00,1.088765,1.08914,1.088345,1.08893,-1.0
2024-03-15 16:00:00-04:00,1.08893,1.08902,1.08863,1.08877,-1.0
2024-03-17 17:15:00-04:00,1.0887,1.089215,1.088175,1.088355,-1.0
2024-03-17 20:00:00-04:00,1.088355,1.08918,1.08805,1.08855,-1.0
2024-03-18 00:00:00-04:00,1.08855,1.089665,1.08853,1.089235,-1.0
2024-03-18 04:00:00-04:00,1.089235,1.090625,1.0891,1.090245,-1.0
2024-03-18 08:00:00-04:00,1.090245,1.0905,1.08811,1.088535,-1.0
2024-03-18 12:00:00-04:00,1.088535,1.088535,1.086615,1.086935,-1.0
2024-03-18 16:00:00-04:00,1.086935,1.087255,1.08692,1.08722,-1.0
2024-03-18 17:15:00-04:00,1.08722,1.08743,1.087125,1.087345,-1.0
2024-03-18 20:00:00-04:00,1.087345,1.087645,1.086685,1.087395,-1.0
2024-03-19 00:00:00-04:00,1.087395,1.087655,1.085175,1.085475,-1.0
2024-03-19 04:00:00-04:00,1.085475,1.085625,1.08347,1.085025,-1.0
2024-03-19 08:00:00-04:00,1.085025,1.08656,1.08457,1.085845,-1.0
2024-03-19 12:00:00-04:00,1.085845,1.08677,1.08546,1.08649,-1.0
2024-03-19 16:00:00-04:00,1.08649,1.086645,1.086405,1.08658,-1.0
2024-03-19 17:15:00-04:00,1.0864,1.086655,1.08617,1.08618,-1.0
2024-03-19 20:00:00-04:00,1.08618,1.08712,1.08584,1.086995,-1.0
2024-03-20 00:00:00-04:00,1.086995,1.087215,1.0865,1.08654,-1.0
2024-03-20 04:00:00-04:00,1.08654,1.086545,1.08365,1.084275,-1.0
2024-03-20 08:00:00-04:00,1.084275,1.085615,1.08373,1.085465,-1.0
2024-03-20 12:00:00-04:00,1.085465,1.09228,1.08536,1.092115,-1.0
2024-03-20 16:00:00-04:00,1.092115,1.09228,1.091885,1.092195,-1.0
2024-03-20 17:15:00-04:00,1.0921,1.09375,1.091945,1.09374,-1.0
2024-03-20 20:00:00-04:00,1.09374,1.0939,1.09308,1.09351,-1.0
2024-03-21 00:00:00-04:00,1.09351,1.09426,1.09257,1.092875,-1.0
2024-03-21 04:00:00-04:00,1.092875,1.092875,1.088735,1.090965,-1.0
2024-03-21 08:00:00-04:00,1.090965,1.09172,1.085575,1.08605,-1.0
2024-03-21 12:00:00-04:00,1.08605,1.086625,1.08555,1.085675,-1.0
2024-03-21 16:00:00-04:00,1.085675,1.08606,1.08567,1.08599,-1.0
2024-03-21 17:15:00-04:00,1.086,1.0863,1.085975,1.0862,-1.0
2024-03-21 20:00:00-04:00,1.0862,1.08681,1.08359,1.083795,-1.0
2024-03-22 00:00:00-04:00,1.083795,1.0842,1.082095,1.08247,-1.0
2024-03-22 04:00:00-04:00,1.08247,1.082975,1.08083,1.08162,-1.0
2024-03-22 08:00:00-04:00,1.08162,1.083175,1.081035,1.08159,-1.0
2024-03-22 12:00:00-04:00,1.08159,1.081705,1.08018,1.080575,-1.0
2024-03-22 16:00:00-04:00,1.080575,1.08099,1.080495,1.08075,-1.0
2024-03-24 17:15:00-04:00,1.080905,1.08106,1.08055,1.08072,-1.0
2024-03-24 20:00:00-04:00,1.08072,1.08221,1.08022,1.08136,-1.0
2024-03-25 00:00:00-04:00,1.08136,1.0823,1.08107,1.081385,-1.0
2024-03-25 04:00:00-04:00,1.081385,1.08296,1.08072,1.082845,-1.0
2024-03-25 08:00:00-04:00,1.082845,1.08425,1.082795,1.083665,-1.0
2024-03-25 12:00:00-04:00,1.083665,1.083995,1.083315,1.08393,-1.0
2024-03-25 16:00:00-04:00,1.08393,1.084095,1.08357,1.08373,-1.0
2024-03-25 17:15:00-04:00,1.08375,1.083865,1.083235,1.083705,-1.0
2024-03-25 20:00:00-04:00,1.083705,1.084575,1.083585,1.08369,-1.0
2024-03-26 00:00:00-04:00,1.08369,1.085295,1.083655,1.084235,-1.0
2024-03-26 04:00:00-04:00,1.084235,1.08644,1.08387,1.085695,-1.0
2024-03-26 08:00:00-04:00,1.085695,1.08593,1.08252,1.08282,-1.0
2024-03-26 12:00:00-04:00,1.08282,1.083575,1.082435,1.08287,-1.0
2024-03-26 16:00:00-04:00,1.08287,1.083205,1.08285,1.083115,-1.0
2024-03-26 17:15:00-04:00,1.08325,1.083375,1.08304,1.083255,-1.0
2024-03-26 20:00:00-04:00,1.083255,1.083275,1.082055,1.082635,-1.0
2024-03-27 00:00:00-04:00,1.082635,1.083385,1.082295,1.082645,-1.0
2024-03-27 04:00:00-04:00,1.082645,1.08391,1.08181,1.082095,-1.0
2024-03-27 08:00:00-04:00,1.082095,1.082255,1.081075,1.08203,-1.0
2024-03-27 12:00:00-04:00,1.08203,1.082745,1.08175,1.082725,-1.0
2024-03-27 16:00:00-04:00,1.082725,1.08291,1.082625,1.082775,-1.0
2024-03-27 17:15:00-04:00,1.082685,1.0828,1.08103,1.08125,-1.0
2024-03-27 20:00:00-04:00,1.08125,1.08261,1.080805,1.082165,-1.0
2024-03-28 00:00:00-04:00,1.082165,1.082665,1.08003,1.080085,-1.0
2024-03-28 04:00:00-04:00,1.080085,1.080215,1.07751,1.078395,-1.0
2024-03-28 08:00:00-04:00,1.078395,1.081885,1.07835,1.080135,-1.0
2024-03-28 12:00:00-04:00,1.080135,1.08053,1.078465,1.078795,-1.0
2024-03-28 16:00:00-04:00,1.078795,1.07889,1.0785,1.07884,-1.0
2024-03-28 17:15:00-04:00,1.07896,1.07954,1.07868,1.079135,-1.0
2024-03-28 20:00:00-04:00,1.079135,1.079145,1.077385,1.07747,-1.0
2024-03-29 00:00:00-04:00,1.07747,1.078175,1.07683,1.07685,-1.0
2024-03-29 04:00:00-04:00,1.07685,1.079185,1.076835,1.078755,-1.0
2024-03-29 08:00:00-04:00,1.078755,1.080565,1.07817,1.079245,-1.0
2024-03-29 12:00:00-04:00,1.079245,1.07939,1.078695,1.079085,-1.0
2024-03-29 16:00:00-04:00,1.079085,1.079765,1.07904,1.07923,-1.0
2024-03-31 17:15:00-04:00,1.079325,1.07974,1.07857,1.079315,-1.0
2024-03-31 20:00:00-04:00,1.079315,1.07989,1.07847,1.07904,-1.0
2024-04-01 00:00:00-04:00,1.07904,1.07922,1.07828,1.078615,-1.0
2024-04-01 04:00:00-04:00,1.078615,1.07916,1.077975,1.07841,-1.0
2024-04-01 08:00:00-04:00,1.07841,1.078585,1.0731,1.073255,-1.0
2024-04-01 12:00:00-04:00,1.073255,1.074405,1.073125,1.074175,-1.0
2024-04-01 16:00:00-04:00,1.074175,1.07432,1.07415,1.07431,-1.0
2024-04-01 17:15:00-04:00,1.07415,1.07447,1.07357,1.07374,-1.0
2024-04-01 20:00:00-04:00,1.07374,1.073915,1.07296,1.073005,-1.0
2024-04-02 00:00:00-04:00,1.073005,1.074285,1.072465,1.07421,-1.0
2024-04-02 04:00:00-04:00,1.07421,1.07536,1.072645,1.07517,-1.0
2024-04-02 08:00:00-04:00,1.07517,1.0779,1.074565,1.0769,-1.0
2024-04-02 12:00:00-04:00,1.0769,1.07703,1.076025,1.07681,-1.0
2024-04-02 16:00:00-04:00,1.07681,1.076965,1.076585,1.076935,-1.0
2024-04-02 17:15:00-04:00,1.07705,1.077425,1.07667,1.076805,-1.0
2024-04-02 20:00:00-04:00,1.076805,1.077945,1.076585,1.077735,-1.0
2024-04-03 00:00:00-04:00,1.077735,1.077805,1.07641,1.077055,-1.0
2024-04-03 04:00:00-04:00,1.077055,1.078495,1.076515,1.07839,-1.0
2024-04-03 08:00:00-04:00,1.07839,1.08306,1.077285,1.08267,-1.0
2024-04-03 12:00:00-04:00,1.08267,1.083685,1.08203,1.08335,-1.0
2024-04-03 16:00:00-04:00,1.08335,1.083675,1.083245,1.0836,-1.0
2024-04-03 17:15:00-04:00,1.08345,1.084085,1.08335,1.083815,-1.0
2024-04-03 20:00:00-04:00,1.083815,1.08445,1.083475,1.08427,-1.0
2024-04-04 00:00:00-04:00,1.08427,1.08585,1.083895,1.085725,-1.0
2024-04-04 04:00:00-04:00,1.085725,1.08656,1.0851,1.08528,-1.0
2024-04-04 08:00:00-04:00,1.08528,1.087665,1.085075,1.086505,-1.0
2024-04-04 12:00:00-04:00,1.086505,1.086705,1.08333,1.08338,-1.0
2024-04-04 16:00:00-04:00,1.08338,1.08388,1.083185,1.08369,-1.0
2024-04-04 17:15:00-04:00,1.0836,1.084245,1.08358,1.08366,-1.0
2024-04-04 20:00:00-04:00,1.08366,1.084405,1.08234,1.082685,-1.0
2024-04-05 00:00:00-04:00,1.082685,1.0841,1.082255,1.08391,-1.0
2024-04-05 04:00:00-04:00,1.08391,1.08465,1.083075,1.083515,-1.0
2024-04-05 08:00:00-04:00,1.083515,1.0848,1.079135,1.08402,-1.0
2024-04-05 12:00:00-04:00,1.08402,1.08445,1.083075,1.08355,-1.0
2024-04-05 16:00:00-04:00,1.08355,1.08379,1.08338,1.08375,-1.0
2024-04-07 17:15:00-04:00,1.08385,1.08392,1.082735,1.082985,-1.0
2024-04-07 20:00:00-04:00,1.082985,1.084325,1.082305,1.08334,-1.0
2024-04-08 00:00:00-04:00,1.08334,1.08378,1.08284,1.08323,-1.0
2024-04-08 04:00:00-04:00,1.08323,1.08353,1.082095,1.082385,-1.0
2024-04-08 08:00:00-04:00,1.082385,1.0859,1.082165,1.085275,-1.0
2024-04-08 12:00:00-04:00,1.085275,1.086215,1.084675,1.08568,-1.0
2024-04-08 16:00:00-04:00,1.08568,1.086,1.08563,1.085925,-1.0
2024-04-08 17:15:00-04:00,1.0858,1.08635,1.08568,1.08621,-1.0
2024-04-08 20:00:00-04:00,1.08621,1.08635,1.0854,1.085545,-1.0
2024-04-09 00:00:00-04:00,1.085545,1.08627,1.08511,1.085325,-1.0
2024-04-09 04:00:00-04:00,1.085325,1.087295,1.084915,1.086145,-1.0
2024-04-09 08:00:00-04:00,1.086145,1.08851,1.08523,1.085565,-1.0
2024-04-09 12:00:00-04:00,1.085565,1.08602,1.08477,1.085655,-1.0
2024-04-09 16:00:00-04:00,1.085655,1.085915,1.085565,1.0857,-1.0
2024-04-09 17:15:00-04:00,1.085725,1.08598,1.085325,1.08589,-1.0
2024-04-09 20:00:00-04:00,1.08589,1.08589,1.085095,1.08531,-1.0
2024-04-10 00:00:00-04:00,1.08531,1.085715,1.084775,1.08554,-1.0
2024-04-10 04:00:00-04:00,1.08554,1.086655,1.085135,1.085565,-1.0
2024-04-10 08:00:00-04:00,1.085565,1.0865,1.07334,1.073675,-1.0
2024-04-10 12:00:00-04:00,1.073675,1.075435,1.072885,1.07439,-1.0
2024-04-10 16:00:00-04:00,1.07439,1.07457,1.07414,1.07425,-1.0
2024-04-10 17:15:00-04:00,1.074375,1.074515,1.073925,1.074115,-1.0
2024-04-10 20:00:00-04:00,1.074115,1.07489,1.07383,1.07448,-1.0
2024-04-11 00:00:00-04:00,1.07448,1.074715,1.072665,1.074305,-1.0
2024-04-11 04:00:00-04:00,1.074305,1.074985,1.07255,1.072855,-1.0
2024-04-11 08:00:00-04:00,1.072855,1.075655,1.069925,1.072125,-1.0
2024-04-11 12:00:00-04:00,1.072125,1.073455,1.071355,1.072895,-1.0
2024-04-11 16:00:00-04:00,1.072895,1.072915,1.072555,1.07259,-1.0
2024-04-11 17:15:00-04:00,1.072865,1.072945,1.0724,1.072615,-1.0
2024-04-11 20:00:00-04:00,1.072615,1.07282,1.07153,1.071705,-1.0
2024-04-12 00:00:00-04:00,1.071705,1.07174,1.067435,1.06843,-1.0
2024-04-12 04:00:00-04:00,1.06843,1.068515,1.064385,1.06511,-1.0
2024-04-12 08:00:00-04:00,1.06511,1.06557,1.062265,1.06468,-1.0
2024-04-12 12:00:00-04:00,1.06468,1.06506,1.063735,1.063835,-1.0
2024-04-12 16:00:00-04:00,1.063835,1.064435,1.06372,1.064175,-1.0
2024-04-14 17:15:00-04:00,1.063575,1.06516,1.06343,1.06461,-1.0
2024-04-14 20:00:00-04:00,1.06461,1.0655,1.063915,1.065205,-1.0
2024-04-15 00:00:00-04:00,1.065205,1.066495,1.06471,1.065805,-1.0
2024-04-15 04:00:00-04:00,1.065805,1.06652,1.065165,1.06548,-1.0
2024-04-15 08:00:00-04:00,1.06548,1.06608,1.06219,1.06434,-1.0
2024-04-15 12:00:00-04:00,1.06434,1.06474,1.06204,1.062645,-1.0
2024-04-15 16:00:00-04:00,1.062645,1.0627,1.062095,1.062435,-1.0
2024-04-15 17:15:00-04:00,1.062425,1.062855,1.062365,1.062465,-1.0
2024-04-15 20:00:00-04:00,1.062465,1.062545,1.06062,1.06114,-1.0
2024-04-16 00:00:00-04:00,1.06114,1.062285,1.06024,1.061805,-1.0
2024-04-16 04:00:00-04:00,1.061805,1.06474,1.061255,1.064255,-1.0
2024-04-16 08:00:00-04:00,1.064255,1.065365,1.062185,1.062795,-1.0
2024-04-16 12:00:00-04:00,1.062795,1.063505,1.060125,1.0622,-1.0
2024-04-16 16:00:00-04:00,1.0622,1.062295,1.06166,1.061865,-1.0
2024-04-16 17:15:00-04:00,1.062325,1.06361,1.06128,1.062105,-1.0
2024-04-16 20:00:00-04:00,1.062105,1.063565,1.06171,1.062715,-1.0
2024-04-17 00:00:00-04:00,1.062715,1.06379,1.06061,1.062535,-1.0
2024-04-17 04:00:00-04:00,1.062535,1.064915,1.062415,1.06357,-1.0
2024-04-17 08:00:00-04:00,1.06357,1.065285,1.062995,1.064305,-1.0
2024-04-17 12:00:00-04:00,1.064305,1.06797,1.0636,1.06713,-1.0
2024-04-17 16:00:00-04:00,1.06713,1.06737,1.066965,1.06728,-1.0
2024-04-17 17:15:00-04:00,1.06707,1.06753,1.066815,1.066895,-1.0
2024-04-17 20:00:00-04:00,1.066895,1.068035,1.066425,1.067995,-1.0
2024-04-18 00:00:00-04:00,1.067995,1.069005,1.067495,1.06811,-1.0
2024-04-18 04:00:00-04:00,1.06811,1.068395,1.066995,1.067725,-1.0
2024-04-18 08:00:00-04:00,1.067725,1.067965,1.064645,1.065975,-1.0
2024-04-18 12:00:00-04:00,1.065975,1.06618,1.064195,1.06437,-1.0
2024-04-18 16:00:00-04:00,1.06437,1.06458,1.064145,1.064325,-1.0
2024-04-18 17:15:00-04:00,1.064425,1.06452,1.064025,1.064245,-1.0
2024-04-18 20:00:00-04:00,1.064245,1.064465,1.06105,1.06373,-1.0
2024-04-19 00:00:00-04:00,1.06373,1.065935,1.062715,1.065545,-1.0
2024-04-19 04:00:00-04:00,1.065545,1.06623,1.0643,1.06518,-1.0
2024-04-19 08:00:00-04:00,1.06518,1.067775,1.064965,1.065495,-1.0
2024-04-19 12:00:00-04:00,1.065495,1.065975,1.064025,1.06548,-1.0
2024-04-19 16:00:00-04:00,1.06548,1.06579,1.065315,1.06565,-1.0
2024-04-21 17:15:00-04:00,1.066115,1.066525,1.065445,1.06576,-1.0
2024-04-21 20:00:00-04:00,1.06576,1.06707,1.065275,1.06617,-1.0
2024-04-22 00:00:00-04:00,1.06617,1.066935,1.065255,1.06585,-1.0
2024-04-22 04:00:00-04:00,1.06585,1.066235,1.063305,1.06352,-1.0
2024-04-22 08:00:00-04:00,1.06352,1.064795,1.0624,1.06471,-1.0
2024-04-22 12:00:00-04:00,1.06471,1.066075,1.064625,1.0652,-1.0
2024-04-22 16:00:00-04:00,1.0652,1.06553,1.06505,1.06546,-1.0
2024-04-22 17:15:00-04:00,1.06553,1.065595,1.065165,1.06539,-1.0
2024-04-22 20:00:00-04:00,1.06539,1.06606,1.065345,1.06561,-1.0
2024-04-23 00:00:00-04:00,1.06561,1.06952,1.06386,1.06797,-1.0
2024-04-23 04:00:00-04:00,1.06797,1.068325,1.065325,1.06746,-1.0
2024-04-23 08:00:00-04:00,1.06746,1.07114,1.066015,1.06947,-1.0
2024-04-23 12:00:00-04:00,1.06947,1.070785,1.06922,1.070295,-1.0
2024-04-23 16:00:00-04:00,1.070295,1.07033,1.070005,1.07013,-1.0
2024-04-23 17:15:00-04:00,1.070325,1.070475,1.069965,1.070245,-1.0
2024-04-23 20:00:00-04:00,1.070245,1.07143,1.070015,1.07062,-1.0
2024-04-24 00:00:00-04:00,1.07062,1.070885,1.06848,1.068835,-1.0
2024-04-24 04:00:00-04:00,1.068835,1.06925,1.068075,1.06891,-1.0
2024-04-24 08:00:00-04:00,1.06891,1.07026,1.06781,1.068635,-1.0
2024-04-24 12:00:00-04:00,1.068635,1.070665,1.068335,1.070075,-1.0
2024-04-24 16:00:00-04:00,1.070075,1.070085,1.06969,1.0699,-1.0
2024-04-24 17:15:00-04:00,1.0698,1.0701,1.069435,1.07,-1.0
2024-04-24 20:00:00-04:00,1.07,1.070885,1.0697,1.0706,-1.0
2024-04-25 00:00:00-04:00,1.0706,1.072775,1.07053,1.072105,-1.0
2024-04-25 04:00:00-04:00,1.072105,1.073005,1.071705,1.07202,-1.0
2024-04-25 08:00:00-04:00,1.07202,1.074065,1.067835,1.072035,-1.0
2024-04-25 12:00:00-04:00,1.072035,1.073875,1.0715,1.07295,-1.0
2024-04-25 16:00:00-04:00,1.07295,1.07308,1.07286,1.072965,-1.0
2024-04-25 17:15:00-04:00,1.072875,1.073045,1.072645,1.072675,-1.0
2024-04-25 20:00:00-04:00,1.072675,1.072925,1.071855,1.07231,-1.0
2024-04-26 00:00:00-04:00,1.07231,1.07387,1.07212,1.072955,-1.0
2024-04-26 04:00:00-04:00,1.072955,1.075285,1.071505,1.071585,-1.0
2024-04-26 08:00:00-04:00,1.071585,1.074175,1.067395,1.068545,-1.0
2024-04-26 12:00:00-04:00,1.068545,1.070715,1.0684,1.06999,-1.0
2024-04-26 16:00:00-04:00,1.06999,1.07018,1.069095,1.06936,-1.0
2024-04-28 17:15:00-04:00,1.069675,1.07071,1.069325,1.0707,-1.0
2024-04-28 20:00:00-04:00,1.0707,1.071995,1.070625,1.07163,-1.0
2024-04-29 00:00:00-04:00,1.07163,1.07338,1.07081,1.07177,-1.0
2024-04-29 04:00:00-04:00,1.07177,1.072725,1.069735,1.07143,-1.0
2024-04-29 08:00:00-04:00,1.07143,1.07237,1.069025,1.07167,-1.0
2024-04-29 12:00:00-04:00,1.07167,1.072965,1.071495,1.072115,-1.0
2024-04-29 16:00:00-04:00,1.072115,1.072295,1.071955,1.07207,-1.0
2024-04-29 17:15:00-04:00,1.07215,1.07231,1.071415,1.071485,-1.0
2024-04-29 20:00:00-04:00,1.071485,1.0718,1.070265,1.07054,-1.0
2024-04-30 00:00:00-04:00,1.07054,1.070985,1.068995,1.07052,-1.0
2024-04-30 04:00:00-04:00,1.07052,1.073545,1.06931,1.072015,-1.0
2024-04-30 08:00:00-04:00,1.072015,1.072395,1.068325,1.068385,-1.0
2024-04-30 12:00:00-04:00,1.068385,1.068685,1.067175,1.067245,-1.0
2024-04-30 16:00:00-04:00,1.067245,1.06735,1.06649,1.0666,-1.0
2024-04-30 17:15:00-04:00,1.067325,1.06743,1.06655,1.066605,-1.0
2024-04-30 20:00:00-04:00,1.066605,1.06672,1.065585,1.06566,-1.0
2024-05-01 00:00:00-04:00,1.06566,1.06618,1.06495,1.066105,-1.0
2024-05-01 04:00:00-04:00,1.066105,1.06733,1.0661,1.067185,-1.0
2024-05-01 08:00:00-04:00,1.067185,1.06923,1.06718,1.06793,-1.0
2024-05-01 12:00:00-04:00,1.06793,1.073265,1.067075,1.06895,-1.0
2024-05-01 16:00:00-04:00,1.06895,1.0723,1.06866,1.07124,-1.0
2024-05-01 17:15:00-04:00,1.07135,1.072115,1.070765,1.07171,-1.0
2024-05-01 20:00:00-04:00,1.07171,1.07209,1.0707,1.07146,-1.0
2024-05-02 00:00:00-04:00,1.07146,1.072825,1.07124,1.071535,-1.0
2024-05-02 04:00:00-04:00,1.071535,1.071925,1.069555,1.070235,-1.0
2024-05-02 08:00:00-04:00,1.070235,1.07124,1.06742,1.0705,-1.0
2024-05-02 12:00:00-04:00,1.0705,1.073025,1.070185,1.072715,-1.0
2024-05-02 16:00:00-04:00,1.072715,1.072785,1.072475,1.072515,-1.0
2024-05-02 17:15:00-04:00,1.072545,1.0731,1.07238,1.07299,-1.0
2024-05-02 20:00:00-04:00,1.07299,1.07395,1.07244,1.07349,-1.0
2024-05-03 00:00:00-04:00,1.07349,1.07381,1.072455,1.07346,-1.0
2024-05-03 04:00:00-04:00,1.07346,1.07497,1.07325,1.07457,-1.0
2024-05-03 08:00:00-04:00,1.07457,1.081295,1.07437,1.07691,-1.0
2024-05-03 12:00:00-04:00,1.07691,1.077325,1.07592,1.07642,-1.0
2024-05-03 16:00:00-04:00,1.07642,1.0767,1.07621,1.07625,-1.0
2024-05-05 17:15:00-04:00,1.076275,1.07662,1.07575,1.075845,-1.0
2024-05-05 20:00:00-04:00,1.075845,1.077165,1.075525,1.07649,-1.0
2024-05-06 00:00:00-04:00,1.07649,1.07696,1.07594,1.07615,-1.0
2024-05-06 04:00:00-04:00,1.07615,1.07762,1.075765,1.07726,-1.0
2024-05-06 08:00:00-04:00,1.07726,1.07908,1.07723,1.07788,-1.0
2024-05-06 12:00:00-04:00,1.07788,1.07788,1.07667,1.076745,-1.0
2024-05-06 16:00:00-04:00,1.076745,1.077035,1.076625,1.07687,-1.0
2024-05-06 17:15:00-04:00,1.0768,1.077125,1.07661,1.07673,-1.0
2024-05-06 20:00:00-04:00,1.07673,1.07769,1.076075,1.07687,-1.0
2024-05-07 00:00:00-04:00,1.07687,1.07697,1.075425,1.07648,-1.0
2024-05-07 04:00:00-04:00,1.07648,1.07703,1.075525,1.07667,-1.0
2024-05-07 08:00:00-04:00,1.07667,1.07874,1.07641,1.07668,-1.0
2024-05-07 12:00:00-04:00,1.07668,1.077435,1.074795,1.075655,-1.0
2024-05-07 16:00:00-04:00,1.075655,1.075665,1.075455,1.075475,-1.0
2024-05-07 17:15:00-04:00,1.07558,1.075635,1.07474,1.07499,-1.0
2024-05-07 20:00:00-04:00,1.07499,1.07543,1.07381,1.074125,-1.0
2024-05-08 00:00:00-04:00,1.074125,1.074915,1.073725,1.073865,-1.0
2024-05-08 04:00:00-04:00,1.073865,1.075405,1.073505,1.074615,-1.0
2024-05-08 08:00:00-04:00,1.074615,1.07575,1.07398,1.07549,-1.0
2024-05-08 12:00:00-04:00,1.07549,1.075495,1.074095,1.074535,-1.0
2024-05-08 16:00:00-04:00,1.074535,1.074865,1.074385,1.07485,-1.0
2024-05-08 17:15:00-04:00,1.0748,1.07506,1.074625,1.074685,-1.0
2024-05-08 20:00:00-04:00,1.074685,1.07516,1.074225,1.07477,-1.0
2024-05-09 00:00:00-04:00,1.07477,1.07505,1.07297,1.07347,-1.0
2024-05-09 04:00:00-04:00,1.07347,1.073855,1.072395,1.07273,-1.0
2024-05-09 08:00:00-04:00,1.07273,1.078175,1.07272,1.07703,-1.0
2024-05-09 12:00:00-04:00,1.07703,1.078465,1.07703,1.07825,-1.0
2024-05-09 16:00:00-04:00,1.07825,1.07835,1.078115,1.078175,-1.0
2024-05-09 17:15:00-04:00,1.078125,1.078595,1.078085,1.078175,-1.0
2024-05-09 20:00:00-04:00,1.078175,1.07826,1.07732,1.077605,-1.0
2024-05-10 00:00:00-04:00,1.077605,1.07841,1.07716,1.078115,-1.0
2024-05-10 04:00:00-04:00,1.078115,1.07867,1.077535,1.077935,-1.0
2024-05-10 08:00:00-04:00,1.077935,1.079015,1.07604,1.07721,-1.0
2024-05-10 12:00:00-04:00,1.07721,1.07794,1.076955,1.07719,-1.0
2024-05-10 16:00:00-04:00,1.07719,1.07738,1.07684,1.07714,-1.0
2024-05-12 17:15:00-04:00,1.077225,1.07754,1.076775,1.077025,-1.0
2024-05-12 20:00:00-04:00,1.077025,1.077325,1.076575,1.07717,-1.0
2024-05-13 00:00:00-04:00,1.07717,1.07799,1.07688,1.077575,-1.0
2024-05-13 04:00:00-04:00,1.077575,1.079455,1.077365,1.07893,-1.0
2024-05-13 08:00:00-04:00,1.07893,1.080685,1.07889,1.07953,-1.0
2024-05-13 12:00:00-04:00,1.07953,1.079895,1.078675,1.078895,-1.0
2024-05-13 16:00:00-04:00,1.078895,1.07901,1.07882,1.078975,-1.0
2024-05-13 17:15:00-04:00,1.07885,1.07937,1.0787,1.079215,-1.0
2024-05-13 20:00:00-04:00,1.079215,1.07924,1.078445,1.078775,-1.0
2024-05-14 00:00:00-04:00,1.078775,1.07894,1.0783,1.07872,-1.0
2024-05-14 04:00:00-04:00,1.07872,1.079895,1.077535,1.07926,-1.0
2024-05-14 08:00:00-04:00,1.07926,1.082575,1.0767,1.081835,-1.0
2024-05-14 12:00:00-04:00,1.081835,1.0823,1.081385,1.08201,-1.0
2024-05-14 16:00:00-04:00,1.08201,1.0821,1.08177,1.0819,-1.0
2024-05-14 17:15:00-04:00,1.081905,1.08204,1.081375,1.0814,-1.0
2024-05-14 20:00:00-04:00,1.0814,1.082775,1.08131,1.08262,-1.0
2024-05-15 00:00:00-04:00,1.08262,1.08326,1.082055,1.082605,-1.0
2024-05-15 04:00:00-04:00,1.082605,1.083465,1.082195,1.08293,-1.0
2024-05-15 08:00:00-04:00,1.08293,1.08745,1.082815,1.08598,-1.0
2024-05-15 12:00:00-04:00,1.08598,1.0883,1.08561,1.08818,-1.0
2024-05-15 16:00:00-04:00,1.08818,1.08862,1.08815,1.08844,-1.0
2024-05-15 17:15:00-04:00,1.08815,1.089015,1.08778,1.088845,-1.0
2024-05-15 20:00:00-04:00,1.088845,1.0895,1.08815,1.088725,-1.0
2024-05-16 00:00:00-04:00,1.088725,1.088725,1.08731,1.08746,-1.0
2024-05-16 04:00:00-04:00,1.08746,1.087655,1.086175,1.086675,-1.0
2024-05-16 08:00:00-04:00,1.086675,1.08758,1.085445,1.087515,-1.0
2024-05-16 12:00:00-04:00,1.087515,1.087555,1.086585,1.08669,-1.0
2024-05-16 16:00:00-04:00,1.08669,1.08674,1.086465,1.0867,-1.0
2024-05-16 17:15:00-04:00,1.086725,1.086955,1.08644,1.08678,-1.0
2024-05-16 20:00:00-04:00,1.08678,1.086885,1.085445,1.085905,-1.0
2024-05-17 00:00:00-04:00,1.085905,1.08684,1.08555,1.08589,-1.0
2024-05-17 04:00:00-04:00,1.08589,1.085955,1.08357,1.08432,-1.0
2024-05-17 08:00:00-04:00,1.08432,1.08785,1.0839,1.08686,-1.0
2024-05-17 12:00:00-04:00,1.08686,1.087685,1.08672,1.08726,-1.0
2024-05-17 16:00:00-04:00,1.08726,1.087275,1.086825,1.08689,-1.0
2024-05-19 17:15:00-04:00,1.086875,1.087435,1.086505,1.087245,-1.0
2024-05-19 20:00:00-04:00,1.087245,1.08788,1.086895,1.0878,-1.0
2024-05-20 00:00:00-04:00,1.0878,1.088445,1.086945,1.0873,-1.0
2024-05-20 04:00:00-04:00,1.0873,1.087645,1.085985,1.08601,-1.0
2024-05-20 08:00:00-04:00,1.08601,1.08698,1.085415,1.086055,-1.0
2024-05-20 12:00:00-04:00,1.086055,1.087065,1.085915,1.08598,-1.0
2024-05-20 16:00:00-04:00,1.08598,1.085995,1.085645,1.085675,-1.0
2024-05-20 17:15:00-04:00,1.08575,1.08608,1.08559,1.08603,-1.0
2024-05-20 20:00:00-04:00,1.08603,1.0862,1.0851,1.08559,-1.0
2024-05-21 00:00:00-04:00,1.08559,1.08669,1.085535,1.08645,-1.0
2024-05-21 04:00:00-04:00,1.08645,1.08748,1.08599,1.08683,-1.0
2024-05-21 08:00:00-04:00,1.08683,1.08707,1.084275,1.08541,-1.0
2024-05-21 12:00:00-04:00,1.08541,1.08567,1.084645,1.085585,-1.0
2024-05-21 16:00:00-04:00,1.085585,1.08565,1.08537,1.085385,-1.0
2024-05-21 17:15:00-04:00,1.085455,1.08597,1.08539,1.0854,-1.0
2024-05-21 20:00:00-04:00,1.0854,1.086355,1.08537,1.085585,-1.0
2024-05-22 00:00:00-04:00,1.085585,1.08635,1.08501,1.08577,-1.0
2024-05-22 04:00:00-04:00,1.08577,1.08581,1.0822,1.082745,-1.0
2024-05-22 08:00:00-04:00,1.082745,1.08423,1.08265,1.08361,-1.0
2024-05-22 12:00:00-04:00,1.08361,1.084695,1.081745,1.0821,-1.0
2024-05-22 16:00:00-04:00,1.0821,1.082355,1.082035,1.082265,-1.0
2024-05-22 17:15:00-04:00,1.082375,1.0827,1.082275,1.082515,-1.0
2024-05-22 20:00:00-04:00,1.082515,1.08313,1.0822,1.08304,-1.0
2024-05-23 00:00:00-04:00,1.08304,1.08354,1.081245,1.082925,-1.0
2024-05-23 04:00:00-04:00,1.082925,1.085255,1.08284,1.085065,-1.0
2024-05-23 08:00:00-04:00,1.085065,1.086105,1.08204,1.082635,-1.0
2024-05-23 12:00:00-04:00,1.082635,1.083115,1.080485,1.081015,-1.0
2024-05-23 16:00:00-04:00,1.081015,1.0816,1.08087,1.081515,-1.0
2024-05-23 17:15:00-04:00,1.081425,1.08157,1.08116,1.081165,-1.0
2024-05-23 20:00:00-04:00,1.081165,1.081395,1.08057,1.080635,-1.0
2024-05-24 00:00:00-04:00,1.080635,1.08258,1.08055,1.082435,-1.0
2024-05-24 04:00:00-04:00,1.082435,1.084425,1.08198,1.084095,-1.0
2024-05-24 08:00:00-04:00,1.084095,1.085595,1.083785,1.085115,-1.0
2024-05-24 12:00:00-04:00,1.085115,1.085785,1.0846,1.0849,-1.0
2024-05-24 16:00:00-04:00,1.0849,1.08492,1.084555,1.0847,-1.0
2024-05-26 17:15:00-04:00,1.084525,1.085145,1.08436,1.084665,-1.0
2024-05-26 20:00:00-04:00,1.084665,1.08521,1.084665,1.08491,-1.0
2024-05-27 00:00:00-04:00,1.08491,1.085245,1.084425,1.085085,-1.0
2024-05-27 04:00:00-04:00,1.085085,1.08675,1.08451,1.08574,-1.0
2024-05-27 08:00:00-04:00,1.08574,1.086035,1.08407,1.08595,-1.0
2024-05-27 12:00:00-04:00,1.08595,1.086195,1.08572,1.08598,-1.0
2024-05-27 16:00:00-04:00,1.08598,1.08609,1.085765,1.08586,-1.0
2024-05-27 17:15:00-04:00,1.086,1.08619,1.085425,1.08616,-1.0
2024-05-27 20:00:00-04:00,1.08616,1.08786,1.086075,1.087835,-1.0
2024-05-28 00:00:00-04:00,1.087835,1.08801,1.08717,1.087745,-1.0
2024-05-28 04:00:00-04:00,1.087745,1.088905,1.08671,1.0884,-1.0
2024-05-28 08:00:00-04:00,1.0884,1.088465,1.085795,1.08782,-1.0
2024-05-28 12:00:00-04:00,1.08782,1.087895,1.08552,1.08612,-1.0
2024-05-28 16:00:00-04:00,1.08612,1.086155,1.085615,1.085665,-1.0
2024-05-28 17:15:00-04:00,1.085875,1.086155,1.08511,1.08512,-1.0
2024-05-28 20:00:00-04:00,1.08512,1.085705,1.084575,1.08472,-1.0
2024-05-29 00:00:00-04:00,1.08472,1.085885,1.084405,1.085205,-1.0
2024-05-29 04:00:00-04:00,1.085205,1.08563,1.08292,1.084985,-1.0
2024-05-29 08:00:00-04:00,1.084985,1.085865,1.08089,1.0811,-1.0
2024-05-29 12:00:00-04:00,1.0811,1.08174,1.08001,1.080185,-1.0
2024-05-29 16:00:00-04:00,1.080185,1.080335,1.08001,1.080115,-1.0
2024-05-29 17:15:00-04:00,1.08028,1.08085,1.07996,1.080115,-1.0
2024-05-29 20:00:00-04:00,1.080115,1.080455,1.07939,1.0798,-1.0
2024-05-30 00:00:00-04:00,1.0798,1.08113,1.07884,1.08085,-1.0
2024-05-30 04:00:00-04:00,1.08085,1.082175,1.08034,1.081855,-1.0
2024-05-30 08:00:00-04:00,1.081855,1.084515,1.0813,1.08363,-1.0
2024-05-30 12:00:00-04:00,1.08363,1.084335,1.082695,1.08302,-1.0
2024-05-30 16:00:00-04:00,1.08302,1.08328,1.0829,1.08318,-1.0
2024-05-30 17:15:00-04:00,1.08335,1.0835,1.083095,1.083145,-1.0
2024-05-30 20:00:00-04:00,1.083145,1.083355,1.08112,1.081935,-1.0
2024-05-31 00:00:00-04:00,1.081935,1.08256,1.08146,1.08229,-1.0
2024-05-31 04:00:00-04:00,1.08229,1.085525,1.082255,1.085275,-1.0
2024-05-31 08:00:00-04:00,1.085275,1.088235,1.08417,1.084615,-1.0
2024-05-31 12:00:00-04:00,1.084615,1.08528,1.083985,1.08511,-1.0
2024-05-31 16:00:00-04:00,1.08511,1.085225,1.084625,1.08474,-1.0
2024-06-02 17:15:00-04:00,1.08484,1.08545,1.084765,1.08526,-1.0
2024-06-02 20:00:00-04:00,1.08526,1.085885,1.08493,1.084975,-1.0
2024-06-03 00:00:00-04:00,1.084975,1.085885,1.083985,1.083995,-1.0
2024-06-03 04:00:00-04:00,1.083995,1.084485,1.082785,1.084325,-1.0
2024-06-03 08:00:00-04:00,1.084325,1.08905,1.08405,1.08897,-1.0
2024-06-03 12:00:00-04:00,1.08897,1.090005,1.088125,1.08999,-1.0
2024-06-03 16:00:00-04:00,1.08999,1.090475,1.08996,1.09044,-1.0
2024-06-03 17:15:00-04:00,1.090225,1.090985,1.0901,1.09072,-1.0
2024-06-03 20:00:00-04:00,1.09072,1.0916,1.09052,1.09075,-1.0
2024-06-04 00:00:00-04:00,1.09075,1.09108,1.08847,1.08903,-1.0
2024-06-04 04:00:00-04:00,1.08903,1.089075,1.085895,1.08615,-1.0
2024-06-04 08:00:00-04:00,1.08615,1.08836,1.08615,1.087765,-1.0
2024-06-04 12:00:00-04:00,1.087765,1.088765,1.08774,1.088095,-1.0
2024-06-04 16:00:00-04:00,1.088095,1.088105,1.08783,1.087915,-1.0
2024-06-04 17:15:00-04:00,1.08808,1.0882,1.087825,1.08817,-1.0
2024-06-04 20:00:00-04:00,1.08817,1.088615,1.087655,1.08784,-1.0
2024-06-05 00:00:00-04:00,1.08784,1.088225,1.087095,1.087165,-1.0
2024-06-05 04:00:00-04:00,1.087165,1.08773,1.08598,1.08681,-1.0
2024-06-05 08:00:00-04:00,1.08681,1.089185,1.0862,1.086495,-1.0
2024-06-05 12:00:00-04:00,1.086495,1.087735,1.08545,1.087415,-1.0
2024-06-05 16:00:00-04:00,1.087415,1.087415,1.0868,1.08682,-1.0
2024-06-05 17:15:00-04:00,1.087025,1.087455,1.08687,1.087405,-1.0
2024-06-05 20:00:00-04:00,1.087405,1.08958,1.08739,1.08906,-1.0
2024-06-06 00:00:00-04:00,1.08906,1.089085,1.08759,1.087825,-1.0
2024-06-06 04:00:00-04:00,1.087825,1.088205,1.08619,1.086755,-1.0
2024-06-06 08:00:00-04:00,1.086755,1.090205,1.08644,1.08821,-1.0
2024-06-06 12:00:00-04:00,1.08821,1.089425,1.088,1.088935,-1.0
2024-06-06 16:00:00-04:00,1.088935,1.08932,1.088865,1.088885,-1.0
2024-06-06 17:15:00-04:00,1.0892,1.08934,1.088995,1.08917,-1.0
2024-06-06 20:00:00-04:00,1.08917,1.08979,1.088685,1.08946,-1.0
2024-06-07 00:00:00-04:00,1.08946,1.089845,1.088795,1.08928,-1.0
2024-06-07 04:00:00-04:00,1.08928,1.090195,1.088325,1.08984,-1.0
2024-06-07 08:00:00-04:00,1.08984,1.09029,1.080415,1.080645,-1.0
2024-06-07 12:00:00-04:00,1.080645,1.081225,1.080015,1.08003,-1.0
2024-06-07 16:00:00-04:00,1.08003,1.080395,1.079925,1.080165,-1.0
2024-06-09 17:15:00-04:00,1.07695,1.07799,1.07652,1.07788,-1.0
2024-06-09 20:00:00-04:00,1.07788,1.07816,1.07555,1.07556,-1.0
2024-06-10 00:00:00-04:00,1.07556,1.076655,1.074795,1.076445,-1.0
2024-06-10 04:00:00-04:00,1.076445,1.07682,1.073275,1.07536,-1.0
2024-06-10 08:00:00-04:00,1.07536,1.076045,1.073325,1.07501,-1.0
2024-06-10 12:00:00-04:00,1.07501,1.076575,1.07501,1.076295,-1.0
2024-06-10 16:00:00-04:00,1.076295,1.07666,1.07614,1.076505,-1.0
2024-06-10 17:15:00-04:00,1.076415,1.076825,1.07589,1.07634,-1.0
2024-06-10 20:00:00-04:00,1.07634,1.07691,1.07613,1.07685,-1.0
2024-06-11 00:00:00-04:00,1.07685,1.077355,1.076115,1.076405,-1.0
2024-06-11 04:00:00-04:00,1.076405,1.076455,1.07238,1.072905,-1.0
2024-06-11 08:00:00-04:00,1.072905,1.073675,1.07195,1.073235,-1.0
2024-06-11 12:00:00-04:00,1.073235,1.07495,1.073235,1.074015,-1.0
2024-06-11 16:00:00-04:00,1.074015,1.07419,1.073895,1.07405,-1.0
2024-06-11 17:15:00-04:00,1.074175,1.07429,1.0739,1.074,-1.0
2024-06-11 20:00:00-04:00,1.074,1.074325,1.073465,1.07404,-1.0
2024-06-12 00:00:00-04:00,1.07404,1.074705,1.073565,1.07446,-1.0
2024-06-12 04:00:00-04:00,1.07446,1.076555,1.074405,1.076425,-1.0
2024-06-12 08:00:00-04:00,1.076425,1.08523,1.076215,1.08425,-1.0
2024-06-12 12:00:00-04:00,1.08425,1.08482,1.08037,1.080645,-1.0
2024-06-12 16:00:00-04:00,1.080645,1.081165,1.080415,1.080895,-1.0
2024-06-12 17:15:00-04:00,1.08089,1.081515,1.08082,1.081285,-1.0
2024-06-12 20:00:00-04:00,1.081285,1.08159,1.080385,1.08068,-1.0
2024-06-13 00:00:00-04:00,1.08068,1.08164,1.080045,1.081425,-1.0
2024-06-13 04:00:00-04:00,1.081425,1.081455,1.078275,1.078325,-1.0
2024-06-13 08:00:00-04:00,1.078325,1.081645,1.075345,1.075545,-1.0
2024-06-13 12:00:00-04:00,1.075545,1.07557,1.07329,1.07407,-1.0
2024-06-13 16:00:00-04:00,1.07407,1.074335,1.073675,1.0737,-1.0
2024-06-13 17:15:00-04:00,1.074,1.074055,1.073525,1.07375,-1.0
2024-06-13 20:00:00-04:00,1.07375,1.074495,1.073535,1.07402,-1.0
2024-06-14 00:00:00-04:00,1.07402,1.074095,1.070615,1.07077,-1.0
2024-06-14 04:00:00-04:00,1.07077,1.071185,1.067185,1.069395,-1.0
2024-06-14 08:00:00-04:00,1.069395,1.069985,1.06676,1.069885,-1.0
2024-06-14 12:00:00-04:00,1.069885,1.07061,1.069305,1.07061,-1.0
2024-06-14 16:00:00-04:00,1.07061,1.070755,1.07031,1.07053,-1.0
2024-06-16 17:15:00-04:00,1.070575,1.07095,1.070165,1.070265,-1.0
2024-06-16 20:00:00-04:00,1.070265,1.07073,1.069905,1.070365,-1.0
2024-06-17 00:00:00-04:00,1.070365,1.07088,1.06864,1.07007,-1.0
2024-06-17 04:00:00-04:00,1.07007,1.07179,1.069965,1.070945,-1.0
2024-06-17 08:00:00-04:00,1.070945,1.072485,1.07071,1.072225,-1.0
2024-06-17 12:00:00-04:00,1.072225,1.07378,1.072075,1.073225,-1.0
2024-06-17 16:00:00-04:00,1.073225,1.073605,1.073225,1.07344,-1.0
2024-06-17 17:15:00-04:00,1.073105,1.0741,1.073055,1.07399,-1.0
2024-06-17 20:00:00-04:00,1.07399,1.07408,1.072095,1.072475,-1.0
2024-06-18 00:00:00-04:00,1.072475,1.07352,1.071845,1.072335,-1.0
2024-06-18 04:00:00-04:00,1.072335,1.07257,1.071005,1.071635,-1.0
2024-06-18 08:00:00-04:00,1.071635,1.076155,1.07106,1.07385,-1.0
2024-06-18 12:00:00-04:00,1.07385,1.074335,1.073215,1.0739,-1.0
2024-06-18 16:00:00-04:00,1.0739,1.07409,1.073785,1.073955,-1.0
2024-06-18 17:15:00-04:00,1.074025,1.074145,1.07386,1.07387,-1.0
2024-06-18 20:00:00-04:00,1.07387,1.07424,1.07354,1.07378,-1.0
2024-06-19 00:00:00-04:00,1.07378,1.074145,1.072475,1.07367,-1.0
2024-06-19 04:00:00-04:00,1.07367,1.075345,1.073255,1.07509,-1.0
2024-06-19 08:00:00-04:00,1.07509,1.075305,1.074095,1.074935,-1.0
2024-06-19 12:00:00-04:00,1.074935,1.074935,1.07425,1.07449,-1.0
2024-06-19 16:00:00-04:00,1.07449,1.07452,1.074245,1.07426,-1.0
2024-06-19 17:15:00-04:00,1.07458,1.07488,1.074345,1.074715,-1.0
2024-06-19 20:00:00-04:00,1.074715,1.074835,1.073875,1.074185,-1.0
2024-06-20 00:00:00-04:00,1.074185,1.074495,1.072435,1.07247,-1.0
2024-06-20 04:00:00-04:00,1.07247,1.073225,1.071265,1.071485,-1.0
2024-06-20 08:00:00-04:00,1.071485,1.073075,1.070705,1.070735,-1.0
2024-06-20 12:00:00-04:00,1.070735,1.07178,1.07035,1.070525,-1.0
2024-06-20 16:00:00-04:00,1.070525,1.0706,1.07018,1.07021,-1.0
2024-06-20 17:15:00-04:00,1.070325,1.070765,1.070125,1.070595,-1.0
2024-06-20 20:00:00-04:00,1.070595,1.07177,1.070335,1.07163,-1.0
2024-06-21 00:00:00-04:00,1.07163,1.072055,1.067105,1.067795,-1.0
2024-06-21 04:00:00-04:00,1.067795,1.069825,1.067615,1.06889,-1.0
2024-06-21 08:00:00-04:00,1.06889,1.06978,1.06781,1.06938,-1.0
2024-06-21 12:00:00-04:00,1.06938,1.069685,1.068955,1.069175,-1.0
2024-06-21 16:00:00-04:00,1.069175,1.06951,1.069115,1.06923,-1.0
2024-06-23 17:15:00-04:00,1.069075,1.069555,1.068575,1.06878,-1.0
2024-06-23 20:00:00-04:00,1.06878,1.069365,1.06837,1.069165,-1.0
2024-06-24 00:00:00-04:00,1.069165,1.071495,1.06913,1.071295,-1.0
2024-06-24 04:00:00-04:00,1.071295,1.073585,1.07088,1.073585,-1.0
2024-06-24 08:00:00-04:00,1.073585,1.074645,1.07234,1.072725,-1.0
2024-06-24 12:00:00-04:00,1.072725,1.07383,1.072195,1.073575,-1.0
2024-06-24 16:00:00-04:00,1.073575,1.073745,1.07329,1.07329,-1.0
2024-06-24 17:15:00-04:00,1.07337,1.073485,1.073095,1.07323,-1.0
2024-06-24 20:00:00-04:00,1.07323,1.073955,1.073205,1.073855,-1.0
2024-06-25 00:00:00-04:00,1.073855,1.074415,1.07209,1.072695,-1.0
2024-06-25 04:00:00-04:00,1.072695,1.073595,1.070915,1.070945,-1.0
2024-06-25 08:00:00-04:00,1.070945,1.071495,1.06907,1.0704,-1.0
2024-06-25 12:00:00-04:00,1.0704,1.07176,1.07022,1.071595,-1.0
2024-06-25 16:00:00-04:00,1.071595,1.071595,1.071115,1.07144,-1.0
2024-06-25 17:15:00-04:00,1.07145,1.07153,1.07089,1.07092,-1.0
2024-06-25 20:00:00-04:00,1.07092,1.071795,1.07062,1.0711,-1.0
2024-06-26 00:00:00-04:00,1.0711,1.071155,1.068525,1.069395,-1.0
2024-06-26 04:00:00-04:00,1.069395,1.069985,1.067965,1.06942,-1.0
2024-06-26 08:00:00-04:00,1.06942,1.06959,1.06661,1.0682,-1.0
2024-06-26 12:00:00-04:00,1.0682,1.069095,1.067505,1.068095,-1.0
2024-06-26 16:00:00-04:00,1.068095,1.06816,1.067755,1.06806,-1.0
2024-06-26 17:15:00-04:00,1.06785,1.06821,1.06777,1.06798,-1.0
2024-06-26 20:00:00-04:00,1.06798,1.06924,1.067705,1.06908,-1.0
2024-06-27 00:00:00-04:00,1.06908,1.069895,1.06883,1.06902,-1.0
2024-06-27 04:00:00-04:00,1.06902,1.070445,1.06805,1.06927,-1.0
2024-06-27 08:00:00-04:00,1.06927,1.072645,1.06927,1.070705,-1.0
2024-06-27 12:00:00-04:00,1.070705,1.07102,1.07012,1.07029,-1.0
2024-06-27 16:00:00-04:00,1.07029,1.07051,1.07027,1.070375,-1.0
2024-06-27 17:15:00-04:00,1.070325,1.070935,1.07029,1.07077,-1.0
2024-06-27 20:00:00-04:00,1.07077,1.07108,1.068535,1.069215,-1.0
2024-06-28 00:00:00-04:00,1.069215,1.070405,1.06856,1.0697,-1.0
2024-06-28 04:00:00-04:00,1.0697,1.071175,1.06921,1.06972,-1.0
2024-06-28 08:00:00-04:00,1.06972,1.072225,1.069265,1.07112,-1.0
2024-06-28 12:00:00-04:00,1.07112,1.07247,1.070615,1.071115,-1.0
2024-06-28 16:00:00-04:00,1.071115,1.071495,1.07079,1.07127,-1.0
2024-06-30 17:15:00-04:00,1.0744,1.074555,1.073245,1.07351,-1.0
2024-06-30 20:00:00-04:00,1.07351,1.076175,1.07348,1.075275,-1.0
2024-07-01 00:00:00-04:00,1.075275,1.077645,1.07514,1.07546,-1.0
2024-07-01 04:00:00-04:00,1.07546,1.077205,1.07426,1.074915,-1.0
2024-07-01 08:00:00-04:00,1.074915,1.07698,1.071955,1.07269,-1.0
2024-07-01 12:00:00-04:00,1.07269,1.073925,1.07243,1.07385,-1.0
2024-07-01 16:00:00-04:00,1.07385,1.074265,1.073835,1.074055,-1.0
2024-07-01 17:15:00-04:00,1.073725,1.0742,1.073595,1.073655,-1.0
2024-07-01 20:00:00-04:00,1.073655,1.07387,1.07308,1.073235,-1.0
2024-07-02 00:00:00-04:00,1.073235,1.07358,1.071215,1.07182,-1.0
2024-07-02 04:00:00-04:00,1.07182,1.07247,1.071005,1.072395,-1.0
2024-07-02 08:00:00-04:00,1.072395,1.074695,1.072395,1.073625,-1.0
2024-07-02 12:00:00-04:00,1.073625,1.074655,1.073075,1.074615,-1.0
2024-07-02 16:00:00-04:00,1.074615,1.074715,1.07452,1.07452,-1.0
2024-07-02 17:15:00-04:00,1.07455,1.074925,1.07446,1.07481,-1.0
2024-07-02 20:00:00-04:00,1.07481,1.07544,1.07405,1.074365,-1.0
2024-07-03 00:00:00-04:00,1.074365,1.07618,1.073625,1.075965,-1.0
2024-07-03 04:00:00-04:00,1.075965,1.07637,1.07527,1.075765,-1.0
2024-07-03 08:00:00-04:00,1.075765,1.081685,1.075515,1.079885,-1.0
2024-07-03 12:00:00-04:00,1.079885,1.08004,1.07781,1.078495,-1.0
2024-07-03 16:00:00-04:00,1.078495,1.07887,1.078415,1.078735,-1.0
2024-07-03 17:15:00-04:00,1.07867,1.079175,1.07837,1.07911,-1.0
2024-07-03 20:00:00-04:00,1.07911,1.079495,1.078355,1.07853,-1.0
2024-07-04 00:00:00-04:00,1.07853,1.079665,1.07849,1.079445,-1.0
2024-07-04 04:00:00-04:00,1.079445,1.080315,1.079395,1.07971,-1.0
2024-07-04 08:00:00-04:00,1.07971,1.081395,1.079485,1.081085,-1.0
2024-07-04 12:00:00-04:00,1.081085,1.081385,1.08098,1.0813,-1.0
2024-07-04 16:00:00-04:00,1.0813,1.08138,1.081145,1.08127,-1.0
2024-07-04 17:15:00-04:00,1.08118,1.081425,1.08094,1.081045,-1.0
2024-07-04 20:00:00-04:00,1.081045,1.08245,1.081035,1.082195,-1.0
2024-07-05 00:00:00-04:00,1.082195,1.083035,1.08165,1.08291,-1.0
2024-07-05 04:00:00-04:00,1.08291,1.08319,1.08185,1.0819,-1.0
2024-07-05 08:00:00-04:00,1.0819,1.08424,1.079945,1.082775,-1.0
2024-07-05 12:00:00-04:00,1.082775,1.08427,1.082335,1.08414,-1.0
2024-07-05 16:00:00-04:00,1.08414,1.08414,1.083775,1.084005,-1.0
2024-07-07 17:15:00-04:00,1.081275,1.083305,1.08115,1.082565,-1.0
2024-07-07 20:00:00-04:00,1.082565,1.083635,1.08191,1.083145,-1.0
2024-07-08 00:00:00-04:00,1.083145,1.08383,1.08147,1.08369,-1.0
2024-07-08 04:00:00-04:00,1.08369,1.08431,1.082365,1.083345,-1.0
2024-07-08 08:00:00-04:00,1.083345,1.084515,1.08313,1.083465,-1.0
2024-07-08 12:00:00-04:00,1.083465,1.083615,1.082235,1.082505,-1.0
2024-07-08 16:00:00-04:00,1.082505,1.08251,1.08228,1.08239,-1.0
2024-07-08 17:15:00-04:00,1.082425,1.08315,1.082395,1.08306,-1.0
2024-07-08 20:00:00-04:00,1.08306,1.083345,1.081925,1.082825,-1.0
2024-07-09 00:00:00-04:00,1.082825,1.083125,1.081715,1.081755,-1.0
2024-07-09 04:00:00-04:00,1.081755,1.082845,1.08121,1.08138,-1.0
2024-07-09 08:00:00-04:00,1.08138,1.082845,1.08054,1.081265,-1.0
2024-07-09 12:00:00-04:00,1.081265,1.081625,1.08059,1.081435,-1.0
2024-07-09 16:00:00-04:00,1.081435,1.08166,1.081345,1.08137,-1.0
2024-07-09 17:15:00-04:00,1.08143,1.081625,1.08139,1.081435,-1.0
2024-07-09 20:00:00-04:00,1.081435,1.08211,1.081095,1.08201,-1.0
2024-07-10 00:00:00-04:00,1.08201,1.0825,1.081485,1.08162,-1.0
2024-07-10 04:00:00-04:00,1.08162,1.0827,1.081195,1.08256,-1.0
2024-07-10 08:00:00-04:00,1.08256,1.08289,1.081995,1.082245,-1.0
2024-07-10 12:00:00-04:00,1.082245,1.08296,1.081745,1.08288,-1.0
2024-07-10 16:00:00-04:00,1.08288,1.083075,1.08274,1.083005,-1.0
2024-07-10 17:15:00-04:00,1.082795,1.08366,1.08278,1.083335,-1.0
2024-07-10 20:00:00-04:00,1.083335,1.08402,1.08326,1.083795,-1.0
2024-07-11 00:00:00-04:00,1.083795,1.084015,1.08322,1.083945,-1.0
2024-07-11 04:00:00-04:00,1.083945,1.085775,1.083825,1.085485,-1.0
2024-07-11 08:00:00-04:00,1.085485,1.08999,1.084445,1.086965,-1.0
2024-07-11 12:00:00-04:00,1.086965,1.08706,1.08599,1.086475,-1.0
2024-07-11 16:00:00-04:00,1.086475,1.086815,1.086425,1.086815,-1.0
2024-07-11 17:15:00-04:00,1.086775,1.08744,1.086415,1.08741,-1.0
2024-07-11 20:00:00-04:00,1.08741,1.08747,1.08635,1.08689,-1.0
2024-07-12 00:00:00-04:00,1.08689,1.087615,1.08618,1.08756,-1.0
2024-07-12 04:00:00-04:00,1.08756,1.08923,1.087535,1.088765,-1.0
2024-07-12 08:00:00-04:00,1.088765,1.091105,1.087355,1.090135,-1.0
2024-07-12 12:00:00-04:00,1.090135,1.09114,1.090055,1.090635,-1.0
2024-07-12 16:00:00-04:00,1.090635,1.091035,1.090405,1.09057,-1.0
2024-07-14 17:15:00-04:00,1.089305,1.089885,1.088345,1.088585,-1.0
2024-07-14 20:00:00-04:00,1.088585,1.08958,1.08835,1.089415,-1.0
2024-07-15 00:00:00-04:00,1.089415,1.089645,1.08839,1.089565,-1.0
2024-07-15 04:00:00-04:00,1.089565,1.092035,1.089565,1.090545,-1.0
2024-07-15 08:00:00-04:00,1.090545,1.092235,1.090215,1.091195,-1.0
2024-07-15 12:00:00-04:00,1.091195,1.09172,1.08934,1.08989,-1.0
2024-07-15 16:00:00-04:00,1.08989,1.08993,1.089415,1.089415,-1.0
2024-07-15 17:15:00-04:00,1.08953,1.0899,1.089415,1.089825,-1.0
2024-07-15 20:00:00-04:00,1.089825,1.08984,1.08887,1.08932,-1.0
2024-07-16 00:00:00-04:00,1.08932,1.09004,1.088365,1.08993,-1.0
2024-07-16 04:00:00-04:00,1.08993,1.090425,1.0894,1.090205,-1.0
2024-07-16 08:00:00-04:00,1.090205,1.09055,1.087165,1.088455,-1.0
2024-07-16 12:00:00-04:00,1.088455,1.09028,1.088135,1.090175,-1.0
2024-07-16 16:00:00-04:00,1.090175,1.090275,1.08984,1.08996,-1.0
2024-07-16 17:15:00-04:00,1.09,1.090305,1.08977,1.090205,-1.0
2024-07-16 20:00:00-04:00,1.090205,1.090695,1.089565,1.09063,-1.0
2024-07-17 00:00:00-04:00,1.09063,1.09134,1.08952,1.090845,-1.0
2024-07-17 04:00:00-04:00,1.090845,1.0945,1.090775,1.093485,-1.0
2024-07-17 08:00:00-04:00,1.093485,1.09481,1.09277,1.093245,-1.0
2024-07-17 12:00:00-04:00,1.093245,1.09397,1.092375,1.09362,-1.0
2024-07-17 16:00:00-04:00,1.09362,1.094005,1.093525,1.093925,-1.0
2024-07-17 17:15:00-04:00,1.0939,1.0941,1.093825,1.094025,-1.0
2024-07-17 20:00:00-04:00,1.094025,1.09407,1.093235,1.093295,-1.0
2024-07-18 00:00:00-04:00,1.093295,1.093825,1.092635,1.09315,-1.0
2024-07-18 04:00:00-04:00,1.09315,1.093885,1.09263,1.092765,-1.0
2024-07-18 08:00:00-04:00,1.092765,1.0937,1.090505,1.09123,-1.0
2024-07-18 12:00:00-04:00,1.09123,1.091655,1.08936,1.08971,-1.0
2024-07-18 16:00:00-04:00,1.08971,1.089875,1.089495,1.089665,-1.0
2024-07-18 17:15:00-04:00,1.089825,1.090185,1.08959,1.090025,-1.0
2024-07-18 20:00:00-04:00,1.090025,1.090025,1.088635,1.088845,-1.0
2024-07-19 00:00:00-04:00,1.088845,1.089055,1.088175,1.08879,-1.0
2024-07-19 04:00:00-04:00,1.08879,1.08932,1.08762,1.08932,-1.0
2024-07-19 08:00:00-04:00,1.08932,1.089415,1.087935,1.0888,-1.0
2024-07-19 12:00:00-04:00,1.0888,1.089115,1.08757,1.087935,-1.0
2024-07-19 16:00:00-04:00,1.087935,1.08856,1.087905,1.08822,-1.0
2024-07-21 17:15:00-04:00,1.088475,1.090295,1.08824,1.089895,-1.0
2024-07-21 20:00:00-04:00,1.089895,1.089985,1.088475,1.089165,-1.0
2024-07-22 00:00:00-04:00,1.089165,1.08928,1.087885,1.088725,-1.0
2024-07-22 04:00:00-04:00,1.088725,1.08955,1.088395,1.088575,-1.0
2024-07-22 08:00:00-04:00,1.088575,1.088865,1.087315,1.087985,-1.0
2024-07-22 12:00:00-04:00,1.087985,1.089175,1.08789,1.088725,-1.0
2024-07-22 16:00:00-04:00,1.088725,1.08919,1.08862,1.08912,-1.0
2024-07-22 17:15:00-04:00,1.088925,1.08927,1.08874,1.088895,-1.0
2024-07-22 20:00:00-04:00,1.088895,1.08967,1.088705,1.089435,-1.0
2024-07-23 00:00:00-04:00,1.089435,1.08949,1.087405,1.087615,-1.0
2024-07-23 04:00:00-04:00,1.087615,1.088245,1.085605,1.085705,-1.0
2024-07-23 08:00:00-04:00,1.085705,1.086355,1.0844,1.085435,-1.0
2024-07-23 12:00:00-04:00,1.085435,1.0858,1.08493,1.08508,-1.0
2024-07-23 16:00:00-04:00,1.08508,1.08565,1.084955,1.085335,-1.0
2024-07-23 17:15:00-04:00,1.085375,1.08549,1.08487,1.084975,-1.0
2024-07-23 20:00:00-04:00,1.084975,1.08503,1.08418,1.08452,-1.0
2024-07-24 00:00:00-04:00,1.08452,1.08538,1.082575,1.08293,-1.0
2024-07-24 04:00:00-04:00,1.08293,1.0849,1.082585,1.08462,-1.0
2024-07-24 08:00:00-04:00,1.08462,1.086655,1.08457,1.08528,-1.0
2024-07-24 12:00:00-04:00,1.08528,1.085495,1.08361,1.08388,-1.0
2024-07-24 16:00:00-04:00,1.08388,1.084015,1.08379,1.08398,-1.0
2024-07-24 17:15:00-04:00,1.084025,1.084215,1.083755,1.083795,-1.0
2024-07-24 20:00:00-04:00,1.083795,1.0844,1.08349,1.084275,-1.0
2024-07-25 00:00:00-04:00,1.084275,1.08532,1.082835,1.08492,-1.0
2024-07-25 04:00:00-04:00,1.08492,1.085895,1.084335,1.08457,-1.0
2024-07-25 08:00:00-04:00,1.08457,1.08647,1.08303,1.085995,-1.0
2024-07-25 12:00:00-04:00,1.085995,1.086995,1.084555,1.084605,-1.0
2024-07-25 16:00:00-04:00,1.084605,1.08464,1.08435,1.084585,-1.0
2024-07-25 17:15:00-04:00,1.08465,1.085145,1.084385,1.08514,-1.0
2024-07-25 20:00:00-04:00,1.08514,1.08605,1.085135,1.08584,-1.0
2024-07-26 00:00:00-04:00,1.08584,1.08607,1.08449,1.084915,-1.0
2024-07-26 04:00:00-04:00,1.084915,1.086135,1.08422,1.086105,-1.0
2024-07-26 08:00:00-04:00,1.086105,1.086825,1.08485,1.085805,-1.0
2024-07-26 12:00:00-04:00,1.085805,1.086705,1.085545,1.08578,-1.0
2024-07-26 16:00:00-04:00,1.08578,1.085795,1.085505,1.0856,-1.0
2024-07-28 17:15:00-04:00,1.08585,1.086165,1.08528,1.085285,-1.0
2024-07-28 20:00:00-04:00,1.085285,1.086995,1.0851,1.08624,-1.0
2024-07-29 00:00:00-04:00,1.08624,1.08639,1.084345,1.084455,-1.0
2024-07-29 04:00:00-04:00,1.084455,1.08446,1.08168,1.081775,-1.0
2024-07-29 08:00:00-04:00,1.081775,1.082395,1.080275,1.081895,-1.0
2024-07-29 12:00:00-04:00,1.081895,1.082595,1.0815,1.082375,-1.0
2024-07-29 16:00:00-04:00,1.082375,1.08238,1.08197,1.08212,-1.0
2024-07-29 17:15:00-04:00,1.082325,1.08239,1.081835,1.08192,-1.0
2024-07-29 20:00:00-04:00,1.08192,1.082245,1.081425,1.082205,-1.0
2024-07-30 00:00:00-04:00,1.082205,1.082695,1.08165,1.08188,-1.0
2024-07-30 04:00:00-04:00,1.08188,1.083575,1.081615,1.08242,-1.0
2024-07-30 08:00:00-04:00,1.08242,1.082595,1.07983,1.08089,-1.0
2024-07-30 12:00:00-04:00,1.08089,1.081765,1.080685,1.08107,-1.0
2024-07-30 16:00:00-04:00,1.08107,1.08155,1.080845,1.081505,-1.0
2024-07-30 17:15:00-04:00,1.081475,1.081795,1.08125,1.081585,-1.0
2024-07-30 20:00:00-04:00,1.081585,1.08303,1.081285,1.082215,-1.0
2024-07-31 00:00:00-04:00,1.082215,1.08269,1.081165,1.081805,-1.0
2024-07-31 04:00:00-04:00,1.081805,1.084025,1.080655,1.082825,-1.0
2024-07-31 08:00:00-04:00,1.082825,1.084935,1.08173,1.082295,-1.0
2024-07-31 12:00:00-04:00,1.082295,1.08329,1.080195,1.082285,-1.0
2024-07-31 16:00:00-04:00,1.082285,1.082815,1.081705,1.082575,-1.0
2024-07-31 17:15:00-04:00,1.08245,1.08311,1.08219,1.08239,-1.0
2024-07-31 20:00:00-04:00,1.08239,1.08346,1.08234,1.08329,-1.0
2024-08-01 00:00:00-04:00,1.08329,1.08355,1.07992,1.08011,-1.0
2024-08-01 04:00:00-04:00,1.08011,1.08023,1.07775,1.079185,-1.0
2024-08-01 08:00:00-04:00,1.079185,1.081835,1.07837,1.07887,-1.0
2024-08-01 12:00:00-04:00,1.07887,1.079675,1.07803,1.078975,-1.0
2024-08-01 16:00:00-04:00,1.078975,1.079175,1.07865,1.079155,-1.0
2024-08-01 17:15:00-04:00,1.079175,1.07934,1.078615,1.07865,-1.0
2024-08-01 20:00:00-04:00,1.07865,1.07953,1.078195,1.079315,-1.0
2024-08-02 00:00:00-04:00,1.079315,1.08089,1.07861,1.08041,-1.0
2024-08-02 04:00:00-04:00,1.08041,1.08374,1.08032,1.08313,-1.0
2024-08-02 08:00:00-04:00,1.08313,1.09267,1.082935,1.091335,-1.0
2024-08-02 12:00:00-04:00,1.091335,1.091665,1.090325,1.09128,-1.0
2024-08-02 16:00:00-04:00,1.09128,1.091485,1.0908,1.09091,-1.0
2024-08-04 17:15:00-04:00,1.09215,1.092235,1.090295,1.09105,-1.0
2024-08-04 20:00:00-04:00,1.09105,1.093135,1.0907,1.09307,-1.0
2024-08-05 00:00:00-04:00,1.09307,1.0967,1.08924,1.0949,-1.0
2024-08-05 04:00:00-04:00,1.0949,1.097505,1.093305,1.09629,-1.0
2024-08-05 08:00:00-04:00,1.09629,1.1009,1.095605,1.09563,-1.0
2024-08-05 12:00:00-04:00,1.09563,1.09643,1.094735,1.095895,-1.0
2024-08-05 16:00:00-04:00,1.095895,1.096035,1.09493,1.09525,-1.0
2024-08-05 17:15:00-04:00,1.095045,1.096225,1.094975,1.095055,-1.0
2024-08-05 20:00:00-04:00,1.095055,1.096315,1.094375,1.095415,-1.0
2024-08-06 00:00:00-04:00,1.095415,1.09559,1.092205,1.09269,-1.0
2024-08-06 04:00:00-04:00,1.09269,1.093505,1.090375,1.09167,-1.0
2024-08-06 08:00:00-04:00,1.09167,1.09349,1.090455,1.092525,-1.0
2024-08-06 12:00:00-04:00,1.092525,1.093365,1.09207,1.092995,-1.0
2024-08-06 16:00:00-04:00,1.092995,1.09323,1.092775,1.093145,-1.0
2024-08-06 17:15:00-04:00,1.092975,1.093245,1.09239,1.09259,-1.0
2024-08-06 20:00:00-04:00,1.09259,1.09305,1.091105,1.09159,-1.0
2024-08-07 00:00:00-04:00,1.09159,1.092795,1.09055,1.092235,-1.0
2024-08-07 04:00:00-04:00,1.092235,1.092795,1.090855,1.092335,-1.0
2024-08-07 08:00:00-04:00,1.092335,1.093665,1.09125,1.092465,-1.0
2024-08-07 12:00:00-04:00,1.092465,1.092715,1.091755,1.09233,-1.0
2024-08-07 16:00:00-04:00,1.09233,1.092405,1.09202,1.092175,-1.0
2024-08-07 17:15:00-04:00,1.0921,1.09339,1.09204,1.092745,-1.0
2024-08-07 20:00:00-04:00,1.092745,1.093545,1.09235,1.093505,-1.0
2024-08-08 00:00:00-04:00,1.093505,1.09452,1.092995,1.09399,-1.0
2024-08-08 04:00:00-04:00,1.09399,1.09444,1.0921,1.093045,-1.0
2024-08-08 08:00:00-04:00,1.093045,1.093245,1.08814,1.091305,-1.0
2024-08-08 12:00:00-04:00,1.091305,1.091895,1.09051,1.0916,-1.0
2024-08-08 16:00:00-04:00,1.0916,1.091915,1.0916,1.09186,-1.0
2024-08-08 17:15:00-04:00,1.09165,1.091955,1.09144,1.091495,-1.0
2024-08-08 20:00:00-04:00,1.091495,1.09245,1.091165,1.092295,-1.0
2024-08-09 00:00:00-04:00,1.092295,1.092915,1.09177,1.092205,-1.0
2024-08-09 04:00:00-04:00,1.092205,1.09259,1.09114,1.091615,-1.0
2024-08-09 08:00:00-04:00,1.091615,1.09314,1.090915,1.092415,-1.0
2024-08-09 12:00:00-04:00,1.092415,1.092465,1.09152,1.091875,-1.0
2024-08-09 16:00:00-04:00,1.091875,1.09195,1.09147,1.091685,-1.0
2024-08-11 17:15:00-04:00,1.09175,1.09196,1.091005,1.091285,-1.0
2024-08-11 20:00:00-04:00,1.091285,1.09231,1.091175,1.091405,-1.0
2024-08-12 00:00:00-04:00,1.091405,1.09285,1.09136,1.092235,-1.0
2024-08-12 04:00:00-04:00,1.092235,1.093,1.091605,1.092595,-1.0
2024-08-12 08:00:00-04:00,1.092595,1.093945,1.09152,1.092805,-1.0
2024-08-12 12:00:00-04:00,1.092805,1.0935,1.09219,1.09316,-1.0
2024-08-12 16:00:00-04:00,1.09316,1.093245,1.09274,1.093165,-1.0
2024-08-12 17:15:00-04:00,1.093125,1.09365,1.09307,1.093625,-1.0
2024-08-12 20:00:00-04:00,1.093625,1.09385,1.09294,1.0937,-1.0
2024-08-13 00:00:00-04:00,1.0937,1.09412,1.09265,1.09301,-1.0
2024-08-13 04:00:00-04:00,1.09301,1.09323,1.09137,1.09303,-1.0
2024-08-13 08:00:00-04:00,1.09303,1.09625,1.09256,1.095355,-1.0
2024-08-13 12:00:00-04:00,1.095355,1.099965,1.09529,1.099605,-1.0
2024-08-13 16:00:00-04:00,1.099605,1.099895,1.09926,1.099335,-1.0
2024-08-13 17:15:00-04:00,1.09925,1.099855,1.099105,1.099595,-1.0
2024-08-13 20:00:00-04:00,1.099595,1.099735,1.09888,1.09901,-1.0
2024-08-14 00:00:00-04:00,1.09901,1.100795,1.09865,1.10058,-1.0
2024-08-14 04:00:00-04:00,1.10058,1.10286,1.10026,1.10225,-1.0
2024-08-14 08:00:00-04:00,1.10225,1.104745,1.10041,1.102325,-1.0
2024-08-14 12:00:00-04:00,1.102325,1.10242,1.101095,1.101305,-1.0
2024-08-14 16:00:00-04:00,1.101305,1.101455,1.101095,1.101235,-1.0
2024-08-14 17:15:00-04:00,1.101225,1.10158,1.100985,1.101165,-1.0
2024-08-14 20:00:00-04:00,1.101165,1.101435,1.10032,1.10082,-1.0
2024-08-15 00:00:00-04:00,1.10082,1.10156,1.100765,1.101345,-1.0
2024-08-15 04:00:00-04:00,1.101345,1.10141,1.100335,1.101335,-1.0
2024-08-15 08:00:00-04:00,1.101335,1.101425,1.09496,1.09857,-1.0
2024-08-15 12:00:00-04:00,1.09857,1.09893,1.09717,1.09742,-1.0
2024-08-15 16:00:00-04:00,1.09742,1.09742,1.097065,1.097275,-1.0
2024-08-15 17:15:00-04:00,1.097225,1.097495,1.097095,1.09725,-1.0
2024-08-15 20:00:00-04:00,1.09725,1.098255,1.097185,1.09772,-1.0
2024-08-16 00:00:00-04:00,1.09772,1.09868,1.09762,1.0985,-1.0
2024-08-16 04:00:00-04:00,1.0985,1.0995,1.097885,1.09923,-1.0
2024-08-16 08:00:00-04:00,1.09923,1.100465,1.098275,1.099615,-1.0
2024-08-16 12:00:00-04:00,1.099615,1.102485,1.099575,1.102445,-1.0
2024-08-16 16:00:00-04:00,1.102445,1.10298,1.102225,1.102605,-1.0
2024-08-18 17:15:00-04:00,1.10265,1.103425,1.102275,1.102465,-1.0
2024-08-18 20:00:00-04:00,1.102465,1.104035,1.10233,1.103895,-1.0
2024-08-19 00:00:00-04:00,1.103895,1.10501,1.10366,1.104285,-1.0
2024-08-19 04:00:00-04:00,1.104285,1.10505,1.103095,1.10423,-1.0
2024-08-19 08:00:00-04:00,1.10423,1.107365,1.103025,1.106925,-1.0
2024-08-19 12:00:00-04:00,1.106925,1.108635,1.106725,1.10836,-1.0
2024-08-19 16:00:00-04:00,1.10836,1.10862,1.10817,1.108505,-1.0
2024-08-19 17:15:00-04:00,1.10855,1.108765,1.108035,1.108555,-1.0
2024-08-19 20:00:00-04:00,1.108555,1.10872,1.10751,1.10757,-1.0
2024-08-20 00:00:00-04:00,1.10757,1.10871,1.10719,1.10868,-1.0
2024-08-20 04:00:00-04:00,1.10868,1.10889,1.107505,1.1081,-1.0
2024-08-20 08:00:00-04:00,1.1081,1.1117,1.108045,1.11052,-1.0
2024-08-20 12:00:00-04:00,1.11052,1.112755,1.11041,1.11246,-1.0
2024-08-20 16:00:00-04:00,1.11246,1.11306,1.1124,1.112985,-1.0
2024-08-20 17:15:00-04:00,1.11265,1.113175,1.11257,1.112765,-1.0
2024-08-20 20:00:00-04:00,1.112765,1.113275,1.111725,1.112105,-1.0
2024-08-21 00:00:00-04:00,1.112105,1.112885,1.11105,1.111435,-1.0
2024-08-21 04:00:00-04:00,1.111435,1.112595,1.111,1.111485,-1.0
2024-08-21 08:00:00-04:00,1.111485,1.114785,1.109915,1.11422,-1.0
2024-08-21 12:00:00-04:00,1.11422,1.117415,1.114165,1.11517,-1.0
2024-08-21 16:00:00-04:00,1.11517,1.115255,1.114715,1.11497,-1.0
2024-08-21 17:15:00-04:00,1.11497,1.115815,1.114815,1.115505,-1.0
2024-08-21 20:00:00-04:00,1.115505,1.115695,1.114055,1.114465,-1.0
2024-08-22 00:00:00-04:00,1.114465,1.116535,1.112745,1.11372,-1.0
2024-08-22 04:00:00-04:00,1.11372,1.115095,1.113205,1.113675,-1.0
2024-08-22 08:00:00-04:00,1.113675,1.114325,1.109815,1.111315,-1.0
2024-08-22 12:00:00-04:00,1.111315,1.111765,1.109875,1.11085,-1.0
2024-08-22 16:00:00-04:00,1.11085,1.11134,1.11076,1.11123,-1.0
2024-08-22 17:15:00-04:00,1.11115,1.11178,1.11096,1.111615,-1.0
2024-08-22 20:00:00-04:00,1.111615,1.11287,1.111305,1.112485,-1.0
2024-08-23 00:00:00-04:00,1.112485,1.113195,1.111245,1.111935,-1.0
2024-08-23 04:00:00-04:00,1.111935,1.11272,1.11109,1.1119,-1.0
2024-08-23 08:00:00-04:00,1.1119,1.119605,1.110545,1.11753,-1.0
2024-08-23 12:00:00-04:00,1.11753,1.120095,1.11644,1.119125,-1.0
2024-08-23 16:00:00-04:00,1.119125,1.119585,1.11876,1.11905,-1.0
2024-08-25 17:15:00-04:00,1.119075,1.1196,1.11864,1.118935,-1.0
2024-08-25 20:00:00-04:00,1.118935,1.120155,1.11818,1.118345,-1.0
2024-08-26 00:00:00-04:00,1.118345,1.118925,1.117585,1.11809,-1.0
2024-08-26 04:00:00-04:00,1.11809,1.118485,1.116315,1.11653,-1.0
2024-08-26 08:00:00-04:00,1.11653,1.117895,1.115005,1.116365,-1.0
2024-08-26 12:00:00-04:00,1.116365,1.11754,1.115875,1.115955,-1.0
2024-08-26 16:00:00-04:00,1.115955,1.11615,1.11586,1.116115,-1.0
2024-08-26 17:15:00-04:00,1.11622,1.116695,1.116035,1.116455,-1.0
2024-08-26 20:00:00-04:00,1.116455,1.117065,1.115965,1.116685,-1.0
2024-08-27 00:00:00-04:00,1.116685,1.117265,1.11614,1.116405,-1.0
2024-08-27 04:00:00-04:00,1.116405,1.11788,1.116065,1.11607,-1.0
2024-08-27 08:00:00-04:00,1.11607,1.117195,1.11499,1.115975,-1.0
2024-08-27 12:00:00-04:00,1.115975,1.119055,1.11596,1.118425,-1.0
2024-08-27 16:00:00-04:00,1.118425,1.11859,1.11828,1.118415,-1.0
2024-08-27 17:15:00-04:00,1.118225,1.11855,1.11748,1.1177,-1.0
2024-08-27 20:00:00-04:00,1.1177,1.118,1.116245,1.11658,-1.0
2024-08-28 00:00:00-04:00,1.11658,1.11679,1.113495,1.115635,-1.0
2024-08-28 04:00:00-04:00,1.115635,1.115945,1.111745,1.112055,-1.0
2024-08-28 08:00:00-04:00,1.112055,1.11377,1.110495,1.112615,-1.0
2024-08-28 12:00:00-04:00,1.112615,1.112625,1.11055,1.11133,-1.0
2024-08-28 16:00:00-04:00,1.11133,1.11201,1.11124,1.11197,-1.0
2024-08-28 17:15:00-04:00,1.11195,1.11262,1.111885,1.11245,-1.0
2024-08-28 20:00:00-04:00,1.11245,1.11358,1.112415,1.113565,-1.0
2024-08-29 00:00:00-04:00,1.113565,1.113995,1.11164,1.113005,-1.0
2024-08-29 04:00:00-04:00,1.113005,1.113005,1.107195,1.109625,-1.0
2024-08-29 08:00:00-04:00,1.109625,1.109805,1.105575,1.108485,-1.0
2024-08-29 12:00:00-04:00,1.108485,1.108805,1.10748,1.10758,-1.0
2024-08-29 16:00:00-04:00,1.10758,1.10793,1.10749,1.10774,-1.0
2024-08-29 17:15:00-04:00,1.107735,1.108325,1.107715,1.10802,-1.0
2024-08-29 20:00:00-04:00,1.10802,1.108285,1.106985,1.10738,-1.0
2024-08-30 00:00:00-04:00,1.10738,1.108895,1.107195,1.108415,-1.0
2024-08-30 04:00:00-04:00,1.108415,1.109505,1.10736,1.108145,-1.0
2024-08-30 08:00:00-04:00,1.108145,1.108815,1.1053,1.10599,-1.0
2024-08-30 12:00:00-04:00,1.10599,1.10599,1.104385,1.10529,-1.0
2024-08-30 16:00:00-04:00,1.10529,1.10553,1.10454,1.104615,-1.0
2024-09-01 17:15:00-04:00,1.1048,1.104985,1.10442,1.104465,-1.0
2024-09-01 20:00:00-04:00,1.104465,1.105585,1.104205,1.104855,-1.0
2024-09-02 00:00:00-04:00,1.104855,1.10703,1.104395,1.106675,-1.0
2024-09-02 04:00:00-04:00,1.106675,1.10775,1.105975,1.105975,-1.0
2024-09-02 08:00:00-04:00,1.105975,1.10719,1.10585,1.106795,-1.0
2024-09-02 12:00:00-04:00,1.106795,1.107275,1.10625,1.10722,-1.0
2024-09-02 16:00:00-04:00,1.10722,1.10728,1.107075,1.10718,-1.0
2024-09-02 17:15:00-04:00,1.10727,1.107285,1.10647,1.10673,-1.0
2024-09-02 20:00:00-04:00,1.10673,1.107035,1.10575,1.105815,-1.0
2024-09-03 00:00:00-04:00,1.105815,1.106785,1.105115,1.1056,-1.0
2024-09-03 04:00:00-04:00,1.1056,1.105975,1.10332,1.103645,-1.0
2024-09-03 08:00:00-04:00,1.103645,1.10698,1.10336,1.10423,-1.0
2024-09-03 12:00:00-04:00,1.10423,1.104715,1.10264,1.104185,-1.0
2024-09-03 16:00:00-04:00,1.104185,1.10444,1.10397,1.104335,-1.0
2024-09-03 17:15:00-04:00,1.10414,1.10505,1.10396,1.104855,-1.0
2024-09-03 20:00:00-04:00,1.104855,1.10564,1.104645,1.105405,-1.0
2024-09-04 00:00:00-04:00,1.105405,1.106285,1.10468,1.1056,-1.0
2024-09-04 04:00:00-04:00,1.1056,1.105885,1.10428,1.10503,-1.0
2024-09-04 08:00:00-04:00,1.10503,1.10951,1.104005,1.108095,-1.0
2024-09-04 12:00:00-04:00,1.108095,1.108675,1.106535,1.10782,-1.0
2024-09-04 16:00:00-04:00,1.10782,1.10837,1.107555,1.10821,-1.0
2024-09-04 17:15:00-04:00,1.108325,1.108655,1.107905,1.108015,-1.0
2024-09-04 20:00:00-04:00,1.108015,1.10856,1.107575,1.10771,-1.0
2024-09-05 00:00:00-04:00,1.10771,1.109035,1.107475,1.10872,-1.0
2024-09-05 04:00:00-04:00,1.10872,1.110825,1.10841,1.10951,-1.0
2024-09-05 08:00:00-04:00,1.10951,1.11197,1.10763,1.10953,-1.0
2024-09-05 12:00:00-04:00,1.10953,1.11133,1.10953,1.110365,-1.0
2024-09-05 16:00:00-04:00,1.110365,1.111125,1.110365,1.11105,-1.0
2024-09-05 17:15:00-04:00,1.1111,1.111255,1.110855,1.11112,-1.0
2024-09-05 20:00:00-04:00,1.11112,1.11162,1.11093,1.11152,-1.0
2024-09-06 00:00:00-04:00,1.11152,1.112095,1.111085,1.11159,-1.0
2024-09-06 04:00:00-04:00,1.11159,1.112085,1.110275,1.110705,-1.0
2024-09-06 08:00:00-04:00,1.110705,1.115565,1.10657,1.108565,-1.0
2024-09-06 12:00:00-04:00,1.108565,1.108955,1.10696,1.108855,-1.0
2024-09-06 16:00:00-04:00,1.108855,1.10889,1.108455,1.10846,-1.0
2024-09-08 17:15:00-04:00,1.108375,1.1091,1.108255,1.108675,-1.0
2024-09-08 20:00:00-04:00,1.108675,1.10912,1.10788,1.10798,-1.0
2024-09-09 00:00:00-04:00,1.10798,1.108025,1.105505,1.105925,-1.0
2024-09-09 04:00:00-04:00,1.105925,1.106245,1.10358,1.104485,-1.0
2024-09-09 08:00:00-04:00,1.104485,1.10521,1.103425,1.104155,-1.0
2024-09-09 12:00:00-04:00,1.104155,1.10538,1.103755,1.103835,-1.0
2024-09-09 16:00:00-04:00,1.103835,1.103925,1.103375,1.103445,-1.0
2024-09-09 17:15:00-04:00,1.103725,1.103975,1.103455,1.10354,-1.0
2024-09-09 20:00:00-04:00,1.10354,1.10392,1.10284,1.10385,-1.0
2024-09-10 00:00:00-04:00,1.10385,1.104985,1.103385,1.10371,-1.0
2024-09-10 04:00:00-04:00,1.10371,1.104395,1.10266,1.10313,-1.0
2024-09-10 08:00:00-04:00,1.10313,1.103685,1.101515,1.102515,-1.0
2024-09-10 12:00:00-04:00,1.102515,1.102895,1.102055,1.102695,-1.0
2024-09-10 16:00:00-04:00,1.102695,1.1027,1.10183,1.101965,-1.0
2024-09-10 17:15:00-04:00,1.10195,1.102395,1.101895,1.102015,-1.0
2024-09-10 20:00:00-04:00,1.102015,1.10445,1.101685,1.10386,-1.0
2024-09-11 00:00:00-04:00,1.10386,1.105205,1.1038,1.104135,-1.0
2024-09-11 04:00:00-04:00,1.104135,1.105485,1.103665,1.10436,-1.0
2024-09-11 08:00:00-04:00,1.10436,1.104885,1.1002,1.10121,-1.0
2024-09-11 12:00:00-04:00,1.10121,1.10266,1.10099,1.10175,-1.0
2024-09-11 16:00:00-04:00,1.10175,1.101815,1.101105,1.10121,-1.0
2024-09-11 17:15:00-04:00,1.101405,1.101535,1.10103,1.10104,-1.0
2024-09-11 20:00:00-04:00,1.10104,1.10141,1.1006,1.101355,-1.0
2024-09-12 00:00:00-04:00,1.101355,1.102395,1.100605,1.100775,-1.0
2024-09-12 04:00:00-04:00,1.100775,1.102365,1.100555,1.10138,-1.0
2024-09-12 08:00:00-04:00,1.10138,1.104725,1.101,1.104015,-1.0
2024-09-12 12:00:00-04:00,1.104015,1.10717,1.10371,1.107045,-1.0
2024-09-12 16:00:00-04:00,1.107045,1.10752,1.10685,1.107445,-1.0
2024-09-12 17:15:00-04:00,1.10735,1.10792,1.10704,1.1079,-1.0
2024-09-12 20:00:00-04:00,1.1079,1.109025,1.10776,1.108705,-1.0
2024-09-13 00:00:00-04:00,1.108705,1.109415,1.107315,1.109245,-1.0
2024-09-13 04:00:00-04:00,1.109245,1.110085,1.10812,1.108425,-1.0
2024-09-13 08:00:00-04:00,1.108425,1.11019,1.107925,1.10845,-1.0
2024-09-13 12:00:00-04:00,1.10845,1.10859,1.107605,1.10779,-1.0
2024-09-13 16:00:00-04:00,1.10779,1.107825,1.107165,1.107205,-1.0
2024-09-15 17:15:00-04:00,1.107925,1.10896,1.10749,1.108745,-1.0
2024-09-15 20:00:00-04:00,1.108745,1.110475,1.10868,1.110415,-1.0
2024-09-16 00:00:00-04:00,1.110415,1.111995,1.10958,1.111505,-1.0
2024-09-16 04:00:00-04:00,1.111505,1.112935,1.111395,1.112375,-1.0
2024-09-16 08:00:00-04:00,1.112375,1.11376,1.111655,1.112265,-1.0
2024-09-16 12:00:00-04:00,1.112265,1.113015,1.111615,1.1129,-1.0
2024-09-16 16:00:00-04:00,1.1129,1.11335,1.11281,1.11328,-1.0
2024-09-16 17:15:00-04:00,1.11325,1.11325,1.11234,1.112925,-1.0
2024-09-16 20:00:00-04:00,1.112925,1.11313,1.1122,1.112395,-1.0
2024-09-17 00:00:00-04:00,1.112395,1.113785,1.111585,1.11363,-1.0
2024-09-17 04:00:00-04:00,1.11363,1.114635,1.113015,1.113855,-1.0
2024-09-17 08:00:00-04:00,1.113855,1.11438,1.111175,1.111745,-1.0
2024-09-17 12:00:00-04:00,1.111745,1.112355,1.111085,1.11159,-1.0
2024-09-17 16:00:00-04:00,1.11159,1.111695,1.11127,1.111365,-1.0
2024-09-17 17:15:00-04:00,1.111525,1.112395,1.111375,1.112215,-1.0
2024-09-17 20:00:00-04:00,1.112215,1.11306,1.112155,1.11263,-1.0
2024-09-18 00:00:00-04:00,1.11263,1.113145,1.111525,1.113125,-1.0
2024-09-18 04:00:00-04:00,1.113125,1.11399,1.112245,1.112445,-1.0
2024-09-18 08:00:00-04:00,1.112445,1.11399,1.110825,1.111585,-1.0
2024-09-18 12:00:00-04:00,1.111585,1.11893,1.109675,1.11056,-1.0
2024-09-18 16:00:00-04:00,1.11056,1.112045,1.11044,1.11189,-1.0
2024-09-18 17:15:00-04:00,1.11163,1.11241,1.111115,1.1114,-1.0
2024-09-18 20:00:00-04:00,1.1114,1.111915,1.106845,1.111865,-1.0
2024-09-19 00:00:00-04:00,1.111865,1.115305,1.11151,1.114585,-1.0
2024-09-19 04:00:00-04:00,1.114585,1.117895,1.11449,1.115805,-1.0
2024-09-19 08:00:00-04:00,1.115805,1.11583,1.11166,1.114685,-1.0
2024-09-19 12:00:00-04:00,1.114685,1.116795,1.114525,1.116215,-1.0
2024-09-19 16:00:00-04:00,1.116215,1.116435,1.116045,1.11617,-1.0
2024-09-19 17:15:00-04:00,1.116175,1.11634,1.11584,1.11594,-1.0
2024-09-19 20:00:00-04:00,1.11594,1.116925,1.11573,1.11657,-1.0
2024-09-20 00:00:00-04:00,1.11657,1.11819,1.115945,1.11627,-1.0
2024-09-20 04:00:00-04:00,1.11627,1.116915,1.115245,1.116155,-1.0
2024-09-20 08:00:00-04:00,1.116155,1.117685,1.113615,1.11589,-1.0
2024-09-20 12:00:00-04:00,1.11589,1.11759,1.115725,1.116205,-1.0
2024-09-20 16:00:00-04:00,1.116205,1.116805,1.115615,1.116345,-1.0
2024-09-22 17:15:00-04:00,1.11665,1.11665,1.11592,1.11592,-1.0
2024-09-22 20:00:00-04:00,1.11592,1.116495,1.11558,1.116165,-1.0
2024-09-23 00:00:00-04:00,1.116165,1.116725,1.109785,1.110155,-1.0
2024-09-23 04:00:00-04:00,1.110155,1.11258,1.108325,1.111975,-1.0
2024-09-23 08:00:00-04:00,1.111975,1.11434,1.11085,1.113035,-1.0
2024-09-23 12:00:00-04:00,1.113035,1.11304,1.111195,1.11148,-1.0
2024-09-23 16:00:00-04:00,1.11148,1.11149,1.110975,1.111125,-1.0
2024-09-23 17:15:00-04:00,1.111385,1.111575,1.11074,1.11109,-1.0
2024-09-23 20:00:00-04:00,1.11109,1.11138,1.110345,1.11126,-1.0
2024-09-24 00:00:00-04:00,1.11126,1.113225,1.11044,1.11274,-1.0
2024-09-24 04:00:00-04:00,1.11274,1.114595,1.11221,1.112905,-1.0
2024-09-24 08:00:00-04:00,1.112905,1.116355,1.112905,1.114985,-1.0
2024-09-24 12:00:00-04:00,1.114985,1.117675,1.114945,1.11767,-1.0
2024-09-24 16:00:00-04:00,1.11767,1.118095,1.117495,1.117965,-1.0
2024-09-24 17:15:00-04:00,1.117875,1.119115,1.117755,1.119085,-1.0
2024-09-24 20:00:00-04:00,1.119085,1.119875,1.11854,1.11981,-1.0
2024-09-25 00:00:00-04:00,1.11981,1.11987,1.118575,1.11918,-1.0
2024-09-25 04:00:00-04:00,1.11918,1.119745,1.11782,1.11959,-1.0
2024-09-25 08:00:00-04:00,1.11959,1.121405,1.114175,1.114315,-1.0
2024-09-25 12:00:00-04:00,1.114315,1.114775,1.11216,1.11261,-1.0
2024-09-25 16:00:00-04:00,1.11261,1.113295,1.11251,1.113285,-1.0
2024-09-25 17:15:00-04:00,1.11318,1.1134,1.11296,1.112985,-1.0
2024-09-25 20:00:00-04:00,1.112985,1.11453,1.11291,1.11405,-1.0
2024-09-26 00:00:00-04:00,1.11405,1.115795,1.11337,1.11349,-1.0
2024-09-26 04:00:00-04:00,1.11349,1.116155,1.112575,1.115415,-1.0
2024-09-26 08:00:00-04:00,1.115415,1.118925,1.11258,1.118285,-1.0
2024-09-26 12:00:00-04:00,1.118285,1.118415,1.11662,1.11779,-1.0
2024-09-26 16:00:00-04:00,1.11779,1.11788,1.117455,1.117675,-1.0
2024-09-26 17:15:00-04:00,1.11765,1.117945,1.11737,1.117695,-1.0
2024-09-26 20:00:00-04:00,1.117695,1.11776,1.116255,1.11692,-1.0
2024-09-27 00:00:00-04:00,1.11692,1.117615,1.112475,1.1133,-1.0
2024-09-27 04:00:00-04:00,1.1133,1.117105,1.112645,1.116255,-1.0
2024-09-27 08:00:00-04:00,1.116255,1.120305,1.115395,1.115845,-1.0
2024-09-27 12:00:00-04:00,1.115845,1.116795,1.114635,1.116395,-1.0
2024-09-27 16:00:00-04:00,1.116395,1.116785,1.115915,1.116455,-1.0
2024-09-29 17:15:00-04:00,1.11603,1.117245,1.115895,1.116905,-1.0
2024-09-29 20:00:00-04:00,1.116905,1.1174,1.11563,1.11582,-1.0
2024-09-30 00:00:00-04:00,1.11582,1.11755,1.11562,1.11722,-1.0
2024-09-30 04:00:00-04:00,1.11722,1.120905,1.11722,1.119765,-1.0
2024-09-30 08:00:00-04:00,1.119765,1.12013,1.113505,1.11442,-1.0
2024-09-30 12:00:00-04:00,1.11442,1.11636,1.111375,1.113265,-1.0
2024-09-30 16:00:00-04:00,1.113265,1.11365,1.11302,1.11349,-1.0
2024-09-30 17:15:00-04:00,1.113365,1.114275,1.113225,1.11366,-1.0
2024-09-30 20:00:00-04:00,1.11366,1.114345,1.11273,1.113775,-1.0
2024-10-01 00:00:00-04:00,1.113775,1.114415,1.111165,1.11153,-1.0
2024-10-01 04:00:00-04:00,1.11153,1.112015,1.107865,1.108465,-1.0
2024-10-01 08:00:00-04:00,1.108465,1.108875,1.10569,1.10663,-1.0
2024-10-01 12:00:00-04:00,1.10663,1.10773,1.104585,1.106775,-1.0
2024-10-01 16:00:00-04:00,1.106775,1.10727,1.10657,1.106785,-1.0
2024-10-01 17:15:00-04:00,1.107,1.107115,1.10634,1.10646,-1.0
2024-10-01 20:00:00-04:00,1.10646,1.1074,1.10634,1.10707,-1.0
2024-10-02 00:00:00-04:00,1.10707,1.107375,1.10541,1.106665,-1.0
2024-10-02 04:00:00-04:00,1.106665,1.108295,1.106135,1.107555,-1.0
2024-10-02 08:00:00-04:00,1.107555,1.10775,1.10327,1.10495,-1.0
2024-10-02 12:00:00-04:00,1.10495,1.10549,1.103685,1.10489,-1.0
2024-10-02 16:00:00-04:00,1.10489,1.10525,1.104445,1.104475,-1.0
2024-10-02 17:15:00-04:00,1.10485,1.104945,1.104375,1.10459,-1.0
2024-10-02 20:00:00-04:00,1.10459,1.104665,1.103215,1.10358,-1.0
2024-10-03 00:00:00-04:00,1.10358,1.104225,1.102485,1.103315,-1.0
2024-10-03 04:00:00-04:00,1.103315,1.104665,1.10295,1.104285,-1.0
2024-10-03 08:00:00-04:00,1.104285,1.1047,1.100835,1.101465,-1.0
2024-10-03 12:00:00-04:00,1.101465,1.10362,1.101415,1.10284,-1.0
2024-10-03 16:00:00-04:00,1.10284,1.103285,1.102605,1.10316,-1.0
2024-10-03 17:15:00-04:00,1.1032,1.10372,1.1031,1.103525,-1.0
2024-10-03 20:00:00-04:00,1.103525,1.103965,1.102555,1.102715,-1.0
2024-10-04 00:00:00-04:00,1.102715,1.103565,1.10253,1.1028,-1.0
2024-10-04 04:00:00-04:00,1.1028,1.103685,1.102005,1.10324,-1.0
2024-10-04 08:00:00-04:00,1.10324,1.103325,1.095485,1.096055,-1.0
2024-10-04 12:00:00-04:00,1.096055,1.097785,1.095135,1.097645,-1.0
2024-10-04 16:00:00-04:00,1.097645,1.097775,1.097125,1.097145,-1.0
2024-10-06 17:15:00-04:00,1.09678,1.097315,1.096325,1.097055,-1.0
2024-10-06 20:00:00-04:00,1.097055,1.097765,1.096825,1.097215,-1.0
2024-10-07 00:00:00-04:00,1.097215,1.09736,1.095815,1.096955,-1.0
2024-10-07 04:00:00-04:00,1.096955,1.09807,1.095435,1.097685,-1.0
2024-10-07 08:00:00-04:00,1.097685,1.098485,1.09696,1.097595,-1.0
2024-10-07 12:00:00-04:00,1.097595,1.09869,1.09658,1.09724,-1.0
2024-10-07 16:00:00-04:00,1.09724,1.097545,1.0969,1.0969,-1.0
2024-10-07 17:15:00-04:00,1.097525,1.09792,1.09731,1.09744,-1.0
2024-10-07 20:00:00-04:00,1.09744,1.09868,1.09729,1.09832,-1.0
2024-10-08 00:00:00-04:00,1.09832,1.09956,1.09786,1.099525,-1.0
2024-10-08 04:00:00-04:00,1.099525,1.099715,1.09786,1.098775,-1.0
2024-10-08 08:00:00-04:00,1.098775,1.098985,1.0961,1.096985,-1.0
2024-10-08 12:00:00-04:00,1.096985,1.09783,1.096585,1.097785,-1.0
2024-10-08 16:00:00-04:00,1.097785,1.098175,1.09766,1.098145,-1.0
2024-10-08 17:15:00-04:00,1.097575,1.0981,1.09752,1.097555,-1.0
2024-10-08 20:00:00-04:00,1.097555,1.09788,1.09669,1.096775,-1.0
2024-10-09 00:00:00-04:00,1.096775,1.09761,1.09511,1.09603,-1.0
2024-10-09 04:00:00-04:00,1.09603,1.097085,1.09533,1.09541,-1.0
2024-10-09 08:00:00-04:00,1.09541,1.09598,1.09396,1.09507,-1.0
2024-10-09 12:00:00-04:00,1.09507,1.09507,1.09362,1.093855,-1.0
2024-10-09 16:00:00-04:00,1.093855,1.094085,1.09367,1.093885,-1.0
2024-10-09 17:15:00-04:00,1.094085,1.09435,1.09381,1.09416,-1.0
2024-10-09 20:00:00-04:00,1.09416,1.09461,1.093895,1.094355,-1.0
2024-10-10 00:00:00-04:00,1.094355,1.094465,1.093315,1.09375,-1.0
2024-10-10 04:00:00-04:00,1.09375,1.093975,1.092715,1.093095,-1.0
2024-10-10 08:00:00-04:00,1.093095,1.09551,1.09085,1.09248,-1.0
2024-10-10 12:00:00-04:00,1.09248,1.09346,1.090015,1.09344,-1.0
2024-10-10 16:00:00-04:00,1.09344,1.09379,1.0933,1.093535,-1.0
2024-10-10 17:15:00-04:00,1.093485,1.093755,1.093245,1.093365,-1.0
2024-10-10 20:00:00-04:00,1.093365,1.09406,1.09296,1.09396,-1.0
2024-10-11 00:00:00-04:00,1.09396,1.09454,1.093225,1.094465,-1.0
2024-10-11 04:00:00-04:00,1.094465,1.09538,1.09274,1.093095,-1.0
2024-10-11 08:00:00-04:00,1.093095,1.095255,1.092615,1.09414,-1.0
2024-10-11 12:00:00-04:00,1.09414,1.094755,1.093315,1.093325,-1.0
2024-10-11 16:00:00-04:00,1.093325,1.09409,1.09325,1.09372,-1.0
2024-10-13 17:15:00-04:00,1.09328,1.09339,1.092225,1.092315,-1.0
2024-10-13 20:00:00-04:00,1.092315,1.092925,1.091535,1.092565,-1.0
2024-10-14 00:00:00-04:00,1.092565,1.09312,1.092245,1.09283,-1.0
2024-10-14 04:00:00-04:00,1.09283,1.093665,1.0909,1.091275,-1.0
2024-10-14 08:00:00-04:00,1.091275,1.092745,1.090475,1.09069,-1.0
2024-10-14 12:00:00-04:00,1.09069,1.090855,1.08882,1.09039,-1.0
2024-10-14 16:00:00-04:00,1.09039,1.090955,1.09028,1.09089,-1.0
2024-10-14 17:15:00-04:00,1.090745,1.09105,1.09049,1.0909,-1.0
2024-10-14 20:00:00-04:00,1.0909,1.09099,1.08958,1.08966,-1.0
2024-10-15 00:00:00-04:00,1.08966,1.08987,1.0885,1.089855,-1.0
2024-10-15 04:00:00-04:00,1.089855,1.091615,1.089715,1.0901,-1.0
2024-10-15 08:00:00-04:00,1.0901,1.09168,1.089845,1.0899,-1.0
2024-10-15 12:00:00-04:00,1.0899,1.090245,1.088185,1.088705,-1.0
2024-10-15 16:00:00-04:00,1.088705,1.089305,1.088575,1.089275,-1.0
2024-10-15 17:15:00-04:00,1.089205,1.089335,1.08831,1.08832,-1.0
2024-10-15 20:00:00-04:00,1.08832,1.089585,1.08821,1.089105,-1.0
2024-10-16 00:00:00-04:00,1.089105,1.08932,1.08753,1.088225,-1.0
2024-10-16 04:00:00-04:00,1.088225,1.089725,1.08778,1.089435,-1.0
2024-10-16 08:00:00-04:00,1.089435,1.09016,1.08662,1.08724,-1.0
2024-10-16 12:00:00-04:00,1.08724,1.087675,1.085325,1.08578,-1.0
2024-10-16 16:00:00-04:00,1.08578,1.08629,1.08574,1.0862,-1.0
2024-10-16 17:15:00-04:00,1.086575,1.08668,1.08564,1.08589,-1.0
2024-10-16 20:00:00-04:00,1.08589,1.08651,1.085125,1.0853,-1.0
2024-10-17 00:00:00-04:00,1.0853,1.085835,1.084905,1.08548,-1.0
2024-10-17 04:00:00-04:00,1.08548,1.08674,1.084905,1.08633,-1.0
2024-10-17 08:00:00-04:00,1.08633,1.08739,1.08111,1.083655,-1.0
2024-10-17 12:00:00-04:00,1.083655,1.0837,1.082105,1.082805,-1.0
2024-10-17 16:00:00-04:00,1.082805,1.08313,1.08269,1.08313,-1.0
2024-10-17 17:15:00-04:00,1.08307,1.083325,1.082535,1.082915,-1.0
2024-10-17 20:00:00-04:00,1.082915,1.08397,1.08274,1.08387,-1.0
2024-10-18 00:00:00-04:00,1.08387,1.084875,1.0837,1.08411,-1.0
2024-10-18 04:00:00-04:00,1.08411,1.085195,1.08343,1.084825,-1.0
2024-10-18 08:00:00-04:00,1.084825,1.086455,1.08466,1.08536,-1.0
2024-10-18 12:00:00-04:00,1.08536,1.08683,1.085285,1.086385,-1.0
2024-10-18 16:00:00-04:00,1.086385,1.086955,1.086305,1.08667,-1.0
2024-10-20 17:15:00-04:00,1.086525,1.08719,1.08649,1.086825,-1.0
2024-10-20 20:00:00-04:00,1.086825,1.086905,1.08638,1.086635,-1.0
2024-10-21 00:00:00-04:00,1.086635,1.086635,1.084635,1.08482,-1.0
2024-10-21 04:00:00-04:00,1.08482,1.085835,1.084465,1.08558,-1.0
2024-10-21 08:00:00-04:00,1.08558,1.085915,1.082005,1.08201,-1.0
2024-10-21 12:00:00-04:00,1.08201,1.0823,1.081115,1.081535,-1.0
2024-10-21 16:00:00-04:00,1.081535,1.08169,1.081235,1.08152,-1.0
2024-10-21 17:15:00-04:00,1.081765,1.081835,1.081415,1.08154,-1.0
2024-10-21 20:00:00-04:00,1.08154,1.082135,1.081425,1.08192,-1.0
2024-10-22 00:00:00-04:00,1.08192,1.08382,1.081805,1.083675,-1.0
2024-10-22 04:00:00-04:00,1.083675,1.0837,1.08144,1.08177,-1.0
2024-10-22 08:00:00-04:00,1.08177,1.08217,1.080105,1.080465,-1.0
2024-10-22 12:00:00-04:00,1.080465,1.081435,1.0794,1.07948,-1.0
2024-10-22 16:00:00-04:00,1.07948,1.080055,1.07927,1.079995,-1.0
2024-10-22 17:15:00-04:00,1.079725,1.080045,1.079635,1.07964,-1.0
2024-10-22 20:00:00-04:00,1.07964,1.08054,1.07923,1.08023,-1.0
2024-10-23 00:00:00-04:00,1.08023,1.08067,1.078065,1.078175,-1.0
2024-10-23 04:00:00-04:00,1.078175,1.079145,1.07632,1.07633,-1.0
2024-10-23 08:00:00-04:00,1.07633,1.07863,1.076125,1.077885,-1.0
2024-10-23 12:00:00-04:00,1.077885,1.078655,1.076735,1.078585,-1.0
2024-10-23 16:00:00-04:00,1.078585,1.07865,1.078165,1.07818,-1.0
2024-10-23 17:15:00-04:00,1.07835,1.07847,1.077935,1.078045,-1.0
2024-10-23 20:00:00-04:00,1.078045,1.078985,1.077985,1.078695,-1.0
2024-10-24 00:00:00-04:00,1.078695,1.079885,1.077045,1.079575,-1.0
2024-10-24 04:00:00-04:00,1.079575,1.080815,1.079205,1.079515,-1.0
2024-10-24 08:00:00-04:00,1.079515,1.08113,1.07885,1.0805,-1.0
2024-10-24 12:00:00-04:00,1.0805,1.082905,1.08027,1.082905,-1.0
2024-10-24 16:00:00-04:00,1.082905,1.08299,1.082715,1.082765,-1.0
2024-10-24 17:15:00-04:00,1.082775,1.08288,1.082285,1.08239,-1.0
2024-10-24 20:00:00-04:00,1.08239,1.082765,1.08201,1.08218,-1.0
2024-10-25 00:00:00-04:00,1.08218,1.082735,1.081375,1.082435,-1.0
2024-10-25 04:00:00-04:00,1.082435,1.08373,1.082135,1.082145,-1.0
2024-10-25 08:00:00-04:00,1.082145,1.08393,1.08107,1.081215,-1.0
2024-10-25 12:00:00-04:00,1.081215,1.08122,1.079315,1.07957,-1.0
2024-10-25 16:00:00-04:00,1.07957,1.07973,1.07947,1.07951,-1.0
2024-10-27 17:15:00-04:00,1.0793,1.080165,1.078735,1.07961,-1.0
2024-10-27 20:00:00-04:00,1.07961,1.080135,1.07822,1.0783,-1.0
2024-10-28 00:00:00-04:00,1.0783,1.080565,1.078215,1.080425,-1.0
2024-10-28 04:00:00-04:00,1.080425,1.08214,1.080105,1.08195,-1.0
2024-10-28 08:00:00-04:00,1.08195,1.08277,1.081325,1.081895,-1.0
2024-10-28 12:00:00-04:00,1.081895,1.082645,1.081,1.081535,-1.0
2024-10-28 16:00:00-04:00,1.081535,1.081745,1.081145,1.08123,-1.0
2024-10-28 17:15:00-04:00,1.081475,1.081775,1.081075,1.08177,-1.0
2024-10-28 20:00:00-04:00,1.08177,1.081935,1.08062,1.080815,-1.0
2024-10-29 00:00:00-04:00,1.080815,1.08162,1.08056,1.08096,-1.0
2024-10-29 04:00:00-04:00,1.08096,1.08264,1.07967,1.07992,-1.0
2024-10-29 08:00:00-04:00,1.07992,1.081215,1.07689,1.079755,-1.0
2024-10-29 12:00:00-04:00,1.079755,1.081635,1.079235,1.081405,-1.0
2024-10-29 16:00:00-04:00,1.081405,1.08188,1.081305,1.081825,-1.0
2024-10-29 17:15:00-04:00,1.081455,1.0822,1.08137,1.081985,-1.0
2024-10-29 20:00:00-04:00,1.081985,1.082605,1.08137,1.08142,-1.0
2024-10-30 00:00:00-04:00,1.08142,1.08264,1.08132,1.08191,-1.0
2024-10-30 04:00:00-04:00,1.08191,1.085945,1.08191,1.082425,-1.0
2024-10-30 08:00:00-04:00,1.082425,1.086685,1.080805,1.086375,-1.0
2024-10-30 12:00:00-04:00,1.086375,1.087135,1.08537,1.08606,-1.0
2024-10-30 16:00:00-04:00,1.08606,1.08619,1.08553,1.085605,-1.0
2024-10-30 17:15:00-04:00,1.085905,1.08602,1.085435,1.085805,-1.0
2024-10-30 20:00:00-04:00,1.085805,1.085935,1.08442,1.08499,-1.0
2024-10-31 00:00:00-04:00,1.08499,1.08636,1.08451,1.085915,-1.0
2024-10-31 04:00:00-04:00,1.085915,1.087555,1.085125,1.086805,-1.0
2024-10-31 08:00:00-04:00,1.086805,1.088815,1.084615,1.085545,-1.0
2024-10-31 12:00:00-04:00,1.085545,1.08783,1.085365,1.087735,-1.0
2024-10-31 16:00:00-04:00,1.087735,1.088505,1.087715,1.08835,-1.0
2024-10-31 17:15:00-04:00,1.088425,1.088655,1.08814,1.0884,-1.0
2024-10-31 20:00:00-04:00,1.0884,1.088865,1.087515,1.08764,-1.0
2024-11-01 00:00:00-04:00,1.08764,1.08791,1.086805,1.086815,-1.0
2024-11-01 04:00:00-04:00,1.086815,1.086945,1.08524,1.0868,-1.0
2024-11-01 08:00:00-04:00,1.0868,1.09058,1.084735,1.084855,-1.0
2024-11-01 12:00:00-04:00,1.084855,1.08545,1.083415,1.08359,-1.0
2024-11-01 16:00:00-04:00,1.08359,1.083715,1.083185,1.08342,-1.0
2024-11-03 17:15:00-05:00,1.08795,1.08818,1.087235,1.087285,-1.0
2024-11-03 19:00:00-05:00,1.087285,1.090495,1.086995,1.09015,-1.0
2024-11-03 23:00:00-05:00,1.09015,1.090305,1.088715,1.08914,-1.0
2024-11-04 03:00:00-05:00,1.08914,1.091415,1.08893,1.091355,-1.0
2024-11-04 07:00:00-05:00,1.091355,1.09148,1.089335,1.08993,-1.0
2024-11-04 11:00:00-05:00,1.08993,1.090105,1.08777,1.087885,-1.0
2024-11-04 15:00:00-05:00,1.087885,1.088145,1.087385,1.087825,-1.0
2024-11-04 17:15:00-05:00,1.087825,1.087935,1.087345,1.087375,-1.0
2024-11-04 19:00:00-05:00,1.087375,1.087995,1.087255,1.087585,-1.0
2024-11-04 23:00:00-05:00,1.087585,1.089085,1.08744,1.088875,-1.0
2024-11-05 03:00:00-05:00,1.088875,1.09019,1.08843,1.08995,-1.0
2024-11-05 07:00:00-05:00,1.08995,1.091225,1.08896,1.0902,-1.0
2024-11-05 11:00:00-05:00,1.0902,1.09366,1.09011,1.093115,-1.0
2024-11-05 15:00:00-05:00,1.093115,1.093125,1.09242,1.092895,-1.0
2024-11-05 17:15:00-05:00,1.09283,1.093715,1.0912,1.09341,-1.0
2024-11-05 19:00:00-05:00,1.09341,1.09341,1.071905,1.074655,-1.0
2024-11-05 23:00:00-05:00,1.074655,1.079465,1.070265,1.073435,-1.0
2024-11-06 03:00:00-05:00,1.073435,1.078145,1.07012,1.070815,-1.0
2024-11-06 07:00:00-05:00,1.070815,1.073985,1.068255,1.07384,-1.0
2024-11-06 11:00:00-05:00,1.07384,1.075815,1.072565,1.07353,-1.0
2024-11-06 15:00:00-05:00,1.07353,1.07386,1.07285,1.072915,-1.0
2024-11-06 17:15:00-05:00,1.072955,1.073455,1.072605,1.073165,-1.0
2024-11-06 19:00:00-05:00,1.073165,1.074145,1.071295,1.073995,-1.0
2024-11-06 23:00:00-05:00,1.073995,1.077015,1.073435,1.075235,-1.0
2024-11-07 03:00:00-05:00,1.075235,1.077175,1.074605,1.0759,-1.0
2024-11-07 07:00:00-05:00,1.0759,1.08247,1.075675,1.081105,-1.0
2024-11-07 11:00:00-05:00,1.081105,1.0815,1.07671,1.078195,-1.0
2024-11-07 15:00:00-05:00,1.078195,1.08095,1.078005,1.080515,-1.0
2024-11-07 17:15:00-05:00,1.08042,1.080545,1.07942,1.07956,-1.0
2024-11-07 19:00:00-05:00,1.07956,1.07975,1.077705,1.077825,-1.0
2024-11-07 23:00:00-05:00,1.077825,1.07865,1.077275,1.07798,-1.0
2024-11-08 03:00:00-05:00,1.07798,1.079745,1.076105,1.078305,-1.0
2024-11-08 07:00:00-05:00,1.078305,1.07845,1.074025,1.074835,-1.0
2024-11-08 11:00:00-05:00,1.074835,1.07504,1.068695,1.071365,-1.0
2024-11-08 15:00:00-05:00,1.071365,1.072165,1.071045,1.071855,-1.0
2024-11-10 17:15:00-05:00,1.071095,1.07171,1.07084,1.07133,-1.0
2024-11-10 19:00:00-05:00,1.07133,1.07279,1.070865,1.071685,-1.0
2024-11-10 23:00:00-05:00,1.071685,1.07223,1.06857,1.06901,-1.0
2024-11-11 03:00:00-05:00,1.06901,1.069435,1.06557,1.066255,-1.0
2024-11-11 07:00:00-05:00,1.066255,1.066465,1.062865,1.064735,-1.0
2024-11-11 11:00:00-05:00,1.064735,1.065725,1.06448,1.065125,-1.0
2024-11-11 15:00:00-05:00,1.065125,1.065785,1.06512,1.065585,-1.0
2024-11-11 17:15:00-05:00,1.0656,1.06632,1.065385,1.06632,-1.0
2024-11-11 19:00:00-05:00,1.06632,1.06632,1.06381,1.063835,-1.0
2024-11-11 23:00:00-05:00,1.063835,1.064575,1.06214,1.06322,-1.0
2024-11-12 03:00:00-05:00,1.06322,1.06343,1.06112,1.06189,-1.0
2024-11-12 07:00:00-05:00,1.06189,1.062735,1.060185,1.060895,-1.0
2024-11-12 11:00:00-05:00,1.060895,1.06186,1.059505,1.06125,-1.0
2024-11-12 15:00:00-05:00,1.06125,1.06267,1.06094,1.062285,-1.0
2024-11-12 17:15:00-05:00,1.0621,1.062395,1.0614,1.061665,-1.0
2024-11-12 19:00:00-05:00,1.061665,1.06295,1.061105,1.06191,-1.0
2024-11-12 23:00:00-05:00,1.06191,1.062265,1.060255,1.060295,-1.0
2024-11-13 03:00:00-05:00,1.060295,1.06382,1.05934,1.063765,-1.0
2024-11-13 07:00:00-05:00,1.063765,1.065445,1.055575,1.05886,-1.0
2024-11-13 11:00:00-05:00,1.05886,1.059205,1.05564,1.05655,-1.0
2024-11-13 15:00:00-05:00,1.05655,1.05689,1.05589,1.05635,-1.0
2024-11-13 17:15:00-05:00,1.05609,1.056595,1.05581,1.05658,-1.0
2024-11-13 19:00:00-05:00,1.05658,1.056865,1.054555,1.054775,-1.0
2024-11-13 23:00:00-05:00,1.054775,1.055485,1.053405,1.05513,-1.0
2024-11-14 03:00:00-05:00,1.05513,1.055815,1.04962,1.052895,-1.0
2024-11-14 07:00:00-05:00,1.052895,1.05779,1.05136,1.057485,-1.0
2024-11-14 11:00:00-05:00,1.057485,1.05826,1.05434,1.05478,-1.0
2024-11-14 15:00:00-05:00,1.05478,1.054945,1.051215,1.05306,-1.0
2024-11-14 17:15:00-05:00,1.053,1.05337,1.05258,1.052955,-1.0
2024-11-14 19:00:00-05:00,1.052955,1.05461,1.05237,1.05403,-1.0
2024-11-14 23:00:00-05:00,1.05403,1.056395,1.05337,1.05566,-1.0
2024-11-15 03:00:00-05:00,1.05566,1.058005,1.055225,1.05772,-1.0
2024-11-15 07:00:00-05:00,1.05772,1.05931,1.05232,1.05353,-1.0
2024-11-15 11:00:00-05:00,1.05353,1.056,1.053325,1.05373,-1.0
2024-11-15 15:00:00-05:00,1.05373,1.05456,1.051645,1.0542,-1.0
2024-11-17 17:15:00-05:00,1.053275,1.05388,1.05308,1.053645,-1.0
2024-11-17 19:00:00-05:00,1.053645,1.055065,1.05304,1.05342,-1.0
2024-11-17 23:00:00-05:00,1.05342,1.054825,1.053355,1.05473,-1.0
2024-11-18 03:00:00-05:00,1.05473,1.05713,1.053255,1.054245,-1.0
2024-11-18 07:00:00-05:00,1.054245,1.05755,1.05348,1.057365,-1.0
2024-11-18 11:00:00-05:00,1.057365,1.06072,1.056525,1.059085,-1.0
2024-11-18 15:00:00-05:00,1.059085,1.060055,1.058915,1.05985,-1.0
2024-11-18 17:15:00-05:00,1.059875,1.059965,1.05932,1.059465,-1.0
2024-11-18 19:00:00-05:00,1.059465,1.06008,1.05872,1.05968,-1.0
2024-11-18 23:00:00-05:00,1.05968,1.06008,1.05745,1.05775,-1.0
2024-11-19 03:00:00-05:00,1.05775,1.058815,1.05236,1.0562,-1.0
2024-11-19 07:00:00-05:00,1.0562,1.060125,1.05596,1.058665,-1.0
2024-11-19 11:00:00-05:00,1.058665,1.05953,1.0571,1.059375,-1.0
2024-11-19 15:00:00-05:00,1.059375,1.059795,1.059145,1.05948,-1.0
2024-11-19 17:15:00-05:00,1.05945,1.060805,1.059315,1.06072,-1.0
2024-11-19 19:00:00-05:00,1.06072,1.06099,1.058845,1.05898,-1.0
2024-11-19 23:00:00-05:00,1.05898,1.05956,1.057665,1.057845,-1.0
2024-11-20 03:00:00-05:00,1.057845,1.05792,1.054215,1.055445,-1.0
2024-11-20 07:00:00-05:00,1.055445,1.0568,1.05158,1.05216,-1.0
2024-11-20 11:00:00-05:00,1.05216,1.054245,1.05068,1.053945,-1.0
2024-11-20 15:00:00-05:00,1.053945,1.05445,1.053635,1.054375,-1.0
2024-11-20 17:15:00-05:00,1.054275,1.05459,1.05417,1.05457,-1.0
2024-11-20 19:00:00-05:00,1.05457,1.055335,1.05424,1.05532,-1.0
2024-11-20 23:00:00-05:00,1.05532,1.055495,1.05296,1.053645,-1.0
2024-11-21 03:00:00-05:00,1.053645,1.05434,1.051385,1.05202,-1.0
2024-11-21 07:00:00-05:00,1.05202,1.05447,1.050895,1.05104,-1.0
2024-11-21 11:00:00-05:00,1.05104,1.05148,1.046215,1.04845,-1.0
2024-11-21 15:00:00-05:00,1.04845,1.04869,1.04718,1.04744,-1.0
2024-11-21 17:15:00-05:00,1.047325,1.047885,1.046775,1.04691,-1.0
2024-11-21 19:00:00-05:00,1.04691,1.04783,1.046655,1.0475,-1.0
2024-11-21 23:00:00-05:00,1.0475,1.048935,1.04616,1.048615,-1.0
2024-11-22 03:00:00-05:00,1.048615,1.04982,1.033235,1.041675,-1.0
2024-11-22 07:00:00-05:00,1.041675,1.04348,1.03951,1.041065,-1.0
2024-11-22 11:00:00-05:00,1.041065,1.04255,1.039205,1.041095,-1.0
2024-11-22 15:00:00-05:00,1.041095,1.04223,1.04081,1.041835,-1.0
2024-11-24 17:15:00-05:00,1.04765,1.05015,1.046295,1.04794,-1.0
2024-11-24 19:00:00-05:00,1.04794,1.04901,1.047365,1.0478,-1.0
2024-11-24 23:00:00-05:00,1.0478,1.04896,1.04499,1.045055,-1.0
2024-11-25 03:00:00-05:00,1.045055,1.04972,1.044895,1.047955,-1.0
2024-11-25 07:00:00-05:00,1.047955,1.05305,1.047415,1.04885,-1.0
2024-11-25 11:00:00-05:00,1.04885,1.051075,1.046675,1.05057,-1.0
2024-11-25 15:00:00-05:00,1.05057,1.05095,1.0492,1.04952,-1.0
2024-11-25 17:15:00-05:00,1.04958,1.0501,1.04427,1.04438,-1.0
2024-11-25 19:00:00-05:00,1.04438,1.04801,1.042515,1.0478,-1.0
2024-11-25 23:00:00-05:00,1.0478,1.049055,1.0472,1.047205,-1.0
2024-11-26 03:00:00-05:00,1.047205,1.052095,1.04699,1.05134,-1.0
2024-11-26 07:00:00-05:00,1.05134,1.05448,1.04785,1.047975,-1.0
2024-11-26 11:00:00-05:00,1.047975,1.048635,1.045725,1.04728,-1.0
2024-11-26 15:00:00-05:00,1.04728,1.049035,1.04718,1.049,-1.0
2024-11-26 17:15:00-05:00,1.048735,1.0492,1.04846,1.04917,-1.0
2024-11-26 19:00:00-05:00,1.04917,1.049655,1.04779,1.04829,-1.0
2024-11-26 23:00:00-05:00,1.04829,1.050535,1.04745,1.049845,-1.0
2024-11-27 03:00:00-05:00,1.049845,1.054045,1.049625,1.052615,-1.0
2024-11-27 07:00:00-05:00,1.052615,1.057985,1.05201,1.05707,-1.0
2024-11-27 11:00:00-05:00,1.05707,1.05877,1.055495,1.056295,-1.0
2024-11-27 15:00:00-05:00,1.056295,1.05684,1.055935,1.05659,-1.0
2024-11-27 17:15:00-05:00,1.056605,1.056975,1.0561,1.05621,-1.0
2024-11-27 19:00:00-05:00,1.05621,1.056285,1.05474,1.055235,-1.0
2024-11-27 23:00:00-05:00,1.055235,1.05581,1.05321,1.054155,-1.0
2024-11-28 03:00:00-05:00,1.054155,1.05565,1.05276,1.055005,-1.0
2024-11-28 07:00:00-05:00,1.055005,1.055705,1.05303,1.05526,-1.0
2024-11-28 11:00:00-05:00,1.05526,1.0557,1.05475,1.055685,-1.0
2024-11-28 15:00:00-05:00,1.055685,1.055715,1.05537,1.055465,-1.0
2024-11-28 17:15:00-05:00,1.05512,1.056225,1.05509,1.05602,-1.0
2024-11-28 19:00:00-05:00,1.05602,1.0576,1.05566,1.057375,-1.0
2024-11-28 23:00:00-05:00,1.057375,1.05973,1.05653,1.057955,-1.0
2024-11-29 03:00:00-05:00,1.057955,1.058215,1.055195,1.056265,-1.0
2024-11-29 07:00:00-05:00,1.056265,1.056855,1.054555,1.05613,-1.0
2024-11-29 11:00:00-05:00,1.05613,1.058025,1.05414,1.057975,-1.0
2024-11-29 15:00:00-05:00,1.057975,1.05846,1.057545,1.057715,-1.0
2024-12-01 17:15:00-05:00,1.056875,1.05707,1.05336,1.0544,-1.0
2024-12-01 19:00:00-05:00,1.0544,1.05464,1.052005,1.05236,-1.0
2024-12-01 23:00:00-05:00,1.05236,1.053725,1.050195,1.05028,-1.0
2024-12-02 03:00:00-05:00,1.05028,1.05289,1.04961,1.05231,-1.0
2024-12-02 07:00:00-05:00,1.05231,1.05384,1.046205,1.046905,-1.0
2024-12-02 11:00:00-05:00,1.046905,1.0499,1.04606,1.049035,-1.0
2024-12-02 15:00:00-05:00,1.049035,1.0516,1.048875,1.049805,-1.0
2024-12-02 17:15:00-05:00,1.05003,1.05017,1.04944,1.050085,-1.0
2024-12-02 19:00:00-05:00,1.050085,1.05016,1.048245,1.04904,-1.0
2024-12-02 23:00:00-05:00,1.04904,1.051175,1.048065,1.049815,-1.0
2024-12-03 03:00:00-05:00,1.049815,1.053075,1.049725,1.05227,-1.0
2024-12-03 07:00:00-05:00,1.05227,1.052905,1.049215,1.05166,-1.0
2024-12-03 11:00:00-05:00,1.05166,1.053515,1.050325,1.050465,-1.0
2024-12-03 15:00:00-05:00,1.050465,1.051265,1.050295,1.050855,-1.0
2024-12-03 17:15:00-05:00,1.050575,1.05111,1.05037,1.050995,-1.0
2024-12-03 19:00:00-05:00,1.050995,1.051265,1.0488,1.049375,-1.0
2024-12-03 23:00:00-05:00,1.049375,1.05291,1.04909,1.0509,-1.0
2024-12-04 03:00:00-05:00,1.0509,1.051505,1.048245,1.050495,-1.0
2024-12-04 07:00:00-05:00,1.050495,1.054415,1.047235,1.05295,-1.0
2024-12-04 11:00:00-05:00,1.05295,1.054265,1.05073,1.05139,-1.0
2024-12-04 15:00:00-05:00,1.05139,1.05175,1.05049,1.051145,-1.0
2024-12-04 17:15:00-05:00,1.051125,1.05156,1.050795,1.05124,-1.0
2024-12-04 19:00:00-05:00,1.05124,1.052325,1.05082,1.052295,-1.0
2024-12-04 23:00:00-05:00,1.052295,1.053875,1.05172,1.05354,-1.0
2024-12-05 03:00:00-05:00,1.05354,1.054645,1.052125,1.053655,-1.0
2024-12-05 07:00:00-05:00,1.053655,1.05896,1.05239,1.05723,-1.0
2024-12-05 11:00:00-05:00,1.05723,1.05886,1.055695,1.05874,-1.0
2024-12-05 15:00:00-05:00,1.05874,1.05884,1.058105,1.058595,-1.0
2024-12-05 17:15:00-05:00,1.0586,1.05886,1.058395,1.058645,-1.0
2024-12-05 19:00:00-05:00,1.058645,1.058645,1.056605,1.0576,-1.0
2024-12-05 23:00:00-05:00,1.0576,1.05846,1.05675,1.05838,-1.0
2024-12-06 03:00:00-05:00,1.05838,1.059425,1.057145,1.058705,-1.0
2024-12-06 07:00:00-05:00,1.058705,1.06299,1.05441,1.05634,-1.0
2024-12-06 11:00:00-05:00,1.05634,1.05755,1.054225,1.05544,-1.0
2024-12-06 15:00:00-05:00,1.05544,1.056965,1.055395,1.056815,-1.0
2024-12-08 17:15:00-05:00,1.055995,1.05694,1.05587,1.05657,-1.0
2024-12-08 19:00:00-05:00,1.05657,1.056595,1.05367,1.05374,-1.0
2024-12-08 23:00:00-05:00,1.05374,1.05666,1.05321,1.056435,-1.0
2024-12-09 03:00:00-05:00,1.056435,1.05854,1.05567,1.056895,-1.0
2024-12-09 07:00:00-05:00,1.056895,1.059295,1.055785,1.05912,-1.0
2024-12-09 11:00:00-05:00,1.05912,1.05945,1.05517,1.05553,-1.0
2024-12-09 15:00:00-05:00,1.05553,1.05577,1.054715,1.05534,-1.0
2024-12-09 17:15:00-05:00,1.05536,1.05573,1.055275,1.05543,-1.0
2024-12-09 19:00:00-05:00,1.05543,1.056145,1.054535,1.055655,-1.0
2024-12-09 23:00:00-05:00,1.055655,1.056825,1.054705,1.054895,-1.0
2024-12-10 03:00:00-05:00,1.054895,1.05517,1.052315,1.053145,-1.0
2024-12-10 07:00:00-05:00,1.053145,1.05338,1.049845,1.050395,-1.0
2024-12-10 11:00:00-05:00,1.050395,1.05313,1.049975,1.05269,-1.0
2024-12-10 15:00:00-05:00,1.05269,1.053065,1.05238,1.052735,-1.0
2024-12-10 17:15:00-05:00,1.05275,1.05319,1.052695,1.053125,-1.0
2024-12-10 19:00:00-05:00,1.053125,1.05394,1.052775,1.05283,-1.0
2024-12-10 23:00:00-05:00,1.05283,1.05306,1.048815,1.049005,-1.0
2024-12-11 03:00:00-05:00,1.049005,1.051265,1.04871,1.05034,-1.0
2024-12-11 07:00:00-05:00,1.05034,1.053755,1.048025,1.04907,-1.0
2024-12-11 11:00:00-05:00,1.04907,1.0512,1.048155,1.049125,-1.0
2024-12-11 15:00:00-05:00,1.049125,1.04973,1.048845,1.04953,-1.0
2024-12-11 17:15:00-05:00,1.04955,1.050655,1.04952,1.050545,-1.0
2024-12-11 19:00:00-05:00,1.050545,1.050875,1.05009,1.050545,-1.0
2024-12-11 23:00:00-05:00,1.050545,1.053095,1.050345,1.051645,-1.0
2024-12-12 03:00:00-05:00,1.051645,1.05209,1.049445,1.050255,-1.0
2024-12-12 07:00:00-05:00,1.050255,1.05211,1.04638,1.047285,-1.0
2024-12-12 11:00:00-05:00,1.047285,1.051745,1.04718,1.04727,-1.0
2024-12-12 15:00:00-05:00,1.04727,1.047475,1.04642,1.046845,-1.0
2024-12-12 17:15:00-05:00,1.047005,1.047405,1.046485,1.04737,-1.0
2024-12-12 19:00:00-05:00,1.04737,1.04809,1.04596,1.046035,-1.0
2024-12-12 23:00:00-05:00,1.046035,1.046625,1.045325,1.045945,-1.0
2024-12-13 03:00:00-05:00,1.045945,1.049605,1.045635,1.04889,-1.0
2024-12-13 07:00:00-05:00,1.04889,1.052425,1.048225,1.04891,-1.0
2024-12-13 11:00:00-05:00,1.04891,1.050615,1.048685,1.049515,-1.0
2024-12-13 15:00:00-05:00,1.049515,1.05047,1.04927,1.050105,-1.0
2024-12-15 17:15:00-05:00,1.048975,1.051095,1.04856,1.050965,-1.0
2024-12-15 19:00:00-05:00,1.050965,1.05229,1.050935,1.051185,-1.0
2024-12-15 23:00:00-05:00,1.051185,1.05215,1.050445,1.05049,-1.0
2024-12-16 03:00:00-05:00,1.05049,1.05249,1.04833,1.04907,-1.0
2024-12-16 07:00:00-05:00,1.04907,1.051295,1.04747,1.05066,-1.0
2024-12-16 11:00:00-05:00,1.05066,1.05227,1.049535,1.051005,-1.0
2024-12-16 15:00:00-05:00,1.051005,1.05156,1.050685,1.05108,-1.0
2024-12-16 17:15:00-05:00,1.051125,1.051865,1.05088,1.051695,-1.0
2024-12-16 19:00:00-05:00,1.051695,1.053445,1.051145,1.051235,-1.0
2024-12-16 23:00:00-05:00,1.051235,1.051255,1.04956,1.04976,-1.0
2024-12-17 03:00:00-05:00,1.04976,1.050035,1.04792,1.049145,-1.0
2024-12-17 07:00:00-05:00,1.049145,1.051165,1.04883,1.049895,-1.0
2024-12-17 11:00:00-05:00,1.049895,1.05159,1.04881,1.04885,-1.0
2024-12-17 15:00:00-05:00,1.04885,1.049295,1.04852,1.049115,-1.0
2024-12-17 17:15:00-05:00,1.049275,1.04954,1.04918,1.049455,-1.0
2024-12-17 19:00:00-05:00,1.049455,1.05037,1.049285,1.049915,-1.0
2024-12-17 23:00:00-05:00,1.049915,1.05128,1.049355,1.04969,-1.0
2024-12-18 03:00:00-05:00,1.04969,1.050355,1.048755,1.049665,-1.0
2024-12-18 07:00:00-05:00,1.049665,1.050335,1.047005,1.047395,-1.0
2024-12-18 11:00:00-05:00,1.047395,1.049255,1.037335,1.03774,-1.0
2024-12-18 15:00:00-05:00,1.03774,1.038045,1.034405,1.03531,-1.0
2024-12-18 17:15:00-05:00,1.03525,1.036085,1.034755,1.035065,-1.0
2024-12-18 19:00:00-05:00,1.035065,1.039095,1.03506,1.03784,-1.0
2024-12-18 23:00:00-05:00,1.03784,1.040955,1.037495,1.03951,-1.0
2024-12-19 03:00:00-05:00,1.03951,1.042245,1.039055,1.040355,-1.0
2024-12-19 07:00:00-05:00,1.040355,1.04141,1.037685,1.038,-1.0
2024-12-19 11:00:00-05:00,1.038,1.03845,1.035465,1.03615,-1.0
2024-12-19 15:00:00-05:00,1.03615,1.036925,1.035865,1.036215,-1.0
2024-12-19 17:15:00-05:00,1.036425,1.036605,1.036115,1.036445,-1.0
2024-12-19 19:00:00-05:00,1.036445,1.036925,1.03589,1.036195,-1.0
2024-12-19 23:00:00-05:00,1.036195,1.038535,1.034315,1.03829,-1.0
2024-12-20 03:00:00-05:00,1.03829,1.039845,1.037595,1.039165,-1.0
2024-12-20 07:00:00-05:00,1.039165,1.041915,1.03861,1.03968,-1.0
2024-12-20 11:00:00-05:00,1.03968,1.044765,1.03961,1.04449,-1.0
2024-12-20 15:00:00-05:00,1.04449,1.04472,1.04221,1.04256,-1.0
2024-12-22 17:15:00-05:00,1.043025,1.044635,1.04297,1.043375,-1.0
2024-12-22 19:00:00-05:00,1.043375,1.04431,1.04269,1.043935,-1.0
2024-12-22 23:00:00-05:00,1.043935,1.044535,1.041125,1.04128,-1.0
2024-12-23 03:00:00-05:00,1.04128,1.04196,1.03866,1.040015,-1.0
2024-12-23 07:00:00-05:00,1.040015,1.04086,1.038435,1.039085,-1.0
2024-12-23 11:00:00-05:00,1.039085,1.041795,1.038935,1.04115,-1.0
2024-12-23 15:00:00-05:00,1.04115,1.041445,1.040335,1.04054,-1.0
2024-12-23 17:15:00-05:00,1.040525,1.04084,1.040355,1.04043,-1.0
2024-12-23 19:00:00-05:00,1.04043,1.040885,1.038875,1.0391,-1.0
2024-12-23 23:00:00-05:00,1.0391,1.03986,1.039025,1.03906,-1.0
2024-12-24 03:00:00-05:00,1.03906,1.04056,1.038925,1.039475,-1.0
2024-12-24 07:00:00-05:00,1.039475,1.041005,1.038915,1.039185,-1.0
2024-12-24 11:00:00-05:00,1.039185,1.03994,1.038365,1.03944,-1.0
2024-12-24 15:00:00-05:00,1.03944,1.04035,1.03916,1.04021,-1.0
2024-12-25 19:00:00-05:00,1.03991,1.040425,1.039315,1.040095,-1.0
2024-12-25 23:00:00-05:00,1.040095,1.04029,1.03905,1.039765,-1.0
2024-12-26 03:00:00-05:00,1.039765,1.04031,1.039135,1.040135,-1.0
2024-12-26 07:00:00-05:00,1.040135,1.041515,1.03928,1.04089,-1.0
2024-12-26 11:00:00-05:00,1.04089,1.04301,1.04065,1.04177,-1.0
2024-12-26 15:00:00-05:00,1.04177,1.04234,1.041565,1.042145,-1.0
2024-12-26 17:15:00-05:00,1.04193,1.042525,1.04187,1.042185,-1.0
2024-12-26 19:00:00-05:00,1.042185,1.04239,1.04067,1.041265,-1.0
2024-12-26 23:00:00-05:00,1.041265,1.042495,1.04051,1.04219,-1.0
2024-12-27 03:00:00-05:00,1.04219,1.044075,1.040915,1.04388,-1.0
2024-12-27 07:00:00-05:00,1.04388,1.04441,1.04158,1.042185,-1.0
2024-12-27 11:00:00-05:00,1.042185,1.043255,1.041445,1.04285,-1.0
2024-12-27 15:00:00-05:00,1.04285,1.04285,1.042185,1.04256,-1.0
2024-12-29 17:15:00-05:00,1.043225,1.04352,1.042735,1.04295,-1.0
2024-12-29 19:00:00-05:00,1.04295,1.04313,1.042105,1.04246,-1.0
2024-12-29 23:00:00-05:00,1.04246,1.04315,1.042105,1.04269,-1.0
2024-12-30 03:00:00-05:00,1.04269,1.04523,1.04094,1.044805,-1.0
2024-12-30 07:00:00-05:00,1.044805,1.045845,1.037175,1.038045,-1.0
2024-12-30 11:00:00-05:00,1.038045,1.040725,1.03748,1.039665,-1.0
2024-12-30 15:00:00-05:00,1.039665,1.040735,1.039535,1.04073,-1.0
2024-12-30 17:15:00-05:00,1.040375,1.04061,1.03992,1.04058,-1.0
2024-12-30 19:00:00-05:00,1.04058,1.04149,1.039715,1.040865,-1.0
2024-12-30 23:00:00-05:00,1.040865,1.041305,1.039975,1.041185,-1.0
2024-12-31 03:00:00-05:00,1.041185,1.04245,1.04052,1.04104,-1.0
2024-12-31 07:00:00-05:00,1.04104,1.041445,1.03525,1.03548,-1.0
2024-12-31 11:00:00-05:00,1.03548,1.03648,1.034395,1.03549,-1.0
2024-12-31 15:00:00-05:00,1.03549,1.036325,1.035445,1.03584,-1.0
2025-01-01 19:00:00-05:00,1.035085,1.03742,1.034415,1.037175,-1.0
2025-01-01 23:00:00-05:00,1.037175,1.037595,1.036005,1.036285,-1.0
2025-01-02 03:00:00-05:00,1.036285,1.03711,1.031375,1.033225,-1.0
2025-01-02 07:00:00-05:00,1.033225,1.033455,1.027255,1.027425,-1.0
2025-01-02 11:00:00-05:00,1.027425,1.02763,1.022395,1.025115,-1.0
2025-01-02 15:00:00-05:00,1.025115,1.026895,1.02507,1.02667,-1.0
2025-01-02 17:15:00-05:00,1.026375,1.026825,1.02634,1.02679,-1.0
2025-01-02 19:00:00-05:00,1.02679,1.027465,1.0266,1.02708,-1.0
2025-01-02 23:00:00-05:00,1.02708,1.028485,1.026465,1.02809,-1.0
2025-01-03 03:00:00-05:00,1.02809,1.030295,1.027285,1.02974,-1.0
2025-01-03 07:00:00-05:00,1.02974,1.03059,1.0273,1.028925,-1.0
2025-01-03 11:00:00-05:00,1.028925,1.030605,1.02836,1.03013,-1.0
2025-01-03 15:00:00-05:00,1.03013,1.031,1.029885,1.03089,-1.0
2025-01-05 17:15:00-05:00,1.030475,1.0308,1.02964,1.030515,-1.0
2025-01-05 19:00:00-05:00,1.030515,1.03183,1.029555,1.031645,-1.0
2025-01-05 23:00:00-05:00,1.031645,1.03284,1.030775,1.03273,-1.0
2025-01-06 03:00:00-05:00,1.03273,1.04327,1.032665,1.042185,-1.0
2025-01-06 07:00:00-05:00,1.042185,1.04369,1.03526,1.039365,-1.0
2025-01-06 11:00:00-05:00,1.039365,1.04028,1.037715,1.03884,-1.0
2025-01-06 15:00:00-05:00,1.03884,1.039235,1.038585,1.03901,-1.0
2025-01-06 17:15:00-05:00,1.0391,1.03933,1.038165,1.038325,-1.0
2025-01-06 19:00:00-05:00,1.038325,1.0393,1.037625,1.039285,-1.0
2025-01-06 23:00:00-05:00,1.039285,1.04245,1.039055,1.04148,-1.0
2025-01-07 03:00:00-05:00,1.04148,1.043445,1.040325,1.04135,-1.0
2025-01-07 07:00:00-05:00,1.04135,1.041705,1.03552,1.037285,-1.0
2025-01-07 11:00:00-05:00,1.037285,1.03814,1.034945,1.03553,-1.0
2025-01-07 15:00:00-05:00,1.03553,1.035615,1.03396,1.03403,-1.0
2025-01-07 17:15:00-05:00,1.03435,1.034505,1.033915,1.034165,-1.0
2025-01-07 19:00:00-05:00,1.034165,1.035485,1.034165,1.03478,-1.0
2025-01-07 23:00:00-05:00,1.03478,1.035765,1.03285,1.033235,-1.0
2025-01-08 03:00:00-05:00,1.033235,1.03398,1.027325,1.029775,-1.0
2025-01-08 07:00:00-05:00,1.029775,1.031005,1.028075,1.03017,-1.0
2025-01-08 11:00:00-05:00,1.03017,1.032435,1.029465,1.030905,-1.0
2025-01-08 15:00:00-05:00,1.030905,1.03198,1.030795,1.031865,-1.0
2025-01-08 17:15:00-05:00,1.031725,1.031895,1.031335,1.031335,-1.0
2025-01-08 19:00:00-05:00,1.031335,1.032165,1.03049,1.03111,-1.0
2025-01-08 23:00:00-05:00,1.03111,1.03126,1.028775,1.0291,-1.0
2025-01-09 03:00:00-05:00,1.0291,1.031775,1.028365,1.03011,-1.0
2025-01-09 07:00:00-05:00,1.03011,1.03191,1.029485,1.02993,-1.0
2025-01-09 11:00:00-05:00,1.02993,1.030245,1.02911,1.029805,-1.0
2025-01-09 15:00:00-05:00,1.029805,1.030365,1.029805,1.02994,-1.0
2025-01-09 17:15:00-05:00,1.03018,1.030215,1.029565,1.029655,-1.0
2025-01-09 19:00:00-05:00,1.029655,1.03045,1.029225,1.02985,-1.0
2025-01-09 23:00:00-05:00,1.02985,1.029985,1.02812,1.029715,-1.0
2025-01-10 03:00:00-05:00,1.029715,1.031205,1.029275,1.03018,-1.0
2025-01-10 07:00:00-05:00,1.03018,1.031185,1.02131,1.025035,-1.0
2025-01-10 11:00:00-05:00,1.025035,1.02513,1.02276,1.02455,-1.0
2025-01-10 15:00:00-05:00,1.02455,1.0249,1.02371,1.02416,-1.0
2025-01-12 17:15:00-05:00,1.02426,1.02469,1.02389,1.024305,-1.0
2025-01-12 19:00:00-05:00,1.024305,1.025005,1.021285,1.021545,-1.0
2025-01-12 23:00:00-05:00,1.021545,1.0225,1.020715,1.021545,-1.0
2025-01-13 03:00:00-05:00,1.021545,1.02314,1.017755,1.01959,-1.0
2025-01-13 07:00:00-05:00,1.01959,1.022085,1.01879,1.019695,-1.0
2025-01-13 11:00:00-05:00,1.019695,1.02215,1.01918,1.02073,-1.0
2025-01-13 15:00:00-05:00,1.02073,1.02474,1.020695,1.024485,-1.0
2025-01-13 17:15:00-05:00,1.025325,1.02776,1.02511,1.026385,-1.0
2025-01-13 19:00:00-05:00,1.026385,1.02639,1.02385,1.02486,-1.0
2025-01-13 23:00:00-05:00,1.02486,1.026625,1.024235,1.02544,-1.0
2025-01-14 03:00:00-05:00,1.02544,1.027485,1.025195,1.02541,-1.0
2025-01-14 07:00:00-05:00,1.02541,1.029585,1.023955,1.029505,-1.0
2025-01-14 11:00:00-05:00,1.029505,1.03055,1.02791,1.029815,-1.0
2025-01-14 15:00:00-05:00,1.029815,1.030875,1.029665,1.030805,-1.0
2025-01-14 17:15:00-05:00,1.0305,1.030855,1.03025,1.030625,-1.0
2025-01-14 19:00:00-05:00,1.030625,1.030625,1.02954,1.03019,-1.0
2025-01-14 23:00:00-05:00,1.03019,1.03082,1.028675,1.03059,-1.0
2025-01-15 03:00:00-05:00,1.03059,1.031735,1.029425,1.030125,-1.0
2025-01-15 07:00:00-05:00,1.030125,1.035465,1.029355,1.03062,-1.0
2025-01-15 11:00:00-05:00,1.03062,1.03079,1.025825,1.029325,-1.0
2025-01-15 15:00:00-05:00,1.029325,1.02989,1.028825,1.028875,-1.0
2025-01-15 17:15:00-05:00,1.0291,1.02956,1.029035,1.02952,-1.0
2025-01-15 19:00:00-05:00,1.02952,1.029985,1.02847,1.028895,-1.0
2025-01-15 23:00:00-05:00,1.028895,1.030165,1.0281,1.02975,-1.0
2025-01-16 03:00:00-05:00,1.02975,1.029995,1.02816,1.02902,-1.0
2025-01-16 07:00:00-05:00,1.02902,1.030575,1.02606,1.0301,-1.0
2025-01-16 11:00:00-05:00,1.0301,1.03151,1.028605,1.03018,-1.0
2025-01-16 15:00:00-05:00,1.03018,1.030455,1.02968,1.03026,-1.0
2025-01-16 17:15:00-05:00,1.03025,1.03044,1.030045,1.030155,-1.0
2025-01-16 19:00:00-05:00,1.030155,1.03095,1.029825,1.030065,-1.0
2025-01-16 23:00:00-05:00,1.030065,1.0301,1.02776,1.028455,-1.0
2025-01-17 03:00:00-05:00,1.028455,1.03101,1.028455,1.030465,-1.0
2025-01-17 07:00:00-05:00,1.030465,1.03308,1.02653,1.02989,-1.0
2025-01-17 11:00:00-05:00,1.02989,1.030035,1.027275,1.027635,-1.0
2025-01-17 15:00:00-05:00,1.027635,1.02816,1.02691,1.027175,-1.0
2025-01-19 17:15:00-05:00,1.02792,1.028735,1.02665,1.02805,-1.0
2025-01-19 19:00:00-05:00,1.02805,1.03065,1.02782,1.030625,-1.0
2025-01-19 23:00:00-05:00,1.030625,1.0319,1.029955,1.03168,-1.0
2025-01-20 03:00:00-05:00,1.03168,1.03264,1.030505,1.032595,-1.0
2025-01-20 07:00:00-05:00,1.032595,1.04302,1.030765,1.040065,-1.0
2025-01-20 11:00:00-05:00,1.040065,1.042315,1.035355,1.04208,-1.0
2025-01-20 15:00:00-05:00,1.04208,1.04346,1.040995,1.041595,-1.0
2025-01-20 17:15:00-05:00,1.04185,1.04257,1.041105,1.042095,-1.0
2025-01-20 19:00:00-05:00,1.042095,1.043445,1.035265,1.03876,-1.0
2025-01-20 23:00:00-05:00,1.03876,1.039905,1.03652,1.037355,-1.0
2025-01-21 03:00:00-05:00,1.037355,1.03736,1.034185,1.035335,-1.0
2025-01-21 07:00:00-05:00,1.035335,1.041045,1.034575,1.04007,-1.0
2025-01-21 11:00:00-05:00,1.04007,1.04354,1.039825,1.041805,-1.0
2025-01-21 15:00:00-05:00,1.041805,1.042995,1.041585,1.042705,-1.0
2025-01-21 17:15:00-05:00,1.042525,1.04345,1.03922,1.040575,-1.0
2025-01-21 19:00:00-05:00,1.040575,1.04246,1.04057,1.041205,-1.0
2025-01-21 23:00:00-05:00,1.041205,1.042135,1.03999,1.041175,-1.0
2025-01-22 03:00:00-05:00,1.041175,1.04574,1.04096,1.04429,-1.0
2025-01-22 07:00:00-05:00,1.04429,1.044585,1.041425,1.042,-1.0
2025-01-22 11:00:00-05:00,1.042,1.042285,1.04119,1.042015,-1.0
2025-01-22 15:00:00-05:00,1.042015,1.042305,1.040805,1.040875,-1.0
2025-01-22 17:15:00-05:00,1.04083,1.04118,1.040555,1.04079,-1.0
2025-01-22 19:00:00-05:00,1.04079,1.0416,1.0397,1.040885,-1.0
2025-01-22 23:00:00-05:00,1.040885,1.04129,1.039015,1.04002,-1.0
2025-01-23 03:00:00-05:00,1.04002,1.04204,1.03903,1.040335,-1.0
2025-01-23 07:00:00-05:00,1.040335,1.041805,1.0387,1.039745,-1.0
2025-01-23 11:00:00-05:00,1.039745,1.04381,1.037205,1.042295,-1.0
2025-01-23 15:00:00-05:00,1.042295,1.042915,1.041295,1.041575,-1.0
2025-01-23 17:15:00-05:00,1.041825,1.04191,1.04134,1.041575,-1.0
2025-01-23 19:00:00-05:00,1.041575,1.04539,1.041175,1.04462,-1.0
2025-01-23 23:00:00-05:00,1.04462,1.04707,1.044335,1.04611,-1.0
2025-01-24 03:00:00-05:00,1.04611,1.051515,1.04579,1.048615,-1.0
2025-01-24 07:00:00-05:00,1.048615,1.052085,1.04637,1.051625,-1.0
2025-01-24 11:00:00-05:00,1.051625,1.05216,1.049205,1.04954,-1.0
2025-01-24 15:00:00-05:00,1.04954,1.049945,1.048825,1.04994,-1.0
2025-01-26 17:15:00-05:00,1.048115,1.04856,1.046525,1.04676,-1.0
2025-01-26 19:00:00-05:00,1.04676,1.047885,1.04591,1.046865,-1.0
2025-01-26 23:00:00-05:00,1.046865,1.04712,1.0454,1.045715,-1.0
2025-01-27 03:00:00-05:00,1.045715,1.051825,1.04544,1.05131,-1.0
2025-01-27 07:00:00-05:00,1.05131,1.05333,1.04939,1.049915,-1.0
2025-01-27 11:00:00-05:00,1.049915,1.05077,1.04793,1.04927,-1.0
2025-01-27 15:00:00-05:00,1.04927,1.049455,1.04859,1.04921,-1.0
2025-01-27 17:15:00-05:00,1.049325,1.049375,1.042805,1.043725,-1.0
2025-01-27 19:00:00-05:00,1.043725,1.045665,1.042455,1.042935,-1.0
2025-01-27 23:00:00-05:00,1.042935,1.044435,1.042565,1.043435,-1.0
2025-01-28 03:00:00-05:00,1.043435,1.044435,1.041925,1.042345,-1.0
2025-01-28 07:00:00-05:00,1.042345,1.04411,1.04139,1.04242,-1.0
2025-01-28 11:00:00-05:00,1.04242,1.043825,1.042255,1.043505,-1.0
2025-01-28 15:00:00-05:00,1.043505,1.043555,1.04296,1.04305,-1.0
2025-01-28 17:15:00-05:00,1.042825,1.043015,1.042675,1.042735,-1.0
2025-01-28 19:00:00-05:00,1.042735,1.04392,1.04259,1.043755,-1.0
2025-01-28 23:00:00-05:00,1.043755,1.044375,1.04132,1.04161,-1.0
2025-01-29 03:00:00-05:00,1.04161,1.043055,1.039485,1.04015,-1.0
2025-01-29 07:00:00-05:00,1.04015,1.04271,1.03823,1.041945,-1.0
2025-01-29 11:00:00-05:00,1.041945,1.042895,1.03883,1.041585,-1.0
2025-01-29 15:00:00-05:00,1.041585,1.04257,1.0405,1.042125,-1.0
2025-01-29 17:15:00-05:00,1.04182,1.042735,1.04173,1.042465,-1.0
2025-01-29 19:00:00-05:00,1.042465,1.042895,1.0419,1.04253,-1.0
2025-01-29 23:00:00-05:00,1.04253,1.042785,1.04095,1.04239,-1.0
2025-01-30 03:00:00-05:00,1.04239,1.042905,1.039135,1.03919,-1.0
2025-01-30 07:00:00-05:00,1.03919,1.046785,1.039035,1.043135,-1.0
2025-01-30 11:00:00-05:00,1.043135,1.043475,1.04094,1.042795,-1.0
2025-01-30 15:00:00-05:00,1.042795,1.04324,1.038615,1.039095,-1.0
2025-01-30 17:15:00-05:00,1.039145,1.039825,1.03852,1.039685,-1.0
2025-01-30 19:00:00-05:00,1.039685,1.04025,1.03772,1.038505,-1.0
2025-01-30 23:00:00-05:00,1.038505,1.041285,1.038285,1.040415,-1.0
2025-01-31 03:00:00-05:00,1.040415,1.040685,1.03655,1.037595,-1.0
2025-01-31 07:00:00-05:00,1.037595,1.040075,1.036035,1.039645,-1.0
2025-01-31 11:00:00-05:00,1.039645,1.043405,1.036155,1.03765,-1.0
2025-01-31 15:00:00-05:00,1.03765,1.038735,1.035005,1.03655,-1.0
2025-02-02 17:15:00-05:00,1.02543,1.027015,1.0235,1.024705,-1.0
2025-02-02 19:00:00-05:00,1.024705,1.02674,1.021105,1.02216,-1.0
2025-02-02 23:00:00-05:00,1.02216,1.02516,1.022065,1.022505,-1.0
2025-02-03 03:00:00-05:00,1.022505,1.02559,1.0213,1.02524,-1.0
2025-02-03 07:00:00-05:00,1.02524,1.033575,1.024285,1.031635,-1.0
2025-02-03 11:00:00-05:00,1.031635,1.03216,1.027025,1.02846,-1.0
2025-02-03 15:00:00-05:00,1.02846,1.035005,1.028285,1.03445,-1.0
2025-02-03 17:15:00-05:00,1.033325,1.03518,1.03264,1.0328,-1.0
2025-02-03 19:00:00-05:00,1.0328,1.03311,1.030835,1.031475,-1.0
2025-02-03 23:00:00-05:00,1.031475,1.03172,1.027195,1.031145,-1.0
2025-02-04 03:00:00-05:00,1.031145,1.034955,1.0309,1.032225,-1.0
2025-02-04 07:00:00-05:00,1.032225,1.0386,1.032025,1.038015,-1.0
2025-02-04 11:00:00-05:00,1.038015,1.03875,1.03657,1.03819,-1.0
2025-02-04 15:00:00-05:00,1.03819,1.038765,1.037795,1.037845,-1.0
2025-02-04 17:15:00-05:00,1.03773,1.038065,1.0371,1.03716,-1.0
2025-02-04 19:00:00-05:00,1.03716,1.03867,1.03698,1.03796,-1.0
2025-02-04 23:00:00-05:00,1.03796,1.040965,1.037345,1.04027,-1.0
2025-02-05 03:00:00-05:00,1.04027,1.043055,1.03902,1.04148,-1.0
2025-02-05 07:00:00-05:00,1.04148,1.044295,1.04016,1.042225,-1.0
2025-02-05 11:00:00-05:00,1.042225,1.04248,1.04047,1.040715,-1.0
2025-02-05 15:00:00-05:00,1.040715,1.04072,1.03969,1.04024,-1.0
2025-02-05 17:15:00-05:00,1.0404,1.040595,1.039725,1.03987,-1.0
2025-02-05 19:00:00-05:00,1.03987,1.04055,1.03897,1.039195,-1.0
2025-02-05 23:00:00-05:00,1.039195,1.03937,1.0378,1.038,-1.0
2025-02-06 03:00:00-05:00,1.038,1.03809,1.03559,1.03621,-1.0
2025-02-06 07:00:00-05:00,1.03621,1.037645,1.035255,1.03694,-1.0
2025-02-06 11:00:00-05:00,1.03694,1.039675,1.03659,1.038485,-1.0
2025-02-06 15:00:00-05:00,1.038485,1.0391,1.038235,1.03834,-1.0
2025-02-06 17:15:00-05:00,1.0385,1.038685,1.03823,1.03852,-1.0
2025-02-06 19:00:00-05:00,1.03852,1.039105,1.037445,1.03799,-1.0
2025-02-06 23:00:00-05:00,1.03799,1.039025,1.03727,1.03893,-1.0
2025-02-07 03:00:00-05:00,1.03893,1.04,1.03775,1.038245,-1.0
2025-02-07 07:00:00-05:00,1.038245,1.04135,1.032755,1.035545,-1.0
2025-02-07 11:00:00-05:00,1.035545,1.036075,1.030525,1.033235,-1.0
2025-02-07 15:00:00-05:00,1.033235,1.03384,1.03215,1.032795,-1.0
2025-02-09 17:15:00-05:00,1.02968,1.03137,1.028945,1.03097,-1.0
2025-02-09 19:00:00-05:00,1.03097,1.03185,1.02987,1.03116,-1.0
2025-02-09 23:00:00-05:00,1.03116,1.03255,1.03101,1.031295,-1.0
2025-02-10 03:00:00-05:00,1.031295,1.03366,1.030675,1.03208,-1.0
2025-02-10 07:00:00-05:00,1.03208,1.03265,1.03044,1.03152,-1.0
2025-02-10 11:00:00-05:00,1.03152,1.03181,1.030455,1.03068,-1.0
2025-02-10 15:00:00-05:00,1.03068,1.03085,1.030505,1.0307,-1.0
2025-02-10 17:15:00-05:00,1.03094,1.031,1.02985,1.03007,-1.0
2025-02-10 19:00:00-05:00,1.03007,1.03067,1.029215,1.029825,-1.0
2025-02-10 23:00:00-05:00,1.029825,1.03106,1.02977,1.030335,-1.0
2025-02-11 03:00:00-05:00,1.030335,1.03253,1.029985,1.0322,-1.0
2025-02-11 07:00:00-05:00,1.0322,1.03434,1.03165,1.03401,-1.0
2025-02-11 11:00:00-05:00,1.03401,1.038165,1.03392,1.03582,-1.0
2025-02-11 15:00:00-05:00,1.03582,1.036755,1.03577,1.03612,-1.0
2025-02-11 17:15:00-05:00,1.0362,1.036765,1.03597,1.03632,-1.0
2025-02-11 19:00:00-05:00,1.03632,1.036785,1.03541,1.036215,-1.0
2025-02-11 23:00:00-05:00,1.036215,1.037925,1.035495,1.037605,-1.0
2025-02-12 03:00:00-05:00,1.037605,1.03858,1.036475,1.03753,-1.0
2025-02-12 07:00:00-05:00,1.03753,1.03828,1.031725,1.037465,-1.0
2025-02-12 11:00:00-05:00,1.037465,1.04299,1.03504,1.039105,-1.0
2025-02-12 15:00:00-05:00,1.039105,1.03975,1.038075,1.03827,-1.0
2025-02-12 17:15:00-05:00,1.038585,1.03924,1.038375,1.039235,-1.0
2025-02-12 19:00:00-05:00,1.039235,1.042185,1.038735,1.04192,-1.0
2025-02-12 23:00:00-05:00,1.04192,1.044015,1.04188,1.04257,-1.0
2025-02-13 03:00:00-05:00,1.04257,1.04292,1.03927,1.04031,-1.0
2025-02-13 07:00:00-05:00,1.04031,1.043845,1.037535,1.04334,-1.0
2025-02-13 11:00:00-05:00,1.04334,1.04454,1.03731,1.043725,-1.0
2025-02-13 15:00:00-05:00,1.043725,1.046755,1.043565,1.04643,-1.0
2025-02-13 17:15:00-05:00,1.046475,1.046945,1.045635,1.046175,-1.0
2025-02-13 19:00:00-05:00,1.046175,1.04671,1.04539,1.045895,-1.0
2025-02-13 23:00:00-05:00,1.045895,1.047225,1.04472,1.04648,-1.0
2025-02-14 03:00:00-05:00,1.04648,1.04878,1.046315,1.04675,-1.0
2025-02-14 07:00:00-05:00,1.04675,1.051425,1.04572,1.050845,-1.0
2025-02-14 11:00:00-05:00,1.050845,1.05103,1.04942,1.04986,-1.0
2025-02-14 15:00:00-05:00,1.04986,1.04986,1.04885,1.049015,-1.0
2025-02-16 17:15:00-05:00,1.0487,1.04943,1.04849,1.048865,-1.0
2025-02-16 19:00:00-05:00,1.048865,1.05065,1.048565,1.04947,-1.0
2025-02-16 23:00:00-05:00,1.04947,1.04983,1.048055,1.04827,-1.0
2025-02-17 03:00:00-05:00,1.04827,1.048935,1.047105,1.04819,-1.0
2025-02-17 07:00:00-05:00,1.04819,1.0485,1.046715,1.04797,-1.0
2025-02-17 11:00:00-05:00,1.04797,1.048485,1.04768,1.048155,-1.0
2025-02-17 15:00:00-05:00,1.048155,1.048525,1.04807,1.04843,-1.0
2025-02-17 17:15:00-05:00,1.047975,1.048575,1.04778,1.0485,-1.0
2025-02-17 19:00:00-05:00,1.0485,1.04864,1.046205,1.04631,-1.0
2025-02-17 23:00:00-05:00,1.04631,1.04692,1.045235,1.046355,-1.0
2025-02-18 03:00:00-05:00,1.046355,1.04692,1.04548,1.046295,-1.0
2025-02-18 07:00:00-05:00,1.046295,1.046715,1.04416,1.046635,-1.0
2025-02-18 11:00:00-05:00,1.046635,1.047,1.043525,1.04452,-1.0
2025-02-18 15:00:00-05:00,1.04452,1.044945,1.04413,1.044615,-1.0
2025-02-18 17:15:00-05:00,1.044625,1.04526,1.04452,1.044825,-1.0
2025-02-18 19:00:00-05:00,1.044825,1.045225,1.044115,1.04514,-1.0
2025-02-18 23:00:00-05:00,1.04514,1.046135,1.04484,1.04513,-1.0
2025-02-19 03:00:00-05:00,1.04513,1.045615,1.041895,1.04247,-1.0
2025-02-19 07:00:00-05:00,1.04247,1.044145,1.042165,1.04242,-1.0
2025-02-19 11:00:00-05:00,1.04242,1.04325,1.040085,1.042585,-1.0
2025-02-19 15:00:00-05:00,1.042585,1.042655,1.04209,1.04228,-1.0
2025-02-19 17:15:00-05:00,1.042235,1.04267,1.042005,1.042085,-1.0
2025-02-19 19:00:00-05:00,1.042085,1.043765,1.041875,1.043125,-1.0
2025-02-19 23:00:00-05:00,1.043125,1.04344,1.04236,1.04317,-1.0
2025-02-20 03:00:00-05:00,1.04317,1.04464,1.042875,1.043845,-1.0
2025-02-20 07:00:00-05:00,1.043845,1.047535,1.043325,1.047405,-1.0
2025-02-20 11:00:00-05:00,1.047405,1.050345,1.046435,1.05016,-1.0
2025-02-20 15:00:00-05:00,1.05016,1.050345,1.049545,1.05013,-1.0
2025-02-20 17:15:00-05:00,1.04988,1.05058,1.049655,1.050045,-1.0
2025-02-20 19:00:00-05:00,1.050045,1.05047,1.048455,1.050265,-1.0
2025-02-20 23:00:00-05:00,1.050265,1.050495,1.04879,1.049225,-1.0
2025-02-21 03:00:00-05:00,1.049225,1.049505,1.046325,1.04692,-1.0
2025-02-21 07:00:00-05:00,1.04692,1.04927,1.045265,1.04542,-1.0
2025-02-21 11:00:00-05:00,1.04542,1.0468,1.04494,1.046215,-1.0
2025-02-21 15:00:00-05:00,1.046215,1.04646,1.045745,1.04596,-1.0
2025-02-23 17:15:00-05:00,1.04683,1.048485,1.046195,1.0474,-1.0
2025-02-23 19:00:00-05:00,1.0474,1.05284,1.047185,1.05195,-1.0
2025-02-23 23:00:00-05:00,1.05195,1.05208,1.048675,1.04912,-1.0
2025-02-24 03:00:00-05:00,1.04912,1.04925,1.04639,1.04686,-1.0
2025-02-24 07:00:00-05:00,1.04686,1.04757,1.04529,1.046905,-1.0
2025-02-24 11:00:00-05:00,1.046905,1.048585,1.04657,1.047525,-1.0
2025-02-24 15:00:00-05:00,1.047525,1.047945,1.046195,1.04679,-1.0
2025-02-24 17:15:00-05:00,1.046775,1.04705,1.04604,1.04614,-1.0
2025-02-24 19:00:00-05:00,1.04614,1.047635,1.045975,1.04732,-1.0
2025-02-24 23:00:00-05:00,1.04732,1.04802,1.04635,1.046445,-1.0
2025-02-25 03:00:00-05:00,1.046445,1.048965,1.045625,1.048955,-1.0
2025-02-25 07:00:00-05:00,1.048955,1.051935,1.048845,1.04986,-1.0
2025-02-25 11:00:00-05:00,1.04986,1.05182,1.048395,1.05105,-1.0
2025-02-25 15:00:00-05:00,1.05105,1.05191,1.050925,1.051295,-1.0
2025-02-25 17:15:00-05:00,1.051375,1.052285,1.05128,1.052045,-1.0
2025-02-25 19:00:00-05:00,1.052045,1.0525,1.050135,1.05045,-1.0
2025-02-25 23:00:00-05:00,1.05045,1.05054,1.04872,1.049385,-1.0
2025-02-26 03:00:00-05:00,1.049385,1.05116,1.048675,1.049165,-1.0
2025-02-26 07:00:00-05:00,1.049165,1.050915,1.047505,1.0506,-1.0
2025-02-26 11:00:00-05:00,1.0506,1.05288,1.048205,1.04911,-1.0
2025-02-26 15:00:00-05:00,1.04911,1.04911,1.047855,1.04843,-1.0
2025-02-26 17:15:00-05:00,1.048475,1.04925,1.04847,1.048795,-1.0
2025-02-26 19:00:00-05:00,1.048795,1.0488,1.046485,1.046565,-1.0
2025-02-26 23:00:00-05:00,1.046565,1.04802,1.045915,1.04754,-1.0
2025-02-27 03:00:00-05:00,1.04754,1.048755,1.047045,1.047595,-1.0
2025-02-27 07:00:00-05:00,1.047595,1.048985,1.04095,1.04151,-1.0
2025-02-27 11:00:00-05:00,1.04151,1.04183,1.040025,1.040445,-1.0
2025-02-27 15:00:00-05:00,1.040445,1.040855,1.039695,1.039815,-1.0
2025-02-27 17:15:00-05:00,1.0397,1.040045,1.038895,1.039385,-1.0
2025-02-27 19:00:00-05:00,1.039385,1.04043,1.038025,1.03884,-1.0
2025-02-27 23:00:00-05:00,1.03884,1.04007,1.038275,1.039625,-1.0
2025-02-28 03:00:00-05:00,1.039625,1.0408,1.03925,1.039885,-1.0
2025-02-28 07:00:00-05:00,1.039885,1.042005,1.03934,1.039995,-1.0
2025-02-28 11:00:00-05:00,1.039995,1.04116,1.035995,1.03678,-1.0
2025-02-28 15:00:00-05:00,1.03678,1.03775,1.03623,1.03775,-1.0
2025-03-02 17:15:00-05:00,1.040175,1.04212,1.039975,1.041225,-1.0
2025-03-02 19:00:00-05:00,1.041225,1.04233,1.04025,1.0417,-1.0
2025-03-02 23:00:00-05:00,1.0417,1.04206,1.040195,1.040565,-1.0
2025-03-03 03:00:00-05:00,1.040565,1.045805,1.038855,1.04526,-1.0
2025-03-03 07:00:00-05:00,1.04526,1.05038,1.04526,1.048465,-1.0
2025-03-03 11:00:00-05:00,1.048465,1.05045,1.047245,1.0473,-1.0
2025-03-03 15:00:00-05:00,1.0473,1.04928,1.046655,1.048665,-1.0
2025-03-03 17:15:00-05:00,1.048725,1.049255,1.047665,1.048555,-1.0
2025-03-03 19:00:00-05:00,1.048555,1.04962,1.0475,1.04774,-1.0
2025-03-03 23:00:00-05:00,1.04774,1.05006,1.047115,1.04932,-1.0
2025-03-04 03:00:00-05:00,1.04932,1.054465,1.048635,1.05443,-1.0
2025-03-04 07:00:00-05:00,1.05443,1.05597,1.04964,1.052635,-1.0
2025-03-04 11:00:00-05:00,1.052635,1.06021,1.05154,1.06008,-1.0
2025-03-04 15:00:00-05:00,1.06008,1.062765,1.060065,1.06259,-1.0
2025-03-04 17:15:00-05:00,1.06259,1.063715,1.061715,1.062335,-1.0
2025-03-04 19:00:00-05:00,1.062335,1.06278,1.0602,1.06182,-1.0
2025-03-04 23:00:00-05:00,1.06182,1.067655,1.061555,1.067435,-1.0
2025-03-05 03:00:00-05:00,1.067435,1.072225,1.065875,1.06788,-1.0
2025-03-05 07:00:00-05:00,1.06788,1.077715,1.067875,1.076525,-1.0
2025-03-05 11:00:00-05:00,1.076525,1.079085,1.07612,1.079015,-1.0
2025-03-05 15:00:00-05:00,1.079015,1.079675,1.078565,1.07895,-1.0
2025-03-05 17:15:00-05:00,1.07905,1.079515,1.078745,1.079425,-1.0
2025-03-05 19:00:00-05:00,1.079425,1.082015,1.078735,1.078965,-1.0
2025-03-05 23:00:00-05:00,1.078965,1.082215,1.078425,1.079915,-1.0
2025-03-06 03:00:00-05:00,1.079915,1.081685,1.078035,1.079925,-1.0
2025-03-06 07:00:00-05:00,1.079925,1.085395,1.07882,1.08172,-1.0
2025-03-06 11:00:00-05:00,1.08172,1.08382,1.07658,1.080175,-1.0
2025-03-06 15:00:00-05:00,1.080175,1.080335,1.077515,1.07841,-1.0
2025-03-06 17:15:00-05:00,1.078725,1.07964,1.07828,1.078745,-1.0
2025-03-06 19:00:00-05:00,1.078745,1.081485,1.07813,1.080585,-1.0
2025-03-06 23:00:00-05:00,1.080585,1.084085,1.08031,1.082995,-1.0
2025-03-07 03:00:00-05:00,1.082995,1.08715,1.08263,1.084945,-1.0
2025-03-07 07:00:00-05:00,1.084945,1.08889,1.08355,1.087015,-1.0
2025-03-07 11:00:00-05:00,1.087015,1.08729,1.082565,1.08427,-1.0
2025-03-07 15:00:00-05:00,1.08427,1.08513,1.08314,1.08332,-1.0
2025-03-09 17:15:00-04:00,1.08405,1.086555,1.083065,1.08602,-1.0
2025-03-09 20:00:00-04:00,1.08602,1.087125,1.083025,1.083165,-1.0
2025-03-10 00:00:00-04:00,1.083165,1.084485,1.081095,1.08227,-1.0
2025-03-10 04:00:00-04:00,1.08227,1.087475,1.080515,1.085075,-1.0
2025-03-10 08:00:00-04:00,1.085075,1.086025,1.082085,1.0837,-1.0
2025-03-10 12:00:00-04:00,1.0837,1.08457,1.08177,1.083185,-1.0
2025-03-10 16:00:00-04:00,1.083185,1.08368,1.08258,1.083345,-1.0
2025-03-10 17:15:00-04:00,1.08335,1.084355,1.0832,1.08395,-1.0
2025-03-10 20:00:00-04:00,1.08395,1.086055,1.08393,1.085445,-1.0
2025-03-11 00:00:00-04:00,1.085445,1.09016,1.083565,1.08908,-1.0
2025-03-11 04:00:00-04:00,1.08908,1.092095,1.088125,1.09046,-1.0
2025-03-11 08:00:00-04:00,1.09046,1.09308,1.08952,1.092725,-1.0
2025-03-11 12:00:00-04:00,1.092725,1.094725,1.091805,1.092,-1.0
2025-03-11 16:00:00-04:00,1.092,1.092095,1.091015,1.091895,-1.0
2025-03-11 17:15:00-04:00,1.09165,1.091885,1.091075,1.09141,-1.0
2025-03-11 20:00:00-04:00,1.09141,1.091575,1.08963,1.08973,-1.0
2025-03-12 00:00:00-04:00,1.08973,1.090895,1.08876,1.09017,-1.0
2025-03-12 04:00:00-04:00,1.09017,1.09267,1.08978,1.0901,-1.0
2025-03-12 08:00:00-04:00,1.0901,1.093215,1.08757,1.092435,-1.0
2025-03-12 12:00:00-04:00,1.092435,1.092795,1.087975,1.089045,-1.0
2025-03-12 16:00:00-04:00,1.089045,1.089375,1.088655,1.088795,-1.0
2025-03-12 17:15:00-04:00,1.08888,1.089015,1.088355,1.088565,-1.0
2025-03-12 20:00:00-04:00,1.088565,1.089725,1.08827,1.088515,-1.0
2025-03-13 00:00:00-04:00,1.088515,1.089355,1.085985,1.08655,-1.0
2025-03-13 04:00:00-04:00,1.08655,1.08854,1.0845,1.08564,-1.0
2025-03-13 08:00:00-04:00,1.08564,1.087805,1.08226,1.08585,-1.0
2025-03-13 12:00:00-04:00,1.08585,1.08783,1.08478,1.084835,-1.0
2025-03-13 16:00:00-04:00,1.084835,1.08559,1.084645,1.085255,-1.0
2025-03-13 17:15:00-04:00,1.08495,1.08558,1.084895,1.08548,-1.0
2025-03-13 20:00:00-04:00,1.08548,1.08586,1.08344,1.084565,-1.0
2025-03-14 00:00:00-04:00,1.084565,1.085145,1.083075,1.08394,-1.0
2025-03-14 04:00:00-04:00,1.08394,1.09126,1.08354,1.08967,-1.0
2025-03-14 08:00:00-04:00,1.08967,1.09115,1.086555,1.08715,-1.0
2025-03-14 12:00:00-04:00,1.08715,1.08898,1.087035,1.088325,-1.0
2025-03-14 16:00:00-04:00,1.088325,1.088595,1.087745,1.087945,-1.0
2025-03-16 17:15:00-04:00,1.088045,1.08854,1.087475,1.08796,-1.0
2025-03-16 20:00:00-04:00,1.08796,1.08904,1.08744,1.08835,-1.0
2025-03-17 00:00:00-04:00,1.08835,1.08939,1.086865,1.08763,-1.0
2025-03-17 04:00:00-04:00,1.08763,1.091195,1.087065,1.09022,-1.0
2025-03-17 08:00:00-04:00,1.09022,1.092985,1.08874,1.09216,-1.0
2025-03-17 12:00:00-04:00,1.09216,1.092655,1.09117,1.09207,-1.0
2025-03-17 16:00:00-04:00,1.09207,1.09279,1.09205,1.09227,-1.0
2025-03-17 17:15:00-04:00,1.092025,1.092345,1.09182,1.091825,-1.0
2025-03-17 20:00:00-04:00,1.091825,1.092115,1.090645,1.09084,-1.0
2025-03-18 00:00:00-04:00,1.09084,1.093665,1.090365,1.093525,-1.0
2025-03-18 04:00:00-04:00,1.093525,1.09547,1.09143,1.091635,-1.0
2025-03-18 08:00:00-04:00,1.091635,1.093415,1.08926,1.092665,-1.0
2025-03-18 12:00:00-04:00,1.092665,1.095195,1.09237,1.094635,-1.0
2025-03-18 16:00:00-04:00,1.094635,1.09488,1.094295,1.094505,-1.0
2025-03-18 17:15:00-04:00,1.0945,1.09467,1.093785,1.09387,-1.0
2025-03-18 20:00:00-04:00,1.09387,1.09452,1.0932,1.093825,-1.0
2025-03-19 00:00:00-04:00,1.093825,1.093825,1.087315,1.089275,-1.0
2025-03-19 04:00:00-04:00,1.089275,1.091325,1.089145,1.09083,-1.0
2025-03-19 08:00:00-04:00,1.09083,1.09177,1.087555,1.08769,-1.0
2025-03-19 12:00:00-04:00,1.08769,1.091335,1.086055,1.0899,-1.0
2025-03-19 16:00:00-04:00,1.0899,1.09062,1.08959,1.09027,-1.0
2025-03-19 17:15:00-04:00,1.090275,1.09132,1.090255,1.09117,-1.0
2025-03-19 20:00:00-04:00,1.09117,1.09173,1.090355,1.090975,-1.0
2025-03-20 00:00:00-04:00,1.090975,1.091065,1.08647,1.08794,-1.0
2025-03-20 04:00:00-04:00,1.08794,1.08858,1.083335,1.08494,-1.0
2025-03-20 08:00:00-04:00,1.08494,1.085585,1.081475,1.084745,-1.0
2025-03-20 12:00:00-04:00,1.084745,1.085445,1.08392,1.085325,-1.0
2025-03-20 16:00:00-04:00,1.085325,1.085915,1.08499,1.08503,-1.0
2025-03-20 17:15:00-04:00,1.085475,1.08588,1.085335,1.08534,-1.0
2025-03-20 20:00:00-04:00,1.08534,1.085885,1.083355,1.083475,-1.0
2025-03-21 00:00:00-04:00,1.083475,1.084185,1.082005,1.083885,-1.0
2025-03-21 04:00:00-04:00,1.083885,1.085145,1.08241,1.085095,-1.0
2025-03-21 08:00:00-04:00,1.085095,1.08615,1.079655,1.080625,-1.0
2025-03-21 12:00:00-04:00,1.080625,1.082695,1.08046,1.08179,-1.0
2025-03-21 16:00:00-04:00,1.08179,1.081795,1.081175,1.08168,-1.0
2025-03-23 17:15:00-04:00,1.081475,1.08371,1.081425,1.083615,-1.0
2025-03-23 20:00:00-04:00,1.083615,1.083995,1.082015,1.082045,-1.0
2025-03-24 00:00:00-04:00,1.082045,1.085005,1.081705,1.083815,-1.0
2025-03-24 04:00:00-04:00,1.083815,1.085815,1.08286,1.083265,-1.0
2025-03-24 08:00:00-04:00,1.083265,1.08346,1.079045,1.079395,-1.0
2025-03-24 12:00:00-04:00,1.079395,1.081325,1.07817,1.080225,-1.0
2025-03-24 16:00:00-04:00,1.080225,1.08062,1.08,1.080095,-1.0
2025-03-24 17:15:00-04:00,1.079925,1.080375,1.0795,1.080255,-1.0
2025-03-24 20:00:00-04:00,1.080255,1.080845,1.079425,1.08031,-1.0
2025-03-25 00:00:00-04:00,1.08031,1.0809,1.07852,1.07874,-1.0
2025-03-25 04:00:00-04:00,1.07874,1.082765,1.077695,1.081805,-1.0
2025-03-25 08:00:00-04:00,1.081805,1.083015,1.07972,1.08032,-1.0
2025-03-25 12:00:00-04:00,1.08032,1.0817,1.079095,1.07956,-1.0
2025-03-25 16:00:00-04:00,1.07956,1.07958,1.079005,1.07914,-1.0
2025-03-25 17:15:00-04:00,1.079255,1.079385,1.07854,1.07889,-1.0
2025-03-25 20:00:00-04:00,1.07889,1.07972,1.077805,1.078605,-1.0
2025-03-26 00:00:00-04:00,1.078605,1.07915,1.07779,1.078615,-1.0
2025-03-26 04:00:00-04:00,1.078615,1.080285,1.078535,1.07924,-1.0
2025-03-26 08:00:00-04:00,1.07924,1.079545,1.076765,1.07809,-1.0
2025-03-26 12:00:00-04:00,1.07809,1.079185,1.074395,1.07515,-1.0
2025-03-26 16:00:00-04:00,1.07515,1.07568,1.07505,1.075385,-1.0
2025-03-26 17:15:00-04:00,1.075425,1.075585,1.07332,1.07411,-1.0
2025-03-26 20:00:00-04:00,1.07411,1.078015,1.07409,1.077815,-1.0
2025-03-27 00:00:00-04:00,1.077815,1.078705,1.075425,1.076475,-1.0
2025-03-27 04:00:00-04:00,1.076475,1.079955,1.075575,1.0787,-1.0
2025-03-27 08:00:00-04:00,1.0787,1.082115,1.07765,1.07997,-1.0
2025-03-27 12:00:00-04:00,1.07997,1.080885,1.07883,1.07948,-1.0
2025-03-27 16:00:00-04:00,1.07948,1.08025,1.0794,1.080145,-1.0
2025-03-27 17:15:00-04:00,1.08006,1.080145,1.07955,1.08009,-1.0
2025-03-27 20:00:00-04:00,1.08009,1.08009,1.078835,1.079195,-1.0
2025-03-28 00:00:00-04:00,1.079195,1.079995,1.07817,1.07874,-1.0
2025-03-28 04:00:00-04:00,1.07874,1.07966,1.076455,1.077195,-1.0
2025-03-28 08:00:00-04:00,1.077195,1.08447,1.076565,1.08251,-1.0
2025-03-28 12:00:00-04:00,1.08251,1.083325,1.081215,1.082565,-1.0
2025-03-28 16:00:00-04:00,1.082565,1.083625,1.08252,1.082925,-1.0
2025-03-30 17:15:00-04:00,1.08275,1.082945,1.08053,1.08237,-1.0
2025-03-30 20:00:00-04:00,1.08237,1.084575,1.082325,1.083315,-1.0
2025-03-31 00:00:00-04:00,1.083315,1.084935,1.08209,1.083185,-1.0
2025-03-31 04:00:00-04:00,1.083185,1.083435,1.08055,1.08196,-1.0
2025-03-31 08:00:00-04:00,1.08196,1.08215,1.078405,1.07942,-1.0
2025-03-31 12:00:00-04:00,1.07942,1.08198,1.078515,1.08142,-1.0
2025-03-31 16:00:00-04:00,1.08142,1.08189,1.080955,1.08159,-1.0
2025-03-31 17:15:00-04:00,1.08195,1.082,1.08142,1.081765,-1.0
2025-03-31 20:00:00-04:00,1.081765,1.082835,1.081705,1.082695,-1.0
2025-04-01 00:00:00-04:00,1.082695,1.083,1.079905,1.080185,-1.0
2025-04-01 04:00:00-04:00,1.080185,1.082925,1.07784,1.07812,-1.0
2025-04-01 08:00:00-04:00,1.07812,1.08126,1.077935,1.079935,-1.0
2025-04-01 12:00:00-04:00,1.079935,1.08047,1.07853,1.07898,-1.0
2025-04-01 16:00:00-04:00,1.07898,1.08023,1.07887,1.07934,-1.0
2025-04-01 17:15:00-04:00,1.079175,1.080825,1.07892,1.079445,-1.0
2025-04-01 20:00:00-04:00,1.079445,1.080185,1.07871,1.079585,-1.0
2025-04-02 00:00:00-04:00,1.079585,1.079755,1.07802,1.07918,-1.0
2025-04-02 04:00:00-04:00,1.07918,1.080835,1.0786,1.08025,-1.0
2025-04-02 08:00:00-04:00,1.08025,1.087325,1.07965,1.086745,-1.0
2025-04-02 12:00:00-04:00,1.086745,1.08678,1.08469,1.085,-1.0
2025-04-02 16:00:00-04:00,1.085,1.092455,1.081075,1.08526,-1.0
2025-04-02 17:15:00-04:00,1.08363,1.091105,1.080505,1.09044,-1.0
2025-04-02 20:00:00-04:00,1.09044,1.092475,1.087995,1.0915,-1.0
2025-04-03 00:00:00-04:00,1.0915,1.099025,1.09058,1.097085,-1.0
2025-04-03 04:00:00-04:00,1.097085,1.11467,1.09707,1.10876,-1.0
2025-04-03 08:00:00-04:00,1.10876,1.113525,1.104135,1.105065,-1.0
2025-04-03 12:00:00-04:00,1.105065,1.105585,1.101605,1.102725,-1.0
2025-04-03 16:00:00-04:00,1.102725,1.1053,1.10222,1.10518,-1.0
2025-04-03 17:15:00-04:00,1.10495,1.107165,1.104215,1.104525,-1.0
2025-04-03 20:00:00-04:00,1.104525,1.109865,1.10368,1.109365,-1.0
2025-04-04 00:00:00-04:00,1.109365,1.11078,1.099985,1.100405,-1.0
2025-04-04 04:00:00-04:00,1.100405,1.108,1.09644,1.10603,-1.0
2025-04-04 08:00:00-04:00,1.10603,1.108975,1.096015,1.10139,-1.0
2025-04-04 12:00:00-04:00,1.10139,1.10197,1.092415,1.094345,-1.0
2025-04-04 16:00:00-04:00,1.094345,1.096775,1.09327,1.095225,-1.0
2025-04-06 17:15:00-04:00,1.08835,1.10016,1.088225,1.098345,-1.0
2025-04-06 20:00:00-04:00,1.098345,1.098395,1.091995,1.09504,-1.0
2025-04-07 00:00:00-04:00,1.09504,1.105015,1.09482,1.100065,-1.0
2025-04-07 04:00:00-04:00,1.100065,1.1022,1.09353,1.096955,-1.0
2025-04-07 08:00:00-04:00,1.096955,1.099155,1.090085,1.09116,-1.0
2025-04-07 12:00:00-04:00,1.09116,1.09527,1.090415,1.091625,-1.0
2025-04-07 16:00:00-04:00,1.091625,1.091975,1.090185,1.09123,-1.0
2025-04-07 17:15:00-04:00,1.0905,1.092095,1.0905,1.09148,-1.0
2025-04-07 20:00:00-04:00,1.09148,1.098045,1.09148,1.09635,-1.0
2025-04-08 00:00:00-04:00,1.09635,1.099195,1.092155,1.09236,-1.0
2025-04-08 04:00:00-04:00,1.09236,1.09488,1.091135,1.093415,-1.0
2025-04-08 08:00:00-04:00,1.093415,1.09686,1.088825,1.091165,-1.0
2025-04-08 12:00:00-04:00,1.091165,1.097795,1.089865,1.09542,-1.0
2025-04-08 16:00:00-04:00,1.09542,1.09629,1.093895,1.09607,-1.0
2025-04-08 17:15:00-04:00,1.095225,1.098525,1.095225,1.09776,-1.0
2025-04-08 20:00:00-04:00,1.09776,1.10399,1.09713,1.10196,-1.0
2025-04-09 00:00:00-04:00,1.10196,1.108995,1.100955,1.10154,-1.0
2025-04-09 04:00:00-04:00,1.10154,1.105785,1.099795,1.103545,-1.0
2025-04-09 08:00:00-04:00,1.103545,1.10953,1.10263,1.103835,-1.0
2025-04-09 12:00:00-04:00,1.103835,1.106435,1.09136,1.093565,-1.0
2025-04-09 16:00:00-04:00,1.093565,1.096215,1.09289,1.094965,-1.0
2025-04-09 17:15:00-04:00,1.0952,1.09628,1.09432,1.09509,-1.0
2025-04-09 20:00:00-04:00,1.09509,1.09893,1.09504,1.098175,-1.0
2025-04-10 00:00:00-04:00,1.098175,1.103085,1.096275,1.102645,-1.0
2025-04-10 04:00:00-04:00,1.102645,1.108865,1.101625,1.10703,-1.0
2025-04-10 08:00:00-04:00,1.10703,1.122895,1.106795,1.11908,-1.0
2025-04-10 12:00:00-04:00,1.11908,1.124165,1.115885,1.120475,-1.0
2025-04-10 16:00:00-04:00,1.120475,1.120565,1.11814,1.119885,-1.0
2025-04-10 17:15:00-04:00,1.11995,1.126255,1.119,1.125765,-1.0
2025-04-10 20:00:00-04:00,1.125765,1.138535,1.12515,1.134105,-1.0
2025-04-11 00:00:00-04:00,1.134105,1.13695,1.12465,1.136465,-1.0
2025-04-11 04:00:00-04:00,1.136465,1.14741,1.13203,1.132905,-1.0
2025-04-11 08:00:00-04:00,1.132905,1.14124,1.131255,1.132485,-1.0
2025-04-11 12:00:00-04:00,1.132485,1.134375,1.12765,1.13418,-1.0
2025-04-11 16:00:00-04:00,1.13418,1.13649,1.133625,1.13425,-1.0
2025-04-13 17:15:00-04:00,1.13185,1.13553,1.131735,1.13424,-1.0
2025-04-13 20:00:00-04:00,1.13424,1.14089,1.1341,1.13717,-1.0
2025-04-14 00:00:00-04:00,1.13717,1.142475,1.13529,1.138995,-1.0
2025-04-14 04:00:00-04:00,1.138995,1.141,1.137165,1.138385,-1.0
2025-04-14 08:00:00-04:00,1.138385,1.138865,1.1296,1.135725,-1.0
2025-04-14 12:00:00-04:00,1.135725,1.137055,1.13284,1.135495,-1.0
2025-04-14 16:00:00-04:00,1.135495,1.13585,1.134325,1.135055,-1.0
2025-04-14 17:15:00-04:00,1.1346,1.13613,1.13337,1.13363,-1.0
2025-04-14 20:00:00-04:00,1.13363,1.13531,1.131595,1.13476,-1.0
2025-04-15 00:00:00-04:00,1.13476,1.1368,1.13207,1.13572,-1.0
2025-04-15 04:00:00-04:00,1.13572,1.137915,1.131415,1.13266,-1.0
2025-04-15 08:00:00-04:00,1.13266,1.134155,1.128235,1.12889,-1.0
2025-04-15 12:00:00-04:00,1.12889,1.129205,1.126415,1.12824,-1.0
2025-04-15 16:00:00-04:00,1.12824,1.12898,1.127985,1.12826,-1.0
2025-04-15 17:15:00-04:00,1.1285,1.129955,1.12812,1.129365,-1.0
2025-04-15 20:00:00-04:00,1.129365,1.13435,1.129285,1.134335,-1.0
2025-04-16 00:00:00-04:00,1.134335,1.139245,1.133305,1.13872,-1.0
2025-04-16 04:00:00-04:00,1.13872,1.138835,1.133815,1.136325,-1.0
2025-04-16 08:00:00-04:00,1.136325,1.138685,1.13404,1.138165,-1.0
2025-04-16 12:00:00-04:00,1.138165,1.141285,1.13594,1.13866,-1.0
2025-04-16 16:00:00-04:00,1.13866,1.13998,1.138185,1.139885,-1.0
2025-04-16 17:15:00-04:00,1.14,1.140935,1.13942,1.139545,-1.0
2025-04-16 20:00:00-04:00,1.139545,1.1397,1.13555,1.136435,-1.0
2025-04-17 00:00:00-04:00,1.136435,1.137915,1.13433,1.13768,-1.0
2025-04-17 04:00:00-04:00,1.13768,1.138865,1.135585,1.13566,-1.0
2025-04-17 08:00:00-04:00,1.13566,1.138585,1.13353,1.136325,-1.0
2025-04-17 12:00:00-04:00,1.136325,1.13762,1.134005,1.137335,-1.0
2025-04-17 16:00:00-04:00,1.137335,1.137675,1.13621,1.136735,-1.0
2025-04-17 17:15:00-04:00,1.13665,1.13752,1.136235,1.137175,-1.0
2025-04-17 20:00:00-04:00,1.137175,1.13862,1.1363,1.137375,-1.0
2025-04-18 00:00:00-04:00,1.137375,1.13768,1.135905,1.137,-1.0
2025-04-18 04:00:00-04:00,1.137,1.13837,1.13674,1.138095,-1.0
2025-04-18 08:00:00-04:00,1.138095,1.13978,1.13777,1.139215,-1.0
2025-04-18 12:00:00-04:00,1.139215,1.13973,1.13876,1.1395,-1.0
2025-04-18 16:00:00-04:00,1.1395,1.139505,1.139155,1.13935,-1.0
2025-04-20 20:00:00-04:00,1.14491,1.153315,1.144895,1.15152,-1.0
2025-04-21 00:00:00-04:00,1.15152,1.15677,1.149905,1.15556,-1.0
2025-04-21 04:00:00-04:00,1.15556,1.157335,1.151315,1.154295,-1.0
2025-04-21 08:00:00-04:00,1.154295,1.154995,1.148155,1.150705,-1.0
2025-04-21 12:00:00-04:00,1.150705,1.152705,1.149355,1.15129,-1.0
2025-04-21 16:00:00-04:00,1.15129,1.15163,1.1505,1.151515,-1.0
2025-04-21 17:15:00-04:00,1.15125,1.15253,1.150675,1.15141,-1.0
2025-04-21 20:00:00-04:00,1.15141,1.15407,1.14821,1.153485,-1.0
2025-04-22 00:00:00-04:00,1.153485,1.15474,1.14832,1.15057,-1.0
2025-04-22 04:00:00-04:00,1.15057,1.151505,1.1484,1.148575,-1.0
2025-04-22 08:00:00-04:00,1.148575,1.14923,1.14561,1.146495,-1.0
2025-04-22 12:00:00-04:00,1.146495,1.1469,1.142,1.142085,-1.0
2025-04-22 16:00:00-04:00,1.142085,1.14303,1.14175,1.142115,-1.0
2025-04-22 17:15:00-04:00,1.142645,1.142865,1.13079,1.13507,-1.0
2025-04-22 20:00:00-04:00,1.13507,1.14155,1.13495,1.137925,-1.0
2025-04-23 00:00:00-04:00,1.137925,1.140935,1.13709,1.138595,-1.0
2025-04-23 04:00:00-04:00,1.138595,1.144005,1.13799,1.14109,-1.0
2025-04-23 08:00:00-04:00,1.14109,1.14198,1.13281,1.134885,-1.0
2025-04-23 12:00:00-04:00,1.134885,1.13659,1.131545,1.13274,-1.0
2025-04-23 16:00:00-04:00,1.13274,1.13285,1.131045,1.131625,-1.0
2025-04-23 17:15:00-04:00,1.132175,1.13475,1.131575,1.132945,-1.0
2025-04-23 20:00:00-04:00,1.132945,1.135775,1.13216,1.13383,-1.0
2025-04-24 00:00:00-04:00,1.13383,1.13807,1.13308,1.137995,-1.0
2025-04-24 04:00:00-04:00,1.137995,1.139485,1.1363,1.137305,-1.0
2025-04-24 08:00:00-04:00,1.137305,1.13875,1.13476,1.1361,-1.0
2025-04-24 12:00:00-04:00,1.1361,1.13976,1.135785,1.138465,-1.0
2025-04-24 16:00:00-04:00,1.138465,1.139815,1.138195,1.139085,-1.0
2025-04-24 17:15:00-04:00,1.138955,1.139395,1.13707,1.137265,-1.0
2025-04-24 20:00:00-04:00,1.137265,1.137275,1.13253,1.13261,-1.0
2025-04-25 00:00:00-04:00,1.13261,1.136835,1.131575,1.135995,-1.0
2025-04-25 04:00:00-04:00,1.135995,1.13668,1.133445,1.134935,-1.0
2025-04-25 08:00:00-04:00,1.134935,1.138235,1.133305,1.13803,-1.0
2025-04-25 12:00:00-04:00,1.13803,1.138875,1.135875,1.135935,-1.0
2025-04-25 16:00:00-04:00,1.135935,1.136575,1.135745,1.13652,-1.0
2025-04-27 17:15:00-04:00,1.136325,1.13667,1.133985,1.13451,-1.0
2025-04-27 20:00:00-04:00,1.13451,1.13666,1.13433,1.13564,-1.0
2025-04-28 00:00:00-04:00,1.13564,1.1381,1.132945,1.134845,-1.0
2025-04-28 04:00:00-04:00,1.134845,1.13608,1.133535,1.135165,-1.0
2025-04-28 08:00:00-04:00,1.135165,1.14139,1.133945,1.138625,-1.0
2025-04-28 12:00:00-04:00,1.138625,1.14251,1.13853,1.142195,-1.0
2025-04-28 16:00:00-04:00,1.142195,1.142505,1.14191,1.14201,-1.0
2025-04-28 17:15:00-04:00,1.1421,1.142205,1.140075,1.140785,-1.0
2025-04-28 20:00:00-04:00,1.140785,1.14201,1.138655,1.139065,-1.0
2025-04-29 00:00:00-04:00,1.139065,1.14123,1.13742,1.14038,-1.0
2025-04-29 04:00:00-04:00,1.14038,1.140845,1.137105,1.137455,-1.0
2025-04-29 08:00:00-04:00,1.137455,1.14176,1.137025,1.139605,-1.0
2025-04-29 12:00:00-04:00,1.139605,1.141895,1.13761,1.13818,-1.0
2025-04-29 16:00:00-04:00,1.13818,1.139205,1.138085,1.1385,-1.0
2025-04-29 17:15:00-04:00,1.138845,1.139585,1.137865,1.139045,-1.0
2025-04-29 20:00:00-04:00,1.139045,1.139545,1.135505,1.13688,-1.0
2025-04-30 00:00:00-04:00,1.13688,1.13996,1.136595,1.13779,-1.0
2025-04-30 04:00:00-04:00,1.13779,1.138535,1.135595,1.13735,-1.0
2025-04-30 08:00:00-04:00,1.13735,1.13889,1.13233,1.134815,-1.0
2025-04-30 12:00:00-04:00,1.134815,1.136485,1.132825,1.13299,-1.0
2025-04-30 16:00:00-04:00,1.13299,1.13313,1.13172,1.132865,-1.0
2025-04-30 17:15:00-04:00,1.1329,1.13322,1.131895,1.13223,-1.0
2025-04-30 20:00:00-04:00,1.13223,1.13295,1.129975,1.13121,-1.0
2025-05-01 00:00:00-04:00,1.13121,1.131445,1.12876,1.13102,-1.0
2025-05-01 04:00:00-04:00,1.13102,1.13412,1.131,1.132025,-1.0
2025-05-01 08:00:00-04:00,1.132025,1.13388,1.126595,1.12793,-1.0
2025-05-01 12:00:00-04:00,1.12793,1.129355,1.127285,1.12886,-1.0
2025-05-01 16:00:00-04:00,1.12886,1.12942,1.12847,1.12896,-1.0
2025-05-01 17:15:00-04:00,1.1287,1.129925,1.12869,1.12959,-1.0
2025-05-01 20:00:00-04:00,1.12959,1.13157,1.12743,1.131285,-1.0
2025-05-02 00:00:00-04:00,1.131285,1.13379,1.130125,1.132835,-1.0
2025-05-02 04:00:00-04:00,1.132835,1.135495,1.13162,1.134655,-1.0
2025-05-02 08:00:00-04:00,1.134655,1.138115,1.130435,1.132905,-1.0
2025-05-02 12:00:00-04:00,1.132905,1.133915,1.129245,1.130445,-1.0
2025-05-02 16:00:00-04:00,1.130445,1.13056,1.12935,1.12936,-1.0
2025-05-04 17:15:00-04:00,1.130225,1.1328,1.129525,1.132135,-1.0
2025-05-04 20:00:00-04:00,1.132135,1.134685,1.131435,1.133225,-1.0
2025-05-05 00:00:00-04:00,1.133225,1.13475,1.131305,1.131305,-1.0
2025-05-05 04:00:00-04:00,1.131305,1.135805,1.131155,1.134255,-1.0
2025-05-05 08:00:00-04:00,1.134255,1.136495,1.13126,1.131445,-1.0
2025-05-05 12:00:00-04:00,1.131445,1.132115,1.129725,1.131495,-1.0
2025-05-05 16:00:00-04:00,1.131495,1.132025,1.13119,1.131405,-1.0
2025-05-05 17:15:00-04:00,1.1315,1.13199,1.130995,1.13123,-1.0
2025-05-05 20:00:00-04:00,1.13123,1.13176,1.127995,1.131515,-1.0
2025-05-06 00:00:00-04:00,1.131515,1.134805,1.13136,1.13391,-1.0
2025-05-06 04:00:00-04:00,1.13391,1.134965,1.13055,1.132715,-1.0
2025-05-06 08:00:00-04:00,1.132715,1.13698,1.13169,1.134355,-1.0
2025-05-06 12:00:00-04:00,1.134355,1.13813,1.133085,1.13726,-1.0
2025-05-06 16:00:00-04:00,1.13726,1.137975,1.136585,1.13698,-1.0
2025-05-06 17:15:00-04:00,1.1369,1.137595,1.132605,1.134005,-1.0
2025-05-06 20:00:00-04:00,1.134005,1.135165,1.132535,1.13459,-1.0
2025-05-07 00:00:00-04:00,1.13459,1.13783,1.134295,1.13624,-1.0
2025-05-07 04:00:00-04:00,1.13624,1.13739,1.134725,1.135775,-1.0
2025-05-07 08:00:00-04:00,1.135775,1.1371,1.13416,1.134695,-1.0
2025-05-07 12:00:00-04:00,1.134695,1.136555,1.13009,1.130695,-1.0
2025-05-07 16:00:00-04:00,1.130695,1.130845,1.129185,1.129965,-1.0
2025-05-07 17:15:00-04:00,1.1309,1.131625,1.130005,1.1303,-1.0
2025-05-07 20:00:00-04:00,1.1303,1.133645,1.13022,1.132745,-1.0
2025-05-08 00:00:00-04:00,1.132745,1.13311,1.12705,1.129735,-1.0
2025-05-08 04:00:00-04:00,1.129735,1.13049,1.127535,1.12959,-1.0
2025-05-08 08:00:00-04:00,1.12959,1.13204,1.12344,1.124795,-1.0
2025-05-08 12:00:00-04:00,1.124795,1.124945,1.12119,1.122625,-1.0
2025-05-08 16:00:00-04:00,1.122625,1.122995,1.122,1.122495,-1.0
2025-05-08 17:15:00-04:00,1.122475,1.123315,1.122235,1.12272,-1.0
2025-05-08 20:00:00-04:00,1.12272,1.12334,1.11968,1.122275,-1.0
2025-05-09 00:00:00-04:00,1.122275,1.12585,1.12185,1.125135,-1.0
2025-05-09 04:00:00-04:00,1.125135,1.126075,1.12423,1.12545,-1.0
2025-05-09 08:00:00-04:00,1.12545,1.129305,1.12472,1.12698,-1.0
2025-05-09 12:00:00-04:00,1.12698,1.127545,1.124865,1.125735,-1.0
2025-05-09 16:00:00-04:00,1.125735,1.1258,1.12471,1.1253,-1.0
2025-05-11 17:15:00-04:00,1.1208,1.12364,1.12069,1.12281,-1.0
2025-05-11 20:00:00-04:00,1.12281,1.12428,1.12225,1.123305,-1.0
2025-05-12 00:00:00-04:00,1.123305,1.123585,1.10977,1.110505,-1.0
2025-05-12 04:00:00-04:00,1.110505,1.114555,1.107205,1.111125,-1.0
2025-05-12 08:00:00-04:00,1.111125,1.113465,1.11004,1.110505,-1.0
2025-05-12 12:00:00-04:00,1.110505,1.11111,1.10654,1.10923,-1.0
2025-05-12 16:00:00-04:00,1.10923,1.10948,1.108495,1.108495,-1.0
2025-05-12 17:15:00-04:00,1.10915,1.110015,1.108685,1.109585,-1.0
2025-05-12 20:00:00-04:00,1.109585,1.1117,1.109515,1.11164,-1.0
2025-05-13 00:00:00-04:00,1.11164,1.11246,1.110165,1.1116,-1.0
2025-05-13 04:00:00-04:00,1.1116,1.111785,1.1097,1.11071,-1.0
2025-05-13 08:00:00-04:00,1.11071,1.117795,1.11067,1.11751,-1.0
2025-05-13 12:00:00-04:00,1.11751,1.119195,1.116465,1.118995,-1.0
2025-05-13 16:00:00-04:00,1.118995,1.11949,1.11838,1.118525,-1.0
2025-05-13 17:15:00-04:00,1.1188,1.119745,1.11838,1.118595,-1.0
2025-05-13 20:00:00-04:00,1.118595,1.11978,1.11823,1.11955,-1.0
2025-05-14 00:00:00-04:00,1.11955,1.12167,1.11803,1.12151,-1.0
2025-05-14 04:00:00-04:00,1.12151,1.126595,1.12126,1.121745,-1.0
2025-05-14 08:00:00-04:00,1.121745,1.12358,1.11975,1.120515,-1.0
2025-05-14 12:00:00-04:00,1.120515,1.12132,1.116555,1.116745,-1.0
2025-05-14 16:00:00-04:00,1.116745,1.117535,1.116455,1.117385,-1.0
2025-05-14 17:15:00-04:00,1.11755,1.11882,1.11745,1.11814,-1.0
2025-05-14 20:00:00-04:00,1.11814,1.12014,1.11761,1.11968,-1.0
2025-05-15 00:00:00-04:00,1.11968,1.122835,1.11855,1.11974,-1.0
2025-05-15 04:00:00-04:00,1.11974,1.12132,1.11795,1.118295,-1.0
2025-05-15 08:00:00-04:00,1.118295,1.12238,1.117295,1.118795,-1.0
2025-05-15 12:00:00-04:00,1.118795,1.119075,1.11704,1.118375,-1.0
2025-05-15 16:00:00-04:00,1.118375,1.118775,1.11823,1.11876,-1.0
2025-05-15 17:15:00-04:00,1.118675,1.1194,1.11824,1.1192,-1.0
2025-05-15 20:00:00-04:00,1.1192,1.12087,1.119055,1.12005,-1.0
2025-05-16 00:00:00-04:00,1.12005,1.121965,1.119635,1.12087,-1.0
2025-05-16 04:00:00-04:00,1.12087,1.120925,1.11882,1.11943,-1.0
2025-05-16 08:00:00-04:00,1.11943,1.120595,1.11401,1.11403,-1.0
2025-05-16 12:00:00-04:00,1.11403,1.11586,1.113115,1.11493,-1.0
2025-05-16 16:00:00-04:00,1.11493,1.11671,1.11449,1.116545,-1.0
2025-05-18 17:15:00-04:00,1.1179,1.119415,1.116865,1.118885,-1.0
2025-05-18 20:00:00-04:00,1.118885,1.119915,1.11725,1.11812,-1.0
2025-05-19 00:00:00-04:00,1.11812,1.12451,1.11764,1.12384,-1.0
2025-05-19 04:00:00-04:00,1.12384,1.12882,1.1236,1.127315,-1.0
2025-05-19 08:00:00-04:00,1.127315,1.127355,1.12335,1.12362,-1.0
2025-05-19 12:00:00-04:00,1.12362,1.124195,1.122415,1.12402,-1.0
2025-05-19 16:00:00-04:00,1.12402,1.124485,1.123915,1.124005,-1.0
2025-05-19 17:15:00-04:00,1.124375,1.12443,1.123155,1.12325,-1.0
2025-05-19 20:00:00-04:00,1.12325,1.125135,1.12181,1.12451,-1.0
2025-05-20 00:00:00-04:00,1.12451,1.127795,1.12405,1.127635,-1.0
2025-05-20 04:00:00-04:00,1.127635,1.12764,1.124315,1.124595,-1.0
2025-05-20 08:00:00-04:00,1.124595,1.126985,1.122375,1.125315,-1.0
2025-05-20 12:00:00-04:00,1.125315,1.128285,1.124525,1.12806,-1.0
2025-05-20 16:00:00-04:00,1.12806,1.128595,1.127845,1.12833,-1.0
2025-05-20 17:15:00-04:00,1.128305,1.12902,1.128045,1.12883,-1.0
2025-05-20 20:00:00-04:00,1.12883,1.133995,1.128685,1.133425,-1.0
2025-05-21 00:00:00-04:00,1.133425,1.135315,1.13144,1.132335,-1.0
2025-05-21 04:00:00-04:00,1.132335,1.136215,1.131235,1.13239,-1.0
2025-05-21 08:00:00-04:00,1.13239,1.135455,1.13175,1.134285,-1.0
2025-05-21 12:00:00-04:00,1.134285,1.136295,1.13184,1.1319,-1.0
2025-05-21 16:00:00-04:00,1.1319,1.133215,1.131565,1.133215,-1.0
2025-05-21 17:15:00-04:00,1.13285,1.133245,1.131125,1.133205,-1.0
2025-05-21 20:00:00-04:00,1.133205,1.134515,1.13174,1.133325,-1.0
2025-05-22 00:00:00-04:00,1.133325,1.134205,1.12955,1.13215,-1.0
2025-05-22 04:00:00-04:00,1.13215,1.133485,1.129035,1.13087,-1.0
2025-05-22 08:00:00-04:00,1.13087,1.131495,1.126595,1.128035,-1.0
2025-05-22 12:00:00-04:00,1.128035,1.1288,1.12558,1.12788,-1.0
2025-05-22 16:00:00-04:00,1.12788,1.12835,1.12774,1.128055,-1.0
2025-05-22 17:15:00-04:00,1.1281,1.128915,1.12796,1.12822,-1.0
2025-05-22 20:00:00-04:00,1.12822,1.13189,1.127915,1.131155,-1.0
2025-05-23 00:00:00-04:00,1.131155,1.13442,1.13079,1.13395,-1.0
2025-05-23 04:00:00-04:00,1.13395,1.137585,1.12983,1.13216,-1.0
2025-05-23 08:00:00-04:00,1.13216,1.135965,1.12973,1.13496,-1.0
2025-05-23 12:00:00-04:00,1.13496,1.13694,1.134115,1.13637,-1.0
2025-05-23 16:00:00-04:00,1.13637,1.13695,1.135925,1.13679,-1.0
2025-05-25 17:15:00-04:00,1.136675,1.1382,1.136225,1.137495,-1.0
2025-05-25 20:00:00-04:00,1.137495,1.141885,1.137485,1.141165,-1.0
2025-05-26 00:00:00-04:00,1.141165,1.14185,1.13885,1.13892,-1.0
2025-05-26 04:00:00-04:00,1.13892,1.13954,1.13742,1.137715,-1.0
2025-05-26 08:00:00-04:00,1.137715,1.13856,1.136895,1.138135,-1.0
2025-05-26 12:00:00-04:00,1.138135,1.13856,1.137595,1.13855,-1.0
2025-05-26 16:00:00-04:00,1.13855,1.138835,1.138415,1.13865,-1.0
2025-05-26 17:15:00-04:00,1.138175,1.13948,1.138175,1.13885,-1.0
2025-05-26 20:00:00-04:00,1.13885,1.140735,1.1388,1.139375,-1.0
2025-05-27 00:00:00-04:00,1.139375,1.13981,1.133715,1.13409,-1.0
2025-05-27 04:00:00-04:00,1.13409,1.1358,1.133885,1.135115,-1.0
2025-05-27 08:00:00-04:00,1.135115,1.137565,1.13232,1.13254,-1.0
2025-05-27 12:00:00-04:00,1.13254,1.13389,1.132345,1.133085,-1.0
2025-05-27 16:00:00-04:00,1.133085,1.133275,1.132655,1.132835,-1.0
2025-05-27 17:15:00-04:00,1.1327,1.13381,1.132665,1.133695,-1.0
2025-05-27 20:00:00-04:00,1.133695,1.134525,1.13006,1.130755,-1.0
2025-05-28 00:00:00-04:00,1.130755,1.13311,1.129565,1.132675,-1.0
2025-05-28 04:00:00-04:00,1.132675,1.134085,1.131655,1.13178,-1.0
2025-05-28 08:00:00-04:00,1.13178,1.13248,1.128385,1.12847,-1.0
2025-05-28 12:00:00-04:00,1.12847,1.130095,1.128425,1.12896,-1.0
2025-05-28 16:00:00-04:00,1.12896,1.1296,1.128905,1.129235,-1.0
2025-05-28 17:15:00-04:00,1.1296,1.12974,1.12105,1.122975,-1.0
2025-05-28 20:00:00-04:00,1.122975,1.12571,1.12233,1.124865,-1.0
2025-05-29 00:00:00-04:00,1.124865,1.128285,1.123105,1.12757,-1.0
2025-05-29 04:00:00-04:00,1.12757,1.12916,1.1262,1.12711,-1.0
2025-05-29 08:00:00-04:00,1.12711,1.137075,1.127105,1.13698,-1.0
2025-05-29 12:00:00-04:00,1.13698,1.13847,1.136185,1.13668,-1.0
2025-05-29 16:00:00-04:00,1.13668,1.137035,1.13609,1.13695,-1.0
2025-05-29 17:15:00-04:00,1.137275,1.137935,1.13676,1.137695,-1.0
2025-05-29 20:00:00-04:00,1.137695,1.138995,1.13459,1.13496,-1.0
2025-05-30 00:00:00-04:00,1.13496,1.135455,1.132775,1.133805,-1.0
2025-05-30 04:00:00-04:00,1.133805,1.13447,1.13232,1.133815,-1.0
2025-05-30 08:00:00-04:00,1.133815,1.135865,1.13126,1.134645,-1.0
2025-05-30 12:00:00-04:00,1.134645,1.136715,1.13434,1.13566,-1.0
2025-05-30 16:00:00-04:00,1.13566,1.135675,1.13451,1.134755,-1.0
2025-06-01 17:15:00-04:00,1.134925,1.13605,1.134825,1.13531,-1.0
2025-06-01 20:00:00-04:00,1.13531,1.13822,1.13527,1.13619,-1.0
2025-06-02 00:00:00-04:00,1.13619,1.143685,1.13599,1.14238,-1.0
2025-06-02 04:00:00-04:00,1.14238,1.143705,1.14093,1.141435,-1.0
2025-06-02 08:00:00-04:00,1.141435,1.14498,1.140425,1.14307,-1.0
2025-06-02 12:00:00-04:00,1.14307,1.14456,1.141185,1.144525,-1.0
2025-06-02 16:00:00-04:00,1.144525,1.14465,1.144005,1.144105,-1.0
2025-06-02 17:15:00-04:00,1.14385,1.1454,1.143695,1.145315,-1.0
2025-06-02 20:00:00-04:00,1.145315,1.14548,1.141615,1.141995,-1.0
2025-06-03 00:00:00-04:00,1.141995,1.143245,1.141215,1.14159,-1.0
2025-06-03 04:00:00-04:00,1.14159,1.14187,1.138645,1.13906,-1.0
2025-06-03 08:00:00-04:00,1.13906,1.13952,1.136415,1.137215,-1.0
2025-06-03 12:00:00-04:00,1.137215,1.13835,1.13676,1.136885,-1.0
2025-06-03 16:00:00-04:00,1.136885,1.137435,1.136835,1.137185,-1.0
2025-06-03 17:15:00-04:00,1.13715,1.13863,1.137115,1.138395,-1.0
2025-06-03 20:00:00-04:00,1.138395,1.13932,1.13656,1.13677,-1.0
2025-06-04 00:00:00-04:00,1.13677,1.139705,1.13572,1.138665,-1.0
2025-06-04 04:00:00-04:00,1.138665,1.140405,1.137505,1.137935,-1.0
2025-06-04 08:00:00-04:00,1.137935,1.14346,1.137935,1.14234,-1.0
2025-06-04 12:00:00-04:00,1.14234,1.14346,1.14123,1.141235,-1.0
2025-06-04 16:00:00-04:00,1.141235,1.142295,1.14103,1.14164,-1.0
2025-06-04 17:15:00-04:00,1.14165,1.14286,1.141625,1.142095,-1.0
2025-06-04 20:00:00-04:00,1.142095,1.143485,1.140895,1.141065,-1.0
2025-06-05 00:00:00-04:00,1.141065,1.142515,1.14047,1.141205,-1.0
2025-06-05 04:00:00-04:00,1.141205,1.143295,1.140895,1.1426,-1.0
2025-06-05 08:00:00-04:00,1.1426,1.14951,1.14135,1.143945,-1.0
2025-06-05 12:00:00-04:00,1.143945,1.144835,1.14313,1.14382,-1.0
2025-06-05 16:00:00-04:00,1.14382,1.14452,1.143535,1.14451,-1.0
2025-06-05 17:15:00-04:00,1.144505,1.1454,1.14434,1.14537,-1.0
2025-06-05 20:00:00-04:00,1.14537,1.145745,1.143315,1.144025,-1.0
2025-06-06 00:00:00-04:00,1.144025,1.14426,1.142155,1.142695,-1.0
2025-06-06 04:00:00-04:00,1.142695,1.142945,1.141105,1.1418,-1.0
2025-06-06 08:00:00-04:00,1.1418,1.14315,1.13717,1.13967,-1.0
2025-06-06 12:00:00-04:00,1.13967,1.140215,1.13847,1.139625,-1.0
2025-06-06 16:00:00-04:00,1.139625,1.139785,1.13914,1.13957,-1.0
2025-06-08 17:15:00-04:00,1.139375,1.14114,1.13914,1.140655,-1.0
2025-06-08 20:00:00-04:00,1.140655,1.142535,1.13929,1.14122,-1.0
2025-06-09 00:00:00-04:00,1.14122,1.142975,1.14112,1.14225,-1.0
2025-06-09 04:00:00-04:00,1.14225,1.143935,1.140585,1.14176,-1.0
2025-06-09 08:00:00-04:00,1.14176,1.14256,1.13866,1.142435,-1.0
2025-06-09 12:00:00-04:00,1.142435,1.1431,1.141535,1.14228,-1.0
2025-06-09 16:00:00-04:00,1.14228,1.14271,1.14185,1.14208,-1.0
2025-06-09 17:15:00-04:00,1.142025,1.14285,1.142015,1.142645,-1.0
2025-06-09 20:00:00-04:00,1.142645,1.143565,1.13862,1.14031,-1.0
2025-06-10 00:00:00-04:00,1.14031,1.141485,1.137305,1.139235,-1.0
2025-06-10 04:00:00-04:00,1.139235,1.14343,1.139155,1.142915,-1.0
2025-06-10 08:00:00-04:00,1.142915,1.144765,1.141575,1.14225,-1.0
2025-06-10 12:00:00-04:00,1.14225,1.143655,1.141595,1.142605,-1.0
2025-06-10 16:00:00-04:00,1.142605,1.14298,1.141935,1.14242,-1.0
2025-06-10 17:15:00-04:00,1.14265,1.143955,1.1422,1.14375,-1.0
2025-06-10 20:00:00-04:00,1.14375,1.14388,1.14063,1.14164,-1.0
2025-06-11 00:00:00-04:00,1.14164,1.14238,1.14054,1.14195,-1.0
2025-06-11 04:00:00-04:00,1.14195,1.144585,1.14185,1.14329,-1.0
2025-06-11 08:00:00-04:00,1.14329,1.149035,1.1428,1.148945,-1.0
2025-06-11 12:00:00-04:00,1.148945,1.149965,1.147935,1.14831,-1.0
2025-06-11 16:00:00-04:00,1.14831,1.14898,1.14802,1.148755,-1.0
2025-06-11 17:15:00-04:00,1.148605,1.151315,1.148605,1.15102,-1.0
2025-06-11 20:00:00-04:00,1.15102,1.152915,1.15018,1.15198,-1.0
2025-06-12 00:00:00-04:00,1.15198,1.15327,1.150565,1.152645,-1.0
2025-06-12 04:00:00-04:00,1.152645,1.16108,1.1523,1.15896,-1.0
2025-06-12 08:00:00-04:00,1.15896,1.16319,1.156745,1.157705,-1.0
2025-06-12 12:00:00-04:00,1.157705,1.158095,1.156375,1.15762,-1.0
2025-06-12 16:00:00-04:00,1.15762,1.15877,1.15756,1.158355,-1.0
2025-06-12 17:15:00-04:00,1.158775,1.16096,1.158665,1.160875,-1.0
2025-06-12 20:00:00-04:00,1.160875,1.161475,1.15278,1.153735,-1.0
2025-06-13 00:00:00-04:00,1.153735,1.156075,1.15121,1.15357,-1.0
2025-06-13 04:00:00-04:00,1.15357,1.15472,1.148885,1.151015,-1.0
2025-06-13 08:00:00-04:00,1.151015,1.156965,1.15013,1.15563,-1.0
2025-06-13 12:00:00-04:00,1.15563,1.15661,1.15334,1.154995,-1.0
2025-06-13 16:00:00-04:00,1.154995,1.155355,1.1538,1.154705,-1.0
2025-06-15 17:15:00-04:00,1.153075,1.154765,1.15263,1.153775,-1.0
2025-06-15 20:00:00-04:00,1.153775,1.15467,1.152375,1.15274,-1.0
2025-06-16 00:00:00-04:00,1.15274,1.158665,1.152735,1.157885,-1.0
2025-06-16 04:00:00-04:00,1.157885,1.158605,1.156975,1.157295,-1.0
2025-06-16 08:00:00-04:00,1.157295,1.161475,1.15708,1.158025,-1.0
2025-06-16 12:00:00-04:00,1.158025,1.15862,1.1555,1.155565,-1.0
2025-06-16 16:00:00-04:00,1.155565,1.15637,1.15546,1.156105,-1.0
2025-06-16 17:15:00-04:00,1.156675,1.156675,1.154925,1.155395,-1.0
2025-06-16 20:00:00-04:00,1.155395,1.156405,1.154265,1.156215,-1.0
2025-06-17 00:00:00-04:00,1.156215,1.157255,1.154535,1.155805,-1.0
2025-06-17 04:00:00-04:00,1.155805,1.157365,1.155015,1.156175,-1.0
2025-06-17 08:00:00-04:00,1.156175,1.158035,1.15106,1.15341,-1.0
2025-06-17 12:00:00-04:00,1.15341,1.153925,1.14749,1.148475,-1.0
2025-06-17 16:00:00-04:00,1.148475,1.14859,1.14747,1.14799,-1.0
2025-06-17 17:15:00-04:00,1.1489,1.1489,1.14746,1.1482,-1.0
2025-06-17 20:00:00-04:00,1.1482,1.15051,1.14809,1.14999,-1.0
2025-06-18 00:00:00-04:00,1.14999,1.152345,1.14967,1.15133,-1.0
2025-06-18 04:00:00-04:00,1.15133,1.15163,1.14919,1.15074,-1.0
2025-06-18 08:00:00-04:00,1.15074,1.15304,1.148425,1.15203,-1.0
2025-06-18 12:00:00-04:00,1.15203,1.152935,1.146095,1.147455,-1.0
2025-06-18 16:00:00-04:00,1.147455,1.148425,1.14721,1.148015,-1.0
2025-06-18 17:15:00-04:00,1.148025,1.1489,1.147115,1.14762,-1.0
2025-06-18 20:00:00-04:00,1.14762,1.14838,1.14507,1.14659,-1.0
2025-06-19 00:00:00-04:00,1.14659,1.147705,1.14463,1.14618,-1.0
2025-06-19 04:00:00-04:00,1.14618,1.148745,1.145635,1.14811,-1.0
2025-06-19 08:00:00-04:00,1.14811,1.148635,1.14585,1.14597,-1.0
2025-06-19 12:00:00-04:00,1.14597,1.150005,1.145465,1.14979,-1.0
2025-06-19 16:00:00-04:00,1.14979,1.149955,1.14923,1.14959,-1.0
2025-06-19 17:15:00-04:00,1.149445,1.15128,1.149165,1.151165,-1.0
2025-06-19 20:00:00-04:00,1.151165,1.153035,1.15108,1.152955,-1.0
2025-06-20 00:00:00-04:00,1.152955,1.153245,1.15101,1.151655,-1.0
2025-06-20 04:00:00-04:00,1.151655,1.153515,1.15115,1.152115,-1.0
2025-06-20 08:00:00-04:00,1.152115,1.1529,1.14952,1.151975,-1.0
2025-06-20 12:00:00-04:00,1.151975,1.1544,1.15155,1.151585,-1.0
2025-06-20 16:00:00-04:00,1.151585,1.152335,1.151385,1.15233,-1.0
2025-06-22 17:15:00-04:00,1.14715,1.15075,1.146475,1.14997,-1.0
2025-06-22 20:00:00-04:00,1.14997,1.15068,1.14724,1.149405,-1.0
2025-06-23 00:00:00-04:00,1.149405,1.152115,1.14854,1.14988,-1.0
2025-06-23 04:00:00-04:00,1.14988,1.150215,1.145365,1.147275,-1.0
2025-06-23 08:00:00-04:00,1.147275,1.155215,1.145705,1.15375,-1.0
2025-06-23 12:00:00-04:00,1.15375,1.15789,1.1518,1.157845,-1.0
2025-06-23 16:00:00-04:00,1.157845,1.15817,1.157485,1.157705,-1.0
2025-06-23 17:15:00-04:00,1.15795,1.160845,1.15735,1.159815,-1.0
2025-06-23 20:00:00-04:00,1.159815,1.160985,1.158665,1.16058,-1.0
2025-06-24 00:00:00-04:00,1.16058,1.162245,1.15801,1.15916,-1.0
2025-06-24 04:00:00-04:00,1.15916,1.161815,1.158565,1.16084,-1.0
2025-06-24 08:00:00-04:00,1.16084,1.16418,1.15821,1.160715,-1.0
2025-06-24 12:00:00-04:00,1.160715,1.16328,1.1605,1.161275,-1.0
2025-06-24 16:00:00-04:00,1.161275,1.16157,1.160835,1.160955,-1.0
2025-06-24 17:15:00-04:00,1.161525,1.161665,1.16045,1.16124,-1.0
2025-06-24 20:00:00-04:00,1.16124,1.163185,1.161125,1.16119,-1.0
2025-06-25 00:00:00-04:00,1.16119,1.162265,1.15901,1.159905,-1.0
2025-06-25 04:00:00-04:00,1.159905,1.16134,1.15922,1.159945,-1.0
2025-06-25 08:00:00-04:00,1.159945,1.162975,1.159015,1.16199,-1.0
2025-06-25 12:00:00-04:00,1.16199,1.16652,1.16197,1.16584,-1.0
2025-06-25 16:00:00-04:00,1.16584,1.16611,1.165135,1.165945,-1.0
2025-06-25 17:15:00-04:00,1.1656,1.168475,1.165465,1.168345,-1.0
2025-06-25 20:00:00-04:00,1.168345,1.171755,1.16672,1.169465,-1.0
2025-06-26 00:00:00-04:00,1.169465,1.171335,1.16718,1.171035,-1.0
2025-06-26 04:00:00-04:00,1.171035,1.17451,1.169375,1.16948,-1.0
2025-06-26 08:00:00-04:00,1.16948,1.172095,1.168995,1.17168,-1.0
2025-06-26 12:00:00-04:00,1.17168,1.174035,1.170405,1.17045,-1.0
2025-06-26 16:00:00-04:00,1.17045,1.17086,1.169415,1.170045,-1.0
2025-06-26 17:15:00-04:00,1.170895,1.170955,1.1681,1.169335,-1.0
2025-06-26 20:00:00-04:00,1.169335,1.17096,1.1686,1.16958,-1.0
2025-06-27 00:00:00-04:00,1.16958,1.172705,1.16836,1.171465,-1.0
2025-06-27 04:00:00-04:00,1.171465,1.17263,1.170135,1.171415,-1.0
2025-06-27 08:00:00-04:00,1.171415,1.175415,1.170305,1.172355,-1.0
2025-06-27 12:00:00-04:00,1.172355,1.17325,1.168785,1.170675,-1.0
2025-06-27 16:00:00-04:00,1.170675,1.17213,1.17062,1.170985,-1.0
2025-06-29 17:15:00-04:00,1.17275,1.17388,1.17219,1.17268,-1.0
2025-06-29 20:00:00-04:00,1.17268,1.17347,1.171185,1.171225,-1.0
2025-06-30 00:00:00-04:00,1.171225,1.17508,1.171215,1.17247,-1.0
2025-06-30 04:00:00-04:00,1.17247,1.173285,1.171355,1.172305,-1.0
2025-06-30 08:00:00-04:00,1.172305,1.17718,1.170785,1.176985,-1.0
2025-06-30 12:00:00-04:00,1.176985,1.17808,1.17489,1.17797,-1.0
2025-06-30 16:00:00-04:00,1.17797,1.178865,1.177755,1.17873,-1.0
2025-06-30 17:15:00-04:00,1.17795,1.17912,1.177785,1.17865,-1.0
2025-06-30 20:00:00-04:00,1.17865,1.180795,1.1778,1.178945,-1.0
2025-07-01 00:00:00-04:00,1.178945,1.1794,1.176735,1.178595,-1.0
2025-07-01 04:00:00-04:00,1.178595,1.183005,1.177455,1.1814,-1.0
2025-07-01 08:00:00-04:00,1.1814,1.18176,1.1769,1.177595,-1.0
2025-07-01 12:00:00-04:00,1.177595,1.179145,1.176145,1.1791,-1.0
2025-07-01 16:00:00-04:00,1.1791,1.180685,1.179085,1.180625,-1.0
2025-07-01 17:15:00-04:00,1.180205,1.1807,1.17992,1.180535,-1.0
2025-07-01 20:00:00-04:00,1.180535,1.181005,1.17885,1.18004,-1.0
2025-07-02 00:00:00-04:00,1.18004,1.18013,1.177115,1.177415,-1.0
2025-07-02 04:00:00-04:00,1.177415,1.178155,1.174685,1.174985,-1.0
2025-07-02 08:00:00-04:00,1.174985,1.17899,1.174725,1.17894,-1.0
2025-07-02 12:00:00-04:00,1.17894,1.18034,1.178565,1.18025,-1.0
2025-07-02 16:00:00-04:00,1.18025,1.180265,1.17957,1.179905,-1.0
2025-07-02 17:15:00-04:00,1.179775,1.18023,1.178835,1.17988,-1.0
2025-07-02 20:00:00-04:00,1.17988,1.181025,1.178935,1.179175,-1.0
2025-07-03 00:00:00-04:00,1.179175,1.181015,1.178685,1.180145,-1.0
2025-07-03 04:00:00-04:00,1.180145,1.18084,1.17831,1.178485,-1.0
2025-07-03 08:00:00-04:00,1.178485,1.17899,1.17176,1.1757,-1.0
2025-07-03 12:00:00-04:00,1.1757,1.17584,1.174,1.174775,-1.0
2025-07-03 16:00:00-04:00,1.174775,1.17598,1.17464,1.175695,-1.0
2025-07-03 17:15:00-04:00,1.175475,1.17715,1.17528,1.176925,-1.0
2025-07-03 20:00:00-04:00,1.176925,1.17726,1.17561,1.17702,-1.0
2025-07-04 00:00:00-04:00,1.17702,1.17854,1.176755,1.176985,-1.0
2025-07-04 04:00:00-04:00,1.176985,1.178225,1.17682,1.1769,-1.0
2025-07-04 08:00:00-04:00,1.1769,1.17876,1.176385,1.177865,-1.0
2025-07-04 12:00:00-04:00,1.177865,1.17818,1.177245,1.177515,-1.0
2025-07-04 16:00:00-04:00,1.177515,1.178475,1.17742,1.1775,-1.0
2025-07-06 17:15:00-04:00,1.178355,1.178355,1.17734,1.178035,-1.0
2025-07-06 20:00:00-04:00,1.178035,1.17903,1.176485,1.17692,-1.0
2025-07-07 00:00:00-04:00,1.17692,1.177385,1.17455,1.17456,-1.0
2025-07-07 04:00:00-04:00,1.17456,1.17474,1.172225,1.17295,-1.0
2025-07-07 08:00:00-04:00,1.17295,1.17455,1.1718,1.173325,-1.0
2025-07-07 12:00:00-04:00,1.173325,1.17398,1.16868,1.171945,-1.0
2025-07-07 16:00:00-04:00,1.171945,1.17214,1.17069,1.17082,-1.0
2025-07-07 17:15:00-04:00,1.171025,1.17388,1.170805,1.17367,-1.0
2025-07-07 20:00:00-04:00,1.17367,1.174885,1.17309,1.17469,-1.0
2025-07-08 00:00:00-04:00,1.17469,1.176525,1.173175,1.176005,-1.0
2025-07-08 04:00:00-04:00,1.176005,1.176055,1.172145,1.17218,-1.0
2025-07-08 08:00:00-04:00,1.17218,1.17246,1.16824,1.170675,-1.0
2025-07-08 12:00:00-04:00,1.170675,1.172985,1.16964,1.172435,-1.0
2025-07-08 16:00:00-04:00,1.172435,1.172905,1.172255,1.17253,-1.0
2025-07-08 17:15:00-04:00,1.1721,1.172945,1.172085,1.172345,-1.0
2025-07-08 20:00:00-04:00,1.172345,1.17261,1.17031,1.1704,-1.0
2025-07-09 00:00:00-04:00,1.1704,1.172865,1.17016,1.170765,-1.0
2025-07-09 04:00:00-04:00,1.170765,1.172015,1.168955,1.16912,-1.0
2025-07-09 08:00:00-04:00,1.16912,1.17245,1.16912,1.17062,-1.0
2025-07-09 12:00:00-04:00,1.17062,1.172335,1.17008,1.171905,-1.0
2025-07-09 16:00:00-04:00,1.171905,1.17238,1.17116,1.172045,-1.0
2025-07-09 17:15:00-04:00,1.171475,1.174005,1.171475,1.17381,-1.0
2025-07-09 20:00:00-04:00,1.17381,1.174965,1.173395,1.17341,-1.0
2025-07-10 00:00:00-04:00,1.17341,1.174355,1.172615,1.173315,-1.0
2025-07-10 04:00:00-04:00,1.173315,1.173435,1.17081,1.17119,-1.0
2025-07-10 08:00:00-04:00,1.17119,1.17147,1.16627,1.16873,-1.0
2025-07-10 12:00:00-04:00,1.16873,1.169915,1.168155,1.169545,-1.0
2025-07-10 16:00:00-04:00,1.169545,1.170085,1.169445,1.170045,-1.0
2025-07-10 17:15:00-04:00,1.16985,1.17074,1.16985,1.17018,-1.0
2025-07-10 20:00:00-04:00,1.17018,1.17048,1.16648,1.168165,-1.0
2025-07-11 00:00:00-04:00,1.168165,1.16959,1.16692,1.16889,-1.0
2025-07-11 04:00:00-04:00,1.16889,1.17011,1.16797,1.16878,-1.0
2025-07-11 08:00:00-04:00,1.16878,1.17144,1.16741,1.169625,-1.0
2025-07-11 12:00:00-04:00,1.169625,1.16981,1.168585,1.16881,-1.0
2025-07-11 16:00:00-04:00,1.16881,1.16944,1.167895,1.16887,-1.0
2025-07-13 17:15:00-04:00,1.16683,1.168475,1.166155,1.16826,-1.0
2025-07-13 20:00:00-04:00,1.16826,1.16978,1.16728,1.16811,-1.0
2025-07-14 00:00:00-04:00,1.16811,1.168755,1.16544,1.16858,-1.0
2025-07-14 04:00:00-04:00,1.16858,1.169725,1.167965,1.168875,-1.0
2025-07-14 08:00:00-04:00,1.168875,1.169605,1.16671,1.167125,-1.0
2025-07-14 12:00:00-04:00,1.167125,1.167585,1.16591,1.166815,-1.0
2025-07-14 16:00:00-04:00,1.166815,1.16692,1.16634,1.16645,-1.0
2025-07-14 17:15:00-04:00,1.166265,1.166785,1.16606,1.166535,-1.0
2025-07-14 20:00:00-04:00,1.166535,1.16778,1.16648,1.167595,-1.0
2025-07-15 00:00:00-04:00,1.167595,1.16927,1.16718,1.16905,-1.0
2025-07-15 04:00:00-04:00,1.16905,1.16914,1.16676,1.166965,-1.0
2025-07-15 08:00:00-04:00,1.166965,1.169115,1.16008,1.16179,-1.0
2025-07-15 12:00:00-04:00,1.16179,1.16205,1.159285,1.160105,-1.0
2025-07-15 16:00:00-04:00,1.160105,1.160385,1.15995,1.160125,-1.0
2025-07-15 17:15:00-04:00,1.15995,1.160795,1.15988,1.16073,-1.0
2025-07-15 20:00:00-04:00,1.16073,1.161555,1.160245,1.161115,-1.0
2025-07-16 00:00:00-04:00,1.161115,1.16285,1.161025,1.161875,-1.0
2025-07-16 04:00:00-04:00,1.161875,1.162645,1.160085,1.16036,-1.0
2025-07-16 08:00:00-04:00,1.16036,1.172165,1.156225,1.162885,-1.0
2025-07-16 12:00:00-04:00,1.162885,1.165865,1.161565,1.1636,-1.0
2025-07-16 16:00:00-04:00,1.1636,1.16427,1.16334,1.164145,-1.0
2025-07-16 17:15:00-04:00,1.163475,1.164265,1.16333,1.163555,-1.0
2025-07-16 20:00:00-04:00,1.163555,1.16363,1.16136,1.161905,-1.0
2025-07-17 00:00:00-04:00,1.161905,1.16275,1.157335,1.15907,-1.0
2025-07-17 04:00:00-04:00,1.15907,1.16053,1.157035,1.157455,-1.0
2025-07-17 08:00:00-04:00,1.157455,1.16028,1.15567,1.159645,-1.0
2025-07-17 12:00:00-04:00,1.159645,1.160195,1.157995,1.15976,-1.0
2025-07-17 16:00:00-04:00,1.15976,1.160035,1.15942,1.159655,-1.0
2025-07-17 17:15:00-04:00,1.1595,1.161975,1.159475,1.161515,-1.0
2025-07-17 20:00:00-04:00,1.161515,1.16344,1.161455,1.1624,-1.0
2025-07-18 00:00:00-04:00,1.1624,1.16313,1.16119,1.1629,-1.0
2025-07-18 04:00:00-04:00,1.1629,1.1648,1.16281,1.164445,-1.0
2025-07-18 08:00:00-04:00,1.164445,1.167195,1.164265,1.164465,-1.0
2025-07-18 12:00:00-04:00,1.164465,1.164885,1.16172,1.16225,-1.0
2025-07-18 16:00:00-04:00,1.16225,1.16297,1.161925,1.16225,-1.0
2025-07-20 17:15:00-04:00,1.16305,1.163555,1.162235,1.16297,-1.0
2025-07-20 20:00:00-04:00,1.16297,1.163635,1.161455,1.162535,-1.0
2025-07-21 00:00:00-04:00,1.162535,1.16475,1.162315,1.164355,-1.0
2025-07-21 04:00:00-04:00,1.164355,1.166995,1.163375,1.16677,-1.0
2025-07-21 08:00:00-04:00,1.16677,1.17168,1.165785,1.170485,-1.0
2025-07-21 12:00:00-04:00,1.170485,1.170585,1.168595,1.16896,-1.0
2025-07-21 16:00:00-04:00,1.16896,1.16969,1.16882,1.16937,-1.0
2025-07-21 17:15:00-04:00,1.16913,1.169595,1.169045,1.169485,-1.0
2025-07-21 20:00:00-04:00,1.169485,1.169575,1.168265,1.168725,-1.0
2025-07-22 00:00:00-04:00,1.168725,1.16946,1.16819,1.168605,-1.0
2025-07-22 04:00:00-04:00,1.168605,1.17095,1.168395,1.170145,-1.0
2025-07-22 08:00:00-04:00,1.170145,1.174905,1.167885,1.1748,-1.0
2025-07-22 12:00:00-04:00,1.1748,1.176065,1.174195,1.17516,-1.0
2025-07-22 16:00:00-04:00,1.17516,1.17548,1.1745,1.175415,-1.0
2025-07-22 17:15:00-04:00,1.175425,1.17561,1.173625,1.173805,-1.0
2025-07-22 20:00:00-04:00,1.173805,1.17489,1.173065,1.173915,-1.0
2025-07-23 00:00:00-04:00,1.173915,1.175295,1.172725,1.174205,-1.0
2025-07-23 04:00:00-04:00,1.174205,1.174815,1.172315,1.17257,-1.0
2025-07-23 08:00:00-04:00,1.17257,1.17585,1.17109,1.174675,-1.0
2025-07-23 12:00:00-04:00,1.174675,1.177515,1.17431,1.177325,-1.0
2025-07-23 16:00:00-04:00,1.177325,1.17752,1.17664,1.17711,-1.0
2025-07-23 17:15:00-04:00,1.176975,1.17791,1.176925,1.177335,-1.0
2025-07-23 20:00:00-04:00,1.177335,1.178005,1.17622,1.177515,-1.0
2025-07-24 00:00:00-04:00,1.177515,1.177825,1.17552,1.17616,-1.0
2025-07-24 04:00:00-04:00,1.17616,1.17683,1.174355,1.175585,-1.0
2025-07-24 08:00:00-04:00,1.175585,1.17889,1.173065,1.17648,-1.0
2025-07-24 12:00:00-04:00,1.17648,1.177805,1.175695,1.17583,-1.0
2025-07-24 16:00:00-04:00,1.17583,1.176005,1.174525,1.17479,-1.0
2025-07-24 17:15:00-04:00,1.17438,1.17574,1.174355,1.17547,-1.0
2025-07-24 20:00:00-04:00,1.17547,1.17588,1.17339,1.174255,-1.0
2025-07-25 00:00:00-04:00,1.174255,1.17609,1.17343,1.1753,-1.0
2025-07-25 04:00:00-04:00,1.1753,1.17581,1.17114,1.1721,-1.0
2025-07-25 08:00:00-04:00,1.1721,1.17387,1.17031,1.17289,-1.0
2025-07-25 12:00:00-04:00,1.17289,1.174715,1.172025,1.174385,-1.0
2025-07-25 16:00:00-04:00,1.174385,1.17439,1.173755,1.174215,-1.0
2025-07-27 17:15:00-04:00,1.17566,1.17691,1.17512,1.175535,-1.0
2025-07-27 20:00:00-04:00,1.175535,1.17705,1.17465,1.175655,-1.0
2025-07-28 00:00:00-04:00,1.175655,1.175815,1.16706,1.16749,-1.0
2025-07-28 04:00:00-04:00,1.16749,1.169035,1.16437,1.165115,-1.0
2025-07-28 08:00:00-04:00,1.165115,1.16651,1.16081,1.16089,-1.0
2025-07-28 12:00:00-04:00,1.16089,1.161085,1.15853,1.15917,-1.0
2025-07-28 16:00:00-04:00,1.15917,1.15942,1.158525,1.15892,-1.0
2025-07-28 17:15:00-04:00,1.159125,1.159705,1.15874,1.15964,-1.0
2025-07-28 20:00:00-04:00,1.15964,1.159925,1.15815,1.158305,-1.0
2025-07-29 00:00:00-04:00,1.158305,1.159045,1.15269,1.155475,-1.0
2025-07-29 04:00:00-04:00,1.155475,1.15884,1.153735,1.154015,-1.0
2025-07-29 08:00:00-04:00,1.154015,1.155185,1.151895,1.15335,-1.0
2025-07-29 12:00:00-04:00,1.15335,1.15607,1.15334,1.155,-1.0
2025-07-29 16:00:00-04:00,1.155,1.155255,1.15444,1.154735,-1.0
2025-07-29 17:15:00-04:00,1.154725,1.15511,1.154665,1.1551,-1.0
2025-07-29 20:00:00-04:00,1.1551,1.15727,1.155075,1.156175,-1.0
2025-07-30 00:00:00-04:00,1.156175,1.156875,1.154025,1.15534,-1.0
2025-07-30 04:00:00-04:00,1.15534,1.156075,1.152195,1.15311,-1.0
2025-07-30 08:00:00-04:00,1.15311,1.153475,1.145815,1.14688,-1.0
2025-07-30 12:00:00-04:00,1.14688,1.150325,1.14141,1.142395,-1.0
2025-07-30 16:00:00-04:00,1.142395,1.14296,1.140095,1.1405,-1.0
2025-07-30 17:15:00-04:00,1.14043,1.14305,1.140405,1.14281,-1.0
2025-07-30 20:00:00-04:00,1.14281,1.14381,1.14077,1.142335,-1.0
2025-07-31 00:00:00-04:00,1.142335,1.146085,1.14195,1.144885,-1.0
2025-07-31 04:00:00-04:00,1.144885,1.145495,1.14208,1.144925,-1.0
2025-07-31 08:00:00-04:00,1.144925,1.1451,1.140595,1.14302,-1.0
2025-07-31 12:00:00-04:00,1.14302,1.143315,1.141215,1.141245,-1.0
2025-07-31 16:00:00-04:00,1.141245,1.141825,1.14095,1.14151,-1.0
2025-07-31 17:15:00-04:00,1.14165,1.14261,1.141175,1.142195,-1.0
2025-07-31 20:00:00-04:00,1.142195,1.1429,1.1405,1.14184,-1.0
2025-08-01 00:00:00-04:00,1.14184,1.143815,1.141275,1.14188,-1.0
2025-08-01 04:00:00-04:00,1.14188,1.142255,1.139325,1.14046,-1.0
2025-08-01 08:00:00-04:00,1.14046,1.158835,1.139165,1.15544,-1.0
2025-08-01 12:00:00-04:00,1.15544,1.158235,1.151655,1.156915,-1.0
2025-08-01 16:00:00-04:00,1.156915,1.159705,1.156885,1.158545,-1.0
2025-08-03 17:15:00-04:00,1.15948,1.159685,1.15781,1.15877,-1.0
2025-08-03 20:00:00-04:00,1.15877,1.158885,1.155035,1.15792,-1.0
2025-08-04 00:00:00-04:00,1.15792,1.15855,1.15507,1.15638,-1.0
2025-08-04 04:00:00-04:00,1.15638,1.15864,1.15497,1.156685,-1.0
2025-08-04 08:00:00-04:00,1.156685,1.15884,1.15569,1.156705,-1.0
2025-08-04 12:00:00-04:00,1.156705,1.15778,1.1557,1.156815,-1.0
2025-08-04 16:00:00-04:00,1.156815,1.15761,1.156545,1.157205,-1.0
2025-08-04 17:15:00-04:00,1.15715,1.158565,1.15681,1.158395,-1.0
2025-08-04 20:00:00-04:00,1.158395,1.15878,1.155425,1.155545,-1.0
2025-08-05 00:00:00-04:00,1.155545,1.156235,1.153325,1.15462,-1.0
2025-08-05 04:00:00-04:00,1.15462,1.15492,1.15278,1.15395,-1.0
2025-08-05 08:00:00-04:00,1.15395,1.158475,1.153035,1.15796,-1.0
2025-08-05 12:00:00-04:00,1.15796,1.15861,1.156645,1.157265,-1.0
2025-08-05 16:00:00-04:00,1.157265,1.15776,1.157135,1.157535,-1.0
2025-08-05 17:15:00-04:00,1.157325,1.158145,1.15711,1.157865,-1.0
2025-08-05 20:00:00-04:00,1.157865,1.15853,1.156445,1.158015,-1.0
2025-08-06 00:00:00-04:00,1.158015,1.158815,1.157145,1.1581,-1.0
2025-08-06 04:00:00-04:00,1.1581,1.16151,1.157045,1.160415,-1.0
2025-08-06 08:00:00-04:00,1.160415,1.1647,1.16005,1.16463,-1.0
2025-08-06 12:00:00-04:00,1.16463,1.166855,1.163075,1.165675,-1.0
2025-08-06 16:00:00-04:00,1.165675,1.16605,1.16503,1.165965,-1.0
2025-08-06 17:15:00-04:00,1.165775,1.166605,1.16551,1.166305,-1.0
2025-08-06 20:00:00-04:00,1.166305,1.16655,1.164955,1.166465,-1.0
2025-08-07 00:00:00-04:00,1.166465,1.16913,1.16631,1.16897,-1.0
2025-08-07 04:00:00-04:00,1.16897,1.169895,1.163415,1.16446,-1.0
2025-08-07 08:00:00-04:00,1.16446,1.16627,1.1611,1.163985,-1.0
2025-08-07 12:00:00-04:00,1.163985,1.16568,1.161925,1.165455,-1.0
2025-08-07 16:00:00-04:00,1.165455,1.16717,1.165455,1.16651,-1.0
2025-08-07 17:15:00-04:00,1.16665,1.167825,1.166225,1.167705,-1.0
2025-08-07 20:00:00-04:00,1.167705,1.167945,1.165505,1.165985,-1.0
2025-08-08 00:00:00-04:00,1.165985,1.166465,1.16391,1.16592,-1.0
2025-08-08 04:00:00-04:00,1.16592,1.166295,1.16287,1.16438,-1.0
2025-08-08 08:00:00-04:00,1.16438,1.16678,1.16378,1.16598,-1.0
2025-08-08 12:00:00-04:00,1.16598,1.166695,1.163635,1.16426,-1.0
2025-08-08 16:00:00-04:00,1.16426,1.164365,1.163845,1.164005,-1.0
2025-08-10 17:15:00-04:00,1.16487,1.165145,1.16436,1.16476,-1.0
2025-08-10 20:00:00-04:00,1.16476,1.16755,1.164215,1.16713,-1.0
2025-08-11 00:00:00-04:00,1.16713,1.16755,1.164595,1.164715,-1.0
2025-08-11 04:00:00-04:00,1.164715,1.16604,1.16232,1.162865,-1.0
2025-08-11 08:00:00-04:00,1.162865,1.163115,1.15901,1.16065,-1.0
2025-08-11 12:00:00-04:00,1.16065,1.161435,1.15986,1.1605,-1.0
2025-08-11 16:00:00-04:00,1.1605,1.16196,1.16043,1.16152,-1.0
2025-08-11 17:15:00-04:00,1.16135,1.16189,1.16105,1.161645,-1.0
2025-08-11 20:00:00-04:00,1.161645,1.162575,1.16119,1.162075,-1.0
2025-08-12 00:00:00-04:00,1.162075,1.16291,1.160805,1.162035,-1.0
2025-08-12 04:00:00-04:00,1.162035,1.16224,1.159875,1.16052,-1.0
2025-08-12 08:00:00-04:00,1.16052,1.16974,1.16013,1.16722,-1.0
2025-08-12 12:00:00-04:00,1.16722,1.1686,1.166455,1.167465,-1.0
2025-08-12 16:00:00-04:00,1.167465,1.167735,1.167185,1.167475,-1.0
2025-08-12 17:15:00-04:00,1.167475,1.16793,1.166965,1.167765,-1.0
2025-08-12 20:00:00-04:00,1.167765,1.168765,1.167065,1.16839,-1.0
2025-08-13 00:00:00-04:00,1.16839,1.171295,1.16767,1.17081,-1.0
2025-08-13 04:00:00-04:00,1.17081,1.173025,1.17071,1.1719,-1.0
2025-08-13 08:00:00-04:00,1.1719,1.17236,1.169295,1.17137,-1.0
2025-08-13 12:00:00-04:00,1.17137,1.17152,1.169595,1.16995,-1.0
2025-08-13 16:00:00-04:00,1.16995,1.1707,1.16993,1.17057,-1.0
2025-08-13 17:15:00-04:00,1.170225,1.17126,1.170225,1.171225,-1.0
2025-08-13 20:00:00-04:00,1.171225,1.17151,1.169905,1.170355,-1.0
2025-08-14 00:00:00-04:00,1.170355,1.170665,1.16779,1.16798,-1.0
2025-08-14 04:00:00-04:00,1.16798,1.169745,1.16679,1.168845,-1.0
2025-08-14 08:00:00-04:00,1.168845,1.16925,1.163755,1.1643,-1.0
2025-08-14 12:00:00-04:00,1.1643,1.16504,1.163115,1.164815,-1.0
2025-08-14 16:00:00-04:00,1.164815,1.165025,1.16448,1.16475,-1.0
2025-08-14 17:15:00-04:00,1.16495,1.165325,1.164635,1.165065,-1.0
2025-08-14 20:00:00-04:00,1.165065,1.166465,1.16468,1.16601,-1.0
2025-08-15 00:00:00-04:00,1.16601,1.168425,1.1659,1.168285,-1.0
2025-08-15 04:00:00-04:00,1.168285,1.169195,1.16766,1.168765,-1.0
2025-08-15 08:00:00-04:00,1.168765,1.17153,1.167345,1.17068,-1.0
2025-08-15 12:00:00-04:00,1.17068,1.17082,1.169865,1.1701,-1.0
2025-08-15 16:00:00-04:00,1.1701,1.170815,1.170065,1.17019,-1.0
2025-08-17 17:15:00-04:00,1.171175,1.17163,1.170385,1.17064,-1.0
2025-08-17 20:00:00-04:00,1.17064,1.17107,1.169375,1.17037,-1.0
2025-08-18 00:00:00-04:00,1.17037,1.17104,1.168025,1.168135,-1.0
2025-08-18 04:00:00-04:00,1.168135,1.168845,1.167105,1.167495,-1.0
2025-08-18 08:00:00-04:00,1.167495,1.16845,1.166045,1.16673,-1.0
2025-08-18 12:00:00-04:00,1.16673,1.16706,1.1656,1.166725,-1.0
2025-08-18 16:00:00-04:00,1.166725,1.16694,1.16601,1.16608,-1.0
2025-08-18 17:15:00-04:00,1.166175,1.16751,1.166095,1.166795,-1.0
2025-08-18 20:00:00-04:00,1.166795,1.167015,1.16391,1.165505,-1.0
2025-08-19 00:00:00-04:00,1.165505,1.16843,1.16512,1.16837,-1.0
2025-08-19 04:00:00-04:00,1.16837,1.16929,1.167165,1.16857,-1.0
2025-08-19 08:00:00-04:00,1.16857,1.16881,1.165775,1.16587,-1.0
2025-08-19 12:00:00-04:00,1.16587,1.16632,1.16424,1.164645,-1.0
2025-08-19 16:00:00-04:00,1.164645,1.16481,1.16448,1.16467,-1.0
2025-08-19 17:15:00-04:00,1.164985,1.1651,1.1641,1.16415,-1.0
2025-08-19 20:00:00-04:00,1.16415,1.16425,1.162205,1.16331,-1.0
2025-08-20 00:00:00-04:00,1.16331,1.164685,1.16232,1.164485,-1.0
2025-08-20 04:00:00-04:00,1.164485,1.165765,1.16317,1.164195,-1.0
2025-08-20 08:00:00-04:00,1.164195,1.16738,1.164195,1.16481,-1.0
2025-08-20 12:00:00-04:00,1.16481,1.167255,1.164795,1.16528,-1.0
2025-08-20 16:00:00-04:00,1.16528,1.165315,1.16471,1.165155,-1.0
2025-08-20 17:15:00-04:00,1.16545,1.165605,1.164835,1.165105,-1.0
2025-08-20 20:00:00-04:00,1.165105,1.165165,1.164135,1.16461,-1.0
2025-08-21 00:00:00-04:00,1.16461,1.16613,1.162495,1.16585,-1.0
2025-08-21 04:00:00-04:00,1.16585,1.16629,1.16396,1.16404,-1.0
2025-08-21 08:00:00-04:00,1.16404,1.16564,1.16012,1.16044,-1.0
2025-08-21 12:00:00-04:00,1.16044,1.16187,1.16015,1.1605,-1.0
2025-08-21 16:00:00-04:00,1.1605,1.16085,1.160345,1.160575,-1.0
2025-08-21 17:15:00-04:00,1.1607,1.16149,1.160515,1.161255,-1.0
2025-08-21 20:00:00-04:00,1.161255,1.161665,1.158895,1.15898,-1.0
2025-08-22 00:00:00-04:00,1.15898,1.1599,1.158305,1.15947,-1.0
2025-08-22 04:00:00-04:00,1.15947,1.16065,1.15913,1.16045,-1.0
2025-08-22 08:00:00-04:00,1.16045,1.17323,1.15976,1.17122,-1.0
2025-08-22 12:00:00-04:00,1.17122,1.17428,1.171195,1.171995,-1.0
2025-08-22 16:00:00-04:00,1.171995,1.172705,1.17165,1.17168,-1.0
2025-08-24 17:15:00-04:00,1.172325,1.172745,1.170755,1.170845,-1.0
2025-08-24 20:00:00-04:00,1.170845,1.17085,1.16936,1.170675,-1.0
2025-08-25 00:00:00-04:00,1.170675,1.172065,1.169465,1.16977,-1.0
2025-08-25 04:00:00-04:00,1.16977,1.171095,1.168525,1.17028,-1.0
2025-08-25 08:00:00-04:00,1.17028,1.17092,1.16655,1.16692,-1.0
2025-08-25 12:00:00-04:00,1.16692,1.166945,1.16029,1.16096,-1.0
2025-08-25 16:00:00-04:00,1.16096,1.162555,1.16093,1.161855,-1.0
2025-08-25 17:15:00-04:00,1.16195,1.16227,1.161255,1.16145,-1.0
2025-08-25 20:00:00-04:00,1.16145,1.166005,1.161015,1.16257,-1.0
2025-08-26 00:00:00-04:00,1.16257,1.16444,1.160215,1.162175,-1.0
2025-08-26 04:00:00-04:00,1.162175,1.16608,1.160585,1.165395,-1.0
2025-08-26 08:00:00-04:00,1.165395,1.16654,1.16372,1.165565,-1.0
2025-08-26 12:00:00-04:00,1.165565,1.166165,1.163355,1.16406,-1.0
2025-08-26 16:00:00-04:00,1.16406,1.164325,1.163365,1.164235,-1.0
2025-08-26 17:15:00-04:00,1.164545,1.164805,1.16369,1.16372,-1.0
2025-08-26 20:00:00-04:00,1.16372,1.164185,1.162185,1.162515,-1.0
2025-08-27 00:00:00-04:00,1.162515,1.16254,1.15962,1.16035,-1.0
2025-08-27 04:00:00-04:00,1.16035,1.160365,1.15741,1.158605,-1.0
2025-08-27 08:00:00-04:00,1.158605,1.16123,1.15822,1.161075,-1.0
2025-08-27 12:00:00-04:00,1.161075,1.164295,1.161065,1.163375,-1.0
2025-08-27 16:00:00-04:00,1.163375,1.16396,1.16315,1.16386,-1.0
2025-08-27 17:15:00-04:00,1.1637,1.16479,1.16361,1.164755,-1.0
2025-08-27 20:00:00-04:00,1.164755,1.165485,1.164155,1.164305,-1.0
2025-08-28 00:00:00-04:00,1.164305,1.164985,1.163385,1.164375,-1.0
2025-08-28 04:00:00-04:00,1.164375,1.167485,1.162905,1.16667,-1.0
2025-08-28 08:00:00-04:00,1.16667,1.16872,1.16587,1.16722,-1.0
2025-08-28 12:00:00-04:00,1.16722,1.16974,1.167175,1.168265,-1.0
2025-08-28 16:00:00-04:00,1.168265,1.168395,1.1678,1.16837,-1.0
2025-08-28 17:15:00-04:00,1.167925,1.16819,1.16737,1.16787,-1.0
2025-08-28 20:00:00-04:00,1.16787,1.16822,1.165625,1.16627,-1.0
2025-08-29 00:00:00-04:00,1.16627,1.167715,1.165855,1.167605,-1.0
2025-08-29 04:00:00-04:00,1.167605,1.16904,1.166105,1.166295,-1.0
2025-08-29 08:00:00-04:00,1.166295,1.170895,1.165085,1.169445,-1.0
2025-08-29 12:00:00-04:00,1.169445,1.17073,1.16932,1.169835,-1.0
2025-08-29 16:00:00-04:00,1.169835,1.17007,1.168105,1.168525,-1.0
2025-08-31 17:15:00-04:00,1.169625,1.169655,1.16868,1.169035,-1.0
2025-08-31 20:00:00-04:00,1.169035,1.171455,1.168805,1.170825,-1.0
2025-09-01 00:00:00-04:00,1.170825,1.17335,1.170475,1.17254,-1.0
2025-09-01 04:00:00-04:00,1.17254,1.173645,1.171305,1.17145,-1.0
2025-09-01 08:00:00-04:00,1.17145,1.171785,1.169955,1.16997,-1.0
2025-09-01 12:00:00-04:00,1.16997,1.171385,1.169655,1.171305,-1.0
2025-09-01 16:00:00-04:00,1.171305,1.171355,1.171095,1.171125,-1.0
2025-09-01 17:15:00-04:00,1.17085,1.17183,1.170825,1.17149,-1.0
2025-09-01 20:00:00-04:00,1.17149,1.171585,1.169235,1.16952,-1.0
2025-09-02 00:00:00-04:00,1.16952,1.170665,1.16429,1.164635,-1.0
2025-09-02 04:00:00-04:00,1.164635,1.16557,1.162395,1.164665,-1.0
2025-09-02 08:00:00-04:00,1.164665,1.16827,1.161285,1.165265,-1.0
2025-09-02 12:00:00-04:00,1.165265,1.165485,1.16297,1.164135,-1.0
2025-09-02 16:00:00-04:00,1.164135,1.164355,1.16389,1.16402,-1.0
2025-09-02 17:15:00-04:00,1.163775,1.16444,1.163275,1.163295,-1.0
2025-09-02 20:00:00-04:00,1.163295,1.16366,1.162305,1.162355,-1.0
2025-09-03 00:00:00-04:00,1.162355,1.16431,1.16082,1.16358,-1.0
2025-09-03 04:00:00-04:00,1.16358,1.166485,1.16356,1.16516,-1.0
2025-09-03 08:00:00-04:00,1.16516,1.16822,1.163865,1.16752,-1.0
2025-09-03 12:00:00-04:00,1.16752,1.167755,1.165585,1.165835,-1.0
2025-09-03 16:00:00-04:00,1.165835,1.166455,1.165565,1.166195,-1.0
2025-09-03 17:15:00-04:00,1.16605,1.16634,1.165675,1.166115,-1.0
2025-09-03 20:00:00-04:00,1.166115,1.166955,1.165045,1.16532,-1.0
2025-09-04 00:00:00-04:00,1.16532,1.166135,1.16441,1.165065,-1.0
2025-09-04 04:00:00-04:00,1.165065,1.16598,1.16393,1.16428,-1.0
2025-09-04 08:00:00-04:00,1.16428,1.165875,1.162985,1.16476,-1.0
2025-09-04 12:00:00-04:00,1.16476,1.1652,1.16339,1.165095,-1.0
2025-09-04 16:00:00-04:00,1.165095,1.16525,1.16485,1.16496,-1.0
2025-09-04 17:15:00-04:00,1.164895,1.165785,1.164855,1.16569,-1.0
2025-09-04 20:00:00-04:00,1.16569,1.16746,1.16524,1.167145,-1.0
2025-09-05 00:00:00-04:00,1.167145,1.167885,1.16651,1.167785,-1.0
2025-09-05 04:00:00-04:00,1.167785,1.16967,1.16753,1.16872,-1.0
2025-09-05 08:00:00-04:00,1.16872,1.175945,1.16862,1.175835,-1.0
2025-09-05 12:00:00-04:00,1.175835,1.17595,1.17131,1.17179,-1.0
2025-09-05 16:00:00-04:00,1.17179,1.17221,1.17148,1.1716,-1.0
2025-09-07 17:15:00-04:00,1.17175,1.172215,1.17037,1.17124,-1.0
2025-09-07 20:00:00-04:00,1.17124,1.17175,1.1705,1.17095,-1.0
2025-09-08 00:00:00-04:00,1.17095,1.173405,1.17061,1.17328,-1.0
2025-09-08 04:00:00-04:00,1.17328,1.174285,1.172005,1.172915,-1.0
2025-09-08 08:00:00-04:00,1.172915,1.175645,1.17228,1.17504,-1.0
2025-09-08 12:00:00-04:00,1.17504,1.176575,1.173495,1.17626,-1.0
2025-09-08 16:00:00-04:00,1.17626,1.176415,1.175955,1.17634,-1.0
2025-09-08 17:15:00-04:00,1.176175,1.1773,1.17591,1.17685,-1.0
2025-09-08 20:00:00-04:00,1.17685,1.177795,1.176335,1.1764,-1.0
2025-09-09 00:00:00-04:00,1.1764,1.177995,1.17478,1.175265,-1.0
2025-09-09 04:00:00-04:00,1.175265,1.177225,1.17412,1.17421,-1.0
2025-09-09 08:00:00-04:00,1.17421,1.176295,1.171575,1.17221,-1.0
2025-09-09 12:00:00-04:00,1.17221,1.172995,1.170375,1.17067,-1.0
2025-09-09 16:00:00-04:00,1.17067,1.17116,1.170445,1.170845,-1.0
2025-09-09 17:15:00-04:00,1.171215,1.17138,1.169735,1.17024,-1.0
2025-09-09 20:00:00-04:00,1.17024,1.17102,1.16894,1.17082,-1.0
2025-09-10 00:00:00-04:00,1.17082,1.17185,1.16825,1.17028,-1.0
2025-09-10 04:00:00-04:00,1.17028,1.17171,1.16911,1.17047,-1.0
2025-09-10 08:00:00-04:00,1.17047,1.173075,1.169115,1.17147,-1.0
2025-09-10 12:00:00-04:00,1.17147,1.17162,1.16935,1.170035,-1.0
2025-09-10 16:00:00-04:00,1.170035,1.17014,1.16937,1.16948,-1.0
2025-09-10 17:15:00-04:00,1.169645,1.17069,1.169625,1.170255,-1.0
2025-09-10 20:00:00-04:00,1.170255,1.17028,1.16929,1.169585,-1.0
2025-09-11 00:00:00-04:00,1.169585,1.169955,1.168385,1.16926,-1.0
2025-09-11 04:00:00-04:00,1.16926,1.16954,1.167745,1.16837,-1.0
2025-09-11 08:00:00-04:00,1.16837,1.17461,1.166105,1.173145,-1.0
2025-09-11 12:00:00-04:00,1.173145,1.17398,1.17279,1.17368,-1.0
2025-09-11 16:00:00-04:00,1.17368,1.17398,1.17336,1.17341,-1.0
2025-09-11 17:15:00-04:00,1.173425,1.174075,1.173305,1.173325,-1.0
2025-09-11 20:00:00-04:00,1.173325,1.173455,1.17228,1.17253,-1.0
2025-09-12 00:00:00-04:00,1.17253,1.174785,1.1721,1.174075,-1.0
2025-09-12 04:00:00-04:00,1.174075,1.17411,1.17127,1.172125,-1.0
2025-09-12 08:00:00-04:00,1.172125,1.172835,1.170125,1.171395,-1.0
2025-09-12 12:00:00-04:00,1.171395,1.17418,1.171005,1.17364,-1.0
2025-09-12 16:00:00-04:00,1.17364,1.17367,1.172875,1.173525,-1.0
2025-09-14 17:15:00-04:00,1.173125,1.173475,1.172515,1.172555,-1.0
2025-09-14 20:00:00-04:00,1.172555,1.173435,1.172195,1.173125,-1.0
2025-09-15 00:00:00-04:00,1.173125,1.17443,1.17163,1.17337,-1.0
2025-09-15 04:00:00-04:00,1.17337,1.17633,1.173005,1.17611,-1.0
2025-09-15 08:00:00-04:00,1.17611,1.17734,1.175085,1.17714,-1.0
2025-09-15 12:00:00-04:00,1.17714,1.177455,1.175605,1.176575,-1.0
2025-09-15 16:00:00-04:00,1.176575,1.176865,1.17602,1.17611,-1.0
2025-09-15 17:15:00-04:00,1.17652,1.17663,1.176175,1.176305,-1.0
2025-09-15 20:00:00-04:00,1.176305,1.178705,1.175745,1.178025,-1.0
2025-09-16 00:00:00-04:00,1.178025,1.180195,1.17737,1.179455,-1.0
2025-09-16 04:00:00-04:00,1.179455,1.18215,1.17902,1.18142,-1.0
2025-09-16 08:00:00-04:00,1.18142,1.18534,1.179035,1.18473,-1.0
2025-09-16 12:00:00-04:00,1.18473,1.18784,1.184635,1.18603,-1.0
2025-09-16 16:00:00-04:00,1.18603,1.186895,1.185835,1.186725,-1.0
2025-09-16 17:15:00-04:00,1.18578,1.187305,1.185775,1.18711,-1.0
2025-09-16 20:00:00-04:00,1.18711,1.18731,1.18513,1.185215,-1.0
2025-09-17 00:00:00-04:00,1.185215,1.186015,1.18382,1.184055,-1.0
2025-09-17 04:00:00-04:00,1.184055,1.185135,1.183275,1.18392,-1.0
2025-09-17 08:00:00-04:00,1.18392,1.185925,1.183405,1.184465,-1.0
2025-09-17 12:00:00-04:00,1.184465,1.19189,1.18191,1.182455,-1.0
2025-09-17 16:00:00-04:00,1.182455,1.182765,1.1808,1.1813,-1.0
2025-09-17 17:15:00-04:00,1.18125,1.182895,1.181245,1.182535,-1.0
2025-09-17 20:00:00-04:00,1.182535,1.182885,1.180765,1.181225,-1.0
2025-09-18 00:00:00-04:00,1.181225,1.183885,1.17805,1.18318,-1.0
2025-09-18 04:00:00-04:00,1.18318,1.18484,1.18199,1.182535,-1.0
2025-09-18 08:00:00-04:00,1.182535,1.182615,1.17502,1.177955,-1.0
2025-09-18 12:00:00-04:00,1.177955,1.179385,1.17722,1.178495,-1.0
2025-09-18 16:00:00-04:00,1.178495,1.178815,1.17814,1.178735,-1.0
2025-09-18 17:15:00-04:00,1.1789,1.179075,1.178415,1.178905,-1.0
2025-09-18 20:00:00-04:00,1.178905,1.17926,1.177215,1.17818,-1.0
2025-09-19 00:00:00-04:00,1.17818,1.178995,1.17574,1.177015,-1.0
2025-09-19 04:00:00-04:00,1.177015,1.1771,1.17351,1.173685,-1.0
2025-09-19 08:00:00-04:00,1.173685,1.1768,1.172885,1.17522,-1.0
2025-09-19 12:00:00-04:00,1.17522,1.17552,1.174115,1.17477,-1.0
2025-09-19 16:00:00-04:00,1.17477,1.17502,1.17406,1.17491,-1.0
2025-09-21 17:15:00-04:00,1.17462,1.174925,1.173565,1.173665,-1.0
2025-09-21 20:00:00-04:00,1.173665,1.17411,1.17262,1.173265,-1.0
2025-09-22 00:00:00-04:00,1.173265,1.175465,1.172645,1.174845,-1.0
2025-09-22 04:00:00-04:00,1.174845,1.178585,1.1747,1.177815,-1.0
2025-09-22 08:00:00-04:00,1.177815,1.178795,1.176285,1.17727,-1.0
2025-09-22 12:00:00-04:00,1.17727,1.180215,1.177145,1.179995,-1.0
2025-09-22 16:00:00-04:00,1.179995,1.18041,1.179795,1.180315,-1.0
2025-09-22 17:15:00-04:00,1.179475,1.180405,1.17947,1.18007,-1.0
2025-09-22 20:00:00-04:00,1.18007,1.182005,1.179675,1.18057,-1.0
2025-09-23 00:00:00-04:00,1.18057,1.180795,1.177905,1.179065,-1.0
2025-09-23 04:00:00-04:00,1.179065,1.181245,1.17841,1.179175,-1.0
2025-09-23 08:00:00-04:00,1.179175,1.180535,1.178425,1.179835,-1.0
2025-09-23 12:00:00-04:00,1.179835,1.18181,1.179155,1.181635,-1.0
2025-09-23 16:00:00-04:00,1.181635,1.181835,1.181185,1.18155,-1.0
2025-09-23 17:15:00-04:00,1.18145,1.18193,1.18111,1.181545,-1.0
2025-09-23 20:00:00-04:00,1.181545,1.181665,1.17949,1.17974,-1.0
2025-09-24 00:00:00-04:00,1.17974,1.180525,1.17843,1.178885,-1.0
2025-09-24 04:00:00-04:00,1.178885,1.178885,1.17465,1.174915,-1.0
2025-09-24 08:00:00-04:00,1.174915,1.175815,1.17282,1.174165,-1.0
2025-09-24 12:00:00-04:00,1.174165,1.174375,1.17303,1.173805,-1.0
2025-09-24 16:00:00-04:00,1.173805,1.17393,1.173525,1.173785,-1.0
2025-09-24 17:15:00-04:00,1.173825,1.174635,1.17381,1.174235,-1.0
2025-09-24 20:00:00-04:00,1.174235,1.17537,1.174065,1.17525,-1.0
2025-09-25 00:00:00-04:00,1.17525,1.17536,1.173145,1.17333,-1.0
2025-09-25 04:00:00-04:00,1.17333,1.17541,1.17306,1.17402,-1.0
2025-09-25 08:00:00-04:00,1.17402,1.17456,1.16668,1.167245,-1.0
2025-09-25 12:00:00-04:00,1.167245,1.168345,1.16455,1.16607,-1.0
2025-09-25 16:00:00-04:00,1.16607,1.166915,1.165935,1.166585,-1.0
2025-09-25 17:15:00-04:00,1.1659,1.1669,1.1659,1.16618,-1.0
2025-09-25 20:00:00-04:00,1.16618,1.167935,1.1658,1.16783,-1.0
2025-09-26 00:00:00-04:00,1.16783,1.168405,1.166855,1.16731,-1.0
2025-09-26 04:00:00-04:00,1.16731,1.168795,1.166165,1.166775,-1.0
2025-09-26 08:00:00-04:00,1.166775,1.17047,1.16667,1.169125,-1.0
2025-09-26 12:00:00-04:00,1.169125,1.17059,1.16867,1.17058,-1.0
2025-09-26 16:00:00-04:00,1.17058,1.170745,1.1699,1.170365,-1.0
2025-09-28 17:15:00-04:00,1.170325,1.170985,1.170155,1.17049,-1.0
2025-09-28 20:00:00-04:00,1.17049,1.172945,1.17045,1.17251,-1.0
2025-09-29 00:00:00-04:00,1.17251,1.17334,1.171755,1.172705,-1.0
2025-09-29 04:00:00-04:00,1.172705,1.173095,1.17078,1.172905,-1.0
2025-09-29 08:00:00-04:00,1.172905,1.175465,1.171855,1.172915,-1.0
2025-09-29 12:00:00-04:00,1.172915,1.17332,1.172005,1.17276,-1.0
2025-09-29 16:00:00-04:00,1.17276,1.172785,1.17235,1.172675,-1.0
2025-09-29 17:15:00-04:00,1.17267,1.17324,1.17246,1.17307,-1.0
2025-09-29 20:00:00-04:00,1.17307,1.17315,1.17123,1.17239,-1.0
2025-09-30 00:00:00-04:00,1.17239,1.17485,1.171865,1.17419,-1.0
2025-09-30 04:00:00-04:00,1.17419,1.176165,1.173665,1.174275,-1.0
2025-09-30 08:00:00-04:00,1.174275,1.175245,1.17166,1.173415,-1.0
2025-09-30 12:00:00-04:00,1.173415,1.176155,1.173385,1.17398,-1.0
2025-09-30 16:00:00-04:00,1.17398,1.174035,1.17331,1.173335,-1.0
2025-09-30 17:15:00-04:00,1.17375,1.174275,1.173345,1.17346,-1.0
2025-09-30 20:00:00-04:00,1.17346,1.17408,1.172975,1.173795,-1.0
2025-10-01 00:00:00-04:00,1.173795,1.177875,1.173795,1.174995,-1.0
2025-10-01 04:00:00-04:00,1.174995,1.176595,1.1716,1.173445,-1.0
2025-10-01 08:00:00-04:00,1.173445,1.17688,1.172135,1.1723,-1.0
2025-10-01 12:00:00-04:00,1.1723,1.174205,1.171555,1.173055,-1.0
2025-10-01 16:00:00-04:00,1.173055,1.173105,1.1726,1.172635,-1.0
2025-10-01 17:15:00-04:00,1.17293,1.173775,1.17289,1.173295,-1.0
2025-10-01 20:00:00-04:00,1.173295,1.1742,1.17238,1.173485,-1.0
2025-10-02 00:00:00-04:00,1.173485,1.175665,1.172965,1.17502,-1.0
2025-10-02 04:00:00-04:00,1.17502,1.17583,1.174495,1.175035,-1.0
2025-10-02 08:00:00-04:00,1.175035,1.17585,1.16832,1.169665,-1.0
2025-10-02 12:00:00-04:00,1.169665,1.17267,1.169525,1.171885,-1.0
2025-10-02 16:00:00-04:00,1.171885,1.172425,1.17146,1.171555,-1.0
2025-10-02 17:15:00-04:00,1.17174,1.172595,1.171465,1.17247,-1.0
2025-10-02 20:00:00-04:00,1.17247,1.17293,1.171645,1.172635,-1.0
2025-10-03 00:00:00-04:00,1.172635,1.173425,1.171505,1.17324,-1.0
2025-10-03 04:00:00-04:00,1.17324,1.17447,1.173105,1.173405,-1.0
2025-10-03 08:00:00-04:00,1.173405,1.175955,1.17269,1.174625,-1.0
2025-10-03 12:00:00-04:00,1.174625,1.174845,1.17268,1.174105,-1.0
2025-10-03 16:00:00-04:00,1.174105,1.174455,1.17387,1.174225,-1.0
2025-10-05 17:15:00-04:00,1.1725,1.173185,1.170635,1.171185,-1.0
2025-10-05 20:00:00-04:00,1.171185,1.173085,1.171015,1.172445,-1.0
2025-10-06 00:00:00-04:00,1.172445,1.172735,1.166235,1.166275,-1.0
2025-10-06 04:00:00-04:00,1.166275,1.167965,1.16517,1.167535,-1.0
2025-10-06 08:00:00-04:00,1.167535,1.17211,1.167295,1.170645,-1.0
2025-10-06 12:00:00-04:00,1.170645,1.1717,1.170315,1.17108,-1.0
2025-10-06 16:00:00-04:00,1.17108,1.17141,1.170845,1.17113,-1.0
2025-10-06 17:15:00-04:00,1.170825,1.17161,1.170825,1.170945,-1.0
2025-10-06 20:00:00-04:00,1.170945,1.17112,1.169655,1.170335,-1.0
2025-10-07 00:00:00-04:00,1.170335,1.17073,1.16703,1.16765,-1.0
2025-10-07 04:00:00-04:00,1.16765,1.16827,1.165395,1.16626,-1.0
2025-10-07 08:00:00-04:00,1.16626,1.168005,1.165395,1.167315,-1.0
2025-10-07 12:00:00-04:00,1.167315,1.16814,1.16477,1.16503,-1.0
2025-10-07 16:00:00-04:00,1.16503,1.165855,1.1649,1.165695,-1.0
2025-10-07 17:15:00-04:00,1.16571,1.16613,1.165275,1.165275,-1.0
2025-10-07 20:00:00-04:00,1.165275,1.165325,1.161705,1.16239,-1.0
2025-10-08 00:00:00-04:00,1.16239,1.163425,1.1607,1.16311,-1.0
2025-10-08 04:00:00-04:00,1.16311,1.16366,1.160605,1.162625,-1.0
2025-10-08 08:00:00-04:00,1.162625,1.164485,1.160305,1.160595,-1.0
2025-10-08 12:00:00-04:00,1.160595,1.162835,1.15985,1.16281,-1.0
2025-10-08 16:00:00-04:00,1.16281,1.163245,1.16266,1.16297,-1.0
2025-10-08 17:15:00-04:00,1.16275,1.1635,1.162475,1.16293,-1.0
2025-10-08 20:00:00-04:00,1.16293,1.164765,1.16281,1.164485,-1.0
2025-10-09 00:00:00-04:00,1.164485,1.164825,1.16065,1.161105,-1.0
2025-10-09 04:00:00-04:00,1.161105,1.162735,1.16031,1.161215,-1.0
2025-10-09 08:00:00-04:00,1.161215,1.16233,1.154715,1.15589,-1.0
2025-10-09 12:00:00-04:00,1.15589,1.156645,1.154215,1.155955,-1.0
2025-10-09 16:00:00-04:00,1.155955,1.1567,1.155865,1.156415,-1.0
2025-10-09 17:15:00-04:00,1.156175,1.15672,1.15571,1.15654,-1.0
2025-10-09 20:00:00-04:00,1.15654,1.157415,1.15607,1.15729,-1.0
2025-10-10 00:00:00-04:00,1.15729,1.157995,1.156105,1.157815,-1.0
2025-10-10 04:00:00-04:00,1.157815,1.158955,1.156045,1.156095,-1.0
2025-10-10 08:00:00-04:00,1.156095,1.163085,1.15594,1.16127,-1.0
2025-10-10 12:00:00-04:00,1.16127,1.16257,1.15971,1.161275,-1.0
2025-10-10 16:00:00-04:00,1.161275,1.16289,1.1604,1.16179,-1.0
2025-10-12 17:15:00-04:00,1.161125,1.161695,1.159205,1.160165,-1.0
2025-10-12 20:00:00-04:00,1.160165,1.16277,1.160015,1.162075,-1.0
2025-10-13 00:00:00-04:00,1.162075,1.162995,1.159765,1.15999,-1.0
2025-10-13 04:00:00-04:00,1.15999,1.16049,1.15656,1.156835,-1.0
2025-10-13 08:00:00-04:00,1.156835,1.157745,1.15575,1.157395,-1.0
2025-10-13 12:00:00-04:00,1.157395,1.157955,1.156585,1.156625,-1.0
2025-10-13 16:00:00-04:00,1.156625,1.157085,1.156515,1.15699,-1.0
2025-10-13 17:15:00-04:00,1.157125,1.157405,1.156375,1.156585,-1.0
2025-10-13 20:00:00-04:00,1.156585,1.15819,1.155505,1.15787,-1.0
2025-10-14 00:00:00-04:00,1.15787,1.15936,1.154235,1.154955,-1.0
2025-10-14 04:00:00-04:00,1.154955,1.156335,1.15457,1.155215,-1.0
2025-10-14 08:00:00-04:00,1.155215,1.16084,1.15481,1.16073,-1.0
2025-10-14 12:00:00-04:00,1.16073,1.161515,1.160115,1.16055,-1.0
2025-10-14 16:00:00-04:00,1.16055,1.160825,1.15999,1.16066,-1.0
2025-10-14 17:15:00-04:00,1.1608,1.160975,1.160195,1.16033,-1.0
2025-10-14 20:00:00-04:00,1.16033,1.162595,1.160175,1.16223,-1.0
2025-10-15 00:00:00-04:00,1.16223,1.164455,1.161705,1.163565,-1.0
2025-10-15 04:00:00-04:00,1.163565,1.164555,1.16197,1.162015,-1.0
2025-10-15 08:00:00-04:00,1.162015,1.16474,1.16105,1.163705,-1.0
2025-10-15 12:00:00-04:00,1.163705,1.16449,1.1627,1.164455,-1.0
2025-10-15 16:00:00-04:00,1.164455,1.164785,1.164305,1.164715,-1.0
2025-10-15 17:15:00-04:00,1.16433,1.1652,1.164315,1.16459,-1.0
2025-10-15 20:00:00-04:00,1.16459,1.167545,1.16429,1.166215,-1.0
2025-10-16 00:00:00-04:00,1.166215,1.166805,1.164325,1.1652,-1.0
2025-10-16 04:00:00-04:00,1.1652,1.16641,1.164645,1.165405,-1.0
2025-10-16 08:00:00-04:00,1.165405,1.16782,1.164895,1.166445,-1.0
2025-10-16 12:00:00-04:00,1.166445,1.169435,1.166425,1.168895,-1.0
2025-10-16 16:00:00-04:00,1.168895,1.16915,1.16849,1.168725,-1.0
2025-10-16 17:15:00-04:00,1.168675,1.169965,1.168595,1.169905,-1.0
2025-10-16 20:00:00-04:00,1.169905,1.171245,1.169525,1.17093,-1.0
2025-10-17 00:00:00-04:00,1.17093,1.172845,1.169335,1.17117,-1.0
2025-10-17 04:00:00-04:00,1.17117,1.171625,1.168035,1.1685,-1.0
2025-10-17 08:00:00-04:00,1.1685,1.168635,1.16566,1.16735,-1.0
2025-10-17 12:00:00-04:00,1.16735,1.167945,1.16639,1.167065,-1.0
2025-10-17 16:00:00-04:00,1.167065,1.167065,1.16507,1.165385,-1.0
2025-10-19 17:15:00-04:00,1.1667,1.16671,1.16519,1.1658,-1.0
2025-10-19 20:00:00-04:00,1.1658,1.16707,1.16567,1.16683,-1.0
2025-10-20 00:00:00-04:00,1.16683,1.167555,1.165375,1.16625,-1.0
2025-10-20 04:00:00-04:00,1.16625,1.16677,1.16445,1.165655,-1.0
2025-10-20 08:00:00-04:00,1.165655,1.16645,1.164635,1.16551,-1.0
2025-10-20 12:00:00-04:00,1.16551,1.165825,1.16383,1.1641,-1.0
2025-10-20 16:00:00-04:00,1.1641,1.164445,1.164035,1.16417,-1.0
2025-10-20 17:15:00-04:00,1.164425,1.164545,1.16423,1.164415,-1.0
2025-10-20 20:00:00-04:00,1.164415,1.165515,1.163275,1.163465,-1.0
2025-10-21 00:00:00-04:00,1.163465,1.16377,1.16187,1.162545,-1.0
2025-10-21 04:00:00-04:00,1.162545,1.162755,1.16066,1.16129,-1.0
2025-10-21 08:00:00-04:00,1.16129,1.161815,1.159775,1.161515,-1.0
2025-10-21 12:00:00-04:00,1.161515,1.162435,1.160005,1.160065,-1.0
2025-10-21 16:00:00-04:00,1.160065,1.160295,1.1599,1.159975,-1.0
2025-10-21 17:15:00-04:00,1.16035,1.16055,1.159895,1.159945,-1.0
2025-10-21 20:00:00-04:00,1.159945,1.161085,1.159945,1.16071,-1.0
2025-10-22 00:00:00-04:00,1.16071,1.16157,1.159965,1.16007,-1.0
2025-10-22 04:00:00-04:00,1.16007,1.160195,1.158245,1.15826,-1.0
2025-10-22 08:00:00-04:00,1.15826,1.16168,1.157695,1.161125,-1.0
2025-10-22 12:00:00-04:00,1.161125,1.16225,1.160475,1.16059,-1.0
2025-10-22 16:00:00-04:00,1.16059,1.161095,1.160585,1.16106,-1.0
2025-10-22 17:15:00-04:00,1.161025,1.16146,1.160675,1.16072,-1.0
2025-10-22 20:00:00-04:00,1.16072,1.160745,1.159205,1.159285,-1.0
2025-10-23 00:00:00-04:00,1.159285,1.160415,1.15907,1.16001,-1.0
2025-10-23 04:00:00-04:00,1.16001,1.16063,1.158545,1.158715,-1.0
2025-10-23 08:00:00-04:00,1.158715,1.161995,1.158665,1.161175,-1.0
2025-10-23 12:00:00-04:00,1.161175,1.162015,1.160425,1.161655,-1.0
2025-10-23 16:00:00-04:00,1.161655,1.161945,1.161375,1.16183,-1.0
2025-10-23 17:15:00-04:00,1.16165,1.16216,1.161505,1.16172,-1.0
2025-10-23 20:00:00-04:00,1.16172,1.162175,1.160705,1.16091,-1.0
2025-10-24 00:00:00-04:00,1.16091,1.162795,1.160095,1.16183,-1.0
2025-10-24 04:00:00-04:00,1.16183,1.162395,1.160525,1.161505,-1.0
2025-10-24 08:00:00-04:00,1.161505,1.16502,1.160865,1.16255,-1.0
2025-10-24 12:00:00-04:00,1.16255,1.16334,1.16211,1.163155,-1.0
2025-10-24 16:00:00-04:00,1.163155,1.163605,1.16211,1.16289,-1.0
2025-10-26 17:15:00-04:00,1.16355,1.16375,1.16258,1.16312,-1.0
2025-10-26 20:00:00-04:00,1.16312,1.164765,1.162715,1.162785,-1.0
2025-10-27 00:00:00-04:00,1.162785,1.163235,1.161995,1.162005,-1.0
2025-10-27 04:00:00-04:00,1.162005,1.164745,1.16178,1.164615,-1.0
2025-10-27 08:00:00-04:00,1.164615,1.165185,1.16315,1.16354,-1.0
2025-10-27 12:00:00-04:00,1.16354,1.16521,1.16324,1.16476,-1.0
2025-10-27 16:00:00-04:00,1.16476,1.16489,1.164345,1.16447,-1.0
2025-10-27 17:15:00-04:00,1.1646,1.165475,1.16453,1.165105,-1.0
2025-10-27 20:00:00-04:00,1.165105,1.16639,1.16465,1.166,-1.0
2025-10-28 00:00:00-04:00,1.166,1.1668,1.16511,1.16552,-1.0
2025-10-28 04:00:00-04:00,1.16552,1.1665,1.164495,1.165935,-1.0
2025-10-28 08:00:00-04:00,1.165935,1.16673,1.162555,1.16588,-1.0
2025-10-28 12:00:00-04:00,1.16588,1.166895,1.16518,1.16523,-1.0
2025-10-28 16:00:00-04:00,1.16523,1.165735,1.165095,1.165095,-1.0
2025-10-28 17:15:00-04:00,1.165175,1.165725,1.164865,1.165715,-1.0
2025-10-28 20:00:00-04:00,1.165715,1.16609,1.163685,1.16371,-1.0
2025-10-29 00:00:00-04:00,1.16371,1.1638,1.162505,1.16326,-1.0
2025-10-29 04:00:00-04:00,1.16326,1.164875,1.16188,1.16397,-1.0
2025-10-29 08:00:00-04:00,1.16397,1.16647,1.16275,1.166375,-1.0
2025-10-29 12:00:00-04:00,1.166375,1.16661,1.15777,1.15993,-1.0
2025-10-29 16:00:00-04:00,1.15993,1.160745,1.159095,1.160105,-1.0
2025-10-29 17:15:00-04:00,1.16035,1.16056,1.160125,1.1603,-1.0
2025-10-29 20:00:00-04:00,1.1603,1.162,1.15969,1.161555,-1.0
2025-10-30 00:00:00-04:00,1.161555,1.163755,1.16096,1.16186,-1.0
2025-10-30 04:00:00-04:00,1.16186,1.16284,1.159625,1.159795,-1.0
2025-10-30 08:00:00-04:00,1.159795,1.15992,1.15471,1.15636,-1.0
2025-10-30 12:00:00-04:00,1.15636,1.157165,1.155945,1.15642,-1.0
2025-10-30 16:00:00-04:00,1.15642,1.15724,1.156355,1.15646,-1.0
2025-10-30 17:15:00-04:00,1.15668,1.157335,1.15641,1.15717,-1.0
2025-10-30 20:00:00-04:00,1.15717,1.157755,1.15651,1.15673,-1.0
2025-10-31 00:00:00-04:00,1.15673,1.15734,1.155495,1.15649,-1.0
2025-10-31 04:00:00-04:00,1.15649,1.157685,1.155805,1.156685,-1.0
2025-10-31 08:00:00-04:00,1.156685,1.156685,1.152205,1.154095,-1.0
2025-10-31 12:00:00-04:00,1.154095,1.15435,1.15216,1.15256,-1.0
2025-10-31 16:00:00-04:00,1.15256,1.15396,1.152545,1.15365,-1.0
2025-11-02 17:15:00-05:00,1.15312,1.15385,1.152535,1.152765,-1.0
2025-11-02 19:00:00-05:00,1.152765,1.153445,1.152165,1.153375,-1.0
2025-11-02 23:00:00-05:00,1.153375,1.15413,1.153195,1.15399,-1.0
2025-11-03 03:00:00-05:00,1.15399,1.154025,1.150795,1.15155,-1.0
2025-11-03 07:00:00-05:00,1.15155,1.15252,1.15051,1.15252,-1.0
2025-11-03 11:00:00-05:00,1.15252,1.153785,1.151655,1.15195,-1.0
2025-11-03 15:00:00-05:00,1.15195,1.15233,1.151615,1.151995,-1.0
2025-11-03 17:15:00-05:00,1.152,1.152115,1.15186,1.15186,-1.0
2025-11-03 19:00:00-05:00,1.15186,1.15186,1.149825,1.151345,-1.0
2025-11-03 23:00:00-05:00,1.151345,1.15336,1.150765,1.152715,-1.0
2025-11-04 03:00:00-05:00,1.152715,1.152885,1.14894,1.149005,-1.0
2025-11-04 07:00:00-05:00,1.149005,1.149685,1.14731,1.149175,-1.0
2025-11-04 11:00:00-05:00,1.149175,1.149675,1.14788,1.14792,-1.0
2025-11-04 15:00:00-05:00,1.14792,1.14834,1.14753,1.14821,-1.0
2025-11-04 17:15:00-05:00,1.148175,1.14859,1.148135,1.148535,-1.0
2025-11-04 19:00:00-05:00,1.148535,1.149815,1.147985,1.14888,-1.0
2025-11-04 23:00:00-05:00,1.14888,1.149435,1.14834,1.148705,-1.0
2025-11-05 03:00:00-05:00,1.148705,1.14954,1.147605,1.148815,-1.0
2025-11-05 07:00:00-05:00,1.148815,1.149355,1.14687,1.147925,-1.0
2025-11-05 11:00:00-05:00,1.147925,1.148765,1.14701,1.148605,-1.0
2025-11-05 15:00:00-05:00,1.148605,1.149435,1.148605,1.149235,-1.0
2025-11-05 17:15:00-05:00,1.149125,1.14971,1.1491,1.149575,-1.0
2025-11-05 19:00:00-05:00,1.149575,1.15089,1.14933,1.15071,-1.0
2025-11-05 23:00:00-05:00,1.15071,1.15138,1.15038,1.15084,-1.0
2025-11-06 03:00:00-05:00,1.15084,1.152395,1.150605,1.152025,-1.0
2025-11-06 07:00:00-05:00,1.152025,1.154415,1.151415,1.153955,-1.0
2025-11-06 11:00:00-05:00,1.153955,1.155235,1.152995,1.154455,-1.0
2025-11-06 15:00:00-05:00,1.154455,1.154905,1.15429,1.15471,-1.0
2025-11-06 17:15:00-05:00,1.15445,1.15517,1.15444,1.154865,-1.0
2025-11-06 19:00:00-05:00,1.154865,1.154915,1.153515,1.1538,-1.0
2025-11-06 23:00:00-05:00,1.1538,1.153855,1.15296,1.153285,-1.0
2025-11-07 03:00:00-05:00,1.153285,1.15611,1.15296,1.15581,-1.0
2025-11-07 07:00:00-05:00,1.15581,1.159115,1.155395,1.157175,-1.0
2025-11-07 11:00:00-05:00,1.157175,1.158365,1.15555,1.155955,-1.0
2025-11-07 15:00:00-05:00,1.155955,1.156735,1.155755,1.156735,-1.0
2025-11-09 17:15:00-05:00,1.155975,1.155975,1.15416,1.15433,-1.0
2025-11-09 19:00:00-05:00,1.15433,1.156075,1.154305,1.155445,-1.0
2025-11-09 23:00:00-05:00,1.155445,1.157215,1.155155,1.156775,-1.0
2025-11-10 03:00:00-05:00,1.156775,1.15832,1.155405,1.156325,-1.0
2025-11-10 07:00:00-05:00,1.156325,1.1578,1.154525,1.15454,-1.0
2025-11-10 11:00:00-05:00,1.15454,1.156485,1.154105,1.156105,-1.0
2025-11-10 15:00:00-05:00,1.156105,1.15647,1.15553,1.155705,-1.0
2025-11-10 17:15:00-05:00,1.155855,1.156065,1.155655,1.155675,-1.0
2025-11-10 19:00:00-05:00,1.155675,1.15596,1.15472,1.15565,-1.0
2025-11-10 23:00:00-05:00,1.15565,1.156525,1.154975,1.156005,-1.0
2025-11-11 03:00:00-05:00,1.156005,1.15778,1.15535,1.15721,-1.0
2025-11-11 07:00:00-05:00,1.15721,1.160595,1.156865,1.159495,-1.0
2025-11-11 11:00:00-05:00,1.159495,1.159995,1.15833,1.15844,-1.0
2025-11-11 15:00:00-05:00,1.15844,1.15891,1.158115,1.158245,-1.0
2025-11-11 17:15:00-05:00,1.15848,1.15872,1.15821,1.15867,-1.0
2025-11-11 19:00:00-05:00,1.15867,1.158675,1.15746,1.15776,-1.0
2025-11-11 23:00:00-05:00,1.15776,1.15884,1.157025,1.158385,-1.0
2025-11-12 03:00:00-05:00,1.158385,1.15878,1.15652,1.15779,-1.0
2025-11-12 07:00:00-05:00,1.15779,1.159585,1.156295,1.159415,-1.0
2025-11-12 11:00:00-05:00,1.159415,1.15978,1.158405,1.158665,-1.0
2025-11-12 15:00:00-05:00,1.158665,1.15934,1.158495,1.15933,-1.0
2025-11-12 17:15:00-05:00,1.159125,1.15945,1.158945,1.15917,-1.0
2025-11-12 19:00:00-05:00,1.15917,1.159295,1.157905,1.159005,-1.0
2025-11-12 23:00:00-05:00,1.159005,1.161225,1.158035,1.16114,-1.0
2025-11-13 03:00:00-05:00,1.16114,1.1635,1.16047,1.160635,-1.0
2025-11-13 07:00:00-05:00,1.160635,1.164315,1.160575,1.16393,-1.0
2025-11-13 11:00:00-05:00,1.16393,1.16562,1.163525,1.16357,-1.0
2025-11-13 15:00:00-05:00,1.16357,1.16394,1.16308,1.16337,-1.0
2025-11-13 17:15:00-05:00,1.1638,1.16383,1.16235,1.163025,-1.0
2025-11-13 19:00:00-05:00,1.163025,1.164485,1.16271,1.16384,-1.0
2025-11-13 23:00:00-05:00,1.16384,1.16486,1.163195,1.163285,-1.0
2025-11-14 03:00:00-05:00,1.163285,1.16371,1.1609,1.161955,-1.0
2025-11-14 07:00:00-05:00,1.161955,1.165385,1.16061,1.161305,-1.0
2025-11-14 11:00:00-05:00,1.161305,1.162265,1.16079,1.161805,-1.0
2025-11-14 15:00:00-05:00,1.161805,1.162365,1.16167,1.161975,-1.0
2025-11-16 17:15:00-05:00,1.16233,1.162475,1.16116,1.16147,-1.0
2025-11-16 19:00:00-05:00,1.16147,1.1615,1.159635,1.15987,-1.0
2025-11-16 23:00:00-05:00,1.15987,1.161495,1.159515,1.161335,-1.0
2025-11-17 03:00:00-05:00,1.161335,1.161505,1.159505,1.16012,-1.0
2025-11-17 07:00:00-05:00,1.16012,1.160475,1.158195,1.15977,-1.0
2025-11-17 11:00:00-05:00,1.15977,1.160185,1.158315,1.158405,-1.0
2025-11-17 15:00:00-05:00,1.158405,1.15925,1.15826,1.15917,-1.0
2025-11-17 17:15:00-05:00,1.15893,1.15944,1.158855,1.159015,-1.0
2025-11-17 19:00:00-05:00,1.159015,1.159585,1.15846,1.15925,-1.0
2025-11-17 23:00:00-05:00,1.15925,1.16039,1.1589,1.159105,-1.0
2025-11-18 03:00:00-05:00,1.159105,1.160635,1.15796,1.158475,-1.0
2025-11-18 07:00:00-05:00,1.158475,1.160785,1.158175,1.158205,-1.0
2025-11-18 11:00:00-05:00,1.158205,1.158715,1.157155,1.158555,-1.0
2025-11-18 15:00:00-05:00,1.158555,1.158705,1.157795,1.158085,-1.0
2025-11-18 17:15:00-05:00,1.15805,1.15836,1.15774,1.15802,-1.0
2025-11-18 19:00:00-05:00,1.15802,1.15851,1.15726,1.15838,-1.0
2025-11-18 23:00:00-05:00,1.15838,1.159725,1.157745,1.15814,-1.0
2025-11-19 03:00:00-05:00,1.15814,1.15891,1.15656,1.158655,-1.0
2025-11-19 07:00:00-05:00,1.158655,1.159105,1.154045,1.154675,-1.0
2025-11-19 11:00:00-05:00,1.154675,1.154765,1.151775,1.152105,-1.0
2025-11-19 15:00:00-05:00,1.152105,1.153905,1.152025,1.15375,-1.0
2025-11-19 17:15:00-05:00,1.15387,1.15422,1.153645,1.153925,-1.0
2025-11-19 19:00:00-05:00,1.153925,1.15394,1.15102,1.151415,-1.0
2025-11-19 23:00:00-05:00,1.151415,1.15234,1.1513,1.151985,-1.0
2025-11-20 03:00:00-05:00,1.151985,1.152955,1.151155,1.151435,-1.0
2025-11-20 07:00:00-05:00,1.151435,1.155005,1.15013,1.152755,-1.0
2025-11-20 11:00:00-05:00,1.152755,1.154125,1.152505,1.153795,-1.0
2025-11-20 15:00:00-05:00,1.153795,1.153865,1.152405,1.152815,-1.0
2025-11-20 17:15:00-05:00,1.152725,1.15346,1.152355,1.15337,-1.0
2025-11-20 19:00:00-05:00,1.15337,1.153905,1.152835,1.153645,-1.0
2025-11-20 23:00:00-05:00,1.153645,1.15479,1.15346,1.15414,-1.0
2025-11-21 03:00:00-05:00,1.15414,1.155255,1.150455,1.15059,-1.0
2025-11-21 07:00:00-05:00,1.15059,1.152705,1.14966,1.1503,-1.0
2025-11-21 11:00:00-05:00,1.1503,1.15178,1.149115,1.151325,-1.0
2025-11-21 15:00:00-05:00,1.151325,1.15208,1.150915,1.151455,-1.0
2025-11-23 17:15:00-05:00,1.15138,1.15152,1.150615,1.150735,-1.0
2025-11-23 19:00:00-05:00,1.150735,1.15191,1.15019,1.15162,-1.0
2025-11-23 23:00:00-05:00,1.15162,1.152835,1.151115,1.151195,-1.0
2025-11-24 03:00:00-05:00,1.151195,1.15471,1.150955,1.15454,-1.0
2025-11-24 07:00:00-05:00,1.15454,1.155055,1.15169,1.152905,-1.0
2025-11-24 11:00:00-05:00,1.152905,1.153095,1.151155,1.152775,-1.0
2025-11-24 15:00:00-05:00,1.152775,1.15284,1.15194,1.152085,-1.0
2025-11-24 17:15:00-05:00,1.15235,1.15264,1.151885,1.152035,-1.0
2025-11-24 19:00:00-05:00,1.152035,1.15304,1.151705,1.1518,-1.0
2025-11-24 23:00:00-05:00,1.1518,1.15304,1.15116,1.152275,-1.0
2025-11-25 03:00:00-05:00,1.152275,1.1541,1.152075,1.15269,-1.0
2025-11-25 07:00:00-05:00,1.15269,1.15841,1.15255,1.156245,-1.0
2025-11-25 11:00:00-05:00,1.156245,1.158605,1.155005,1.15838,-1.0
2025-11-25 15:00:00-05:00,1.15838,1.158445,1.155815,1.15704,-1.0
2025-11-25 17:15:00-05:00,1.157,1.15732,1.15643,1.15648,-1.0
2025-11-25 19:00:00-05:00,1.15648,1.159165,1.156335,1.159075,-1.0
2025-11-25 23:00:00-05:00,1.159075,1.159585,1.157525,1.15793,-1.0
2025-11-26 03:00:00-05:00,1.15793,1.15811,1.156575,1.15743,-1.0
2025-11-26 07:00:00-05:00,1.15743,1.159485,1.154715,1.158945,-1.0
2025-11-26 11:00:00-05:00,1.158945,1.160095,1.15851,1.15937,-1.0
2025-11-26 15:00:00-05:00,1.15937,1.15974,1.159225,1.159505,-1.0
2025-11-26 17:15:00-05:00,1.159505,1.160235,1.1592,1.1602,-1.0
2025-11-26 19:00:00-05:00,1.1602,1.161345,1.160005,1.16022,-1.0
2025-11-26 23:00:00-05:00,1.16022,1.16064,1.158575,1.15917,-1.0
2025-11-27 03:00:00-05:00,1.15917,1.15956,1.157665,1.158615,-1.0
2025-11-27 07:00:00-05:00,1.158615,1.159975,1.158205,1.159415,-1.0
2025-11-27 11:00:00-05:00,1.159415,1.16016,1.159125,1.15954,-1.0
2025-11-27 15:00:00-05:00,1.15954,1.159725,1.159445,1.159605,-1.0
2025-11-27 17:15:00-05:00,1.159525,1.16016,1.159525,1.15998,-1.0
2025-11-27 19:00:00-05:00,1.15998,1.16021,1.158155,1.158735,-1.0
2025-11-27 23:00:00-05:00,1.158735,1.159395,1.15774,1.157955,-1.0
2025-11-28 03:00:00-05:00,1.157955,1.158255,1.155565,1.156815,-1.0
2025-11-28 07:00:00-05:00,1.156815,1.16076,1.15615,1.16075,-1.0
2025-11-28 11:00:00-05:00,1.16075,1.160755,1.159275,1.160235,-1.0
2025-11-28 15:00:00-05:00,1.160235,1.160445,1.15943,1.1596,-1.0
2025-11-30 17:15:00-05:00,1.159475,1.160795,1.159425,1.160115,-1.0
2025-11-30 19:00:00-05:00,1.160115,1.161585,1.158955,1.1597,-1.0
2025-11-30 23:00:00-05:00,1.1597,1.1613,1.15905,1.160715,-1.0
2025-12-01 03:00:00-05:00,1.160715,1.16323,1.160415,1.162785,-1.0
2025-12-01 07:00:00-05:00,1.162785,1.165245,1.16227,1.162895,-1.0
2025-12-01 11:00:00-05:00,1.162895,1.16343,1.16072,1.160845,-1.0
2025-12-01 15:00:00-05:00,1.160845,1.16109,1.16066,1.161,-1.0
2025-12-01 17:15:00-05:00,1.160725,1.161025,1.16067,1.16068,-1.0
2025-12-01 19:00:00-05:00,1.16068,1.161275,1.16038,1.161225,-1.0
2025-12-01 23:00:00-05:00,1.161225,1.16164,1.1605,1.161275,-1.0
2025-12-02 03:00:00-05:00,1.161275,1.161625,1.15984,1.16118,-1.0
2025-12-02 07:00:00-05:00,1.16118,1.162325,1.159335,1.160625,-1.0
2025-12-02 11:00:00-05:00,1.160625,1.16249,1.159135,1.16207,-1.0
2025-12-02 15:00:00-05:00,1.16207,1.162605,1.161985,1.162415,-1.0
2025-12-02 17:15:00-05:00,1.162175,1.162915,1.16214,1.162835,-1.0
2025-12-02 19:00:00-05:00,1.162835,1.163895,1.16279,1.16378,-1.0
2025-12-02 23:00:00-05:00,1.16378,1.16527,1.16362,1.164145,-1.0
2025-12-03 03:00:00-05:00,1.164145,1.166585,1.163575,1.16656,-1.0
2025-12-03 07:00:00-05:00,1.16656,1.16757,1.16544,1.165965,-1.0
2025-12-03 11:00:00-05:00,1.165965,1.167765,1.165765,1.167275,-1.0
2025-12-03 15:00:00-05:00,1.167275,1.167305,1.166435,1.167115,-1.0
2025-12-03 17:15:00-05:00,1.167175,1.167505,1.16636,1.166625,-1.0
2025-12-03 19:00:00-05:00,1.166625,1.16674,1.165335,1.165595,-1.0
2025-12-03 23:00:00-05:00,1.165595,1.16656,1.16531,1.16656,-1.0
2025-12-04 03:00:00-05:00,1.16656,1.1682,1.16635,1.168025,-1.0
2025-12-04 07:00:00-05:00,1.168025,1.168095,1.16521,1.167335,-1.0
2025-12-04 11:00:00-05:00,1.167335,1.167355,1.165015,1.16527,-1.0
2025-12-04 15:00:00-05:00,1.16527,1.16527,1.164105,1.16445,-1.0
2025-12-04 17:15:00-05:00,1.16447,1.16453,1.164115,1.16434,-1.0
2025-12-04 19:00:00-05:00,1.16434,1.165445,1.16434,1.164895,-1.0
2025-12-04 23:00:00-05:00,1.164895,1.16718,1.16489,1.1663,-1.0
2025-12-05 03:00:00-05:00,1.1663,1.166415,1.164165,1.16464,-1.0
2025-12-05 07:00:00-05:00,1.16464,1.16603,1.164365,1.16481,-1.0
2025-12-05 11:00:00-05:00,1.16481,1.1649,1.16281,1.16431,-1.0
2025-12-05 15:00:00-05:00,1.16431,1.16472,1.163985,1.164415,-1.0
2025-12-07 17:15:00-05:00,1.16405,1.16465,1.163885,1.16406,-1.0
2025-12-07 19:00:00-05:00,1.16406,1.165555,1.16398,1.165015,-1.0
2025-12-07 23:00:00-05:00,1.165015,1.167205,1.164975,1.16582,-1.0
2025-12-08 03:00:00-05:00,1.16582,1.16624,1.16468,1.165035,-1.0
2025-12-08 07:00:00-05:00,1.165035,1.165745,1.161705,1.162505,-1.0
2025-12-08 11:00:00-05:00,1.162505,1.164215,1.161635,1.163935,-1.0
2025-12-08 15:00:00-05:00,1.163935,1.16419,1.163515,1.163745,-1.0
2025-12-08 17:15:00-05:00,1.163525,1.16409,1.163525,1.16408,-1.0
2025-12-08 19:00:00-05:00,1.16408,1.16489,1.1636,1.164575,-1.0
2025-12-08 23:00:00-05:00,1.164575,1.16506,1.163815,1.164,-1.0
2025-12-09 03:00:00-05:00,1.164,1.165725,1.163365,1.16436,-1.0
2025-12-09 07:00:00-05:00,1.16436,1.164445,1.161515,1.16288,-1.0
2025-12-09 11:00:00-05:00,1.16288,1.164125,1.16169,1.162875,-1.0
2025-12-09 15:00:00-05:00,1.162875,1.163215,1.16238,1.162855,-1.0
2025-12-09 17:15:00-05:00,1.1626,1.162905,1.16248,1.16279,-1.0
2025-12-09 19:00:00-05:00,1.16279,1.162895,1.16217,1.162655,-1.0
2025-12-09 23:00:00-05:00,1.162655,1.164955,1.162515,1.16481,-1.0
2025-12-10 03:00:00-05:00,1.16481,1.16577,1.16276,1.163515,-1.0
2025-12-10 07:00:00-05:00,1.163515,1.16514,1.162765,1.1642,-1.0
2025-12-10 11:00:00-05:00,1.1642,1.16813,1.163725,1.16783,-1.0
2025-12-10 15:00:00-05:00,1.16783,1.16998,1.16738,1.16953,-1.0
2025-12-10 17:15:00-05:00,1.16919,1.17028,1.168965,1.17016,-1.0
2025-12-10 19:00:00-05:00,1.17016,1.17076,1.169025,1.16909,-1.0
2025-12-10 23:00:00-05:00,1.16909,1.17011,1.16823,1.169365,-1.0
2025-12-11 03:00:00-05:00,1.169365,1.171785,1.16873,1.171305,-1.0
2025-12-11 07:00:00-05:00,1.171305,1.175715,1.170995,1.175645,-1.0
2025-12-11 11:00:00-05:00,1.175645,1.176275,1.17404,1.174115,-1.0
2025-12-11 15:00:00-05:00,1.174115,1.174595,1.17365,1.1738,-1.0
2025-12-11 17:15:00-05:00,1.173875,1.174205,1.173735,1.17409,-1.0
2025-12-11 19:00:00-05:00,1.17409,1.17463,1.173135,1.173455,-1.0
2025-12-11 23:00:00-05:00,1.173455,1.174345,1.17314,1.1738,-1.0
2025-12-12 03:00:00-05:00,1.1738,1.17423,1.172235,1.172685,-1.0
2025-12-12 07:00:00-05:00,1.172685,1.174505,1.171955,1.17383,-1.0
2025-12-12 11:00:00-05:00,1.17383,1.174985,1.172625,1.174055,-1.0
2025-12-12 15:00:00-05:00,1.174055,1.174665,1.173685,1.174065,-1.0
2025-12-14 17:15:00-05:00,1.173645,1.174085,1.17357,1.173705,-1.0
2025-12-14 19:00:00-05:00,1.173705,1.174485,1.172855,1.17342,-1.0
2025-12-14 23:00:00-05:00,1.17342,1.17381,1.172795,1.172855,-1.0
2025-12-15 03:00:00-05:00,1.172855,1.175005,1.17264,1.174895,-1.0
2025-12-15 07:00:00-05:00,1.174895,1.176895,1.174415,1.17629,-1.0
2025-12-15 11:00:00-05:00,1.17629,1.176485,1.173835,1.174885,-1.0
2025-12-15 15:00:00-05:00,1.174885,1.175405,1.17475,1.175265,-1.0
2025-12-15 17:15:00-05:00,1.17513,1.175595,1.174915,1.17536,-1.0
2025-12-15 19:00:00-05:00,1.17536,1.175935,1.17467,1.17519,-1.0
2025-12-15 23:00:00-05:00,1.17519,1.17545,1.174455,1.175245,-1.0
2025-12-16 03:00:00-05:00,1.175245,1.176415,1.17466,1.176315,-1.0
2025-12-16 07:00:00-05:00,1.176315,1.180425,1.17569,1.177015,-1.0
2025-12-16 11:00:00-05:00,1.177015,1.177805,1.173445,1.17578,-1.0
2025-12-16 15:00:00-05:00,1.17578,1.1763,1.174575,1.174675,-1.0
2025-12-16 17:15:00-05:00,1.17483,1.175155,1.17475,1.17494,-1.0
2025-12-16 19:00:00-05:00,1.17494,1.17523,1.1737,1.173915,-1.0
2025-12-16 23:00:00-05:00,1.173915,1.173975,1.17032,1.17131,-1.0
2025-12-17 03:00:00-05:00,1.17131,1.172745,1.170585,1.170925,-1.0
2025-12-17 07:00:00-05:00,1.170925,1.175825,1.17085,1.1753,-1.0
2025-12-17 11:00:00-05:00,1.1753,1.17563,1.17415,1.174505,-1.0
2025-12-17 15:00:00-05:00,1.174505,1.174635,1.173855,1.17404,-1.0
2025-12-17 17:15:00-05:00,1.17417,1.17443,1.173965,1.174165,-1.0
2025-12-17 19:00:00-05:00,1.174165,1.174585,1.173525,1.17393,-1.0
2025-12-17 23:00:00-05:00,1.17393,1.174965,1.173355,1.173375,-1.0
2025-12-18 03:00:00-05:00,1.173375,1.173725,1.17174,1.17207,-1.0
2025-12-18 07:00:00-05:00,1.17207,1.176305,1.17123,1.17271,-1.0
2025-12-18 11:00:00-05:00,1.17271,1.174605,1.171525,1.172515,-1.0
2025-12-18 15:00:00-05:00,1.172515,1.172785,1.172035,1.172245,-1.0
2025-12-18 17:15:00-05:00,1.17225,1.172765,1.172205,1.17247,-1.0
2025-12-18 19:00:00-05:00,1.17247,1.17288,1.171835,1.17213,-1.0
2025-12-18 23:00:00-05:00,1.17213,1.17228,1.170335,1.170775,-1.0
2025-12-19 03:00:00-05:00,1.170775,1.171785,1.17062,1.17113,-1.0
2025-12-19 07:00:00-05:00,1.17113,1.173785,1.170255,1.170955,-1.0
2025-12-19 11:00:00-05:00,1.170955,1.172725,1.170835,1.17236,-1.0
2025-12-19 15:00:00-05:00,1.17236,1.172565,1.17061,1.17098,-1.0
2025-12-21 17:15:00-05:00,1.1719,1.172005,1.17064,1.171025,-1.0
2025-12-21 19:00:00-05:00,1.171025,1.17194,1.17095,1.171755,-1.0
2025-12-21 23:00:00-05:00,1.171755,1.173115,1.1713,1.17291,-1.0
2025-12-22 03:00:00-05:00,1.17291,1.173835,1.17231,1.173345,-1.0
2025-12-22 07:00:00-05:00,1.173345,1.176945,1.17333,1.17639,-1.0
2025-12-22 11:00:00-05:00,1.17639,1.17647,1.174815,1.175545,-1.0
2025-12-22 15:00:00-05:00,1.175545,1.17625,1.175225,1.17612,-1.0
2025-12-22 17:15:00-05:00,1.175975,1.17657,1.17586,1.176365,-1.0
2025-12-22 19:00:00-05:00,1.176365,1.178055,1.176295,1.17766,-1.0
2025-12-22 23:00:00-05:00,1.17766,1.17814,1.17686,1.17787,-1.0
2025-12-23 03:00:00-05:00,1.17787,1.18004,1.17753,1.17958,-1.0
2025-12-23 07:00:00-05:00,1.17958,1.180205,1.1764,1.177425,-1.0
2025-12-23 11:00:00-05:00,1.177425,1.179145,1.176905,1.179015,-1.0
2025-12-23 15:00:00-05:00,1.179015,1.17971,1.178705,1.179475,-1.0
2025-12-23 17:15:00-05:00,1.179325,1.17973,1.17928,1.179475,-1.0
2025-12-23 19:00:00-05:00,1.179475,1.180795,1.1787,1.17876,-1.0
2025-12-23 23:00:00-05:00,1.17876,1.180405,1.1786,1.178905,-1.0
2025-12-24 03:00:00-05:00,1.178905,1.18009,1.177975,1.17929,-1.0
2025-12-24 07:00:00-05:00,1.17929,1.17932,1.177535,1.177815,-1.0
2025-12-24 11:00:00-05:00,1.177815,1.178315,1.177275,1.17819,-1.0
2025-12-24 15:00:00-05:00,1.17819,1.178195,1.178175,1.178195,-1.0
2025-12-25 19:00:00-05:00,1.178405,1.179375,1.177675,1.17843,-1.0
2025-12-25 23:00:00-05:00,1.17843,1.17879,1.17701,1.1773,-1.0
2025-12-26 03:00:00-05:00,1.1773,1.178245,1.17665,1.17774,-1.0
2025-12-26 07:00:00-05:00,1.17774,1.179685,1.17715,1.17772,-1.0
2025-12-26 11:00:00-05:00,1.17772,1.177965,1.176145,1.17766,-1.0
2025-12-26 15:00:00-05:00,1.17766,1.17817,1.176585,1.17724,-1.0
2025-12-28 17:15:00-05:00,1.17705,1.1778,1.176935,1.177235,-1.0
2025-12-28 19:00:00-05:00,1.177235,1.17863,1.177125,1.177355,-1.0
2025-12-28 23:00:00-05:00,1.177355,1.177925,1.175385,1.17772,-1.0
2025-12-29 03:00:00-05:00,1.17772,1.178915,1.17578,1.17659,-1.0
2025-12-29 07:00:00-05:00,1.17659,1.178885,1.175555,1.176775,-1.0
2025-12-29 11:00:00-05:00,1.176775,1.17683,1.17494,1.17674,-1.0
2025-12-29 15:00:00-05:00,1.17674,1.17748,1.17644,1.17728,-1.0
2025-12-29 17:15:00-05:00,1.177,1.177475,1.17663,1.177245,-1.0
2025-12-29 19:00:00-05:00,1.177245,1.177635,1.176975,1.177245,-1.0
2025-12-29 23:00:00-05:00,1.177245,1.17798,1.176625,1.17704,-1.0
2025-12-30 03:00:00-05:00,1.17704,1.177795,1.176435,1.176675,-1.0
2025-12-30 07:00:00-05:00,1.176675,1.176795,1.174535,1.175985,-1.0
2025-12-30 11:00:00-05:00,1.175985,1.176665,1.174515,1.174675,-1.0
2025-12-30 15:00:00-05:00,1.174675,1.175025,1.174335,1.174805,-1.0
2025-12-30 17:15:00-05:00,1.174825,1.17492,1.17453,1.17456,-1.0
2025-12-30 19:00:00-05:00,1.17456,1.174905,1.173885,1.174265,-1.0
2025-12-30 23:00:00-05:00,1.174265,1.17428,1.17298,1.1737,-1.0
2025-12-31 03:00:00-05:00,1.1737,1.174785,1.172005,1.17473,-1.0
2025-12-31 07:00:00-05:00,1.17473,1.17595,1.17202,1.174415,-1.0
2025-12-31 11:00:00-05:00,1.174415,1.174895,1.17288,1.174075,-1.0
2025-12-31 15:00:00-05:00,1.174075,1.17408,1.17406,1.17406,-1.0
2026-01-01 19:00:00-05:00,1.17509,1.17649,1.175,1.17644,-1.0
2026-01-01 23:00:00-05:00,1.17644,1.17648,1.17323,1.173485,-1.0
2026-01-02 03:00:00-05:00,1.173485,1.173845,1.171335,1.172195,-1.0
2026-01-02 07:00:00-05:00,1.172195,1.17523,1.17158,1.17508,-1.0
2026-01-02 11:00:00-05:00,1.17508,1.17546,1.171435,1.172325,-1.0
2026-01-02 15:00:00-05:00,1.172325,1.172375,1.17153,1.17202,-1.0
2026-01-04 17:15:00-05:00,1.172425,1.17248,1.17003,1.170525,-1.0
2026-01-04 19:00:00-05:00,1.170525,1.171115,1.16723,1.16753,-1.0
2026-01-04 23:00:00-05:00,1.16753,1.169215,1.16733,1.16863,-1.0
2026-01-05 03:00:00-05:00,1.16863,1.169505,1.167385,1.168155,-1.0
2026-01-05 07:00:00-05:00,1.168155,1.170465,1.16592,1.170465,-1.0
2026-01-05 11:00:00-05:00,1.170465,1.17289,1.17042,1.172725,-1.0
2026-01-05 15:00:00-05:00,1.172725,1.17288,1.171955,1.172175,-1.0
2026-01-05 17:15:00-05:00,1.17223,1.17224,1.17129,1.17146,-1.0
2026-01-05 19:00:00-05:00,1.17146,1.17383,1.17107,1.17347,-1.0
2026-01-05 23:00:00-05:00,1.17347,1.17429,1.1726,1.17291,-1.0
2026-01-06 03:00:00-05:00,1.17291,1.1739,1.17049,1.17062,-1.0
2026-01-06 07:00:00-05:00,1.17062,1.17177,1.1684,1.169535,-1.0
2026-01-06 11:00:00-05:00,1.169535,1.17023,1.16839,1.168975,-1.0
2026-01-06 15:00:00-05:00,1.168975,1.16932,1.16846,1.16887,-1.0
2026-01-06 17:15:00-05:00,1.16865,1.16906,1.168635,1.16872,-1.0
2026-01-06 19:00:00-05:00,1.16872,1.170265,1.168545,1.169865,-1.0
2026-01-06 23:00:00-05:00,1.169865,1.17021,1.167875,1.168275,-1.0
2026-01-07 03:00:00-05:00,1.168275,1.169385,1.167275,1.16893,-1.0
2026-01-07 07:00:00-05:00,1.16893,1.16987,1.167995,1.169025,-1.0
2026-01-07 11:00:00-05:00,1.169025,1.16948,1.16788,1.168235,-1.0
2026-01-07 15:00:00-05:00,1.168235,1.16839,1.167355,1.16742,-1.0
2026-01-07 17:15:00-05:00,1.1676,1.16779,1.16748,1.16767,-1.0
2026-01-07 19:00:00-05:00,1.16767,1.168275,1.16726,1.168005,-1.0
2026-01-07 23:00:00-05:00,1.168005,1.1683,1.167485,1.16779,-1.0
2026-01-08 03:00:00-05:00,1.16779,1.168205,1.16691,1.167755,-1.0
2026-01-08 07:00:00-05:00,1.167755,1.16779,1.165615,1.16665,-1.0
2026-01-08 11:00:00-05:00,1.16665,1.166755,1.164265,1.16501,-1.0
2026-01-08 15:00:00-05:00,1.16501,1.16627,1.16498,1.165975,-1.0
2026-01-08 17:15:00-05:00,1.166,1.16623,1.16566,1.165815,-1.0
2026-01-08 19:00:00-05:00,1.165815,1.16592,1.16461,1.16562,-1.0
2026-01-08 23:00:00-05:00,1.16562,1.1657,1.164005,1.16508,-1.0
2026-01-09 03:00:00-05:00,1.16508,1.16531,1.16369,1.164605,-1.0
2026-01-09 07:00:00-05:00,1.164605,1.166075,1.161825,1.164065,-1.0
2026-01-09 11:00:00-05:00,1.164065,1.16434,1.162765,1.163475,-1.0
2026-01-09 15:00:00-05:00,1.163475,1.163795,1.16297,1.163685,-1.0
2026-01-11 17:15:00-05:00,1.16325,1.16366,1.16232,1.16238,-1.0
2026-01-11 19:00:00-05:00,1.16238,1.16714,1.16217,1.16553,-1.0
2026-01-11 23:00:00-05:00,1.16553,1.168775,1.16531,1.16849,-1.0
2026-01-12 03:00:00-05:00,1.16849,1.16959,1.167565,1.167855,-1.0
2026-01-12 07:00:00-05:00,1.167855,1.169855,1.16728,1.16812,-1.0
2026-01-12 11:00:00-05:00,1.16812,1.16822,1.166525,1.167205,-1.0
2026-01-12 15:00:00-05:00,1.167205,1.167325,1.166305,1.166685,-1.0
2026-01-12 17:15:00-05:00,1.1669,1.167085,1.166545,1.16675,-1.0
2026-01-12 19:00:00-05:00,1.16675,1.166755,1.16562,1.16587,-1.0
2026-01-12 23:00:00-05:00,1.16587,1.16677,1.165395,1.166425,-1.0
2026-01-13 03:00:00-05:00,1.166425,1.167445,1.165865,1.16686,-1.0
2026-01-13 07:00:00-05:00,1.16686,1.1678,1.16442,1.1652,-1.0
2026-01-13 11:00:00-05:00,1.1652,1.16546,1.16342,1.164915,-1.0
2026-01-13 15:00:00-05:00,1.164915,1.164995,1.164255,1.16426,-1.0
2026-01-13 17:15:00-05:00,1.164485,1.16461,1.164205,1.164205,-1.0
2026-01-13 19:00:00-05:00,1.164205,1.164895,1.16362,1.1647,-1.0
2026-01-13 23:00:00-05:00,1.1647,1.165205,1.16414,1.164615,-1.0
2026-01-14 03:00:00-05:00,1.164615,1.16578,1.164105,1.1647,-1.0
2026-01-14 07:00:00-05:00,1.1647,1.166065,1.1645,1.165985,-1.0
2026-01-14 11:00:00-05:00,1.165985,1.166165,1.163535,1.163625,-1.0
2026-01-14 15:00:00-05:00,1.163625,1.16474,1.163625,1.16443,-1.0
2026-01-14 17:15:00-05:00,1.1646,1.16472,1.16439,1.1645,-1.0
2026-01-14 19:00:00-05:00,1.1645,1.164555,1.16332,1.163885,-1.0
2026-01-14 23:00:00-05:00,1.163885,1.16394,1.16261,1.162885,-1.0
2026-01-15 03:00:00-05:00,1.162885,1.164105,1.1627,1.163095,-1.0
2026-01-15 07:00:00-05:00,1.163095,1.163505,1.159315,1.16024,-1.0
2026-01-15 11:00:00-05:00,1.16024,1.161745,1.159825,1.16138,-1.0
2026-01-15 15:00:00-05:00,1.16138,1.16156,1.160285,1.160845,-1.0
2026-01-15 17:15:00-05:00,1.1609,1.16103,1.16072,1.16091,-1.0
2026-01-15 19:00:00-05:00,1.16091,1.161415,1.16024,1.161215,-1.0
2026-01-15 23:00:00-05:00,1.161215,1.161475,1.16043,1.16121,-1.0
2026-01-16 03:00:00-05:00,1.16121,1.16235,1.160815,1.16192,-1.0
2026-01-16 07:00:00-05:00,1.16192,1.162745,1.158445,1.159345,-1.0
2026-01-16 11:00:00-05:00,1.159345,1.16059,1.15894,1.15963,-1.0
2026-01-16 15:00:00-05:00,1.15963,1.16024,1.15955,1.15977,-1.0
2026-01-18 17:15:00-05:00,1.15815,1.16272,1.15788,1.162445,-1.0
2026-01-18 19:00:00-05:00,1.162445,1.16379,1.160475,1.16246,-1.0
2026-01-18 23:00:00-05:00,1.16246,1.164155,1.162305,1.16261,-1.0
2026-01-19 03:00:00-05:00,1.16261,1.16298,1.16112,1.162785,-1.0
2026-01-19 07:00:00-05:00,1.162785,1.164355,1.16251,1.163995,-1.0
2026-01-19 11:00:00-05:00,1.163995,1.164885,1.163775,1.164325,-1.0
2026-01-19 15:00:00-05:00,1.164325,1.16465,1.164175,1.164585,-1.0
2026-01-19 17:15:00-05:00,1.164615,1.16474,1.163845,1.163945,-1.0
2026-01-19 19:00:00-05:00,1.163945,1.165875,1.163255,1.165665,-1.0
2026-01-19 23:00:00-05:00,1.165665,1.16938,1.16561,1.16888,-1.0
2026-01-20 03:00:00-05:00,1.16888,1.173895,1.16873,1.173495,-1.0
2026-01-20 07:00:00-05:00,1.173495,1.17691,1.17153,1.17271,-1.0
2026-01-20 11:00:00-05:00,1.17271,1.17428,1.17114,1.171225,-1.0
2026-01-20 15:00:00-05:00,1.171225,1.172705,1.17108,1.17248,-1.0
2026-01-20 17:15:00-05:00,1.172275,1.1729,1.172065,1.172715,-1.0
2026-01-20 19:00:00-05:00,1.172715,1.17343,1.171075,1.17189,-1.0
2026-01-20 23:00:00-05:00,1.17189,1.172545,1.17101,1.171715,-1.0
2026-01-21 03:00:00-05:00,1.171715,1.17205,1.17013,1.171415,-1.0
2026-01-21 07:00:00-05:00,1.171415,1.17431,1.170065,1.170205,-1.0
2026-01-21 11:00:00-05:00,1.170205,1.17116,1.16771,1.169145,-1.0
2026-01-21 15:00:00-05:00,1.169145,1.1692,1.167625,1.168355,-1.0
2026-01-21 17:15:00-05:00,1.16844,1.16865,1.167,1.167295,-1.0
2026-01-21 19:00:00-05:00,1.167295,1.169365,1.16728,1.168905,-1.0
2026-01-21 23:00:00-05:00,1.168905,1.16973,1.168425,1.16905,-1.0
2026-01-22 03:00:00-05:00,1.16905,1.170425,1.16841,1.170225,-1.0
2026-01-22 07:00:00-05:00,1.170225,1.173415,1.170015,1.173405,-1.0
2026-01-22 11:00:00-05:00,1.173405,1.17508,1.172685,1.174405,-1.0
2026-01-22 15:00:00-05:00,1.174405,1.175655,1.17421,1.1755,-1.0
2026-01-22 17:15:00-05:00,1.17544,1.175945,1.17527,1.17539,-1.0
2026-01-22 19:00:00-05:00,1.17539,1.175395,1.174365,1.17437,-1.0
2026-01-22 23:00:00-05:00,1.17437,1.175405,1.173495,1.173615,-1.0
2026-01-23 03:00:00-05:00,1.173615,1.174525,1.172835,1.173745,-1.0
2026-01-23 07:00:00-05:00,1.173745,1.176145,1.173195,1.17581,-1.0
2026-01-23 11:00:00-05:00,1.17581,1.181505,1.17465,1.181175,-1.0
2026-01-23 15:00:00-05:00,1.181175,1.183375,1.181015,1.18215,-1.0
2026-01-25 17:15:00-05:00,1.185675,1.189775,1.185445,1.186035,-1.0
2026-01-25 19:00:00-05:00,1.186035,1.187655,1.184445,1.186235,-1.0
2026-01-25 23:00:00-05:00,1.186235,1.186985,1.18366,1.183905,-1.0
2026-01-26 03:00:00-05:00,1.183905,1.186755,1.183825,1.18559,-1.0
2026-01-26 07:00:00-05:00,1.18559,1.189695,1.183505,1.189545,-1.0
2026-01-26 11:00:00-05:00,1.189545,1.190715,1.187075,1.187925,-1.0
2026-01-26 15:00:00-05:00,1.187925,1.18864,1.1874,1.188075,-1.0
2026-01-26 17:15:00-05:00,1.187625,1.188235,1.187155,1.187395,-1.0
2026-01-26 19:00:00-05:00,1.187395,1.189945,1.18725,1.18798,-1.0
2026-01-26 23:00:00-05:00,1.18798,1.188245,1.186105,1.18637,-1.0
2026-01-27 03:00:00-05:00,1.18637,1.189715,1.185035,1.189555,-1.0
2026-01-27 07:00:00-05:00,1.189555,1.19726,1.189425,1.195085,-1.0
2026-01-27 11:00:00-05:00,1.195085,1.19902,1.194975,1.197715,-1.0
2026-01-27 15:00:00-05:00,1.197715,1.2083,1.19718,1.20397,-1.0
2026-01-27 17:15:00-05:00,1.203675,1.20458,1.20164,1.202305,-1.0
2026-01-27 19:00:00-05:00,1.202305,1.20236,1.19873,1.199695,-1.0
2026-01-27 23:00:00-05:00,1.199695,1.20258,1.197465,1.19915,-1.0
2026-01-28 03:00:00-05:00,1.19915,1.20048,1.19619,1.1968,-1.0
2026-01-28 07:00:00-05:00,1.1968,1.19835,1.19232,1.19434,-1.0
2026-01-28 11:00:00-05:00,1.19434,1.19527,1.189585,1.19404,-1.0
2026-01-28 15:00:00-05:00,1.19404,1.195435,1.192945,1.19542,-1.0
2026-01-28 17:15:00-05:00,1.195525,1.19812,1.19524,1.1981,-1.0
2026-01-28 19:00:00-05:00,1.1981,1.19869,1.195325,1.19865,-1.0
2026-01-28 23:00:00-05:00,1.19865,1.19966,1.19673,1.19741,-1.0
2026-01-29 03:00:00-05:00,1.19741,1.19857,1.193815,1.19471,-1.0
2026-01-29 07:00:00-05:00,1.19471,1.19726,1.1906,1.19296,-1.0
2026-01-29 11:00:00-05:00,1.19296,1.19649,1.192725,1.195145,-1.0
2026-01-29 15:00:00-05:00,1.195145,1.19719,1.194585,1.197125,-1.0
2026-01-29 17:15:00-05:00,1.196665,1.19747,1.196505,1.19674,-1.0
2026-01-29 19:00:00-05:00,1.19674,1.19731,1.189475,1.19201,-1.0
2026-01-29 23:00:00-05:00,1.19201,1.19428,1.191405,1.19378,-1.0
2026-01-30 03:00:00-05:00,1.19378,1.195065,1.189825,1.19491,-1.0
2026-01-30 07:00:00-05:00,1.19491,1.195465,1.18832,1.18951,-1.0
2026-01-30 11:00:00-05:00,1.18951,1.18976,1.185455,1.186945,-1.0
2026-01-30 15:00:00-05:00,1.186945,1.186945,1.18495,1.184995,-1.0
2026-02-01 17:15:00-05:00,1.185145,1.1857,1.183965,1.18463,-1.0
2026-02-01 19:00:00-05:00,1.18463,1.187485,1.18463,1.18641,-1.0
2026-02-01 23:00:00-05:00,1.18641,1.18727,1.1841,1.185355,-1.0
2026-02-02 03:00:00-05:00,1.185355,1.18714,1.18437,1.186465,-1.0
2026-02-02 07:00:00-05:00,1.186465,1.18701,1.17904,1.17924,-1.0
2026-02-02 11:00:00-05:00,1.17924,1.181235,1.1776,1.17887,-1.0
2026-02-02 15:00:00-05:00,1.17887,1.17945,1.17804,1.17908,-1.0
2026-02-02 17:15:00-05:00,1.1791,1.1799,1.178735,1.17988,-1.0
2026-02-02 19:00:00-05:00,1.17988,1.181485,1.17982,1.180945,-1.0
2026-02-02 23:00:00-05:00,1.180945,1.18245,1.180485,1.181535,-1.0
2026-02-03 03:00:00-05:00,1.181535,1.181955,1.178275,1.178715,-1.0
2026-02-03 07:00:00-05:00,1.178715,1.18137,1.17801,1.181295,-1.0
2026-02-03 11:00:00-05:00,1.181295,1.18291,1.18059,1.181355,-1.0
2026-02-03 15:00:00-05:00,1.181355,1.182535,1.18095,1.18183,-1.0
2026-02-03 17:15:00-05:00,1.181675,1.18209,1.181235,1.181565,-1.0
2026-02-03 19:00:00-05:00,1.181565,1.183195,1.180885,1.182715,-1.0
2026-02-03 23:00:00-05:00,1.182715,1.18362,1.18241,1.1832,-1.0
2026-02-04 03:00:00-05:00,1.1832,1.183805,1.18048,1.181035,-1.0
2026-02-04 07:00:00-05:00,1.181035,1.182715,1.17933,1.179635,-1.0
2026-02-04 11:00:00-05:00,1.179635,1.181505,1.17905,1.180915,-1.0
2026-02-04 15:00:00-05:00,1.180915,1.18097,1.18017,1.18072,-1.0
2026-02-04 17:15:00-05:00,1.180525,1.18083,1.18003,1.18016,-1.0
2026-02-04 19:00:00-05:00,1.18016,1.18083,1.17829,1.178935,-1.0
2026-02-04 23:00:00-05:00,1.178935,1.18035,1.178435,1.179885,-1.0
2026-02-05 03:00:00-05:00,1.179885,1.180885,1.178035,1.179375,-1.0
2026-02-05 07:00:00-05:00,1.179375,1.18219,1.178195,1.17912,-1.0
2026-02-05 11:00:00-05:00,1.17912,1.180435,1.178515,1.179425,-1.0
2026-02-05 15:00:00-05:00,1.179425,1.179475,1.177495,1.17774,-1.0
2026-02-05 17:15:00-05:00,1.177975,1.178315,1.17751,1.177665,-1.0
2026-02-05 19:00:00-05:00,1.177665,1.17918,1.17658,1.17877,-1.0
2026-02-05 23:00:00-05:00,1.17877,1.180195,1.17873,1.179145,-1.0
2026-02-06 03:00:00-05:00,1.179145,1.17999,1.17858,1.17902,-1.0
2026-02-06 07:00:00-05:00,1.17902,1.18262,1.17883,1.18193,-1.0
2026-02-06 11:00:00-05:00,1.18193,1.182295,1.18101,1.18193,-1.0
2026-02-06 15:00:00-05:00,1.18193,1.18241,1.18135,1.18147,-1.0
2026-02-08 17:15:00-05:00,1.181375,1.182795,1.180965,1.182675,-1.0
2026-02-08 19:00:00-05:00,1.182675,1.183365,1.181625,1.18189,-1.0
2026-02-08 23:00:00-05:00,1.18189,1.186015,1.18189,1.18559,-1.0
2026-02-09 03:00:00-05:00,1.18559,1.18721,1.185165,1.18693,-1.0
2026-02-09 07:00:00-05:00,1.18693,1.19267,1.18692,1.191225,-1.0
2026-02-09 11:00:00-05:00,1.191225,1.192225,1.18929,1.192025,-1.0
2026-02-09 15:00:00-05:00,1.192025,1.192125,1.191055,1.19123,-1.0
2026-02-09 17:15:00-05:00,1.191335,1.191535,1.19017,1.19038,-1.0
2026-02-09 19:00:00-05:00,1.19038,1.191705,1.189665,1.19115,-1.0
2026-02-09 23:00:00-05:00,1.19115,1.19132,1.189945,1.190865,-1.0
2026-02-10 03:00:00-05:00,1.190865,1.191525,1.18997,1.191055,-1.0
